"Municípios, cluster, categoria, classe ABC e UF - BR todos",,,,,,
Tabela em formato longo: cada linha corresponde a um município classificado no universo analisado.,,,,,,
,,,,,,
Cluster,Código do município,Município,UF,Categoria,Classe ABC,Domicílios CNEFE
1,5201108,Anápolis (GO),GO,capital de imediata,A,207750
1,5205109,Catalão (GO),GO,capital de imediata,A,63469
1,3101607,Alfenas (MG),MG,capital de imediata,A,47478
1,3104007,Araxá (MG),MG,capital de imediata,A,57379
1,3111200,Campo Belo (MG),MG,capital de imediata,A,30833
1,3115300,Cataguases (MG),MG,capital de imediata,A,37889
1,3115508,Caxambu (MG),MG,capital de imediata,B,13030
1,3118304,Conselheiro Lafaiete (MG),MG,capital de imediata,A,69857
1,3120904,Curvelo (MG),MG,capital de imediata,A,46262
1,3121605,Diamantina (MG),MG,capital de imediata,A,31501
1,3126109,Formiga (MG),MG,capital de imediata,A,43157
1,3127107,Frutal (MG),MG,capital de imediata,A,34852
1,3128006,Guanhães (MG),MG,capital de imediata,A,19978
1,3128709,Guaxupé (MG),MG,capital de imediata,A,28407
1,3131703,Itabira (MG),MG,capital de imediata,A,60253
1,3136207,João Monlevade (MG),MG,capital de imediata,A,39947
1,3138203,Lavras (MG),MG,capital de imediata,A,56247
1,3139409,Manhuaçu (MG),MG,capital de imediata,A,51887
1,3143906,Muriaé (MG),MG,capital de imediata,A,61134
1,3145604,Oliveira (MG),MG,capital de imediata,A,23425
1,3147105,Pará de Minas (MG),MG,capital de imediata,A,50497
1,3147907,Passos (MG),MG,capital de imediata,A,63765
1,3148103,Patrocínio (MG),MG,capital de imediata,A,49036
1,3151503,Piumhi (MG),MG,capital de imediata,A,21909
1,3152105,Ponte Nova (MG),MG,capital de imediata,A,31413
1,3151800,Poços de Caldas (MG),MG,capital de imediata,A,92261
1,3157203,Santa Bárbara (MG),MG,capital de imediata,B,16101
1,3167202,Sete Lagoas (MG),MG,capital de imediata,A,115177
1,3162906,São João Nepomuceno (MG),MG,capital de imediata,B,17084
1,3162500,São João del Rei (MG),MG,capital de imediata,A,55641
1,3163706,São Lourenço (MG),MG,capital de imediata,A,26946
1,3164704,São Sebastião do Paraíso (MG),MG,capital de imediata,A,38692
1,3169307,Três Corações (MG),MG,capital de imediata,A,39036
1,3169406,Três Pontas (MG),MG,capital de imediata,A,29968
1,3169901,Ubá (MG),MG,capital de imediata,A,58543
1,3171303,Viçosa (MG),MG,capital de imediata,A,48034
1,5103502,Diamantino (MT),MT,capital de imediata,B,12532
1,5107040,Primavera do Leste (MT),MT,capital de imediata,A,40076
1,5107925,Sorriso (MT),MT,capital de imediata,A,50243
1,4101408,Apucarana (PR),PR,capital de imediata,A,67906
1,4104303,Campo Mourão (PR),PR,capital de imediata,A,52029
1,4105508,Cianorte (PR),PR,capital de imediata,A,41645
1,4106407,Cornélio Procópio (PR),PR,capital de imediata,A,25946
1,4107207,Dois Vizinhos (PR),PR,capital de imediata,A,23789
1,4108304,Foz do Iguaçu (PR),PR,capital de imediata,A,136826
1,4108403,Francisco Beltrão (PR),PR,capital de imediata,A,51521
1,4109708,Ibaiti (PR),PR,capital de imediata,B,17009
1,4110706,Irati (PR),PR,capital de imediata,A,30728
1,4111506,Ivaiporã (PR),PR,capital de imediata,B,18359
1,4113304,Laranjeiras do Sul (PR),PR,capital de imediata,B,17150
1,4114609,Marechal Cândido Rondon (PR),PR,capital de imediata,A,29700
1,4118402,Paranavaí (PR),PR,capital de imediata,A,48466
1,4118501,Pato Branco (PR),PR,capital de imediata,A,46466
1,4119608,Pitanga (PR),PR,capital de imediata,A,20003
1,4124103,Santo Antônio da Platina (PR),PR,capital de imediata,A,24178
1,4127106,Telêmaco Borba (PR),PR,capital de imediata,A,35103
1,4127700,Toledo (PR),PR,capital de imediata,A,77590
1,4128104,Umuarama (PR),PR,capital de imediata,A,64150
1,4128203,União da Vitória (PR),PR,capital de imediata,A,28386
1,4301602,Bagé (RS),RS,capital de imediata,A,62782
1,4303004,Cachoeira do Sul (RS),RS,capital de imediata,A,47116
1,4304705,Carazinho (RS),RS,capital de imediata,A,31259
1,4305207,Cerro Largo (RS),RS,capital de imediata,C,8216
1,4306106,Cruz Alta (RS),RS,capital de imediata,A,31507
1,4306809,Encantado (RS),RS,capital de imediata,B,12914
1,4307005,Erechim (RS),RS,capital de imediata,A,58555
1,4308508,Frederico Westphalen (RS),RS,capital de imediata,B,19387
1,4311304,Lagoa Vermelha (RS),RS,capital de imediata,B,16003
1,4311809,Marau (RS),RS,capital de imediata,A,24550
1,4312708,Nonoai (RS),RS,capital de imediata,C,7949
1,4313300,Nova Prata (RS),RS,capital de imediata,B,14446
1,4313706,Palmeira das Missões (RS),RS,capital de imediata,B,18928
1,4317103,Sant'Ana do Livramento (RS),RS,capital de imediata,A,46517
1,4317202,Santa Rosa (RS),RS,capital de imediata,A,40234
1,4317400,Santiago (RS),RS,capital de imediata,A,27986
1,4317509,Santo Ângelo (RS),RS,capital de imediata,A,41635
1,4320701,Sobradinho (RS),RS,capital de imediata,C,8349
1,4320800,Soledade (RS),RS,capital de imediata,B,17602
1,4318002,São Borja (RS),RS,capital de imediata,A,30047
1,4318309,São Gabriel (RS),RS,capital de imediata,A,32549
1,4318903,São Luiz Gonzaga (RS),RS,capital de imediata,A,19972
1,4320909,Tapejara (RS),RS,capital de imediata,B,13076
1,4321907,Três Passos (RS),RS,capital de imediata,B,14152
1,4321808,Três de Maio (RS),RS,capital de imediata,B,14646
1,4322509,Vacaria (RS),RS,capital de imediata,A,32764
1,4204301,Concórdia (SC),SC,capital de imediata,A,42025
1,4204806,Curitibanos (SC),SC,capital de imediata,A,20568
1,4208203,Itajaí (SC),SC,capital de imediata,A,123670
1,4209003,Joaçaba (SC),SC,capital de imediata,B,17454
1,4210100,Mafra (SC),SC,capital de imediata,A,29736
1,4210506,Maravilha (SC),SC,capital de imediata,B,14941
1,4214805,Rio do Sul (SC),SC,capital de imediata,A,36358
1,4216909,São Lourenço do Oeste (SC),SC,capital de imediata,B,13086
1,4217204,São Miguel do Oeste (SC),SC,capital de imediata,A,23017
1,4219309,Videira (SC),SC,capital de imediata,A,28873
1,4219507,Xanxerê (SC),SC,capital de imediata,A,25735
1,3500105,Adamantina (SP),SP,capital de imediata,B,19771
1,3501905,Amparo (SP),SP,capital de imediata,A,35509
1,3503307,Araras (SP),SP,capital de imediata,A,70274
1,3504008,Assis (SP),SP,capital de imediata,A,54237
1,3504503,Avaré (SP),SP,capital de imediata,A,49063
1,3505500,Barretos (SP),SP,capital de imediata,A,66676
1,3506508,Birigui (SP),SP,capital de imediata,A,66670
1,3507506,Botucatu (SP),SP,capital de imediata,A,82737
1,3511102,Catanduva (SP),SP,capital de imediata,A,63352
1,3515509,Fernandópolis (SP),SP,capital de imediata,A,40633
1,3516200,Franca (SP),SP,capital de imediata,A,182010
1,3522307,Itapetininga (SP),SP,capital de imediata,A,80195
1,3522406,Itapeva (SP),SP,capital de imediata,A,46120
1,3524105,Ituverava (SP),SP,capital de imediata,A,20075
1,3524808,Jales (SP),SP,capital de imediata,A,28210
1,3525300,Jaú (SP),SP,capital de imediata,A,70420
1,3525904,Jundiaí (SP),SP,capital de imediata,A,207882
1,3526902,Limeira (SP),SP,capital de imediata,A,150450
1,3527108,Lins (SP),SP,capital de imediata,A,40055
1,3530706,Mogi Guaçu (SP),SP,capital de imediata,A,77431
1,3534708,Ourinhos (SP),SP,capital de imediata,A,52925
1,3538709,Piracicaba (SP),SP,capital de imediata,A,224750
1,3538808,Piraju (SP),SP,capital de imediata,B,16863
1,3543907,Rio Claro (SP),SP,capital de imediata,A,104236
1,3546603,Santa Fé do Sul (SP),SP,capital de imediata,A,20602
1,3548500,Santos (SP),SP,capital de imediata,A,231082
1,3548906,São Carlos (SP),SP,capital de imediata,A,143200
1,3549409,São Joaquim da Barra (SP),SP,capital de imediata,A,24417
1,3549706,São José do Rio Pardo (SP),SP,capital de imediata,A,27742
1,3549102,São João da Boa Vista (SP),SP,capital de imediata,A,51552
1,3554003,Tatuí (SP),SP,capital de imediata,A,63312
1,3555000,Tupã (SP),SP,capital de imediata,A,34554
1,2914604,Irecê (BA),BA,capital de intermediaria,A,41787
1,2924009,Paulo Afonso (BA),BA,capital de intermediaria,A,61965
1,2933307,Vitória da Conquista (BA),BA,capital de intermediaria,A,199847
1,2305506,Iguatu (CE),CE,capital de intermediaria,A,54217
1,2307304,Juazeiro do Norte (CE),CE,capital de intermediaria,A,138103
1,5211503,Itumbiara (GO),GO,capital de intermediaria,A,57879
1,5218805,Rio Verde (GO),GO,capital de intermediaria,A,111421
1,2105302,Imperatriz (MA),MA,capital de intermediaria,A,139663
1,3105608,Barbacena (MG),MG,capital de intermediaria,A,68052
1,3122306,Divinópolis (MG),MG,capital de intermediaria,A,130071
1,3127701,Governador Valadares (MG),MG,capital de intermediaria,A,150898
1,3131307,Ipatinga (MG),MG,capital de intermediaria,A,116651
1,3143302,Montes Claros (MG),MG,capital de intermediaria,A,220712
1,3148004,Patos de Minas (MG),MG,capital de intermediaria,A,95161
1,3152501,Pouso Alegre (MG),MG,capital de intermediaria,A,86039
1,3168606,Teófilo Otoni (MG),MG,capital de intermediaria,A,73649
1,3170107,Uberaba (MG),MG,capital de intermediaria,A,183595
1,3170206,Uberlândia (MG),MG,capital de intermediaria,A,393239
1,3170701,Varginha (MG),MG,capital de intermediaria,A,73860
1,5107909,Sinop (MT),MT,capital de intermediaria,A,95524
1,2611101,Petrolina (PE),PE,capital de intermediaria,A,201233
1,2208007,Picos (PI),PI,capital de intermediaria,A,45008
1,4104808,Cascavel (PR),PR,capital de intermediaria,A,173915
1,4109401,Guarapuava (PR),PR,capital de intermediaria,A,90559
1,4113700,Londrina (PR),PR,capital de intermediaria,A,283015
1,4115200,Maringá (PR),PR,capital de intermediaria,A,209669
1,4119905,Ponta Grossa (PR),PR,capital de intermediaria,A,178567
1,4310207,Ijuí (RS),RS,capital de intermediaria,A,45374
1,4314100,Passo Fundo (RS),RS,capital de intermediaria,A,110654
1,4316808,Santa Cruz do Sul (RS),RS,capital de intermediaria,A,72154
1,4316907,Santa Maria (RS),RS,capital de intermediaria,A,149483
1,4322400,Uruguaiana (RS),RS,capital de intermediaria,A,56323
1,4203006,Caçador (SC),SC,capital de intermediaria,A,35681
1,4204202,Chapecó (SC),SC,capital de intermediaria,A,118788
1,4209300,Lages (SC),SC,capital de intermediaria,A,82327
1,3503208,Araraquara (SP),SP,capital de intermediaria,A,132230
1,3502804,Araçatuba (SP),SP,capital de intermediaria,A,111202
1,3506003,Bauru (SP),SP,capital de intermediaria,A,200245
1,3509502,Campinas (SP),SP,capital de intermediaria,A,574086
1,3529005,Marília (SP),SP,capital de intermediaria,A,125424
1,3541406,Presidente Prudente (SP),SP,capital de intermediaria,A,122679
1,3543402,Ribeirão Preto (SP),SP,capital de intermediaria,A,376780
1,3549805,São José do Rio Preto (SP),SP,capital de intermediaria,A,258549
1,2110302,Santo Antônio dos Lopes (MA),MA,demais municipios,C,7879
1,3102605,Andradas (MG),MG,demais municipios,A,23979
1,3103009,Antônio Dias (MG),MG,demais municipios,C,6503
1,3103801,Arapuá (MG),MG,demais municipios,C,2006
1,3103900,Araújos (MG),MG,demais municipios,C,5885
1,3104205,Arcos (MG),MG,demais municipios,A,25254
1,3105400,Barão de Cocais (MG),MG,demais municipios,B,17111
1,3106309,Belo Oriente (MG),MG,demais municipios,B,12314
1,3107109,Boa Esperança (MG),MG,demais municipios,A,23015
1,3107406,Bom Despacho (MG),MG,demais municipios,A,31158
1,3109006,Brumadinho (MG),MG,demais municipios,A,26436
1,3110004,Caeté (MG),MG,demais municipios,A,22516
1,3110608,Cambuí (MG),MG,demais municipios,B,18357
1,3111507,Campos Altos (MG),MG,demais municipios,C,7509
1,3112802,Capitólio (MG),MG,demais municipios,C,7914
1,3114204,Carmo do Cajuru (MG),MG,demais municipios,B,16338
1,3114303,Carmo do Paranaíba (MG),MG,demais municipios,B,19106
1,3115359,Catas Altas (MG),MG,demais municipios,C,3429
1,3116605,Cláudio (MG),MG,demais municipios,B,18065
1,3117306,Conceição das Alagoas (MG),MG,demais municipios,B,13735
1,3117504,Conceição do Mato Dentro (MG),MG,demais municipios,B,17086
1,3117603,Conceição do Pará (MG),MG,demais municipios,C,5029
1,3117876,Confins (MG),MG,demais municipios,C,4091
1,3118007,Congonhas (MG),MG,demais municipios,A,28069
1,3118205,Conquista (MG),MG,demais municipios,C,4414
1,3119401,Coronel Fabriciano (MG),MG,demais municipios,A,52187
1,3120706,Cruzeiro da Fortaleza (MG),MG,demais municipios,C,2078
1,3115102,Cássia (MG),MG,demais municipios,B,12286
1,3119807,Córrego Danta (MG),MG,demais municipios,C,3131
1,3119955,Córrego Fundo (MG),MG,demais municipios,C,3964
1,3121258,Delta (MG),MG,demais municipios,C,4961
1,3123601,Elói Mendes (MG),MG,demais municipios,B,16730
1,3125101,Extrema (MG),MG,demais municipios,A,28137
1,3125200,Fama (MG),MG,demais municipios,C,2348
1,3126000,Florestal (MG),MG,demais municipios,C,5684
1,3128303,Guaranésia (MG),MG,demais municipios,C,10814
1,3129509,Ibiá (MG),MG,demais municipios,B,13734
1,3130101,Igarapé (MG),MG,demais municipios,A,27589
1,3130200,Igaratinga (MG),MG,demais municipios,C,6855
1,3130309,Iguatama (MG),MG,demais municipios,C,5349
1,3130408,Ijaci (MG),MG,demais municipios,C,4272
1,3131901,Itabirito (MG),MG,demais municipios,A,29935
1,3132206,Itaguara (MG),MG,demais municipios,C,9857
1,3133600,Itapeva (MG),MG,demais municipios,C,8314
1,3133709,Itatiaiuçu (MG),MG,demais municipios,C,9860
1,3133758,Itaú de Minas (MG),MG,demais municipios,C,8018
1,3133808,Itaúna (MG),MG,demais municipios,A,53874
1,3134905,Jacutinga (MG),MG,demais municipios,B,16158
1,3135001,Jaguaraçu (MG),MG,demais municipios,C,2180
1,3135407,Jeceaba (MG),MG,demais municipios,C,4152
1,3136652,Juatuba (MG),MG,demais municipios,B,19117
1,3137502,Lagoa Formosa (MG),MG,demais municipios,B,12601
1,3137601,Lagoa Santa (MG),MG,demais municipios,A,40883
1,3137205,Lagoa da Prata (MG),MG,demais municipios,A,27048
1,3138401,Leopoldina (MG),MG,demais municipios,A,30955
1,3138807,Luz (MG),MG,demais municipios,B,12440
1,3139003,Machado (MG),MG,demais municipios,A,21815
1,3140001,Mariana (MG),MG,demais municipios,A,35442
1,3140506,Martinho Campos (MG),MG,demais municipios,C,10001
1,3141207,Matutina (MG),MG,demais municipios,C,2774
1,3142304,Moeda (MG),MG,demais municipios,C,3991
1,3143401,Monte Sião (MG),MG,demais municipios,B,15837
1,3143500,Morada Nova de Minas (MG),MG,demais municipios,C,6502
1,3144102,Muzambinho (MG),MG,demais municipios,B,14284
1,3145000,Nova Ponte (MG),MG,demais municipios,C,7916
1,3145208,Nova Serrana (MG),MG,demais municipios,A,57317
1,3136603,Nova União (MG),MG,demais municipios,C,4467
1,3145901,Ouro Branco (MG),MG,demais municipios,A,21014
1,3146107,Ouro Preto (MG),MG,demais municipios,A,45638
1,3146503,Pains (MG),MG,demais municipios,C,5139
1,3147204,Paraguaçu (MG),MG,demais municipios,B,12942
1,3149606,Pequi (MG),MG,demais municipios,C,3120
1,3149705,Perdigão (MG),MG,demais municipios,C,8761
1,3149804,Perdizes (MG),MG,demais municipios,C,10744
1,3149903,Perdões (MG),MG,demais municipios,B,12459
1,3150703,Pirajuba (MG),MG,demais municipios,C,3062
1,3151404,Pitangui (MG),MG,demais municipios,B,16007
1,3151602,Planura (MG),MG,demais municipios,C,6974
1,3153905,Raposos (MG),MG,demais municipios,C,7841
1,3154408,Ressaquinha (MG),MG,demais municipios,C,3036
1,3154804,Rio Acima (MG),MG,demais municipios,C,6580
1,3155504,Rio Paranaíba (MG),MG,demais municipios,C,10458
1,3155702,Rio Piracicaba (MG),MG,demais municipios,C,8412
1,3156304,Rodeiro (MG),MG,demais municipios,C,4633
1,3156908,Sacramento (MG),MG,demais municipios,B,17020
1,3157336,Santa Cruz de Minas (MG),MG,demais municipios,C,4414
1,3157708,Santa Juliana (MG),MG,demais municipios,C,7876
1,3159605,Santa Rita do Sapucaí (MG),MG,demais municipios,A,22013
1,3158953,Santana do Paraíso (MG),MG,demais municipios,A,23921
1,3160405,Santo Antônio do Monte (MG),MG,demais municipios,B,18747
1,3160702,Santos Dumont (MG),MG,demais municipios,A,24758
1,3165537,Sarzedo (MG),MG,demais municipios,B,18245
1,3166808,Serra do Salitre (MG),MG,demais municipios,C,7278
1,3160900,São Brás do Suaçuí (MG),MG,demais municipios,C,2793
1,3161908,São Gonçalo do Rio Abaixo (MG),MG,demais municipios,C,7380
1,3162104,São Gotardo (MG),MG,demais municipios,A,21382
1,3162948,São José da Barra (MG),MG,demais municipios,C,5563
1,3162955,São José da Lapa (MG),MG,demais municipios,B,12955
1,3164308,São Roque de Minas (MG),MG,demais municipios,C,6222
1,3168101,Tapira (MG),MG,demais municipios,C,3038
1,3168705,Timóteo (MG),MG,demais municipios,A,39141
1,3168804,Tiradentes (MG),MG,demais municipios,C,6160
1,3168903,Tiros (MG),MG,demais municipios,C,6324
1,3169356,Três Marias (MG),MG,demais municipios,B,18749
1,3100708,Água Comprida (MG),MG,demais municipios,C,1775
1,5102637,Campo Novo do Parecis (MT),MT,demais municipios,A,21199
1,5102678,Campo Verde (MT),MT,demais municipios,A,22730
1,5102686,Campos de Júlio (MT),MT,demais municipios,C,4717
1,5105259,Lucas do Rio Verde (MT),MT,demais municipios,A,35002
1,5106224,Nova Mutum (MT),MT,demais municipios,A,25371
1,5107875,Sapezal (MT),MT,demais municipios,B,13177
1,5108006,Tapurah (MT),MT,demais municipios,C,7376
1,1502152,Canaã dos Carajás (PA),PA,demais municipios,A,35460
1,1508357,Vitória do Xingu (PA),PA,demais municipios,C,9357
1,2605459,Fernando de Noronha (PE),PE,demais municipios,C,1535
1,4100459,Altamira do Paraná (PR),PR,demais municipios,C,2791
1,4100806,Alvorada do Sul (PR),PR,demais municipios,C,7917
1,4101002,Ampére (PR),PR,demais municipios,C,10845
1,4101101,Andirá (PR),PR,demais municipios,C,10655
1,4101507,Arapongas (PR),PR,demais municipios,A,61617
1,4101606,Arapoti (PR),PR,demais municipios,B,13498
1,4101705,Araruna (PR),PR,demais municipios,C,8309
1,4101903,Assaí (PR),PR,demais municipios,C,8293
1,4102109,Astorga (PR),PR,demais municipios,B,13639
1,4102208,Atalaia (PR),PR,demais municipios,C,2335
1,4102406,Bandeirantes (PR),PR,demais municipios,B,17479
1,4102604,Barracão (PR),PR,demais municipios,C,5546
1,4102901,Bituruna (PR),PR,demais municipios,C,9699
1,4103008,Boa Esperança (PR),PR,demais municipios,C,2633
1,4103024,Boa Esperança do Iguaçu (PR),PR,demais municipios,C,2168
1,4103222,Bom Sucesso do Sul (PR),PR,demais municipios,C,1990
1,4103305,Borrazópolis (PR),PR,demais municipios,C,5064
1,4103354,Braganey (PR),PR,demais municipios,C,3070
1,4103404,Cafeara (PR),PR,demais municipios,C,1535
1,4103503,Califórnia (PR),PR,demais municipios,C,5217
1,4103602,Cambará (PR),PR,demais municipios,B,12274
1,4103800,Cambira (PR),PR,demais municipios,C,5371
1,4103701,Cambé (PR),PR,demais municipios,A,53824
1,4103909,Campina da Lagoa (PR),PR,demais municipios,C,8689
1,4104055,Campo Bonito (PR),PR,demais municipios,C,2562
1,4104428,Candói (PR),PR,demais municipios,C,9208
1,4104659,Carambeí (PR),PR,demais municipios,C,11350
1,4104709,Carlópolis (PR),PR,demais municipios,C,10639
1,4104907,Castro (PR),PR,demais municipios,A,38071
1,4105102,Centenário do Sul (PR),PR,demais municipios,C,6726
1,4105409,Chopinzinho (PR),PR,demais municipios,B,11917
1,4105706,Clevelândia (PR),PR,demais municipios,C,8801
1,4105904,Colorado (PR),PR,demais municipios,B,12261
1,4106100,Conselheiro Mairinck (PR),PR,demais municipios,C,2075
1,4106308,Corbélia (PR),PR,demais municipios,C,9082
1,4106506,Coronel Vivida (PR),PR,demais municipios,B,13199
1,4106571,Cruzeiro do Iguaçu (PR),PR,demais municipios,C,2870
1,4106605,Cruzeiro do Oeste (PR),PR,demais municipios,B,13226
1,4107306,Doutor Camargo (PR),PR,demais municipios,C,4260
1,4107504,Engenheiro Beltrão (PR),PR,demais municipios,C,7641
1,4107405,Enéas Marques (PR),PR,demais municipios,C,4033
1,4107801,Floraí (PR),PR,demais municipios,C,2936
1,4107900,Floresta (PR),PR,demais municipios,C,5747
1,4108106,Flórida (PR),PR,demais municipios,C,1464
1,4107702,Fênix (PR),PR,demais municipios,C,2661
1,4108601,Goioerê (PR),PR,demais municipios,B,15407
1,4109203,Guaraci (PR),PR,demais municipios,C,2745
1,4109302,Guaraniaçu (PR),PR,demais municipios,C,9629
1,4109807,Ibiporã (PR),PR,demais municipios,A,26725
1,4110003,Iguaraçu (PR),PR,demais municipios,C,3415
1,4110102,Imbituva (PR),PR,demais municipios,B,14907
1,4110409,Indianópolis (PR),PR,demais municipios,C,2686
1,4110904,Itaguajé (PR),PR,demais municipios,C,2997
1,4111001,Itambaracá (PR),PR,demais municipios,C,3536
1,4111100,Itambé (PR),PR,demais municipios,C,3599
1,4111209,Itapejara d'Oeste (PR),PR,demais municipios,C,6923
1,4111605,Ivatuba (PR),PR,demais municipios,C,2078
1,4111803,Jacarezinho (PR),PR,demais municipios,A,20652
1,4111902,Jaguapitã (PR),PR,demais municipios,C,8139
1,4112009,Jaguariaíva (PR),PR,demais municipios,B,18550
1,4112108,Jandaia do Sul (PR),PR,demais municipios,B,12286
1,4112405,Japurá (PR),PR,demais municipios,C,4794
1,4112504,Jardim Alegre (PR),PR,demais municipios,C,7290
1,4112702,Jataizinho (PR),PR,demais municipios,C,6375
1,4112801,Joaquim Távora (PR),PR,demais municipios,C,7058
1,4112959,Juranda (PR),PR,demais municipios,C,4616
1,4113007,Jussara (PR),PR,demais municipios,C,3539
1,4113403,Leópolis (PR),PR,demais municipios,C,2396
1,4113601,Lobato (PR),PR,demais municipios,C,2664
1,4113908,Mallet (PR),PR,demais municipios,C,7799
1,4114005,Mamborê (PR),PR,demais municipios,C,7953
1,4114203,Mandaguari (PR),PR,demais municipios,B,19482
1,4114104,Mandaguaçu (PR),PR,demais municipios,B,15414
1,4114401,Mangueirinha (PR),PR,demais municipios,C,9968
1,4114500,Manoel Ribas (PR),PR,demais municipios,C,7643
1,4114807,Marialva (PR),PR,demais municipios,A,22322
1,4114906,Marilândia do Sul (PR),PR,demais municipios,C,4821
1,4115309,Mariópolis (PR),PR,demais municipios,C,3719
1,4115408,Marmeleiro (PR),PR,demais municipios,C,8675
1,4115754,Mauá da Serra (PR),PR,demais municipios,C,4962
1,4115804,Medianeira (PR),PR,demais municipios,A,26722
1,4116307,Munhoz de Melo (PR),PR,demais municipios,C,2470
1,4116406,Nossa Senhora das Graças (PR),PR,demais municipios,C,2080
1,4116505,Nova Aliança do Ivaí (PR),PR,demais municipios,C,1133
1,4116901,Nova Esperança (PR),PR,demais municipios,B,14834
1,4116950,Nova Esperança do Sudoeste (PR),PR,demais municipios,C,3489
1,4117305,Ortigueira (PR),PR,demais municipios,B,16937
1,4117404,Ourizona (PR),PR,demais municipios,C,1839
1,4117503,Paiçandu (PR),PR,demais municipios,A,22308
1,4117602,Palmas (PR),PR,demais municipios,A,20408
1,4117701,Palmeira (PR),PR,demais municipios,B,19123
1,4118006,Paraíso do Norte (PR),PR,demais municipios,C,6745
1,4118600,Paula Freitas (PR),PR,demais municipios,C,3763
1,4118709,Paulo Frontin (PR),PR,demais municipios,C,4380
1,4118808,Peabiru (PR),PR,demais municipios,C,7332
1,4119657,Pitangueiras (PR),PR,demais municipios,C,1553
1,4120002,Porecatu (PR),PR,demais municipios,C,6217
1,4120101,Porto Amazonas (PR),PR,demais municipios,C,2216
1,4120150,Porto Barreiro (PR),PR,demais municipios,C,2462
1,4120408,Presidente Castelo Branco (PR),PR,demais municipios,C,2424
1,4120507,Primeiro de Maio (PR),PR,demais municipios,C,6645
1,4120655,Quarto Centenário (PR),PR,demais municipios,C,2379
1,4120705,Quatiguá (PR),PR,demais municipios,C,4609
1,4120853,Quatro Pontes (PR),PR,demais municipios,C,2778
1,4120903,Quedas do Iguaçu (PR),PR,demais municipios,B,18096
1,4121307,Rancho Alegre (PR),PR,demais municipios,C,2161
1,4121604,Renascença (PR),PR,demais municipios,C,3933
1,4121802,Ribeirão Claro (PR),PR,demais municipios,C,8067
1,4122404,Rolândia (PR),PR,demais municipios,A,34697
1,4122602,Rondon (PR),PR,demais municipios,C,5011
1,4122701,Sabáudia (PR),PR,demais municipios,C,5077
1,4122800,Salgado Filho (PR),PR,demais municipios,C,2689
1,4123006,Salto do Lontra (PR),PR,demais municipios,C,8545
1,4123402,Santa Fé (PR),PR,demais municipios,C,6597
1,4123600,Santa Inês (PR),PR,demais municipios,C,1169
1,4123907,Santa Mariana (PR),PR,demais municipios,C,6453
1,4124301,Santo Antônio do Paraíso (PR),PR,demais municipios,C,1394
1,4124400,Santo Antônio do Sudoeste (PR),PR,demais municipios,C,11330
1,4124509,Santo Inácio (PR),PR,demais municipios,C,3992
1,4126256,Sarandi (PR),PR,demais municipios,A,57866
1,4126272,Saudade do Iguaçu (PR),PR,demais municipios,C,3680
1,4126405,Sertaneja (PR),PR,demais municipios,C,3832
1,4126504,Sertanópolis (PR),PR,demais municipios,C,9960
1,4126603,Siqueira Campos (PR),PR,demais municipios,B,13542
1,4126652,Sulina (PR),PR,demais municipios,C,2333
1,4124608,São Carlos do Ivaí (PR),PR,demais municipios,C,3646
1,4125209,São Jorge d'Oeste (PR),PR,demais municipios,C,6180
1,4125308,São Jorge do Ivaí (PR),PR,demais municipios,C,3014
1,4124806,São João (PR),PR,demais municipios,C,6740
1,4125605,São Mateus do Sul (PR),PR,demais municipios,A,25386
1,4125803,São Pedro do Ivaí (PR),PR,demais municipios,C,4905
1,4126801,Tapejara (PR),PR,demais municipios,C,8921
1,4127205,Terra Boa (PR),PR,demais municipios,C,9234
1,4127502,Tibagi (PR),PR,demais municipios,C,11339
1,4128005,Ubiratã (PR),PR,demais municipios,B,13304
1,4128401,Uraí (PR),PR,demais municipios,C,6324
1,4128609,Verê (PR),PR,demais municipios,C,4984
1,4128708,Vitorino (PR),PR,demais municipios,C,4963
1,4128500,Wenceslau Braz (PR),PR,demais municipios,C,11086
1,4101150,Ângulo (PR),PR,demais municipios,C,1899
1,3302700,Maricá (RJ),RJ,demais municipios,A,123032
1,3303302,Niterói (RJ),RJ,demais municipios,A,254466
1,4300208,Ajuricaba (RS),RS,demais municipios,C,4250
1,4300406,Alegrete (RS),RS,demais municipios,A,41833
1,4300471,Almirante Tamandaré do Sul (RS),RS,demais municipios,C,1415
1,4300505,Alpestre (RS),RS,demais municipios,C,5389
1,4300554,Alto Alegre (RS),RS,demais municipios,C,1417
1,4300661,André da Rocha (RS),RS,demais municipios,C,978
1,4300703,Anta Gorda (RS),RS,demais municipios,C,4310
1,4300802,Antônio Prado (RS),RS,demais municipios,C,8350
1,4300901,Aratiba (RS),RS,demais municipios,C,5287
1,4301503,Augusto Pestana (RS),RS,demais municipios,C,4719
1,4301958,Barra Funda (RS),RS,demais municipios,C,1467
1,4301701,Barão de Cotegipe (RS),RS,demais municipios,C,5095
1,4302154,Boa Vista das Missões (RS),RS,demais municipios,C,1431
1,4302204,Boa Vista do Buricá (RS),RS,demais municipios,C,4382
1,4302220,Boa Vista do Cadeado (RS),RS,demais municipios,C,1776
1,4302238,Boa Vista do Incra (RS),RS,demais municipios,C,1669
1,4302584,Bozano (RS),RS,demais municipios,C,1578
1,4303301,Caibaté (RS),RS,demais municipios,C,3365
1,4303400,Caiçara (RS),RS,demais municipios,C,3436
1,4303558,Camargo (RS),RS,demais municipios,C,1917
1,4303673,Campestre da Serra (RS),RS,demais municipios,C,2758
1,4303707,Campina das Missões (RS),RS,demais municipios,C,4587
1,4303806,Campinas do Sul (RS),RS,demais municipios,C,3449
1,4304002,Campo Novo (RS),RS,demais municipios,C,2799
1,4304101,Campos Borges (RS),RS,demais municipios,C,2564
1,4304358,Candiota (RS),RS,demais municipios,C,6293
1,4304697,Capitão (RS),RS,demais municipios,C,1752
1,4304622,Capão Bonito do Sul (RS),RS,demais municipios,C,1531
1,4304655,Capão do Cipó (RS),RS,demais municipios,C,2031
1,4304804,Carlos Barbosa (RS),RS,demais municipios,B,16962
1,4304903,Casca (RS),RS,demais municipios,C,6087
1,4304952,Caseiros (RS),RS,demais municipios,C,1922
1,4305009,Catuípe (RS),RS,demais municipios,C,5460
1,4305116,Centenário (RS),RS,demais municipios,C,2406
1,4305306,Chapada (RS),RS,demais municipios,C,6530
1,4305405,Chiapetta (RS),RS,demais municipios,C,2488
1,4305504,Ciríaco (RS),RS,demais municipios,C,3021
1,4305603,Colorado (RS),RS,demais municipios,C,2246
1,4305702,Condor (RS),RS,demais municipios,C,4107
1,4305801,Constantina (RS),RS,demais municipios,C,5665
1,4305850,Coqueiros do Sul (RS),RS,demais municipios,C,1711
1,4305871,Coronel Barros (RS),RS,demais municipios,C,1986
1,4305959,Cotiporã (RS),RS,demais municipios,C,2880
1,4305975,Coxilha (RS),RS,demais municipios,C,1848
1,4306007,Crissiumal (RS),RS,demais municipios,C,8856
1,4306130,Cruzaltense (RS),RS,demais municipios,C,1646
1,4304309,Cândido Godói (RS),RS,demais municipios,C,4442
1,4306304,David Canabarro (RS),RS,demais municipios,C,3133
1,4306452,Dois Lajeados (RS),RS,demais municipios,C,2170
1,4306734,Doutor Maurício Cardoso (RS),RS,demais municipios,C,3807
1,4306759,Doutor Ricardo (RS),RS,demais municipios,C,1633
1,4306957,Entre Rios do Sul (RS),RS,demais municipios,C,1883
1,4306932,Entre-Ijuís (RS),RS,demais municipios,C,6753
1,4306973,Erebango (RS),RS,demais municipios,C,1701
1,4307054,Ernestina (RS),RS,demais municipios,C,3117
1,4307401,Esmeralda (RS),RS,demais municipios,C,2682
1,4307500,Espumoso (RS),RS,demais municipios,C,8853
1,4307559,Estação (RS),RS,demais municipios,C,3123
1,4307864,Fagundes Varela (RS),RS,demais municipios,C,1791
1,4308003,Faxinal do Soturno (RS),RS,demais municipios,C,4313
1,4308250,Floriano Peixoto (RS),RS,demais municipios,C,1954
1,4308458,Fortaleza dos Valos (RS),RS,demais municipios,C,3055
1,4308607,Garibaldi (RS),RS,demais municipios,B,19640
1,4308706,Gaurama (RS),RS,demais municipios,C,4059
1,4308854,Gentil (RS),RS,demais municipios,C,1161
1,4308904,Getúlio Vargas (RS),RS,demais municipios,C,10669
1,4309001,Giruá (RS),RS,demais municipios,C,10133
1,4309100,Gramado (RS),RS,demais municipios,A,28867
1,4309407,Guaporé (RS),RS,demais municipios,B,13920
1,4309506,Guarani das Missões (RS),RS,demais municipios,C,4829
1,4309605,Horizontina (RS),RS,demais municipios,C,10745
1,4309803,Ibiaçá (RS),RS,demais municipios,C,3289
1,4309902,Ibiraiaras (RS),RS,demais municipios,C,4427
1,4310009,Ibirubá (RS),RS,demais municipios,B,12141
1,4310306,Ilópolis (RS),RS,demais municipios,C,2519
1,4310405,Independência (RS),RS,demais municipios,C,4098
1,4310462,Ipiranga do Sul (RS),RS,demais municipios,C,1242
1,4310439,Ipê (RS),RS,demais municipios,C,4255
1,4310538,Itaara (RS),RS,demais municipios,C,3973
1,4310900,Jacutinga (RS),RS,demais municipios,C,2174
1,4311106,Jaguari (RS),RS,demais municipios,C,7303
1,4311205,Júlio de Castilhos (RS),RS,demais municipios,C,11095
1,4311270,Lagoa dos Três Cantos (RS),RS,demais municipios,C,1267
1,4311908,Marcelino Ramos (RS),RS,demais municipios,C,4033
1,4312005,Mariano Moro (RS),RS,demais municipios,C,1594
1,4312054,Marques de Souza (RS),RS,demais municipios,C,3526
1,4312138,Mato Castelhano (RS),RS,demais municipios,C,2113
1,4312153,Mato Leitão (RS),RS,demais municipios,C,2614
1,4312203,Maximiliano de Almeida (RS),RS,demais municipios,C,3227
1,4311718,Maçambará (RS),RS,demais municipios,C,2871
1,4312302,Miraguaí (RS),RS,demais municipios,C,3158
1,4312351,Montauri (RS),RS,demais municipios,C,982
1,4312427,Mormaço (RS),RS,demais municipios,C,1660
1,4312617,Muitos Capões (RS),RS,demais municipios,C,2798
1,4312625,Muliterno (RS),RS,demais municipios,C,1163
1,4312609,Muçum (RS),RS,demais municipios,C,3024
1,4312674,Nicolau Vergueiro (RS),RS,demais municipios,C,2014
1,4312757,Nova Alvorada (RS),RS,demais municipios,C,2294
1,4312807,Nova Araçá (RS),RS,demais municipios,C,2707
1,4312906,Nova Bassano (RS),RS,demais municipios,C,5968
1,4312955,Nova Boa Vista (RS),RS,demais municipios,C,1408
1,4313003,Nova Bréscia (RS),RS,demais municipios,C,2340
1,4313011,Nova Candelária (RS),RS,demais municipios,C,2320
1,4313102,Nova Palma (RS),RS,demais municipios,C,3624
1,4313086,Nova Pádua (RS),RS,demais municipios,C,1814
1,4313334,Nova Ramada (RS),RS,demais municipios,C,1595
1,4313359,Nova Roma do Sul (RS),RS,demais municipios,C,2323
1,4313391,Novo Cabrais (RS),RS,demais municipios,C,3459
1,4313466,Novo Xingu (RS),RS,demais municipios,C,1161
1,4312658,Não-Me-Toque (RS),RS,demais municipios,C,9937
1,4313607,Paim Filho (RS),RS,demais municipios,C,2737
1,4313805,Palmitinho (RS),RS,demais municipios,C,4944
1,4313904,Panambi (RS),RS,demais municipios,A,21541
1,4314001,Paraí (RS),RS,demais municipios,C,4326
1,4314134,Paulo Bento (RS),RS,demais municipios,C,1522
1,4314308,Pejuçara (RS),RS,demais municipios,C,2327
1,4314456,Pinhal (RS),RS,demais municipios,C,1721
1,4314472,Pinhal Grande (RS),RS,demais municipios,C,2969
1,4314787,Ponte Preta (RS),RS,demais municipios,C,1344
1,4314779,Pontão (RS),RS,demais municipios,C,2415
1,4315131,Pouso Novo (RS),RS,demais municipios,C,957
1,4315172,Protásio Alves (RS),RS,demais municipios,C,1436
1,4315313,Quatro Irmãos (RS),RS,demais municipios,C,1138
1,4315354,Quinze de Novembro (RS),RS,demais municipios,C,2913
1,4315453,Relvado (RS),RS,demais municipios,C,1194
1,4315503,Restinga Sêca (RS),RS,demais municipios,C,10349
1,4315909,Rodeio Bonito (RS),RS,demais municipios,C,3862
1,4316105,Ronda Alta (RS),RS,demais municipios,C,5649
1,4316204,Rondinha (RS),RS,demais municipios,C,3121
1,4316303,Roque Gonzales (RS),RS,demais municipios,C,5037
1,4316402,Rosário do Sul (RS),RS,demais municipios,A,20284
1,4316436,Saldanha Marinho (RS),RS,demais municipios,C,1860
1,4316451,Salto do Jacuí (RS),RS,demais municipios,C,6056
1,4316477,Salvador das Missões (RS),RS,demais municipios,C,1974
1,4316600,Sananduva (RS),RS,demais municipios,C,11005
1,4316709,Santa Bárbara do Sul (RS),RS,demais municipios,C,4856
1,4316733,Santa Cecília do Sul (RS),RS,demais municipios,C,1327
1,4316758,Santa Clara do Sul (RS),RS,demais municipios,C,4058
1,4317558,Santo Antônio do Palma (RS),RS,demais municipios,C,1448
1,4317756,Santo Antônio do Planalto (RS),RS,demais municipios,C,1345
1,4317806,Santo Augusto (RS),RS,demais municipios,C,7826
1,4317905,Santo Cristo (RS),RS,demais municipios,C,9967
1,4317954,Santo Expedito do Sul (RS),RS,demais municipios,C,1699
1,4320107,Sarandi (RS),RS,demais municipios,B,11788
1,4320206,Seberi (RS),RS,demais municipios,C,7431
1,4320230,Sede Nova (RS),RS,demais municipios,C,1838
1,4320305,Selbach (RS),RS,demais municipios,C,3111
1,4320404,Serafina Corrêa (RS),RS,demais municipios,C,8550
1,4320503,Sertão (RS),RS,demais municipios,C,3928
1,4320602,Severiano de Almeida (RS),RS,demais municipios,C,2727
1,4320651,Silveira Martins (RS),RS,demais municipios,C,1508
1,4318051,São Domingos do Sul (RS),RS,demais municipios,C,1841
1,4318440,São Jorge (RS),RS,demais municipios,C,2137
1,4318499,São José do Inhacorá (RS),RS,demais municipios,C,1791
1,4318606,São José do Ouro (RS),RS,demais municipios,C,4634
1,4318424,São João da Urtiga (RS),RS,demais municipios,C,3289
1,4318432,São João do Polêsine (RS),RS,demais municipios,C,1828
1,4319000,São Marcos (RS),RS,demais municipios,B,11791
1,4319109,São Martinho (RS),RS,demais municipios,C,3501
1,4319158,São Miguel das Missões (RS),RS,demais municipios,C,5622
1,4319372,São Pedro do Butiá (RS),RS,demais municipios,C,1894
1,4319703,São Valentim (RS),RS,demais municipios,C,2493
1,4319711,São Valentim do Sul (RS),RS,demais municipios,C,1828
1,4321006,Tapera (RS),RS,demais municipios,C,5777
1,4321329,Taquaruçu do Sul (RS),RS,demais municipios,C,1919
1,4321402,Tenente Portela (RS),RS,demais municipios,C,7966
1,4321469,Tio Hugo (RS),RS,demais municipios,C,2350
1,4321956,Trindade do Sul (RS),RS,demais municipios,C,4860
1,4322004,Triunfo (RS),RS,demais municipios,B,16556
1,4321634,Três Arroios (RS),RS,demais municipios,C,2236
1,4322103,Tucunduva (RS),RS,demais municipios,C,3684
1,4322301,Tuparendi (RS),RS,demais municipios,C,5526
1,4322343,Ubiretama (RS),RS,demais municipios,C,1493
1,4322350,União da Serra (RS),RS,demais municipios,C,865
1,4322558,Vanini (RS),RS,demais municipios,C,1401
1,4322707,Vera Cruz (RS),RS,demais municipios,B,14983
1,4322806,Veranópolis (RS),RS,demais municipios,B,14118
1,4322855,Vespasiano Corrêa (RS),RS,demais municipios,C,1458
1,4322905,Viadutos (RS),RS,demais municipios,C,3702
1,4323200,Victor Graeff (RS),RS,demais municipios,C,2048
1,4323309,Vila Flores (RS),RS,demais municipios,C,2235
1,4323358,Vila Lângaro (RS),RS,demais municipios,C,1576
1,4323408,Vila Maria (RS),RS,demais municipios,C,2828
1,4323507,Vista Alegre (RS),RS,demais municipios,C,1696
1,4323606,Vista Alegre do Prata (RS),RS,demais municipios,C,1210
1,4323705,Vista Gaúcha (RS),RS,demais municipios,C,1944
1,4323804,Xangri-lá (RS),RS,demais municipios,A,25345
1,4300059,Água Santa (RS),RS,demais municipios,C,2661
1,4200051,Abdon Batista (SC),SC,demais municipios,C,2206
1,4200101,Abelardo Luz (SC),SC,demais municipios,C,9568
1,4200200,Agrolândia (SC),SC,demais municipios,C,5806
1,4200309,Agronômica (SC),SC,demais municipios,C,3553
1,4200754,Alto Bela Vista (SC),SC,demais municipios,C,1525
1,4200804,Anchieta (SC),SC,demais municipios,C,3938
1,4201273,Arabutã (SC),SC,demais municipios,C,3044
1,4201604,Arroio Trinta (SC),SC,demais municipios,C,2417
1,4201653,Arvoredo (SC),SC,demais municipios,C,1793
1,4201802,Atalanta (SC),SC,demais municipios,C,2050
1,4202008,Balneário Camboriú (SC),SC,demais municipios,A,97348
1,4202099,Barra Bonita (SC),SC,demais municipios,C,1269
1,4202156,Belmonte (SC),SC,demais municipios,C,1546
1,4202537,Bom Jesus (SC),SC,demais municipios,C,1503
1,4202578,Bom Jesus do Oeste (SC),SC,demais municipios,C,1327
1,4202859,Braço do Trombudo (SC),SC,demais municipios,C,2107
1,4202875,Brunópolis (SC),SC,demais municipios,C,1885
1,4203105,Caibi (SC),SC,demais municipios,C,3826
1,4203501,Campo Erê (SC),SC,demais municipios,C,5473
1,4203600,Campos Novos (SC),SC,demais municipios,B,19939
1,4203808,Canoinhas (SC),SC,demais municipios,A,28559
1,4203907,Capinzal (SC),SC,demais municipios,B,12279
1,4204004,Catanduvas (SC),SC,demais municipios,C,5198
1,4204103,Caxambu do Sul (SC),SC,demais municipios,C,3023
1,4204152,Celso Ramos (SC),SC,demais municipios,C,2166
1,4204350,Cordilheira Alta (SC),SC,demais municipios,C,3025
1,4204400,Coronel Freitas (SC),SC,demais municipios,C,6400
1,4204459,Coronel Martins (SC),SC,demais municipios,C,1453
1,4204707,Cunha Porã (SC),SC,demais municipios,C,6675
1,4204756,Cunhataí (SC),SC,demais municipios,C,1276
1,4204905,Descanso (SC),SC,demais municipios,C,5258
1,4205001,Dionísio Cerqueira (SC),SC,demais municipios,C,9014
1,4205100,Dona Emma (SC),SC,demais municipios,C,2694
1,4205209,Erval Velho (SC),SC,demais municipios,C,3323
1,4205308,Faxinal dos Guedes (SC),SC,demais municipios,C,5877
1,4205357,Flor do Sertão (SC),SC,demais municipios,C,1269
1,4205431,Formosa do Sul (SC),SC,demais municipios,C,1630
1,4205506,Fraiburgo (SC),SC,demais municipios,B,16840
1,4205605,Galvão (SC),SC,demais municipios,C,1671
1,4206405,Guaraciaba (SC),SC,demais municipios,C,6496
1,4206603,Guarujá do Sul (SC),SC,demais municipios,C,3010
1,4206652,Guatambú (SC),SC,demais municipios,C,4845
1,4206702,Herval d'Oeste (SC),SC,demais municipios,C,10640
1,4206751,Ibiam (SC),SC,demais municipios,C,1220
1,4206801,Ibicaré (SC),SC,demais municipios,C,2534
1,4207577,Iomerê (SC),SC,demais municipios,C,2051
1,4207601,Ipira (SC),SC,demais municipios,C,3197
1,4207650,Iporã do Oeste (SC),SC,demais municipios,C,5539
1,4207700,Ipumirim (SC),SC,demais municipios,C,4287
1,4207759,Iraceminha (SC),SC,demais municipios,C,2794
1,4207809,Irani (SC),SC,demais municipios,C,5806
1,4207858,Irati (SC),SC,demais municipios,C,1327
1,4208104,Itaiópolis (SC),SC,demais municipios,B,13018
1,4208302,Itapema (SC),SC,demais municipios,A,58248
1,4208401,Itapiranga (SC),SC,demais municipios,C,8703
1,4208005,Itá (SC),SC,demais municipios,C,4340
1,4208609,Jaborá (SC),SC,demais municipios,C,2611
1,4208955,Jardinópolis (SC),SC,demais municipios,C,1063
1,4209177,Jupiá (SC),SC,demais municipios,C,1669
1,4209201,Lacerdópolis (SC),SC,demais municipios,C,1349
1,4209458,Lajeado Grande (SC),SC,demais municipios,C,1017
1,4209508,Laurentino (SC),SC,demais municipios,C,4137
1,4209854,Lindóia do Sul (SC),SC,demais municipios,C,2678
1,4210035,Luzerna (SC),SC,demais municipios,C,3414
1,4210555,Marema (SC),SC,demais municipios,C,1293
1,4210902,Modelo (SC),SC,demais municipios,C,2369
1,4211009,Mondaí (SC),SC,demais municipios,C,6009
1,4211405,Nova Erechim (SC),SC,demais municipios,C,2706
1,4211454,Nova Itaberaba (SC),SC,demais municipios,C,2797
1,4211652,Novo Horizonte (SC),SC,demais municipios,C,1756
1,4211751,Otacílio Costa (SC),SC,demais municipios,C,9032
1,4211801,Ouro (SC),SC,demais municipios,C,4345
1,4211876,Paial (SC),SC,demais municipios,C,1354
1,4212007,Palma Sola (SC),SC,demais municipios,C,4554
1,4212056,Palmeira (SC),SC,demais municipios,C,2222
1,4212106,Palmitos (SC),SC,demais municipios,C,9995
1,4212239,Paraíso (SC),SC,demais municipios,C,2876
1,4212601,Peritiba (SC),SC,demais municipios,C,2001
1,4212908,Pinhalzinho (SC),SC,demais municipios,C,11022
1,4213005,Pinheiro Preto (SC),SC,demais municipios,C,1735
1,4213104,Piratuba (SC),SC,demais municipios,C,4751
1,4213153,Planalto Alegre (SC),SC,demais municipios,C,1906
1,4213401,Ponte Serrada (SC),SC,demais municipios,C,5526
1,4213609,Porto União (SC),SC,demais municipios,B,16820
1,4213708,Pouso Redondo (SC),SC,demais municipios,C,9223
1,4213906,Presidente Castello Branco (SC),SC,demais municipios,C,1110
1,4214003,Presidente Getúlio (SC),SC,demais municipios,C,10567
1,4214151,Princesa (SC),SC,demais municipios,C,1809
1,4214201,Quilombo (SC),SC,demais municipios,C,6125
1,4214409,Rio das Antas (SC),SC,demais municipios,C,4206
1,4214508,Rio do Campo (SC),SC,demais municipios,C,4391
1,4214607,Rio do Oeste (SC),SC,demais municipios,C,4542
1,4215075,Riqueza (SC),SC,demais municipios,C,3181
1,4215307,Salete (SC),SC,demais municipios,C,4545
1,4215406,Salto Veloso (SC),SC,demais municipios,C,2546
1,4215505,Santa Cecília (SC),SC,demais municipios,C,7532
1,4215554,Santa Helena (SC),SC,demais municipios,C,1514
1,4215695,Santiago do Sul (SC),SC,demais municipios,C,984
1,4217303,Saudades (SC),SC,demais municipios,C,5684
1,4217501,Seara (SC),SC,demais municipios,C,10252
1,4217550,Serra Alta (SC),SC,demais municipios,C,1947
1,4217758,Sul Brasil (SC),SC,demais municipios,C,1764
1,4216008,São Carlos (SC),SC,demais municipios,C,6037
1,4216107,São Domingos (SC),SC,demais municipios,C,5393
1,4216701,São José do Cedro (SC),SC,demais municipios,C,8165
1,4216255,São João do Oeste (SC),SC,demais municipios,C,3953
1,4217154,São Miguel da Boa Vista (SC),SC,demais municipios,C,1334
1,4217808,Taió (SC),SC,demais municipios,C,11032
1,4217907,Tangará (SC),SC,demais municipios,C,4976
1,4217956,Tigrinhos (SC),SC,demais municipios,C,1479
1,4218509,Treze Tílias (SC),SC,demais municipios,C,4716
1,4218608,Trombudo Central (SC),SC,demais municipios,C,3961
1,4218301,Três Barras (SC),SC,demais municipios,C,9082
1,4218756,Tunápolis (SC),SC,demais municipios,C,2863
1,4218855,União do Oeste (SC),SC,demais municipios,C,1885
1,4219176,Vargem Bonita (SC),SC,demais municipios,C,2581
1,4219101,Vargeão (SC),SC,demais municipios,C,2019
1,4219358,Vitor Meireles (SC),SC,demais municipios,C,3199
1,4219408,Witmarsum (SC),SC,demais municipios,C,2941
1,4219606,Xavantina (SC),SC,demais municipios,C,2476
1,4219705,Xaxim (SC),SC,demais municipios,B,15547
1,4219853,Zortéa (SC),SC,demais municipios,C,2347
1,4200408,Água Doce (SC),SC,demais municipios,C,4764
1,4200556,Águas Frias (SC),SC,demais municipios,C,1716
1,4200507,Águas de Chapecó (SC),SC,demais municipios,C,3880
1,3500204,Adolfo (SP),SP,demais municipios,C,2885
1,3500303,Aguaí (SP),SP,demais municipios,B,17017
1,3500709,Agudos (SP),SP,demais municipios,B,18858
1,3500758,Alambari (SP),SP,demais municipios,C,4206
1,3500808,Alfredo Marcondes (SP),SP,demais municipios,C,3072
1,3500907,Altair (SP),SP,demais municipios,C,1836
1,3501004,Altinópolis (SP),SP,demais municipios,C,9481
1,3501103,Alto Alegre (SP),SP,demais municipios,C,2632
1,3501509,Alvinlândia (SP),SP,demais municipios,C,1553
1,3501608,Americana (SP),SP,demais municipios,A,124546
1,3501707,Américo Brasiliense (SP),SP,demais municipios,B,15346
1,3501806,Américo de Campos (SP),SP,demais municipios,C,3876
1,3502002,Analândia (SP),SP,demais municipios,C,3363
1,3502200,Angatuba (SP),SP,demais municipios,B,14192
1,3502309,Anhembi (SP),SP,demais municipios,C,4391
1,3502408,Anhumas (SP),SP,demais municipios,C,2499
1,3503000,Aramina (SP),SP,demais municipios,C,3059
1,3503109,Arandu (SP),SP,demais municipios,C,4495
1,3502903,Araçoiaba da Serra (SP),SP,demais municipios,A,21728
1,3503356,Arco-Íris (SP),SP,demais municipios,C,1521
1,3503406,Arealva (SP),SP,demais municipios,C,6401
1,3503604,Areiópolis (SP),SP,demais municipios,C,4619
1,3503703,Ariranha (SP),SP,demais municipios,C,4022
1,3503802,Artur Nogueira (SP),SP,demais municipios,A,25966
1,3503950,Aspásia (SP),SP,demais municipios,C,1220
1,3504404,Avanhandava (SP),SP,demais municipios,C,5027
1,3504305,Avaí (SP),SP,demais municipios,C,3299
1,3504602,Bady Bassitt (SP),SP,demais municipios,B,14854
1,3505104,Barbosa (SP),SP,demais municipios,C,3483
1,3505203,Bariri (SP),SP,demais municipios,B,17957
1,3505302,Barra Bonita (SP),SP,demais municipios,B,18054
1,3505351,Barra do Chapéu (SP),SP,demais municipios,C,3317
1,3505609,Barrinha (SP),SP,demais municipios,B,15619
1,3505005,Barão de Antonina (SP),SP,demais municipios,C,2467
1,3505807,Bastos (SP),SP,demais municipios,C,10963
1,3505906,Batatais (SP),SP,demais municipios,A,30977
1,3506102,Bebedouro (SP),SP,demais municipios,A,39392
1,3506300,Bernardino de Campos (SP),SP,demais municipios,C,6130
1,3506409,Bilac (SP),SP,demais municipios,C,4417
1,3506706,Boa Esperança do Sul (SP),SP,demais municipios,C,6935
1,3506805,Bocaina (SP),SP,demais municipios,C,6350
1,3506904,Bofete (SP),SP,demais municipios,C,8278
1,3507001,Boituva (SP),SP,demais municipios,A,34679
1,3507308,Boracéia (SP),SP,demais municipios,C,2601
1,3507407,Borborema (SP),SP,demais municipios,C,9898
1,3507456,Borebi (SP),SP,demais municipios,C,1670
1,3507209,Borá (SP),SP,demais municipios,C,527
1,3507704,Braúna (SP),SP,demais municipios,C,3078
1,3507753,Brejo Alegre (SP),SP,demais municipios,C,1684
1,3507803,Brodowski (SP),SP,demais municipios,B,12800
1,3507902,Brotas (SP),SP,demais municipios,B,14292
1,3508009,Buri (SP),SP,demais municipios,C,11066
1,3508108,Buritama (SP),SP,demais municipios,B,11914
1,3508207,Buritizal (SP),SP,demais municipios,C,2550
1,3504800,Bálsamo (SP),SP,demais municipios,C,5928
1,3508306,Cabrália Paulista (SP),SP,demais municipios,C,2378
1,3508702,Caconde (SP),SP,demais municipios,C,11631
1,3508801,Cafelândia (SP),SP,demais municipios,C,9594
1,3508900,Caiabu (SP),SP,demais municipios,C,2713
1,3509304,Cajobi (SP),SP,demais municipios,C,5216
1,3509403,Cajuru (SP),SP,demais municipios,B,13769
1,3509452,Campina do Monte Alegre (SP),SP,demais municipios,C,4426
1,3509809,Campos Novos Paulista (SP),SP,demais municipios,C,2958
1,3510153,Canitar (SP),SP,demais municipios,C,3031
1,3510302,Capela do Alto (SP),SP,demais municipios,B,11959
1,3510401,Capivari (SP),SP,demais municipios,A,25165
1,3510708,Cardoso (SP),SP,demais municipios,C,8159
1,3510807,Casa Branca (SP),SP,demais municipios,B,15059
1,3511201,Catiguá (SP),SP,demais municipios,C,3511
1,3511300,Cedral (SP),SP,demais municipios,C,7301
1,3511409,Cerqueira César (SP),SP,demais municipios,C,11604
1,3511508,Cerquilho (SP),SP,demais municipios,A,22587
1,3511607,Cesário Lange (SP),SP,demais municipios,C,9995
1,3511706,Charqueada (SP),SP,demais municipios,C,8115
1,3557204,Chavantes (SP),SP,demais municipios,C,6408
1,3511904,Clementina (SP),SP,demais municipios,C,3907
1,3512001,Colina (SP),SP,demais municipios,C,9337
1,3512100,Colômbia (SP),SP,demais municipios,C,3916
1,3512209,Conchal (SP),SP,demais municipios,B,13733
1,3512308,Conchas (SP),SP,demais municipios,C,10094
1,3512407,Cordeirópolis (SP),SP,demais municipios,B,12535
1,3512506,Coroados (SP),SP,demais municipios,C,3302
1,3512605,Coronel Macedo (SP),SP,demais municipios,C,2882
1,3512704,Corumbataí (SP),SP,demais municipios,C,3032
1,3512902,Cosmorama (SP),SP,demais municipios,C,5713
1,3512803,Cosmópolis (SP),SP,demais municipios,A,29947
1,3513108,Cravinhos (SP),SP,demais municipios,B,15983
1,3513207,Cristais Paulista (SP),SP,demais municipios,C,5989
1,3513306,Cruzália (SP),SP,demais municipios,C,1271
1,3510906,Cássia dos Coqueiros (SP),SP,demais municipios,C,2266
1,3510005,Cândido Mota (SP),SP,demais municipios,B,16155
1,3510104,Cândido Rodrigues (SP),SP,demais municipios,C,2110
1,3513702,Descalvado (SP),SP,demais municipios,B,16903
1,3513850,Dirce Reis (SP),SP,demais municipios,C,1140
1,3513900,Divinolândia (SP),SP,demais municipios,C,7027
1,3514007,Dobrada (SP),SP,demais municipios,C,4500
1,3514106,Dois Córregos (SP),SP,demais municipios,B,15203
1,3514304,Dourado (SP),SP,demais municipios,C,4942
1,3514502,Duartina (SP),SP,demais municipios,C,7459
1,3514601,Dumont (SP),SP,demais municipios,C,4793
1,3514700,Echaporã (SP),SP,demais municipios,C,3794
1,3514908,Elias Fausto (SP),SP,demais municipios,C,9077
1,3514924,Elisiário (SP),SP,demais municipios,C,1895
1,3514957,Embaúba (SP),SP,demais municipios,C,1332
1,3515129,Emilianópolis (SP),SP,demais municipios,C,2035
1,3515152,Engenheiro Coelho (SP),SP,demais municipios,C,10063
1,3515186,Espírito Santo do Pinhal (SP),SP,demais municipios,A,20736
1,3515194,Espírito Santo do Turvo (SP),SP,demais municipios,C,2213
1,3557303,Estiva Gerbi (SP),SP,demais municipios,C,5459
1,3515202,Estrela d'Oeste (SP),SP,demais municipios,C,5456
1,3515301,Estrela do Norte (SP),SP,demais municipios,C,1582
1,3515400,Fartura (SP),SP,demais municipios,C,9775
1,3515608,Fernando Prestes (SP),SP,demais municipios,C,4114
1,3515657,Fernão (SP),SP,demais municipios,C,1252
1,3515806,Flora Rica (SP),SP,demais municipios,C,1201
1,3515905,Floreal (SP),SP,demais municipios,C,2026
1,3516101,Florínea (SP),SP,demais municipios,C,1959
1,3516002,Flórida Paulista (SP),SP,demais municipios,C,6422
1,3516507,Gabriel Monteiro (SP),SP,demais municipios,C,1735
1,3516705,Garça (SP),SP,demais municipios,A,22042
1,3516853,Gavião Peixoto (SP),SP,demais municipios,C,2605
1,3517000,Getulina (SP),SP,demais municipios,C,5851
1,3517109,Glicério (SP),SP,demais municipios,C,3565
1,3517307,Guaimbê (SP),SP,demais municipios,C,3132
1,3517208,Guaiçara (SP),SP,demais municipios,C,6492
1,3517505,Guapiaçu (SP),SP,demais municipios,C,10697
1,3517901,Guaraci (SP),SP,demais municipios,C,6982
1,3518107,Guarantã (SP),SP,demais municipios,C,3916
1,3518206,Guararapes (SP),SP,demais municipios,B,16522
1,3518503,Guareí (SP),SP,demais municipios,C,7722
1,3518602,Guariba (SP),SP,demais municipios,B,18487
1,3517703,Guará (SP),SP,demais municipios,C,9777
1,3518859,Guatapará (SP),SP,demais municipios,C,4243
1,3517406,Guaíra (SP),SP,demais municipios,A,20377
1,3516606,Gália (SP),SP,demais municipios,C,4038
1,3519006,Herculândia (SP),SP,demais municipios,C,5242
1,3519055,Holambra (SP),SP,demais municipios,C,7396
1,3519071,Hortolândia (SP),SP,demais municipios,A,111613
1,3519105,Iacanga (SP),SP,demais municipios,C,6456
1,3519204,Iacri (SP),SP,demais municipios,C,3719
1,3519253,Iaras (SP),SP,demais municipios,C,3132
1,3519303,Ibaté (SP),SP,demais municipios,B,15534
1,3519501,Ibirarema (SP),SP,demais municipios,C,3873
1,3519402,Ibirá (SP),SP,demais municipios,C,7134
1,3519600,Ibitinga (SP),SP,demais municipios,A,33321
1,3519808,Icém (SP),SP,demais municipios,C,4058
1,3519907,Iepê (SP),SP,demais municipios,C,4814
1,3520103,Igarapava (SP),SP,demais municipios,B,14650
1,3520004,Igaraçu do Tietê (SP),SP,demais municipios,C,10948
1,3520442,Ilha Solteira (SP),SP,demais municipios,B,14350
1,3520400,Ilhabela (SP),SP,demais municipios,A,21997
1,3520509,Indaiatuba (SP),SP,demais municipios,A,119194
1,3520608,Indiana (SP),SP,demais municipios,C,3121
1,3520806,Inúbia Paulista (SP),SP,demais municipios,C,1921
1,3520905,Ipaussu (SP),SP,demais municipios,C,6924
1,3521002,Iperó (SP),SP,demais municipios,B,17464
1,3521101,Ipeúna (SP),SP,demais municipios,C,4131
1,3521150,Ipiguá (SP),SP,demais municipios,C,3903
1,3521309,Ipuã (SP),SP,demais municipios,C,7902
1,3521408,Iracemápolis (SP),SP,demais municipios,C,10349
1,3521507,Irapuã (SP),SP,demais municipios,C,3867
1,3521705,Itaberá (SP),SP,demais municipios,C,10635
1,3521903,Itajobi (SP),SP,demais municipios,C,9766
1,3522000,Itaju (SP),SP,demais municipios,C,3168
1,3522604,Itapira (SP),SP,demais municipios,A,36967
1,3522802,Itaporanga (SP),SP,demais municipios,C,10517
1,3522901,Itapuí (SP),SP,demais municipios,C,7126
1,3523206,Itararé (SP),SP,demais municipios,A,23866
1,3523503,Itatinga (SP),SP,demais municipios,C,9092
1,3521804,Itaí (SP),SP,demais municipios,B,14994
1,3523602,Itirapina (SP),SP,demais municipios,C,9145
1,3523701,Itirapuã (SP),SP,demais municipios,C,3193
1,3523800,Itobi (SP),SP,demais municipios,C,4408
1,3524006,Itupeva (SP),SP,demais municipios,A,35319
1,3522703,Itápolis (SP),SP,demais municipios,A,23410
1,3524204,Jaborandi (SP),SP,demais municipios,C,3408
1,3524303,Jaboticabal (SP),SP,demais municipios,A,39895
1,3524501,Jaci (SP),SP,demais municipios,C,3932
1,3524709,Jaguariúna (SP),SP,demais municipios,A,27623
1,3525102,Jardinópolis (SP),SP,demais municipios,A,23144
1,3525409,Jeriquara (SP),SP,demais municipios,C,1991
1,3525706,José Bonifácio (SP),SP,demais municipios,A,20202
1,3525607,João Ramalho (SP),SP,demais municipios,C,2512
1,3525854,Jumirim (SP),SP,demais municipios,C,1716
1,3526407,Laranjal Paulista (SP),SP,demais municipios,B,14810
1,3526704,Leme (SP),SP,demais municipios,A,50606
1,3526803,Lençóis Paulista (SP),SP,demais municipios,A,32723
1,3527009,Lindóia (SP),SP,demais municipios,C,4482
1,3527306,Louveira (SP),SP,demais municipios,A,21971
1,3527504,Lucianópolis (SP),SP,demais municipios,C,1524
1,3527405,Lucélia (SP),SP,demais municipios,C,9644
1,3527702,Luiziânia (SP),SP,demais municipios,C,2812
1,3527801,Lupércio (SP),SP,demais municipios,C,2065
1,3527900,Lutécia (SP),SP,demais municipios,C,1679
1,3527603,Luís Antônio (SP),SP,demais municipios,C,6210
1,3528007,Macatuba (SP),SP,demais municipios,C,8161
1,3528106,Macaubal (SP),SP,demais municipios,C,5057
1,3528205,Macedônia (SP),SP,demais municipios,C,2575
1,3528601,Manduri (SP),SP,demais municipios,C,5742
1,3528809,Maracaí (SP),SP,demais municipios,C,7290
1,3528858,Marapoama (SP),SP,demais municipios,C,2111
1,3529104,Marinópolis (SP),SP,demais municipios,C,1171
1,3528908,Mariápolis (SP),SP,demais municipios,C,2515
1,3529203,Martinópolis (SP),SP,demais municipios,B,13787
1,3529302,Matão (SP),SP,demais municipios,A,40381
1,3529500,Mendonça (SP),SP,demais municipios,C,4630
1,3529609,Meridiano (SP),SP,demais municipios,C,3471
1,3529708,Miguelópolis (SP),SP,demais municipios,C,11115
1,3529807,Mineiros do Tietê (SP),SP,demais municipios,C,6880
1,3530201,Mirante do Paranapanema (SP),SP,demais municipios,C,10765
1,3530300,Mirassol (SP),SP,demais municipios,A,33383
1,3530409,Mirassolândia (SP),SP,demais municipios,C,2712
1,3530508,Mococa (SP),SP,demais municipios,A,36689
1,3530805,Mogi Mirim (SP),SP,demais municipios,A,47831
1,3530904,Mombuca (SP),SP,demais municipios,C,2056
1,3531209,Monte Alegre do Sul (SP),SP,demais municipios,C,5910
1,3531308,Monte Alto (SP),SP,demais municipios,A,25729
1,3531407,Monte Aprazível (SP),SP,demais municipios,B,13486
1,3531506,Monte Azul Paulista (SP),SP,demais municipios,C,9971
1,3531803,Monte Mor (SP),SP,demais municipios,A,32812
1,3531001,Monções (SP),SP,demais municipios,C,1426
1,3531902,Morro Agudo (SP),SP,demais municipios,B,14954
1,3532009,Morungaba (SP),SP,demais municipios,C,6775
1,3532058,Motuca (SP),SP,demais municipios,C,2205
1,3532108,Murutinga do Sul (SP),SP,demais municipios,C,2880
1,3532157,Nantes (SP),SP,demais municipios,C,1684
1,3532207,Narandiba (SP),SP,demais municipios,C,3100
1,3532504,Neves Paulista (SP),SP,demais municipios,C,5629
1,3532603,Nhandeara (SP),SP,demais municipios,C,7052
1,3532702,Nipoã (SP),SP,demais municipios,C,2923
1,3532801,Nova Aliança (SP),SP,demais municipios,C,4049
1,3532843,Nova Canaã Paulista (SP),SP,demais municipios,C,1799
1,3532868,Nova Castilho (SP),SP,demais municipios,C,806
1,3532900,Nova Europa (SP),SP,demais municipios,C,4713
1,3533007,Nova Granada (SP),SP,demais municipios,C,10688
1,3533403,Nova Odessa (SP),SP,demais municipios,A,31655
1,3533254,Novais (SP),SP,demais municipios,C,2419
1,3533502,Novo Horizonte (SP),SP,demais municipios,A,23081
1,3533601,Nuporanga (SP),SP,demais municipios,C,4480
1,3533700,Ocauçu (SP),SP,demais municipios,C,2544
1,3533908,Olímpia (SP),SP,demais municipios,A,33514
1,3534005,Onda Verde (SP),SP,demais municipios,C,2539
1,3534104,Oriente (SP),SP,demais municipios,C,3090
1,3534302,Orlândia (SP),SP,demais municipios,B,18621
1,3534500,Oscar Bressane (SP),SP,demais municipios,C,1613
1,3534609,Osvaldo Cruz (SP),SP,demais municipios,B,16778
1,3535101,Palmares Paulista (SP),SP,demais municipios,C,4774
1,3535200,Palmeira d'Oeste (SP),SP,demais municipios,C,6825
1,3535309,Palmital (SP),SP,demais municipios,C,11338
1,3535507,Paraguaçu Paulista (SP),SP,demais municipios,A,21123
1,3535804,Paranapanema (SP),SP,demais municipios,B,13080
1,3536000,Parapuã (SP),SP,demais municipios,C,6685
1,3535705,Paraíso (SP),SP,demais municipios,C,3443
1,3536109,Pardinho (SP),SP,demais municipios,C,5647
1,3536257,Parisi (SP),SP,demais municipios,C,1788
1,3536307,Patrocínio Paulista (SP),SP,demais municipios,C,8220
1,3536570,Paulistânia (SP),SP,demais municipios,C,1445
1,3536505,Paulínia (SP),SP,demais municipios,A,49157
1,3536703,Pederneiras (SP),SP,demais municipios,A,23580
1,3536802,Pedra Bela (SP),SP,demais municipios,C,4643
1,3536901,Pedranópolis (SP),SP,demais municipios,C,2047
1,3537008,Pedregulho (SP),SP,demais municipios,C,8915
1,3537107,Pedreira (SP),SP,demais municipios,A,21303
1,3537156,Pedrinhas Paulista (SP),SP,demais municipios,C,1624
1,3537305,Penápolis (SP),SP,demais municipios,A,33377
1,3537503,Pereiras (SP),SP,demais municipios,C,5421
1,3537701,Piacatu (SP),SP,demais municipios,C,3143
1,3538105,Pindorama (SP),SP,demais municipios,C,7788
1,3538204,Pinhalzinho (SP),SP,demais municipios,C,11185
1,3538303,Piquerobi (SP),SP,demais municipios,C,2426
1,3538907,Pirajuí (SP),SP,demais municipios,C,11384
1,3539004,Pirangi (SP),SP,demais municipios,C,6214
1,3539202,Pirapozinho (SP),SP,demais municipios,B,13275
1,3539301,Pirassununga (SP),SP,demais municipios,A,42329
1,3539400,Piratininga (SP),SP,demais municipios,C,8882
1,3539509,Pitangueiras (SP),SP,demais municipios,B,17199
1,3539608,Planalto (SP),SP,demais municipios,C,2623
1,3539707,Platina (SP),SP,demais municipios,C,1859
1,3539905,Poloni (SP),SP,demais municipios,C,3486
1,3540002,Pompéia (SP),SP,demais municipios,C,11101
1,3540101,Pongaí (SP),SP,demais municipios,C,2303
1,3540200,Pontal (SP),SP,demais municipios,B,18585
1,3540309,Pontes Gestal (SP),SP,demais municipios,C,1558
1,3540507,Porangaba (SP),SP,demais municipios,C,8895
1,3540606,Porto Feliz (SP),SP,demais municipios,A,28607
1,3540705,Porto Ferreira (SP),SP,demais municipios,A,27043
1,3540804,Potirendaba (SP),SP,demais municipios,C,10157
1,3540853,Pracinha (SP),SP,demais municipios,C,928
1,3540903,Pradópolis (SP),SP,demais municipios,C,8594
1,3541059,Pratânia (SP),SP,demais municipios,C,2729
1,3541109,Presidente Alves (SP),SP,demais municipios,C,2414
1,3541208,Presidente Bernardes (SP),SP,demais municipios,C,8799
1,3541604,Promissão (SP),SP,demais municipios,B,19331
1,3541653,Quadra (SP),SP,demais municipios,C,3010
1,3541703,Quatá (SP),SP,demais municipios,C,6859
1,3541802,Queiroz (SP),SP,demais municipios,C,1903
1,3542008,Quintana (SP),SP,demais municipios,C,3669
1,3542107,Rafard (SP),SP,demais municipios,C,4585
1,3542206,Rancharia (SP),SP,demais municipios,B,16768
1,3542404,Regente Feijó (SP),SP,demais municipios,C,10896
1,3542503,Reginópolis (SP),SP,demais municipios,C,3451
1,3542701,Restinga (SP),SP,demais municipios,C,3499
1,3542909,Ribeirão Bonito (SP),SP,demais municipios,C,6477
1,3543105,Ribeirão Corrente (SP),SP,demais municipios,C,2667
1,3543204,Ribeirão do Sul (SP),SP,demais municipios,C,2770
1,3543600,Rifaina (SP),SP,demais municipios,C,3641
1,3543709,Rincão (SP),SP,demais municipios,C,5682
1,3543808,Rinópolis (SP),SP,demais municipios,C,5415
1,3544004,Rio das Pedras (SP),SP,demais municipios,B,16130
1,3543501,Riversul (SP),SP,demais municipios,C,4156
1,3544509,Rubinéia (SP),SP,demais municipios,C,3349
1,3544400,Rubiácea (SP),SP,demais municipios,C,1642
1,3544608,Sabino (SP),SP,demais municipios,C,3507
1,3544707,Sagres (SP),SP,demais municipios,C,1575
1,3544806,Sales (SP),SP,demais municipios,C,5724
1,3544905,Sales Oliveira (SP),SP,demais municipios,C,6294
1,3545100,Salmourão (SP),SP,demais municipios,C,2679
1,3545159,Saltinho (SP),SP,demais municipios,C,4425
1,3545209,Salto (SP),SP,demais municipios,A,64207
1,3545407,Salto Grande (SP),SP,demais municipios,C,5388
1,3545506,Sandovalina (SP),SP,demais municipios,C,2038
1,3545605,Santa Adélia (SP),SP,demais municipios,C,7520
1,3545803,Santa Bárbara d'Oeste (SP),SP,demais municipios,A,87271
1,3546207,Santa Cruz da Conceição (SP),SP,demais municipios,C,3114
1,3546256,Santa Cruz da Esperança (SP),SP,demais municipios,C,1427
1,3546306,Santa Cruz das Palmeiras (SP),SP,demais municipios,B,14995
1,3546405,Santa Cruz do Rio Pardo (SP),SP,demais municipios,A,25130
1,3546504,Santa Ernestina (SP),SP,demais municipios,C,3201
1,3546702,Santa Gertrudes (SP),SP,demais municipios,C,10820
1,3546900,Santa Lúcia (SP),SP,demais municipios,C,3291
1,3547007,Santa Maria da Serra (SP),SP,demais municipios,C,3499
1,3547403,Santa Rita d'Oeste (SP),SP,demais municipios,C,1989
1,3547502,Santa Rita do Passa Quatro (SP),SP,demais municipios,B,15721
1,3547601,Santa Rosa de Viterbo (SP),SP,demais municipios,B,12477
1,3547650,Santa Salete (SP),SP,demais municipios,C,1289
1,3547205,Santana da Ponte Pensa (SP),SP,demais municipios,C,1420
1,3547700,Santo Anastácio (SP),SP,demais municipios,C,10344
1,3547908,Santo Antônio da Alegria (SP),SP,demais municipios,C,4731
1,3548005,Santo Antônio de Posse (SP),SP,demais municipios,C,11443
1,3548104,Santo Antônio do Jardim (SP),SP,demais municipios,C,4156
1,3548302,Santo Expedito (SP),SP,demais municipios,C,2215
1,3548401,Santópolis do Aguapeí (SP),SP,demais municipios,C,2119
1,3551207,Sarutaiá (SP),SP,demais municipios,C,2351
1,3551306,Sebastianópolis do Sul (SP),SP,demais municipios,C,2263
1,3551603,Serra Negra (SP),SP,demais municipios,A,20296
1,3551504,Serrana (SP),SP,demais municipios,A,20966
1,3551702,Sertãozinho (SP),SP,demais municipios,A,64639
1,3551900,Severínia (SP),SP,demais municipios,C,7260
1,3552106,Socorro (SP),SP,demais municipios,A,26458
1,3552403,Sumaré (SP),SP,demais municipios,A,130045
1,3549003,São Francisco (SP),SP,demais municipios,C,1768
1,3549508,São José da Bela Vista (SP),SP,demais municipios,C,4162
1,3550001,São Luiz do Paraitinga (SP),SP,demais municipios,C,7792
1,3550100,São Manuel (SP),SP,demais municipios,B,19787
1,3550407,São Pedro (SP),SP,demais municipios,A,22342
1,3550506,São Pedro do Turvo (SP),SP,demais municipios,C,4637
1,3550803,São Sebastião da Grama (SP),SP,demais municipios,C,6623
1,3550902,São Simão (SP),SP,demais municipios,C,7748
1,3552601,Tabapuã (SP),SP,demais municipios,C,6666
1,3552700,Tabatinga (SP),SP,demais municipios,C,8257
1,3552908,Taciba (SP),SP,demais municipios,C,3757
1,3553005,Taguaí (SP),SP,demais municipios,C,6145
1,3553104,Taiaçu (SP),SP,demais municipios,C,3303
1,3553203,Taiúva (SP),SP,demais municipios,C,3411
1,3553302,Tambaú (SP),SP,demais municipios,C,11542
1,3553401,Tanabi (SP),SP,demais municipios,B,15552
1,3553609,Tapiratiba (SP),SP,demais municipios,C,6414
1,3553658,Taquaral (SP),SP,demais municipios,C,1305
1,3553708,Taquaritinga (SP),SP,demais municipios,A,28315
1,3553807,Taquarituba (SP),SP,demais municipios,B,12217
1,3553856,Taquarivaí (SP),SP,demais municipios,C,3670
1,3553906,Tarabai (SP),SP,demais municipios,C,3516
1,3553955,Tarumã (SP),SP,demais municipios,C,7256
1,3554201,Tejupá (SP),SP,demais municipios,C,3135
1,3554300,Teodoro Sampaio (SP),SP,demais municipios,B,12684
1,3554409,Terra Roxa (SP),SP,demais municipios,C,4330
1,3554508,Tietê (SP),SP,demais municipios,B,19143
1,3554607,Timburi (SP),SP,demais municipios,C,1985
1,3554656,Torre de Pedra (SP),SP,demais municipios,C,1880
1,3554706,Torrinha (SP),SP,demais municipios,C,5756
1,3554755,Trabiju (SP),SP,demais municipios,C,983
1,3554953,Tuiuti (SP),SP,demais municipios,C,4767
1,3555208,Turiúba (SP),SP,demais municipios,C,1579
1,3555307,Turmalina (SP),SP,demais municipios,C,1429
1,3555356,Ubarana (SP),SP,demais municipios,C,2888
1,3555505,Ubirajara (SP),SP,demais municipios,C,3198
1,3555604,Uchoa (SP),SP,demais municipios,C,5851
1,3555703,União Paulista (SP),SP,demais municipios,C,970
1,3555901,Uru (SP),SP,demais municipios,C,1114
1,3556008,Urupês (SP),SP,demais municipios,C,8863
1,3556206,Valinhos (SP),SP,demais municipios,A,61416
1,3556354,Vargem (SP),SP,demais municipios,C,6526
1,3556404,Vargem Grande do Sul (SP),SP,demais municipios,A,21290
1,3556602,Vera Cruz (SP),SP,demais municipios,C,5049
1,3556701,Vinhedo (SP),SP,demais municipios,A,36859
1,3556800,Viradouro (SP),SP,demais municipios,C,9271
1,3556909,Vista Alegre do Alto (SP),SP,demais municipios,C,4240
1,3557154,Zacarias (SP),SP,demais municipios,C,2081
1,3500402,Águas da Prata (SP),SP,demais municipios,C,4883
1,3500501,Águas de Lindóia (SP),SP,demais municipios,B,12134
1,3500550,Águas de Santa Bárbara (SP),SP,demais municipios,C,5566
1,3500600,Águas de São Pedro (SP),SP,demais municipios,C,2277
1,3501202,Álvares Florence (SP),SP,demais municipios,C,3419
1,3501301,Álvares Machado (SP),SP,demais municipios,B,16098
1,3533809,Óleo (SP),SP,demais municipios,C,2066
2,1200104,Brasiléia (AC),AC,capital de imediata,B,14973
2,1200500,Sena Madureira (AC),AC,capital de imediata,B,19829
2,1200609,Tarauacá (AC),AC,capital de imediata,B,17771
2,1301209,Coari (AM),AM,capital de imediata,A,27203
2,1301407,Eirunepé (AM),AM,capital de imediata,B,13425
2,1301902,Itacoatiara (AM),AM,capital de imediata,A,45155
2,1302504,Manacapuru (AM),AM,capital de imediata,A,44330
2,1302702,Manicoré (AM),AM,capital de imediata,B,19546
2,1303809,São Gabriel da Cachoeira (AM),AM,capital de imediata,B,18194
2,1304062,Tabatinga (AM),AM,capital de imediata,A,23732
2,2928109,Santa Maria da Vitória (BA),BA,capital de imediata,A,23777
2,5204508,Caldas Novas (GO),GO,capital de imediata,A,82318
2,5204904,Campos Belos (GO),GO,capital de imediata,C,10518
2,5205406,Ceres (GO),GO,capital de imediata,B,12595
2,5207907,Flores de Goiás (GO),GO,capital de imediata,C,8530
2,5208905,Goiás (GO),GO,capital de imediata,B,18745
2,5210000,Inhumas (GO),GO,capital de imediata,A,29257
2,5210208,Iporá (GO),GO,capital de imediata,A,22010
2,5213103,Mineiros (GO),GO,capital de imediata,A,39290
2,5215702,Palmeiras de Goiás (GO),GO,capital de imediata,B,19448
2,5217104,Piracanjuba (GO),GO,capital de imediata,B,18522
2,5217401,Pires do Rio (GO),GO,capital de imediata,B,17916
2,5218508,Quirinópolis (GO),GO,capital de imediata,A,26637
2,5221601,Uruaçu (GO),GO,capital de imediata,A,25205
2,5200258,Águas Lindas de Goiás (GO),GO,capital de imediata,A,103326
2,2101400,Balsas (MA),MA,capital de imediata,A,45899
2,3134202,Ituiutaba (MG),MG,capital de imediata,A,58499
2,3134400,Iturama (MG),MG,capital de imediata,A,21924
2,3135209,Januária (MG),MG,capital de imediata,A,40081
2,3143104,Monte Carmelo (MG),MG,capital de imediata,A,28570
2,3151206,Pirapora (MG),MG,capital de imediata,A,29665
2,3161106,São Francisco (MG),MG,capital de imediata,A,29883
2,3170404,Unaí (MG),MG,capital de imediata,A,51905
2,5000609,Amambai (MS),MS,capital de imediata,B,19969
2,5001102,Aquidauana (MS),MS,capital de imediata,A,25620
2,5003306,Coxim (MS),MS,capital de imediata,B,19928
2,5005004,Jardim (MS),MS,capital de imediata,B,13057
2,5005707,Naviraí (MS),MS,capital de imediata,A,27223
2,5006200,Nova Andradina (MS),MS,capital de imediata,A,27101
2,5006309,Paranaíba (MS),MS,capital de imediata,A,26286
2,5006606,Ponta Porã (MS),MS,capital de imediata,A,49439
2,5008305,Três Lagoas (MS),MS,capital de imediata,A,72298
2,5100250,Alta Floresta (MT),MT,capital de imediata,A,31331
2,5103353,Confresa (MT),MT,capital de imediata,B,19359
2,5104807,Jaciara (MT),MT,capital de imediata,B,14674
2,5105101,Juara (MT),MT,capital de imediata,A,20668
2,5105150,Juína (MT),MT,capital de imediata,A,26797
2,5105622,Mirassol d'Oeste (MT),MT,capital de imediata,B,15404
2,5106422,Peixoto de Azevedo (MT),MT,capital de imediata,B,18195
2,5106752,Pontes e Lacerda (MT),MT,capital de imediata,A,27108
2,5107958,Tangará da Serra (MT),MT,capital de imediata,A,51088
2,5100201,Água Boa (MT),MT,capital de imediata,B,15819
2,1503606,Itaituba (PA),PA,capital de imediata,A,58795
2,1505536,Parauapebas (PA),PA,capital de imediata,A,128238
2,1508084,Tucumã (PA),PA,capital de imediata,B,19765
2,1508407,Xinguara (PA),PA,capital de imediata,A,27302
2,2201903,Bom Jesus (PI),PI,capital de imediata,B,15911
2,2202307,Canto do Buriti (PI),PI,capital de imediata,B,13302
2,2207801,Paulistana (PI),PI,capital de imediata,B,15447
2,2210805,Simplício Mendes (PI),PI,capital de imediata,C,7726
2,2210003,São João do Piauí (PI),PI,capital de imediata,B,13428
2,4113502,Loanda (PR),PR,capital de imediata,B,12675
2,1100023,Ariquemes (RO),RO,capital de imediata,A,56860
2,1100049,Cacoal (RO),RO,capital de imediata,A,52614
2,1100114,Jaru (RO),RO,capital de imediata,A,31869
2,1100304,Vilhena (RO),RO,capital de imediata,A,52256
2,3502101,Andradina (SP),SP,capital de imediata,A,33100
2,3514403,Dracena (SP),SP,capital de imediata,A,25418
2,3541505,Presidente Venceslau (SP),SP,capital de imediata,B,19737
2,3557105,Votuporanga (SP),SP,capital de imediata,A,52852
2,1705508,Colinas do Tocantins (TO),TO,capital de imediata,B,17120
2,1707009,Dianópolis (TO),TO,capital de imediata,C,9522
2,1709302,Guaraí (TO),TO,capital de imediata,B,13648
2,1713205,Miracema do Tocantins (TO),TO,capital de imediata,C,10713
2,1716109,Paraíso do Tocantins (TO),TO,capital de imediata,A,26535
2,1718204,Porto Nacional (TO),TO,capital de imediata,A,38471
2,1200203,Cruzeiro do Sul (AC),AC,capital de intermediaria,A,40027
2,1302405,Lábrea (AM),AM,capital de intermediaria,B,17603
2,1303403,Parintins (AM),AM,capital de intermediaria,A,39203
2,1304203,Tefé (AM),AM,capital de intermediaria,A,27740
2,2903201,Barreiras (BA),BA,capital de intermediaria,A,87183
2,5212501,Luziânia (GO),GO,capital de intermediaria,A,109426
2,5218003,Porangatu (GO),GO,capital de intermediaria,A,24995
2,5220108,São Luís de Montes Belos (GO),GO,capital de intermediaria,A,20940
2,5003207,Corumbá (MS),MS,capital de intermediaria,A,46615
2,5003702,Dourados (MS),MS,capital de intermediaria,A,124877
2,5101803,Barra do Garças (MT),MT,capital de intermediaria,A,39517
2,5102504,Cáceres (MT),MT,capital de intermediaria,A,49208
2,5107602,Rondonópolis (MT),MT,capital de intermediaria,A,126497
2,1506138,Redenção (PA),PA,capital de intermediaria,A,43491
2,2202901,Corrente (PI),PI,capital de intermediaria,B,15250
2,2210607,São Raimundo Nonato (PI),PI,capital de intermediaria,A,24077
2,1100122,Ji-Paraná (RO),RO,capital de intermediaria,A,71745
2,1400472,Rorainópolis (RR),RR,capital de intermediaria,B,17670
2,1702109,Araguaína (TO),TO,capital de intermediaria,A,87499
2,1709500,Gurupi (TO),TO,capital de intermediaria,A,45475
2,1200013,Acrelândia (AC),AC,demais municipios,C,8339
2,1200054,Assis Brasil (AC),AC,demais municipios,C,4125
2,1200179,Capixaba (AC),AC,demais municipios,C,6344
2,1200252,Epitaciolândia (AC),AC,demais municipios,C,10919
2,1200302,Feijó (AC),AC,demais municipios,B,16334
2,1200328,Jordão (AC),AC,demais municipios,C,3390
2,1200344,Manoel Urbano (AC),AC,demais municipios,C,5666
2,1200351,Marechal Thaumaturgo (AC),AC,demais municipios,C,7913
2,1200336,Mâncio Lima (AC),AC,demais municipios,C,10339
2,1200385,Plácido de Castro (AC),AC,demais municipios,C,10100
2,1200807,Porto Acre (AC),AC,demais municipios,C,10009
2,1200393,Porto Walter (AC),AC,demais municipios,C,4488
2,1200427,Rodrigues Alves (AC),AC,demais municipios,C,7743
2,1200435,Santa Rosa do Purus (AC),AC,demais municipios,C,2419
2,1200708,Xapuri (AC),AC,demais municipios,C,11703
2,1300029,Alvarães (AM),AM,demais municipios,C,6125
2,1300060,Amaturá (AM),AM,demais municipios,C,3853
2,1300086,Anamã (AM),AM,demais municipios,C,4353
2,1300102,Anori (AM),AM,demais municipios,C,7005
2,1300144,Apuí (AM),AM,demais municipios,C,10519
2,1300201,Atalaia do Norte (AM),AM,demais municipios,C,6205
2,1300300,Autazes (AM),AM,demais municipios,A,22196
2,1300409,Barcelos (AM),AM,demais municipios,C,7547
2,1300508,Barreirinha (AM),AM,demais municipios,B,13174
2,1300607,Benjamin Constant (AM),AM,demais municipios,B,13211
2,1300631,Beruri (AM),AM,demais municipios,C,7879
2,1300680,Boa Vista do Ramos (AM),AM,demais municipios,C,7091
2,1300706,Boca do Acre (AM),AM,demais municipios,B,17793
2,1300805,Borba (AM),AM,demais municipios,B,14411
2,1300839,Caapiranga (AM),AM,demais municipios,C,4464
2,1300904,Canutama (AM),AM,demais municipios,C,8663
2,1301001,Carauari (AM),AM,demais municipios,B,12359
2,1301100,Careiro (AM),AM,demais municipios,B,19143
2,1301159,Careiro da Várzea (AM),AM,demais municipios,C,11692
2,1301308,Codajás (AM),AM,demais municipios,C,9037
2,1301506,Envira (AM),AM,demais municipios,C,6817
2,1301605,Fonte Boa (AM),AM,demais municipios,C,8511
2,1301654,Guajará (AM),AM,demais municipios,C,6386
2,1301704,Humaitá (AM),AM,demais municipios,A,22008
2,1301803,Ipixuna (AM),AM,demais municipios,C,7481
2,1301852,Iranduba (AM),AM,demais municipios,A,36827
2,1301951,Itamarati (AM),AM,demais municipios,C,3885
2,1302009,Itapiranga (AM),AM,demais municipios,C,4823
2,1302108,Japurá (AM),AM,demais municipios,C,3163
2,1302207,Juruá (AM),AM,demais municipios,C,4737
2,1302306,Jutaí (AM),AM,demais municipios,C,7649
2,1302553,Manaquiri (AM),AM,demais municipios,C,10016
2,1302801,Maraã (AM),AM,demais municipios,C,5562
2,1302900,Maués (AM),AM,demais municipios,A,23752
2,1303007,Nhamundá (AM),AM,demais municipios,C,7268
2,1303106,Nova Olinda do Norte (AM),AM,demais municipios,B,12403
2,1303205,Novo Airão (AM),AM,demais municipios,C,6944
2,1303304,Novo Aripuanã (AM),AM,demais municipios,C,7984
2,1303502,Pauini (AM),AM,demais municipios,C,6432
2,1303536,Presidente Figueiredo (AM),AM,demais municipios,A,20770
2,1303601,Santa Isabel do Rio Negro (AM),AM,demais municipios,C,4388
2,1303700,Santo Antônio do Içá (AM),AM,demais municipios,C,8622
2,1304005,Silves (AM),AM,demais municipios,C,5631
2,1303908,São Paulo de Olivença (AM),AM,demais municipios,C,9608
2,1303957,São Sebastião do Uatumã (AM),AM,demais municipios,C,4684
2,1304104,Tapauá (AM),AM,demais municipios,C,8251
2,1304237,Tonantins (AM),AM,demais municipios,C,5231
2,1304260,Uarini (AM),AM,demais municipios,C,5647
2,1304302,Urucará (AM),AM,demais municipios,C,8004
2,1304401,Urucurituba (AM),AM,demais municipios,C,7423
2,2901403,Angical (BA),BA,demais municipios,C,8334
2,2902500,Baianópolis (BA),BA,demais municipios,C,9512
2,2904753,Buritirama (BA),BA,demais municipios,C,11372
2,2905909,Campo Alegre de Lourdes (BA),BA,demais municipios,A,23582
2,2906105,Canápolis (BA),BA,demais municipios,C,7400
2,2907103,Carinhanha (BA),BA,demais municipios,A,20038
2,2907400,Catolândia (BA),BA,demais municipios,C,2425
2,2908101,Cocos (BA),BA,demais municipios,B,12913
2,2909109,Coribe (BA),BA,demais municipios,C,10692
2,2909307,Correntina (BA),BA,demais municipios,A,22302
2,2909406,Cotegipe (BA),BA,demais municipios,C,10226
2,2909703,Cristópolis (BA),BA,demais municipios,C,9317
2,2910776,Feira da Mata (BA),BA,demais municipios,C,4724
2,2911105,Formosa do Rio Preto (BA),BA,demais municipios,B,15077
2,2917359,Jaborandi (BA),BA,demais municipios,C,7446
2,2919553,Luís Eduardo Magalhães (BA),BA,demais municipios,A,56397
2,2920452,Mansidão (BA),BA,demais municipios,C,7522
2,2926202,Riachão das Neves (BA),BA,demais municipios,B,14324
2,2928406,Santa Rita de Cássia (BA),BA,demais municipios,B,19366
2,2928208,Santana (BA),BA,demais municipios,B,15996
2,2930303,Serra Dourada (BA),BA,demais municipios,B,11996
2,2928901,São Desidério (BA),BA,demais municipios,A,21521
2,2929057,São Félix do Coribe (BA),BA,demais municipios,C,9354
2,2930907,Tabocas do Brejo Velho (BA),BA,demais municipios,C,8309
2,2933455,Wanderley (BA),BA,demais municipios,C,8933
2,5200100,Abadiânia (GO),GO,demais municipios,B,12570
2,5200134,Acreúna (GO),GO,demais municipios,B,11711
2,5200159,Adelândia (GO),GO,demais municipios,C,1606
2,5200308,Alexânia (GO),GO,demais municipios,A,20046
2,5200506,Aloândia (GO),GO,demais municipios,C,1512
2,5200555,Alto Horizonte (GO),GO,demais municipios,C,3541
2,5200605,Alto Paraíso de Goiás (GO),GO,demais municipios,C,7309
2,5200803,Alvorada do Norte (GO),GO,demais municipios,C,4976
2,5200829,Amaralina (GO),GO,demais municipios,C,2659
2,5200852,Americano do Brasil (GO),GO,demais municipios,C,3620
2,5200902,Amorinópolis (GO),GO,demais municipios,C,2532
2,5201207,Anhanguera (GO),GO,demais municipios,C,656
2,5201306,Anicuns (GO),GO,demais municipios,B,12225
2,5201454,Aparecida do Rio Doce (GO),GO,demais municipios,C,1913
2,5201504,Aporé (GO),GO,demais municipios,C,3093
2,5201702,Aragarças (GO),GO,demais municipios,C,9668
2,5201801,Aragoiânia (GO),GO,demais municipios,C,7727
2,5202155,Araguapaz (GO),GO,demais municipios,C,5262
2,5201603,Araçu (GO),GO,demais municipios,C,2820
2,5202353,Arenópolis (GO),GO,demais municipios,C,2847
2,5202502,Aruanã (GO),GO,demais municipios,C,6812
2,5202601,Aurilândia (GO),GO,demais municipios,C,2750
2,5202809,Avelinópolis (GO),GO,demais municipios,C,1955
2,5203104,Baliza (GO),GO,demais municipios,C,3094
2,5203203,Barro Alto (GO),GO,demais municipios,C,5805
2,5203302,Bela Vista de Goiás (GO),GO,demais municipios,A,20897
2,5203401,Bom Jardim de Goiás (GO),GO,demais municipios,C,5963
2,5203500,Bom Jesus de Goiás (GO),GO,demais municipios,B,12594
2,5203559,Bonfinópolis (GO),GO,demais municipios,C,5865
2,5203575,Bonópolis (GO),GO,demais municipios,C,2378
2,5203609,Brazabrantes (GO),GO,demais municipios,C,2723
2,5203807,Britânia (GO),GO,demais municipios,C,4178
2,5203906,Buriti Alegre (GO),GO,demais municipios,C,7530
2,5203939,Buriti de Goiás (GO),GO,demais municipios,C,2068
2,5203962,Buritinópolis (GO),GO,demais municipios,C,2123
2,5204003,Cabeceiras (GO),GO,demais municipios,C,4816
2,5204102,Cachoeira Alta (GO),GO,demais municipios,C,7515
2,5204250,Cachoeira Dourada (GO),GO,demais municipios,C,4802
2,5204201,Cachoeira de Goiás (GO),GO,demais municipios,C,1240
2,5204409,Caiapônia (GO),GO,demais municipios,B,11970
2,5204557,Caldazinha (GO),GO,demais municipios,C,3503
2,5204607,Campestre de Goiás (GO),GO,demais municipios,C,2457
2,5204656,Campinaçu (GO),GO,demais municipios,C,3114
2,5204706,Campinorte (GO),GO,demais municipios,C,7068
2,5204805,Campo Alegre de Goiás (GO),GO,demais municipios,C,4736
2,5204854,Campo Limpo de Goiás (GO),GO,demais municipios,C,4249
2,5204953,Campos Verdes (GO),GO,demais municipios,C,2863
2,5205000,Carmo do Rio Verde (GO),GO,demais municipios,C,6155
2,5205059,Castelândia (GO),GO,demais municipios,C,2217
2,5205208,Caturaí (GO),GO,demais municipios,C,3809
2,5205307,Cavalcante (GO),GO,demais municipios,C,7660
2,5204300,Caçu (GO),GO,demais municipios,C,9165
2,5205455,Cezarina (GO),GO,demais municipios,C,5743
2,5205471,Chapadão do Céu (GO),GO,demais municipios,C,6327
2,5205513,Cocalzinho de Goiás (GO),GO,demais municipios,B,13102
2,5205521,Colinas do Sul (GO),GO,demais municipios,C,3088
2,5205901,Corumbaíba (GO),GO,demais municipios,C,6715
2,5205802,Corumbá de Goiás (GO),GO,demais municipios,C,6797
2,5206206,Cristalina (GO),GO,demais municipios,A,31941
2,5206305,Cristianópolis (GO),GO,demais municipios,C,2281
2,5206404,Crixás (GO),GO,demais municipios,C,10937
2,5206503,Cromínia (GO),GO,demais municipios,C,2760
2,5206602,Cumari (GO),GO,demais municipios,C,2608
2,5205703,Córrego do Ouro (GO),GO,demais municipios,C,2215
2,5206701,Damianópolis (GO),GO,demais municipios,C,2801
2,5206800,Damolândia (GO),GO,demais municipios,C,2082
2,5206909,Davinópolis (GO),GO,demais municipios,C,1859
2,5207105,Diorama (GO),GO,demais municipios,C,1766
2,5208301,Divinópolis de Goiás (GO),GO,demais municipios,C,2815
2,5207253,Doverlândia (GO),GO,demais municipios,C,5863
2,5207352,Edealina (GO),GO,demais municipios,C,3033
2,5207402,Edéia (GO),GO,demais municipios,C,7302
2,5207501,Estrela do Norte (GO),GO,demais municipios,C,2102
2,5207535,Faina (GO),GO,demais municipios,C,5712
2,5207600,Fazenda Nova (GO),GO,demais municipios,C,5403
2,5207808,Firminópolis (GO),GO,demais municipios,C,6681
2,5208004,Formosa (GO),GO,demais municipios,A,63499
2,5208103,Formoso (GO),GO,demais municipios,C,3553
2,5208152,Gameleira de Goiás (GO),GO,demais municipios,C,3119
2,5208509,Goiandira (GO),GO,demais municipios,C,3522
2,5208806,Goianira (GO),GO,demais municipios,A,35375
2,5208400,Goianápolis (GO),GO,demais municipios,C,6907
2,5208608,Goianésia (GO),GO,demais municipios,A,37710
2,5209101,Goiatuba (GO),GO,demais municipios,A,21388
2,5209150,Gouvelândia (GO),GO,demais municipios,C,2888
2,5209200,Guapó (GO),GO,demais municipios,C,11078
2,5209408,Guarani de Goiás (GO),GO,demais municipios,C,3227
2,5209291,Guaraíta (GO),GO,demais municipios,C,1978
2,5209457,Guarinos (GO),GO,demais municipios,C,1994
2,5209606,Heitoraí (GO),GO,demais municipios,C,3356
2,5209804,Hidrolina (GO),GO,demais municipios,C,2569
2,5209705,Hidrolândia (GO),GO,demais municipios,B,14930
2,5209903,Iaciara (GO),GO,demais municipios,C,6342
2,5209937,Inaciolândia (GO),GO,demais municipios,C,3563
2,5209952,Indiara (GO),GO,demais municipios,C,9275
2,5210109,Ipameri (GO),GO,demais municipios,B,16914
2,5210158,Ipiranga de Goiás (GO),GO,demais municipios,C,2297
2,5210307,Israelândia (GO),GO,demais municipios,C,1959
2,5210406,Itaberaí (GO),GO,demais municipios,A,25405
2,5210562,Itaguari (GO),GO,demais municipios,C,3221
2,5210604,Itaguaru (GO),GO,demais municipios,C,3537
2,5210802,Itajá (GO),GO,demais municipios,C,3022
2,5210901,Itapaci (GO),GO,demais municipios,B,11728
2,5211008,Itapirapuã (GO),GO,demais municipios,C,6064
2,5211206,Itapuranga (GO),GO,demais municipios,B,17731
2,5211305,Itarumã (GO),GO,demais municipios,C,4810
2,5211404,Itauçu (GO),GO,demais municipios,C,4739
2,5211602,Ivolândia (GO),GO,demais municipios,C,2624
2,5211701,Jandaia (GO),GO,demais municipios,C,4681
2,5211800,Jaraguá (GO),GO,demais municipios,A,27258
2,5211909,Jataí (GO),GO,demais municipios,A,56664
2,5212006,Jaupaci (GO),GO,demais municipios,C,2182
2,5212055,Jesúpolis (GO),GO,demais municipios,C,1476
2,5212105,Joviânia (GO),GO,demais municipios,C,4291
2,5212204,Jussara (GO),GO,demais municipios,B,13090
2,5212253,Lagoa Santa (GO),GO,demais municipios,C,1238
2,5212303,Leopoldo de Bulhões (GO),GO,demais municipios,C,7147
2,5212600,Mairipotaba (GO),GO,demais municipios,C,2272
2,5212709,Mambaí (GO),GO,demais municipios,C,4765
2,5212808,Mara Rosa (GO),GO,demais municipios,C,6990
2,5212907,Marzagão (GO),GO,demais municipios,C,1772
2,5212956,Matrinchã (GO),GO,demais municipios,C,3363
2,5213004,Maurilândia (GO),GO,demais municipios,C,5410
2,5213053,Mimoso de Goiás (GO),GO,demais municipios,C,2141
2,5213087,Minaçu (GO),GO,demais municipios,B,16818
2,5213400,Moiporá (GO),GO,demais municipios,C,1517
2,5213509,Monte Alegre de Goiás (GO),GO,demais municipios,C,5215
2,5213707,Montes Claros de Goiás (GO),GO,demais municipios,C,7258
2,5213756,Montividiu (GO),GO,demais municipios,C,6902
2,5213772,Montividiu do Norte (GO),GO,demais municipios,C,2776
2,5213806,Morrinhos (GO),GO,demais municipios,A,31384
2,5213855,Morro Agudo de Goiás (GO),GO,demais municipios,C,2177
2,5213905,Mossâmedes (GO),GO,demais municipios,C,3637
2,5214002,Mozarlândia (GO),GO,demais municipios,C,8442
2,5214051,Mundo Novo (GO),GO,demais municipios,C,4219
2,5214101,Mutunópolis (GO),GO,demais municipios,C,2868
2,5214408,Nazário (GO),GO,demais municipios,C,4865
2,5214507,Nerópolis (GO),GO,demais municipios,B,15728
2,5214606,Niquelândia (GO),GO,demais municipios,A,26813
2,5214705,Nova América (GO),GO,demais municipios,C,1515
2,5214804,Nova Aurora (GO),GO,demais municipios,C,1490
2,5214838,Nova Crixás (GO),GO,demais municipios,C,10410
2,5214861,Nova Glória (GO),GO,demais municipios,C,5844
2,5214879,Nova Iguaçu de Goiás (GO),GO,demais municipios,C,2109
2,5214903,Nova Roma (GO),GO,demais municipios,C,2587
2,5215009,Nova Veneza (GO),GO,demais municipios,C,5998
2,5215207,Novo Brasil (GO),GO,demais municipios,C,2869
2,5215256,Novo Planalto (GO),GO,demais municipios,C,2552
2,5215306,Orizona (GO),GO,demais municipios,B,12608
2,5215405,Ouro Verde de Goiás (GO),GO,demais municipios,C,3031
2,5215504,Ouvidor (GO),GO,demais municipios,C,4815
2,5215652,Palestina de Goiás (GO),GO,demais municipios,C,2543
2,5215801,Palmelo (GO),GO,demais municipios,C,1525
2,5215900,Palminópolis (GO),GO,demais municipios,C,2708
2,5216007,Panamá (GO),GO,demais municipios,C,1938
2,5216304,Paranaiguara (GO),GO,demais municipios,C,5039
2,5216403,Paraúna (GO),GO,demais municipios,C,7003
2,5216452,Perolândia (GO),GO,demais municipios,C,1801
2,5216809,Petrolina de Goiás (GO),GO,demais municipios,C,6847
2,5216908,Pilar de Goiás (GO),GO,demais municipios,C,1935
2,5217203,Piranhas (GO),GO,demais municipios,C,7594
2,5217302,Pirenópolis (GO),GO,demais municipios,B,19495
2,5217609,Planaltina (GO),GO,demais municipios,A,54377
2,5217708,Pontalina (GO),GO,demais municipios,B,11996
2,5218052,Porteirão (GO),GO,demais municipios,C,2240
2,5218102,Portelândia (GO),GO,demais municipios,C,2398
2,5218300,Posse (GO),GO,demais municipios,A,20217
2,5218391,Professor Jamil (GO),GO,demais municipios,C,3292
2,5218607,Rialma (GO),GO,demais municipios,C,6588
2,5218706,Rianápolis (GO),GO,demais municipios,C,2471
2,5218789,Rio Quente (GO),GO,demais municipios,C,4821
2,5218904,Rubiataba (GO),GO,demais municipios,B,11727
2,5219001,Sanclerlândia (GO),GO,demais municipios,C,5277
2,5219100,Santa Bárbara de Goiás (GO),GO,demais municipios,C,3527
2,5219209,Santa Cruz de Goiás (GO),GO,demais municipios,C,3347
2,5219258,Santa Fé de Goiás (GO),GO,demais municipios,C,3211
2,5219308,Santa Helena de Goiás (GO),GO,demais municipios,A,20491
2,5219357,Santa Isabel (GO),GO,demais municipios,C,2999
2,5219407,Santa Rita do Araguaia (GO),GO,demais municipios,C,4336
2,5219456,Santa Rita do Novo Destino (GO),GO,demais municipios,C,2495
2,5219506,Santa Rosa de Goiás (GO),GO,demais municipios,C,2106
2,5219605,Santa Tereza de Goiás (GO),GO,demais municipios,C,2453
2,5219704,Santa Terezinha de Goiás (GO),GO,demais municipios,C,6767
2,5219712,Santo Antônio da Barra (GO),GO,demais municipios,C,2595
2,5219738,Santo Antônio de Goiás (GO),GO,demais municipios,C,4373
2,5219753,Santo Antônio do Descoberto (GO),GO,demais municipios,A,35171
2,5220504,Serranópolis (GO),GO,demais municipios,C,5889
2,5220603,Silvânia (GO),GO,demais municipios,B,16347
2,5220686,Simolândia (GO),GO,demais municipios,C,3633
2,5219803,São Domingos (GO),GO,demais municipios,C,6792
2,5219902,São Francisco de Goiás (GO),GO,demais municipios,C,4496
2,5220009,São João d'Aliança (GO),GO,demais municipios,C,7393
2,5220058,São João da Paraúna (GO),GO,demais municipios,C,1286
2,5220157,São Luiz do Norte (GO),GO,demais municipios,C,3186
2,5220207,São Miguel do Araguaia (GO),GO,demais municipios,B,13892
2,5220264,São Miguel do Passa Quatro (GO),GO,demais municipios,C,3099
2,5220280,São Patrício (GO),GO,demais municipios,C,1659
2,5220405,São Simão (GO),GO,demais municipios,C,10128
2,5220702,Sítio d'Abadia (GO),GO,demais municipios,C,2508
2,5221007,Taquaral de Goiás (GO),GO,demais municipios,C,2844
2,5221080,Teresina de Goiás (GO),GO,demais municipios,C,1720
2,5221197,Terezópolis de Goiás (GO),GO,demais municipios,C,4467
2,5221452,Trombas (GO),GO,demais municipios,C,2522
2,5221304,Três Ranchos (GO),GO,demais municipios,C,3324
2,5221551,Turvelândia (GO),GO,demais municipios,C,3013
2,5221502,Turvânia (GO),GO,demais municipios,C,3103
2,5221577,Uirapuru (GO),GO,demais municipios,C,2187
2,5221700,Uruana (GO),GO,demais municipios,C,8804
2,5221809,Urutaí (GO),GO,demais municipios,C,3067
2,5221908,Varjão (GO),GO,demais municipios,C,3276
2,5222005,Vianópolis (GO),GO,demais municipios,C,8861
2,5222054,Vicentinópolis (GO),GO,demais municipios,C,4885
2,5222203,Vila Boa (GO),GO,demais municipios,C,2500
2,5222302,Vila Propício (GO),GO,demais municipios,C,4852
2,5200175,Água Fria de Goiás (GO),GO,demais municipios,C,4104
2,5200209,Água Limpa (GO),GO,demais municipios,C,1730
2,2100501,Alto Parnaíba (MA),MA,demais municipios,C,6027
2,2102804,Carolina (MA),MA,demais municipios,B,13225
2,2109502,Riachão (MA),MA,demais municipios,B,13824
2,2112001,Tasso Fragoso (MA),MA,demais municipios,C,4516
2,3100104,Abadia dos Dourados (MG),MG,demais municipios,C,5412
2,3103504,Araguari (MG),MG,demais municipios,A,67993
2,3103751,Araporã (MG),MG,demais municipios,C,4245
2,3104502,Arinos (MG),MG,demais municipios,B,11903
2,3108206,Bonfinópolis de Minas (MG),MG,demais municipios,C,4352
2,3108255,Bonito de Minas (MG),MG,demais municipios,C,7143
2,3108552,Brasilândia de Minas (MG),MG,demais municipios,C,8709
2,3108602,Brasília de Minas (MG),MG,demais municipios,A,20667
2,3109303,Buritis (MG),MG,demais municipios,B,16248
2,3109402,Buritizeiro (MG),MG,demais municipios,B,14245
2,3109451,Cabeceira Grande (MG),MG,demais municipios,C,5129
2,3109808,Cachoeira Dourada (MG),MG,demais municipios,C,1614
2,3111101,Campina Verde (MG),MG,demais municipios,B,14639
2,3111150,Campo Azul (MG),MG,demais municipios,C,2634
2,3111408,Campo Florido (MG),MG,demais municipios,C,4849
2,3111804,Canápolis (MG),MG,demais municipios,C,6159
2,3112604,Capinópolis (MG),MG,demais municipios,C,8213
2,3114550,Carneirinho (MG),MG,demais municipios,C,6833
2,3115003,Cascalho Rico (MG),MG,demais municipios,C,2362
2,3115805,Centralina (MG),MG,demais municipios,C,5437
2,3116159,Chapada Gaúcha (MG),MG,demais municipios,C,7069
2,3116506,Claro dos Poções (MG),MG,demais municipios,C,6753
2,3116902,Comendador Gomes (MG),MG,demais municipios,C,2354
2,3118809,Coração de Jesus (MG),MG,demais municipios,B,19908
2,3119302,Coromandel (MG),MG,demais municipios,A,20087
2,3117836,Cônego Marinho (MG),MG,demais municipios,C,5335
2,3122470,Dom Bosco (MG),MG,demais municipios,C,2708
2,3123502,Douradoquara (MG),MG,demais municipios,C,1570
2,3124807,Estrela do Sul (MG),MG,demais municipios,C,5228
2,3126208,Formoso (MG),MG,demais municipios,C,5701
2,3127008,Fronteira (MG),MG,demais municipios,C,9325
2,3127909,Grupiara (MG),MG,demais municipios,C,1033
2,3128600,Guarda-Mor (MG),MG,demais municipios,C,5150
2,3128907,Guimarânia (MG),MG,demais municipios,C,4636
2,3129103,Gurinhatã (MG),MG,demais municipios,C,5652
2,3129608,Ibiaí (MG),MG,demais municipios,C,4370
2,3129657,Ibiracatu (MG),MG,demais municipios,C,3648
2,3130051,Icaraí de Minas (MG),MG,demais municipios,C,6527
2,3130705,Indianópolis (MG),MG,demais municipios,C,4617
2,3131406,Ipiaçu (MG),MG,demais municipios,C,2538
2,3131604,Iraí de Minas (MG),MG,demais municipios,C,4848
2,3132107,Itacarambi (MG),MG,demais municipios,C,9095
2,3133402,Itapagipe (MG),MG,demais municipios,C,9133
2,3135357,Japonvar (MG),MG,demais municipios,C,6396
2,3135605,Jequitaí (MG),MG,demais municipios,C,5077
2,3136306,João Pinheiro (MG),MG,demais municipios,A,28265
2,3136959,Juvenília (MG),MG,demais municipios,C,4433
2,3137106,Lagamar (MG),MG,demais municipios,C,5663
2,3137536,Lagoa Grande (MG),MG,demais municipios,C,5561
2,3137304,Lagoa dos Patos (MG),MG,demais municipios,C,2685
2,3138104,Lassance (MG),MG,demais municipios,C,4752
2,3138625,Limeira do Oeste (MG),MG,demais municipios,C,5426
2,3138658,Lontra (MG),MG,demais municipios,C,6175
2,3138682,Luislândia (MG),MG,demais municipios,C,4110
2,3139300,Manga (MG),MG,demais municipios,C,10838
2,3142007,Mirabela (MG),MG,demais municipios,C,8971
2,3142254,Miravânia (MG),MG,demais municipios,C,2885
2,3142700,Montalvânia (MG),MG,demais municipios,C,9236
2,3142809,Monte Alegre de Minas (MG),MG,demais municipios,B,14628
2,3144375,Natalândia (MG),MG,demais municipios,C,2256
2,3147006,Paracatu (MG),MG,demais municipios,A,49005
2,3147956,Patis (MG),MG,demais municipios,C,3765
2,3149150,Pedras de Maria da Cruz (MG),MG,demais municipios,C,7886
2,3149200,Pedrinópolis (MG),MG,demais municipios,C,2452
2,3150570,Pintópolis (MG),MG,demais municipios,C,4577
2,3152131,Ponto Chique (MG),MG,demais municipios,C,2662
2,3152808,Prata (MG),MG,demais municipios,B,19127
2,3153400,Presidente Olegário (MG),MG,demais municipios,B,14851
2,3154457,Riachinho (MG),MG,demais municipios,C,5138
2,3156403,Romaria (MG),MG,demais municipios,C,2401
2,3157609,Santa Fé de Minas (MG),MG,demais municipios,C,3015
2,3159803,Santa Vitória (MG),MG,demais municipios,B,14215
2,3161304,São Francisco de Sales (MG),MG,demais municipios,C,3933
2,3161700,São Gonçalo do Abaeté (MG),MG,demais municipios,C,5639
2,3162252,São João da Lagoa (MG),MG,demais municipios,C,4819
2,3162401,São João da Ponte (MG),MG,demais municipios,B,15992
2,3162450,São João das Missões (MG),MG,demais municipios,C,6340
2,3162658,São João do Pacuí (MG),MG,demais municipios,C,3191
2,3164209,São Romão (MG),MG,demais municipios,C,5118
2,3169604,Tupaciguara (MG),MG,demais municipios,B,15610
2,3170008,Ubaí (MG),MG,demais municipios,C,7513
2,3170438,União de Minas (MG),MG,demais municipios,C,2989
2,3170479,Uruana de Minas (MG),MG,demais municipios,C,2563
2,3170529,Urucuia (MG),MG,demais municipios,C,6956
2,3170750,Varjão de Minas (MG),MG,demais municipios,C,4077
2,3170909,Varzelândia (MG),MG,demais municipios,B,12554
2,3171006,Vazante (MG),MG,demais municipios,B,12742
2,3171105,Veríssimo (MG),MG,demais municipios,C,3072
2,3170800,Várzea da Palma (MG),MG,demais municipios,B,19968
2,5000252,Alcinópolis (MS),MS,demais municipios,C,3653
2,5000708,Anastácio (MS),MS,demais municipios,B,13548
2,5000807,Anaurilândia (MS),MS,demais municipios,C,5921
2,5000856,Angélica (MS),MS,demais municipios,C,6489
2,5000906,Antônio João (MS),MS,demais municipios,C,5113
2,5001003,Aparecida do Taboado (MS),MS,demais municipios,B,16582
2,5001243,Aral Moreira (MS),MS,demais municipios,C,5705
2,5001508,Bandeirantes (MS),MS,demais municipios,C,5915
2,5001904,Bataguassu (MS),MS,demais municipios,B,13488
2,5002001,Batayporã (MS),MS,demais municipios,C,6208
2,5002100,Bela Vista (MS),MS,demais municipios,B,11929
2,5002159,Bodoquena (MS),MS,demais municipios,C,5712
2,5002209,Bonito (MS),MS,demais municipios,B,14803
2,5002308,Brasilândia (MS),MS,demais municipios,C,9001
2,5002407,Caarapó (MS),MS,demais municipios,B,14830
2,5002605,Camapuã (MS),MS,demais municipios,C,9437
2,5002803,Caracol (MS),MS,demais municipios,C,3348
2,5002902,Cassilândia (MS),MS,demais municipios,B,13518
2,5002951,Chapadão do Sul (MS),MS,demais municipios,B,16098
2,5003108,Corguinho (MS),MS,demais municipios,C,4545
2,5003157,Coronel Sapucaia (MS),MS,demais municipios,C,6354
2,5003256,Costa Rica (MS),MS,demais municipios,B,14102
2,5003454,Deodápolis (MS),MS,demais municipios,C,8380
2,5003488,Dois Irmãos do Buriti (MS),MS,demais municipios,C,6799
2,5003504,Douradina (MS),MS,demais municipios,C,3069
2,5003751,Eldorado (MS),MS,demais municipios,C,6419
2,5003900,Figueirão (MS),MS,demais municipios,C,2618
2,5003801,Fátima do Sul (MS),MS,demais municipios,B,11897
2,5004007,Glória de Dourados (MS),MS,demais municipios,C,7058
2,5004106,Guia Lopes da Laguna (MS),MS,demais municipios,C,6468
2,5004304,Iguatemi (MS),MS,demais municipios,C,8434
2,5004403,Inocência (MS),MS,demais municipios,C,6034
2,5004502,Itaporã (MS),MS,demais municipios,C,11696
2,5004601,Itaquiraí (MS),MS,demais municipios,B,12783
2,5004700,Ivinhema (MS),MS,demais municipios,B,15862
2,5004809,Japorã (MS),MS,demais municipios,C,4550
2,5004908,Jaraguari (MS),MS,demais municipios,C,6509
2,5005103,Jateí (MS),MS,demais municipios,C,2738
2,5005152,Juti (MS),MS,demais municipios,C,3963
2,5005202,Ladário (MS),MS,demais municipios,C,8333
2,5005251,Laguna Carapã (MS),MS,demais municipios,C,3643
2,5005400,Maracaju (MS),MS,demais municipios,A,21603
2,5005608,Miranda (MS),MS,demais municipios,B,12326
2,5005681,Mundo Novo (MS),MS,demais municipios,C,10812
2,5005806,Nioaque (MS),MS,demais municipios,C,9267
2,5006002,Nova Alvorada do Sul (MS),MS,demais municipios,B,13024
2,5006259,Novo Horizonte do Sul (MS),MS,demais municipios,C,3293
2,5006358,Paranhos (MS),MS,demais municipios,C,5351
2,5006275,Paraíso das Águas (MS),MS,demais municipios,C,4077
2,5006408,Pedro Gomes (MS),MS,demais municipios,C,5187
2,5006903,Porto Murtinho (MS),MS,demais municipios,C,7115
2,5007109,Ribas do Rio Pardo (MS),MS,demais municipios,B,14431
2,5007208,Rio Brilhante (MS),MS,demais municipios,B,19248
2,5007307,Rio Negro (MS),MS,demais municipios,C,3758
2,5007406,Rio Verde de Mato Grosso (MS),MS,demais municipios,B,12672
2,5007505,Rochedo (MS),MS,demais municipios,C,3846
2,5007554,Santa Rita do Pardo (MS),MS,demais municipios,C,6203
2,5007802,Selvíria (MS),MS,demais municipios,C,4909
2,5007703,Sete Quedas (MS),MS,demais municipios,C,5039
2,5007901,Sidrolândia (MS),MS,demais municipios,A,29305
2,5007935,Sonora (MS),MS,demais municipios,C,8285
2,5007695,São Gabriel do Oeste (MS),MS,demais municipios,B,15536
2,5007950,Tacuru (MS),MS,demais municipios,C,5047
2,5007976,Taquarussu (MS),MS,demais municipios,C,2666
2,5008404,Vicentina (MS),MS,demais municipios,C,4083
2,5000203,Água Clara (MS),MS,demais municipios,C,9321
2,5100102,Acorizal (MT),MT,demais municipios,C,3756
2,5100300,Alto Araguaia (MT),MT,demais municipios,C,9864
2,5100359,Alto Boa Vista (MT),MT,demais municipios,C,2902
2,5100409,Alto Garças (MT),MT,demais municipios,C,6534
2,5100508,Alto Paraguai (MT),MT,demais municipios,C,4965
2,5100607,Alto Taquari (MT),MT,demais municipios,C,5158
2,5100805,Apiacás (MT),MT,demais municipios,C,5046
2,5101001,Araguaiana (MT),MT,demais municipios,C,3388
2,5101209,Araguainha (MT),MT,demais municipios,C,798
2,5101258,Araputanga (MT),MT,demais municipios,C,8530
2,5101308,Arenápolis (MT),MT,demais municipios,C,5893
2,5101407,Aripuanã (MT),MT,demais municipios,B,14882
2,5101704,Barra do Bugres (MT),MT,demais municipios,B,15968
2,5101605,Barão de Melgaço (MT),MT,demais municipios,C,6639
2,5101852,Bom Jesus do Araguaia (MT),MT,demais municipios,C,5458
2,5101902,Brasnorte (MT),MT,demais municipios,C,9944
2,5102603,Campinápolis (MT),MT,demais municipios,C,6090
2,5102694,Canabrava do Norte (MT),MT,demais municipios,C,3075
2,5102702,Canarana (MT),MT,demais municipios,B,13148
2,5102793,Carlinda (MT),MT,demais municipios,C,7625
2,5102850,Castanheira (MT),MT,demais municipios,C,5819
2,5103007,Chapada dos Guimarães (MT),MT,demais municipios,B,16552
2,5103056,Cláudia (MT),MT,demais municipios,C,6120
2,5103106,Cocalinho (MT),MT,demais municipios,C,5273
2,5103254,Colniza (MT),MT,demais municipios,B,17569
2,5103205,Colíder (MT),MT,demais municipios,B,18455
2,5103304,Comodoro (MT),MT,demais municipios,B,11921
2,5103361,Conquista D'Oeste (MT),MT,demais municipios,C,2363
2,5103379,Cotriguaçu (MT),MT,demais municipios,C,8649
2,5103437,Curvelândia (MT),MT,demais municipios,C,3342
2,5103452,Denise (MT),MT,demais municipios,C,3897
2,5103601,Dom Aquino (MT),MT,demais municipios,C,5513
2,5103700,Feliz Natal (MT),MT,demais municipios,C,5430
2,5103809,Figueirópolis D'Oeste (MT),MT,demais municipios,C,2638
2,5103858,Gaúcha do Norte (MT),MT,demais municipios,C,4804
2,5103908,General Carneiro (MT),MT,demais municipios,C,3833
2,5103957,Glória D'Oeste (MT),MT,demais municipios,C,2603
2,5104104,Guarantã do Norte (MT),MT,demais municipios,B,17781
2,5104203,Guiratinga (MT),MT,demais municipios,C,7737
2,5104500,Indiavaí (MT),MT,demais municipios,C,1423
2,5104526,Ipiranga do Norte (MT),MT,demais municipios,C,3931
2,5104542,Itanhangá (MT),MT,demais municipios,C,4517
2,5104559,Itaúba (MT),MT,demais municipios,C,2973
2,5104609,Itiquira (MT),MT,demais municipios,C,8176
2,5104906,Jangada (MT),MT,demais municipios,C,3895
2,5105002,Jauru (MT),MT,demais municipios,C,6071
2,5105176,Juruena (MT),MT,demais municipios,C,6279
2,5105200,Juscimeira (MT),MT,demais municipios,C,8749
2,5105234,Lambari D'Oeste (MT),MT,demais municipios,C,3097
2,5105309,Luciara (MT),MT,demais municipios,C,1584
2,5105580,Marcelândia (MT),MT,demais municipios,C,7586
2,5105606,Matupá (MT),MT,demais municipios,C,10419
2,5105903,Nobres (MT),MT,demais municipios,C,8875
2,5106000,Nortelândia (MT),MT,demais municipios,C,3754
2,5106109,Nossa Senhora do Livramento (MT),MT,demais municipios,C,10845
2,5106158,Nova Bandeirantes (MT),MT,demais municipios,C,10073
2,5106208,Nova Brasilândia (MT),MT,demais municipios,C,3129
2,5106216,Nova Canaã do Norte (MT),MT,demais municipios,C,8402
2,5108808,Nova Guarita (MT),MT,demais municipios,C,3019
2,5106182,Nova Lacerda (MT),MT,demais municipios,C,4600
2,5108857,Nova Marilândia (MT),MT,demais municipios,C,2317
2,5108907,Nova Maringá (MT),MT,demais municipios,C,3462
2,5108956,Nova Monte Verde (MT),MT,demais municipios,C,6177
2,5106174,Nova Nazaré (MT),MT,demais municipios,C,2112
2,5106232,Nova Olímpia (MT),MT,demais municipios,C,8078
2,5106190,Nova Santa Helena (MT),MT,demais municipios,C,2718
2,5106240,Nova Ubiratã (MT),MT,demais municipios,C,6849
2,5106257,Nova Xavantina (MT),MT,demais municipios,B,14705
2,5106273,Novo Horizonte do Norte (MT),MT,demais municipios,C,2829
2,5106265,Novo Mundo (MT),MT,demais municipios,C,5095
2,5106315,Novo Santo Antônio (MT),MT,demais municipios,C,1673
2,5106281,Novo São Joaquim (MT),MT,demais municipios,C,5422
2,5106307,Paranatinga (MT),MT,demais municipios,B,14604
2,5106299,Paranaíta (MT),MT,demais municipios,C,7983
2,5106372,Pedra Preta (MT),MT,demais municipios,B,12100
2,5106455,Planalto da Serra (MT),MT,demais municipios,C,2196
2,5106505,Poconé (MT),MT,demais municipios,B,17938
2,5106653,Pontal do Araguaia (MT),MT,demais municipios,C,4206
2,5106703,Ponte Branca (MT),MT,demais municipios,C,1465
2,5106778,Porto Alegre do Norte (MT),MT,demais municipios,C,6488
2,5106828,Porto Esperidião (MT),MT,demais municipios,C,7581
2,5106851,Porto Estrela (MT),MT,demais municipios,C,2484
2,5106802,Porto dos Gaúchos (MT),MT,demais municipios,C,3486
2,5107008,Poxoréu (MT),MT,demais municipios,B,14876
2,5107065,Querência (MT),MT,demais municipios,B,12533
2,5107156,Reserva do Cabaçal (MT),MT,demais municipios,C,1599
2,5107180,Ribeirão Cascalheira (MT),MT,demais municipios,C,6484
2,5107198,Ribeirãozinho (MT),MT,demais municipios,C,1660
2,5107206,Rio Branco (MT),MT,demais municipios,C,2943
2,5107578,Rondolândia (MT),MT,demais municipios,C,2393
2,5107701,Rosário Oeste (MT),MT,demais municipios,C,10260
2,5107750,Salto do Céu (MT),MT,demais municipios,C,3070
2,5107248,Santa Carmem (MT),MT,demais municipios,C,2876
2,5107743,Santa Cruz do Xingu (MT),MT,demais municipios,C,1678
2,5107768,Santa Rita do Trivelato (MT),MT,demais municipios,C,1709
2,5107776,Santa Terezinha (MT),MT,demais municipios,C,4939
2,5107263,Santo Afonso (MT),MT,demais municipios,C,2034
2,5107792,Santo Antônio do Leste (MT),MT,demais municipios,C,2150
2,5107883,Serra Nova Dourada (MT),MT,demais municipios,C,1570
2,5107859,São Félix do Araguaia (MT),MT,demais municipios,C,7840
2,5107297,São José do Povo (MT),MT,demais municipios,C,2561
2,5107305,São José do Rio Claro (MT),MT,demais municipios,C,8237
2,5107354,São José do Xingu (MT),MT,demais municipios,C,3659
2,5107107,São José dos Quatro Marcos (MT),MT,demais municipios,C,11518
2,5107404,São Pedro da Cipa (MT),MT,demais municipios,C,2490
2,5107941,Tabaporã (MT),MT,demais municipios,C,6176
2,5108055,Terra Nova do Norte (MT),MT,demais municipios,C,7265
2,5108105,Tesouro (MT),MT,demais municipios,C,2560
2,5108204,Torixoréu (MT),MT,demais municipios,C,3278
2,5108303,União do Sul (MT),MT,demais municipios,C,2427
2,5108352,Vale de São Domingos (MT),MT,demais municipios,C,2237
2,5108501,Vera (MT),MT,demais municipios,C,6488
2,5105507,Vila Bela da Santíssima Trindade (MT),MT,demais municipios,B,11714
2,5108600,Vila Rica (MT),MT,demais municipios,B,12077
2,1501006,Aveiro (PA),PA,demais municipios,C,8592
2,1501253,Bannach (PA),PA,demais municipios,C,2679
2,1501451,Belterra (PA),PA,demais municipios,C,9644
2,1502707,Conceição do Araguaia (PA),PA,demais municipios,A,27479
2,1502764,Cumaru do Norte (PA),PA,demais municipios,C,6963
2,1502772,Curionópolis (PA),PA,demais municipios,C,11228
2,1502855,Curuá (PA),PA,demais municipios,C,7010
2,1502954,Eldorado do Carajás (PA),PA,demais municipios,B,16495
2,1503002,Faro (PA),PA,demais municipios,C,3369
2,1503044,Floresta do Araguaia (PA),PA,demais municipios,B,12346
2,1503754,Jacareacanga (PA),PA,demais municipios,C,9834
2,1503903,Juruti (PA),PA,demais municipios,A,22120
2,1504752,Mojuí dos Campos (PA),PA,demais municipios,B,12674
2,1505031,Novo Progresso (PA),PA,demais municipios,B,18753
2,1505437,Ourilândia do Norte (PA),PA,demais municipios,B,17595
2,1505494,Palestina do Pará (PA),PA,demais municipios,C,3666
2,1505551,Pau D'Arco (PA),PA,demais municipios,C,4438
2,1505635,Piçarra (PA),PA,demais municipios,C,8443
2,1505650,Placas (PA),PA,demais municipios,B,12565
2,1506161,Rio Maria (PA),PA,demais municipios,C,11210
2,1506195,Rurópolis (PA),PA,demais municipios,B,17064
2,1506583,Santa Maria das Barreiras (PA),PA,demais municipios,B,11936
2,1506708,Santana do Araguaia (PA),PA,demais municipios,B,18547
2,1507755,Sapucaia (PA),PA,demais municipios,C,2803
2,1507151,São Domingos do Araguaia (PA),PA,demais municipios,C,11424
2,1507300,São Félix do Xingu (PA),PA,demais municipios,A,37821
2,1507458,São Geraldo do Araguaia (PA),PA,demais municipios,B,12743
2,1507508,São João do Araguaia (PA),PA,demais municipios,C,8007
2,1507979,Terra Santa (PA),PA,demais municipios,C,8867
2,1508050,Trairão (PA),PA,demais municipios,C,8160
2,1500347,Água Azul do Norte (PA),PA,demais municipios,C,9308
2,2200053,Acauã (PI),PI,demais municipios,C,5380
2,2200459,Alvorada do Gurguéia (PI),PI,demais municipios,C,2991
2,2200707,Anísio de Abreu (PI),PI,demais municipios,C,6249
2,2201101,Avelino Lopes (PI),PI,demais municipios,C,7516
2,2201150,Baixa Grande do Ribeiro (PI),PI,demais municipios,C,7526
2,2201309,Barreiras do Piauí (PI),PI,demais municipios,C,1973
2,2201556,Bela Vista do Piauí (PI),PI,demais municipios,C,2685
2,2201705,Bertolínia (PI),PI,demais municipios,C,2959
2,2201739,Betânia do Piauí (PI),PI,demais municipios,C,5149
2,2201929,Bonfim do Piauí (PI),PI,demais municipios,C,4265
2,2201988,Brejo do Piauí (PI),PI,demais municipios,C,3239
2,2202109,Campinas do Piauí (PI),PI,demais municipios,C,3552
2,2202117,Campo Alegre do Fidalgo (PI),PI,demais municipios,C,3861
2,2202455,Capitão Gervásio Oliveira (PI),PI,demais municipios,C,3151
2,2202505,Caracol (PI),PI,demais municipios,C,6200
2,2202752,Colônia do Gurguéia (PI),PI,demais municipios,C,3705
2,2202802,Conceição do Canindé (PI),PI,demais municipios,C,3621
2,2202851,Coronel José Dias (PI),PI,demais municipios,C,3542
2,2203008,Cristalândia do Piauí (PI),PI,demais municipios,C,4468
2,2203107,Cristino Castro (PI),PI,demais municipios,C,5793
2,2203206,Curimatá (PI),PI,demais municipios,C,8056
2,2203230,Currais (PI),PI,demais municipios,C,2725
2,2203354,Dirceu Arcoverde (PI),PI,demais municipios,C,5271
2,2203453,Dom Inocêncio (PI),PI,demais municipios,C,7544
2,2203602,Eliseu Martins (PI),PI,demais municipios,C,3217
2,2203750,Fartura do Piauí (PI),PI,demais municipios,C,3913
2,2203800,Flores do Piauí (PI),PI,demais municipios,C,3113
2,2204402,Gilbués (PI),PI,demais municipios,C,6440
2,2204550,Guaribas (PI),PI,demais municipios,C,2414
2,2205102,Itaueira (PI),PI,demais municipios,C,7026
2,2205151,Jacobina do Piauí (PI),PI,demais municipios,C,5557
2,2205359,João Costa (PI),PI,demais municipios,C,2404
2,2205532,Jurema (PI),PI,demais municipios,C,3252
2,2205524,Júlio Borges (PI),PI,demais municipios,C,4326
2,2205565,Lagoa do Barro do Piauí (PI),PI,demais municipios,C,3814
2,2205904,Manoel Emídio (PI),PI,demais municipios,C,3137
2,2206605,Monte Alegre do Piauí (PI),PI,demais municipios,C,6497
2,2206654,Morro Cabeça no Tempo (PI),PI,demais municipios,C,3043
2,2207959,Nova Santa Rita (PI),PI,demais municipios,C,2414
2,2207306,Paes Landim (PI),PI,demais municipios,C,2892
2,2207355,Pajeú do Piauí (PI),PI,demais municipios,C,2322
2,2207405,Palmeira do Piauí (PI),PI,demais municipios,C,3168
2,2207603,Parnaguá (PI),PI,demais municipios,C,5881
2,2207777,Patos do Piauí (PI),PI,demais municipios,C,5106
2,2207850,Pavussu (PI),PI,demais municipios,C,2803
2,2207934,Pedro Laurentino (PI),PI,demais municipios,C,1630
2,2208650,Queimada Nova (PI),PI,demais municipios,C,6451
2,2208700,Redenção do Gurguéia (PI),PI,demais municipios,C,4681
2,2208858,Riacho Frio (PI),PI,demais municipios,C,2665
2,2208874,Ribeira do Piauí (PI),PI,demais municipios,C,3113
2,2208908,Ribeiro Gonçalves (PI),PI,demais municipios,C,3692
2,2209005,Rio Grande do Piauí (PI),PI,demais municipios,C,4673
2,2209203,Santa Filomena (PI),PI,demais municipios,C,3381
2,2209302,Santa Luz (PI),PI,demais municipios,C,3434
2,2210623,Sebastião Barros (PI),PI,demais municipios,C,2231
2,2210904,Socorro do Piauí (PI),PI,demais municipios,C,2789
2,2209559,São Braz do Piauí (PI),PI,demais municipios,C,3131
2,2209658,São Francisco de Assis do Piauí (PI),PI,demais municipios,C,4133
2,2209757,São Gonçalo do Gurguéia (PI),PI,demais municipios,C,2213
2,2210359,São Lourenço do Piauí (PI),PI,demais municipios,C,3484
2,2210391,São Miguel do Fidalgo (PI),PI,demais municipios,C,1809
2,2210953,Tamboril do Piauí (PI),PI,demais municipios,C,2555
2,2211506,Vera Mendes (PI),PI,demais municipios,C,2539
2,2211357,Várzea Branca (PI),PI,demais municipios,C,3670
2,4128625,Alto Paraíso (PR),PR,demais municipios,C,2335
2,4100707,Alto Piquiri (PR),PR,demais municipios,C,5486
2,4100509,Altônia (PR),PR,demais municipios,B,11966
2,4100905,Amaporã (PR),PR,demais municipios,C,2790
2,4102000,Assis Chateaubriand (PR),PR,demais municipios,B,19780
2,4102752,Bela Vista da Caroba (PR),PR,demais municipios,C,2250
2,4103057,Boa Vista da Aparecida (PR),PR,demais municipios,C,6208
2,4103370,Brasilândia do Sul (PR),PR,demais municipios,C,2143
2,4103453,Cafelândia (PR),PR,demais municipios,C,9024
2,4103479,Cafezal do Sul (PR),PR,demais municipios,C,2938
2,4104501,Capanema (PR),PR,demais municipios,C,11404
2,4104600,Capitão Leônidas Marques (PR),PR,demais municipios,C,8789
2,4105607,Cidade Gaúcha (PR),PR,demais municipios,C,6144
2,4105300,Céu Azul (PR),PR,demais municipios,C,6216
2,4107157,Diamante D'Oeste (PR),PR,demais municipios,C,3149
2,4107108,Diamante do Norte (PR),PR,demais municipios,C,2889
2,4107256,Douradina (PR),PR,demais municipios,C,5147
2,4107538,Entre Rios do Oeste (PR),PR,demais municipios,C,2501
2,4107520,Esperança Nova (PR),PR,demais municipios,C,1532
2,4108205,Formosa do Oeste (PR),PR,demais municipios,C,4972
2,4108320,Francisco Alves (PR),PR,demais municipios,C,4556
2,4108908,Guairaçá (PR),PR,demais municipios,C,3634
2,4109104,Guaporema (PR),PR,demais municipios,C,1458
2,4108809,Guaíra (PR),PR,demais municipios,B,17407
2,4109906,Icaraíma (PR),PR,demais municipios,C,5793
2,4110607,Iporã (PR),PR,demais municipios,C,9467
2,4110656,Iracema do Oeste (PR),PR,demais municipios,C,1331
2,4110953,Itaipulândia (PR),PR,demais municipios,C,5917
2,4111308,Itaúna do Sul (PR),PR,demais municipios,C,2026
2,4111555,Ivaté (PR),PR,demais municipios,C,4316
2,4112751,Jesuítas (PR),PR,demais municipios,C,5624
2,4113452,Lindoeste (PR),PR,demais municipios,C,3487
2,4114708,Maria Helena (PR),PR,demais municipios,C,4094
2,4115002,Marilena (PR),PR,demais municipios,C,4992
2,4115101,Mariluz (PR),PR,demais municipios,C,5426
2,4115358,Maripá (PR),PR,demais municipios,C,4045
2,4115606,Matelândia (PR),PR,demais municipios,C,9303
2,4115853,Mercedes (PR),PR,demais municipios,C,3897
2,4115903,Mirador (PR),PR,demais municipios,C,1329
2,4116059,Missal (PR),PR,demais municipios,C,6879
2,4116703,Nova Aurora (PR),PR,demais municipios,C,7015
2,4117107,Nova Londrina (PR),PR,demais municipios,C,6691
2,4117206,Nova Olímpia (PR),PR,demais municipios,C,3432
2,4117255,Nova Prata do Iguaçu (PR),PR,demais municipios,C,6692
2,4117222,Nova Santa Rosa (PR),PR,demais municipios,C,5386
2,4117453,Ouro Verde do Oeste (PR),PR,demais municipios,C,4105
2,4117909,Palotina (PR),PR,demais municipios,B,19596
2,4118451,Pato Bragado (PR),PR,demais municipios,C,3321
2,4118857,Perobal (PR),PR,demais municipios,C,4408
2,4119707,Planaltina do Paraná (PR),PR,demais municipios,C,2383
2,4119806,Planalto (PR),PR,demais municipios,C,7582
2,4120200,Porto Rico (PR),PR,demais municipios,C,3862
2,4120358,Pranchita (PR),PR,demais municipios,C,3546
2,4118907,Pérola (PR),PR,demais municipios,C,7452
2,4119004,Pérola d'Oeste (PR),PR,demais municipios,C,4118
2,4121000,Querência do Norte (PR),PR,demais municipios,C,7233
2,4121257,Ramilândia (PR),PR,demais municipios,C,2662
2,4121406,Realeza (PR),PR,demais municipios,C,11099
2,4123303,Santa Cruz de Monte Castelo (PR),PR,demais municipios,C,5125
2,4123501,Santa Helena (PR),PR,demais municipios,B,14755
2,4123709,Santa Isabel do Ivaí (PR),PR,demais municipios,C,5292
2,4123808,Santa Izabel do Oeste (PR),PR,demais municipios,C,7459
2,4123824,Santa Lúcia (PR),PR,demais municipios,C,2376
2,4123956,Santa Mônica (PR),PR,demais municipios,C,2132
2,4124020,Santa Tereza do Oeste (PR),PR,demais municipios,C,6821
2,4124053,Santa Terezinha de Itaipu (PR),PR,demais municipios,C,11366
2,4126355,Serranópolis do Iguaçu (PR),PR,demais municipios,C,3034
2,4125357,São Jorge do Patrocínio (PR),PR,demais municipios,C,4264
2,4125456,São José das Palmeiras (PR),PR,demais municipios,C,2399
2,4125704,São Miguel do Iguaçu (PR),PR,demais municipios,B,15214
2,4125753,São Pedro do Iguaçu (PR),PR,demais municipios,C,3739
2,4125902,São Pedro do Paraná (PR),PR,demais municipios,C,2073
2,4126900,Tapira (PR),PR,demais municipios,C,3877
2,4127304,Terra Rica (PR),PR,demais municipios,C,8886
2,4127403,Terra Roxa (PR),PR,demais municipios,C,10505
2,4127957,Tupãssi (PR),PR,demais municipios,C,4494
2,4128559,Vera Cruz do Oeste (PR),PR,demais municipios,C,5530
2,4128807,Xambrê (PR),PR,demais municipios,C,3876
2,1100015,Alta Floresta D'Oeste (RO),RO,demais municipios,B,15190
2,1100379,Alto Alegre dos Parecis (RO),RO,demais municipios,C,7869
2,1100403,Alto Paraíso (RO),RO,demais municipios,B,12490
2,1100346,Alvorada D'Oeste (RO),RO,demais municipios,C,8572
2,1100452,Buritis (RO),RO,demais municipios,B,18122
2,1100031,Cabixi (RO),RO,demais municipios,C,4369
2,1100601,Cacaulândia (RO),RO,demais municipios,C,3480
2,1100700,Campo Novo de Rondônia (RO),RO,demais municipios,C,7495
2,1100908,Castanheiras (RO),RO,demais municipios,C,2724
2,1100056,Cerejeiras (RO),RO,demais municipios,C,9178
2,1100924,Chupinguaia (RO),RO,demais municipios,C,5996
2,1100064,Colorado do Oeste (RO),RO,demais municipios,C,11449
2,1100072,Corumbiara (RO),RO,demais municipios,C,6545
2,1100080,Costa Marques (RO),RO,demais municipios,C,8013
2,1100940,Cujubim (RO),RO,demais municipios,C,10674
2,1100098,Espigão D'Oeste (RO),RO,demais municipios,B,17412
2,1101005,Governador Jorge Teixeira (RO),RO,demais municipios,C,6758
2,1100106,Guajará-Mirim (RO),RO,demais municipios,B,19955
2,1101104,Itapuã do Oeste (RO),RO,demais municipios,C,5434
2,1100130,Machadinho D'Oeste (RO),RO,demais municipios,A,23282
2,1101203,Ministro Andreazza (RO),RO,demais municipios,C,5168
2,1101302,Mirante da Serra (RO),RO,demais municipios,C,7655
2,1101401,Monte Negro (RO),RO,demais municipios,C,8763
2,1100148,Nova Brasilândia D'Oeste (RO),RO,demais municipios,B,12620
2,1100338,Nova Mamoré (RO),RO,demais municipios,B,17960
2,1101435,Nova União (RO),RO,demais municipios,C,4958
2,1100502,Novo Horizonte do Oeste (RO),RO,demais municipios,C,6389
2,1100155,Ouro Preto do Oeste (RO),RO,demais municipios,A,21939
2,1101450,Parecis (RO),RO,demais municipios,C,3600
2,1100189,Pimenta Bueno (RO),RO,demais municipios,A,21088
2,1101468,Pimenteiras do Oeste (RO),RO,demais municipios,C,1693
2,1100254,Presidente Médici (RO),RO,demais municipios,B,13480
2,1101476,Primavera de Rondônia (RO),RO,demais municipios,C,2198
2,1100262,Rio Crespo (RO),RO,demais municipios,C,2522
2,1100288,Rolim de Moura (RO),RO,demais municipios,A,32308
2,1100296,Santa Luzia D'Oeste (RO),RO,demais municipios,C,5451
2,1101500,Seringueiras (RO),RO,demais municipios,C,7542
2,1101484,São Felipe D'Oeste (RO),RO,demais municipios,C,3600
2,1101492,São Francisco do Guaporé (RO),RO,demais municipios,C,10976
2,1100320,São Miguel do Guaporé (RO),RO,demais municipios,B,14695
2,1101559,Teixeirópolis (RO),RO,demais municipios,C,3107
2,1101609,Theobroma (RO),RO,demais municipios,C,7191
2,1101708,Urupá (RO),RO,demais municipios,C,7206
2,1101757,Vale do Anari (RO),RO,demais municipios,C,6049
2,1101807,Vale do Paraíso (RO),RO,demais municipios,C,5005
2,1400233,Caroebe (RR),RR,demais municipios,C,5370
2,1400282,Iracema (RR),RR,demais municipios,C,4557
2,1400506,São João da Baliza (RR),RR,demais municipios,C,3733
2,1400605,São Luiz (RR),RR,demais municipios,C,3590
2,4301875,Barra do Quaraí (RS),RS,demais municipios,C,2291
2,3502606,Aparecida d'Oeste (SP),SP,demais municipios,C,2872
2,3504206,Auriflama (SP),SP,demais municipios,C,8503
2,3506201,Bento de Abreu (SP),SP,demais municipios,C,1396
2,3509106,Caiuá (SP),SP,demais municipios,C,3377
2,3511003,Castilho (SP),SP,demais municipios,B,14622
2,3514205,Dolcinópolis (SP),SP,demais municipios,C,1439
2,3515350,Euclides da Cunha Paulista (SP),SP,demais municipios,C,5091
2,3516804,Gastão Vidigal (SP),SP,demais municipios,C,2332
2,3516903,General Salgado (SP),SP,demais municipios,C,6452
2,3518008,Guarani d'Oeste (SP),SP,demais municipios,C,1373
2,3517802,Guaraçaí (SP),SP,demais municipios,C,5345
2,3518909,Guzolândia (SP),SP,demais municipios,C,2677
2,3520707,Indiaporã (SP),SP,demais municipios,C,3300
2,3521606,Irapuru (SP),SP,demais municipios,C,3679
2,3523008,Itapura (SP),SP,demais municipios,C,2725
2,3526001,Junqueirópolis (SP),SP,demais municipios,C,10672
2,3526506,Lavínia (SP),SP,demais municipios,C,3565
2,3527256,Lourdes (SP),SP,demais municipios,C,1194
2,3528304,Magda (SP),SP,demais municipios,C,2010
2,3528700,Marabá Paulista (SP),SP,demais municipios,C,2656
2,3529658,Mesópolis (SP),SP,demais municipios,C,1211
2,3530003,Mira Estrela (SP),SP,demais municipios,C,3047
2,3530102,Mirandópolis (SP),SP,demais municipios,B,17220
2,3531605,Monte Castelo (SP),SP,demais municipios,C,2636
2,3533106,Nova Guataporanga (SP),SP,demais municipios,C,1348
2,3533205,Nova Independência (SP),SP,demais municipios,C,2409
2,3533304,Nova Luzitânia (SP),SP,demais municipios,C,1971
2,3534203,Orindiúva (SP),SP,demais municipios,C,3238
2,3534807,Ouro Verde (SP),SP,demais municipios,C,4532
2,3534757,Ouroeste (SP),SP,demais municipios,C,6040
2,3534906,Pacaembu (SP),SP,demais municipios,C,6409
2,3535002,Palestina (SP),SP,demais municipios,C,6989
2,3535408,Panorama (SP),SP,demais municipios,C,9395
2,3535903,Paranapuã (SP),SP,demais municipios,C,2266
2,3536406,Paulicéia (SP),SP,demais municipios,C,6500
2,3536604,Paulo de Faria (SP),SP,demais municipios,C,4352
2,3537404,Pereira Barreto (SP),SP,demais municipios,B,14460
2,3540259,Pontalinda (SP),SP,demais municipios,C,2448
2,3540408,Populina (SP),SP,demais municipios,C,2805
2,3541307,Presidente Epitácio (SP),SP,demais municipios,A,23632
2,3543238,Ribeirão dos Índios (SP),SP,demais municipios,C,1325
2,3544202,Riolândia (SP),SP,demais municipios,C,4622
2,3544251,Rosana (SP),SP,demais municipios,C,11262
2,3545704,Santa Albertina (SP),SP,demais municipios,C,4320
2,3546108,Santa Clara d'Oeste (SP),SP,demais municipios,C,2406
2,3547106,Santa Mercedes (SP),SP,demais municipios,C,1912
2,3548054,Santo Antônio do Aracanguá (SP),SP,demais municipios,C,6999
2,3552304,Sud Mennucci (SP),SP,demais municipios,C,4407
2,3552551,Suzanápolis (SP),SP,demais municipios,C,2283
2,3549201,São João das Duas Pontes (SP),SP,demais municipios,C,1503
2,3549250,São João de Iracema (SP),SP,demais municipios,C,1270
2,3549300,São João do Pau d'Alho (SP),SP,demais municipios,C,1554
2,3554904,Três Fronteiras (SP),SP,demais municipios,C,4416
2,3555109,Tupi Paulista (SP),SP,demais municipios,C,8981
2,3555802,Urânia (SP),SP,demais municipios,C,5412
2,3556107,Valentim Gentil (SP),SP,demais municipios,C,7497
2,3556305,Valparaíso (SP),SP,demais municipios,C,10527
2,3556958,Vitória Brasil (SP),SP,demais municipios,C,1047
2,1700251,Abreulândia (TO),TO,demais municipios,C,1794
2,1700301,Aguiarnópolis (TO),TO,demais municipios,C,2340
2,1700350,Aliança do Tocantins (TO),TO,demais municipios,C,3399
2,1700400,Almas (TO),TO,demais municipios,C,3915
2,1700707,Alvorada (TO),TO,demais municipios,C,4932
2,1701002,Ananás (TO),TO,demais municipios,C,5306
2,1701051,Angico (TO),TO,demais municipios,C,1821
2,1701101,Aparecida do Rio Negro (TO),TO,demais municipios,C,2989
2,1701309,Aragominas (TO),TO,demais municipios,C,3284
2,1701903,Araguacema (TO),TO,demais municipios,C,4525
2,1702158,Araguanã (TO),TO,demais municipios,C,2428
2,1702000,Araguaçu (TO),TO,demais municipios,C,5951
2,1702307,Arapoema (TO),TO,demais municipios,C,3236
2,1702406,Arraias (TO),TO,demais municipios,C,7343
2,1702703,Aurora do Tocantins (TO),TO,demais municipios,C,2393
2,1703008,Babaçulândia (TO),TO,demais municipios,C,5237
2,1703057,Bandeirantes do Tocantins (TO),TO,demais municipios,C,1926
2,1703073,Barra do Ouro (TO),TO,demais municipios,C,2283
2,1703107,Barrolândia (TO),TO,demais municipios,C,2933
2,1703206,Bernardo Sayão (TO),TO,demais municipios,C,3028
2,1703305,Bom Jesus do Tocantins (TO),TO,demais municipios,C,2175
2,1703602,Brasilândia do Tocantins (TO),TO,demais municipios,C,1177
2,1703701,Brejinho de Nazaré (TO),TO,demais municipios,C,3201
2,1703842,Campos Lindos (TO),TO,demais municipios,C,4279
2,1703867,Cariri do Tocantins (TO),TO,demais municipios,C,2383
2,1703883,Carmolândia (TO),TO,demais municipios,C,1162
2,1703909,Caseara (TO),TO,demais municipios,C,3400
2,1704105,Centenário (TO),TO,demais municipios,C,1602
2,1705102,Chapada da Natividade (TO),TO,demais municipios,C,1631
2,1704600,Chapada de Areia (TO),TO,demais municipios,C,1334
2,1716703,Colméia (TO),TO,demais municipios,C,5646
2,1705557,Combinado (TO),TO,demais municipios,C,3003
2,1705607,Conceição do Tocantins (TO),TO,demais municipios,C,2324
2,1706001,Couto Magalhães (TO),TO,demais municipios,C,3794
2,1706100,Cristalândia (TO),TO,demais municipios,C,4126
2,1706258,Crixás do Tocantins (TO),TO,demais municipios,C,1033
2,1706506,Darcinópolis (TO),TO,demais municipios,C,3648
2,1707108,Divinópolis do Tocantins (TO),TO,demais municipios,C,5031
2,1707207,Dois Irmãos do Tocantins (TO),TO,demais municipios,C,4823
2,1707306,Dueré (TO),TO,demais municipios,C,3584
2,1707652,Figueirópolis (TO),TO,demais municipios,C,3452
2,1707702,Filadélfia (TO),TO,demais municipios,C,4316
2,1708205,Formoso do Araguaia (TO),TO,demais municipios,C,11167
2,1707553,Fátima (TO),TO,demais municipios,C,2028
2,1708304,Goianorte (TO),TO,demais municipios,C,3354
2,1709005,Goiatins (TO),TO,demais municipios,C,6461
2,1709807,Ipueiras (TO),TO,demais municipios,C,1235
2,1710508,Itacajá (TO),TO,demais municipios,C,3905
2,1710904,Itapiratins (TO),TO,demais municipios,C,2587
2,1711100,Itaporã do Tocantins (TO),TO,demais municipios,C,1691
2,1711506,Jaú do Tocantins (TO),TO,demais municipios,C,2781
2,1711803,Juarina (TO),TO,demais municipios,C,1641
2,1711902,Lagoa da Confusão (TO),TO,demais municipios,C,7628
2,1711951,Lagoa do Tocantins (TO),TO,demais municipios,C,1774
2,1712009,Lajeado (TO),TO,demais municipios,C,2425
2,1712157,Lavandeira (TO),TO,demais municipios,C,1321
2,1712405,Lizarda (TO),TO,demais municipios,C,1912
2,1712454,Luzinópolis (TO),TO,demais municipios,C,1444
2,1712504,Marianópolis do Tocantins (TO),TO,demais municipios,C,3062
2,1712702,Mateiros (TO),TO,demais municipios,C,1579
2,1713304,Miranorte (TO),TO,demais municipios,C,6718
2,1713700,Monte Santo do Tocantins (TO),TO,demais municipios,C,1847
2,1713601,Monte do Carmo (TO),TO,demais municipios,C,3986
2,1713957,Muricilândia (TO),TO,demais municipios,C,1909
2,1714203,Natividade (TO),TO,demais municipios,C,4965
2,1714302,Nazaré (TO),TO,demais municipios,C,2327
2,1714880,Nova Olinda (TO),TO,demais municipios,C,6859
2,1715002,Nova Rosalândia (TO),TO,demais municipios,C,1824
2,1715101,Novo Acordo (TO),TO,demais municipios,C,2421
2,1715150,Novo Alegre (TO),TO,demais municipios,C,1265
2,1715259,Novo Jardim (TO),TO,demais municipios,C,1315
2,1715507,Oliveira de Fátima (TO),TO,demais municipios,C,750
2,1715705,Palmeirante (TO),TO,demais municipios,C,3879
2,1713809,Palmeiras do Tocantins (TO),TO,demais municipios,C,3191
2,1715754,Palmeirópolis (TO),TO,demais municipios,C,5146
2,1716208,Paranã (TO),TO,demais municipios,C,8185
2,1716307,Pau D'Arco (TO),TO,demais municipios,C,2717
2,1716505,Pedro Afonso (TO),TO,demais municipios,C,7536
2,1716604,Peixe (TO),TO,demais municipios,C,6940
2,1716653,Pequizeiro (TO),TO,demais municipios,C,3378
2,1717008,Pindorama do Tocantins (TO),TO,demais municipios,C,3151
2,1717206,Piraquê (TO),TO,demais municipios,C,1782
2,1717503,Pium (TO),TO,demais municipios,C,4573
2,1717800,Ponte Alta do Bom Jesus (TO),TO,demais municipios,C,3116
2,1717909,Ponte Alta do Tocantins (TO),TO,demais municipios,C,5020
2,1718006,Porto Alegre do Tocantins (TO),TO,demais municipios,C,1527
2,1718402,Presidente Kennedy (TO),TO,demais municipios,C,1729
2,1718451,Pugmil (TO),TO,demais municipios,C,1419
2,1718501,Recursolândia (TO),TO,demais municipios,C,1994
2,1718550,Riachinho (TO),TO,demais municipios,C,2362
2,1718758,Rio Sono (TO),TO,demais municipios,C,4397
2,1718659,Rio da Conceição (TO),TO,demais municipios,C,1050
2,1718709,Rio dos Bois (TO),TO,demais municipios,C,1559
2,1718840,Sandolândia (TO),TO,demais municipios,C,2626
2,1718865,Santa Fé do Araguaia (TO),TO,demais municipios,C,3689
2,1718881,Santa Maria do Tocantins (TO),TO,demais municipios,C,1955
2,1718899,Santa Rita do Tocantins (TO),TO,demais municipios,C,1805
2,1718907,Santa Rosa do Tocantins (TO),TO,demais municipios,C,3380
2,1719004,Santa Tereza do Tocantins (TO),TO,demais municipios,C,1801
2,1720002,Santa Terezinha do Tocantins (TO),TO,demais municipios,C,1375
2,1720655,Silvanópolis (TO),TO,demais municipios,C,3229
2,1720853,Sucupira (TO),TO,demais municipios,C,1130
2,1720150,São Félix do Tocantins (TO),TO,demais municipios,C,1060
2,1720259,São Salvador do Tocantins (TO),TO,demais municipios,C,2144
2,1720499,São Valério (TO),TO,demais municipios,C,2827
2,1708254,Tabocão (TO),TO,demais municipios,C,1840
2,1720903,Taguatinga (TO),TO,demais municipios,C,8703
2,1720937,Taipas do Tocantins (TO),TO,demais municipios,C,1157
2,1720978,Talismã (TO),TO,demais municipios,C,2151
2,1721109,Tocantínia (TO),TO,demais municipios,C,3491
2,1721257,Tupirama (TO),TO,demais municipios,C,1077
2,1721307,Tupiratins (TO),TO,demais municipios,C,1253
2,1722081,Wanderlândia (TO),TO,demais municipios,C,5935
2,1722107,Xambioá (TO),TO,demais municipios,C,6400
3,2700409,Atalaia (AL),AL,capital de imediata,B,17259
3,2706703,Penedo (AL),AL,capital de imediata,A,30169
3,2707305,Porto Calvo (AL),AL,capital de imediata,B,11813
3,2708600,São Miguel dos Campos (AL),AL,capital de imediata,A,23570
3,1600535,Porto Grande (AP),AP,capital de imediata,C,10141
3,2900702,Alagoinhas (BA),BA,capital de imediata,A,85685
3,2905602,Camacan (BA),BA,capital de imediata,B,15006
3,2909802,Cruz das Almas (BA),BA,capital de imediata,A,35771
3,2910727,Eunápolis (BA),BA,capital de imediata,A,64623
3,2922508,Nazaré (BA),BA,capital de imediata,B,16662
3,2931350,Teixeira de Freitas (BA),BA,capital de imediata,A,81927
3,2932903,Valença (BA),BA,capital de imediata,A,61394
3,2300200,Acaraú (CE),CE,capital de imediata,A,35188
3,2301109,Aracati (CE),CE,capital de imediata,A,41095
3,2302602,Camocim (CE),CE,capital de imediata,A,32511
3,2306405,Itapipoca (CE),CE,capital de imediata,A,68312
3,2311801,Russas (CE),CE,capital de imediata,A,43958
3,3203205,Linhares (ES),ES,capital de imediata,A,92414
3,2101707,Barreirinhas (MA),MA,capital de imediata,A,36132
3,2103703,Cururupu (MA),MA,capital de imediata,B,15650
3,2105401,Itapecuru Mirim (MA),MA,capital de imediata,A,30181
3,2108603,Pinheiro (MA),MA,capital de imediata,A,39190
3,2112506,Tutóia (MA),MA,capital de imediata,A,24228
3,2112803,Viana (MA),MA,capital de imediata,A,24397
3,1501709,Bragança (PA),PA,capital de imediata,A,55059
3,1502202,Capanema (PA),PA,capital de imediata,A,34865
3,1506302,Salvaterra (PA),PA,capital de imediata,B,12966
3,2508901,Mamanguape (PB),PB,capital de imediata,A,21457
3,2601409,Barreiros (PE),PE,capital de imediata,A,20063
3,2604007,Carpina (PE),PE,capital de imediata,A,40065
3,2605202,Escada (PE),PE,capital de imediata,A,30547
3,2606200,Goiana (PE),PE,capital de imediata,A,49736
3,2610004,Palmares (PE),PE,capital de imediata,A,28473
3,2616407,Vitória de Santo Antão (PE),PE,capital de imediata,A,74373
3,4118204,Paranaguá (PR),PR,capital de imediata,A,70312
3,3300100,Angra dos Reis (RJ),RJ,capital de imediata,A,110328
3,3300704,Cabo Frio (RJ),RJ,capital de imediata,A,185612
3,3303401,Nova Friburgo (RJ),RJ,capital de imediata,A,115377
3,3304201,Resende (RJ),RJ,capital de imediata,A,69890
3,3304300,Rio Bonito (RJ),RJ,capital de imediata,A,32239
3,2400208,Açu (RN),RN,capital de imediata,A,29656
3,2402204,Canguaretama (RN),RN,capital de imediata,B,15530
3,2405801,João Câmara (RN),RN,capital de imediata,B,18121
3,2411502,Santo Antônio (RN),RN,capital de imediata,B,12308
3,4303509,Camaquã (RS),RS,capital de imediata,A,34963
3,4305355,Charqueadas (RS),RS,capital de imediata,B,16425
3,4312401,Montenegro (RS),RS,capital de imediata,A,33921
3,4313409,Novo Hamburgo (RS),RS,capital de imediata,A,125611
3,4321204,Taquara (RS),RS,capital de imediata,A,32330
3,4321501,Torres (RS),RS,capital de imediata,A,37151
3,4321600,Tramandaí (RS),RS,capital de imediata,A,54857
3,4201406,Araranguá (SC),SC,capital de imediata,A,39805
3,4202909,Brusque (SC),SC,capital de imediata,A,65812
3,4218707,Tubarão (SC),SC,capital de imediata,A,58036
3,2802106,Estância (SE),SE,capital de imediata,A,40551
3,2803500,Lagarto (SE),SE,capital de imediata,A,61322
3,2805703,Propriá (SE),SE,capital de imediata,B,14820
3,3510500,Caraguatatuba (SP),SP,capital de imediata,A,95855
3,3518404,Guaratinguetá (SP),SP,capital de imediata,A,59847
3,3542602,Registro (SP),SP,capital de imediata,A,30896
3,3554102,Taubaté (SP),SP,capital de imediata,A,154952
3,1600501,Oiapoque (AP),AP,capital de intermediaria,B,12628
3,2910800,Feira de Santana (BA),BA,capital de intermediaria,A,359076
3,2913606,Ilhéus (BA),BA,capital de intermediaria,A,113594
3,2928703,Santo Antônio de Jesus (BA),BA,capital de intermediaria,A,61939
3,3201209,Cachoeiro de Itapemirim (ES),ES,capital de intermediaria,A,102689
3,3201506,Colatina (ES),ES,capital de intermediaria,A,67314
3,3204906,São Mateus (ES),ES,capital de intermediaria,A,77829
3,1502400,Castanhal (PA),PA,capital de intermediaria,A,98253
3,2207702,Parnaíba (PI),PI,capital de intermediaria,A,76656
3,3301009,Campos dos Goytacazes (RJ),RJ,capital de intermediaria,A,281500
3,3302403,Macaé (RJ),RJ,capital de intermediaria,A,149212
3,3303906,Petrópolis (RJ),RJ,capital de intermediaria,A,159371
3,3306305,Volta Redonda (RJ),RJ,capital de intermediaria,A,133905
3,2408003,Mossoró (RN),RN,capital de intermediaria,A,146770
3,4314407,Pelotas (RS),RS,capital de intermediaria,A,191829
3,4202404,Blumenau (SC),SC,capital de intermediaria,A,175212
3,4204608,Criciúma (SC),SC,capital de intermediaria,A,104585
3,4209102,Joinville (SC),SC,capital de intermediaria,A,280866
3,2802908,Itabaiana (SE),SE,capital de intermediaria,A,56226
3,2700201,Anadia (AL),AL,demais municipios,C,7646
3,2700508,Barra de Santo Antônio (AL),AL,demais municipios,C,9143
3,2700607,Barra de São Miguel (AL),AL,demais municipios,C,7104
3,2701001,Boca da Mata (AL),AL,demais municipios,C,10485
3,2701308,Cajueiro (AL),AL,demais municipios,C,7016
3,2701357,Campestre (AL),AL,demais municipios,C,3313
3,2701407,Campo Alegre (AL),AL,demais municipios,B,14966
3,2701704,Capela (AL),AL,demais municipios,C,6657
3,2702108,Colônia Leopoldina (AL),AL,demais municipios,C,7994
3,2702207,Coqueiro Seco (AL),AL,demais municipios,C,2688
3,2702306,Coruripe (AL),AL,demais municipios,A,26313
3,2702702,Feliz Deserto (AL),AL,demais municipios,C,2389
3,2702801,Flexeiras (AL),AL,demais municipios,C,4810
3,2703205,Igreja Nova (AL),AL,demais municipios,C,10853
3,2703502,Jacuípe (AL),AL,demais municipios,C,2867
3,2703601,Japaratinga (AL),AL,demais municipios,C,5832
3,2703759,Jequiá da Praia (AL),AL,demais municipios,C,5004
3,2703809,Joaquim Gomes (AL),AL,demais municipios,C,8393
3,2703908,Jundiá (AL),AL,demais municipios,C,2386
3,2704005,Junqueiro (AL),AL,demais municipios,B,13244
3,2704203,Limoeiro de Anadia (AL),AL,demais municipios,B,13281
3,2704500,Maragogi (AL),AL,demais municipios,A,21069
3,2704708,Marechal Deodoro (AL),AL,demais municipios,A,33836
3,2704807,Maribondo (AL),AL,demais municipios,C,6429
3,2705101,Matriz de Camaragibe (AL),AL,demais municipios,C,11121
3,2705200,Messias (AL),AL,demais municipios,C,7377
3,2705507,Murici (AL),AL,demais municipios,C,11421
3,2705606,Novo Lino (AL),AL,demais municipios,C,5254
3,2706505,Passo de Camaragibe (AL),AL,demais municipios,C,7218
3,2706802,Piaçabuçu (AL),AL,demais municipios,C,9948
3,2706901,Pilar (AL),AL,demais municipios,B,16666
3,2707503,Porto Real do Colégio (AL),AL,demais municipios,C,10771
3,2707404,Porto de Pedras (AL),AL,demais municipios,C,5582
3,2707800,Roteiro (AL),AL,demais municipios,C,2865
3,2707909,Santa Luzia do Norte (AL),AL,demais municipios,C,3018
3,2708501,São Luís do Quitunde (AL),AL,demais municipios,B,12698
3,2708709,São Miguel dos Milagres (AL),AL,demais municipios,C,5289
3,2708808,São Sebastião (AL),AL,demais municipios,B,17542
3,2709152,Teotônio Vilela (AL),AL,demais municipios,B,17953
3,1600105,Amapá (AP),AP,demais municipios,C,3456
3,1600204,Calçoene (AP),AP,demais municipios,C,4906
3,1600212,Cutias (AP),AP,demais municipios,C,2042
3,1600238,Ferreira Gomes (AP),AP,demais municipios,C,3505
3,1600550,Pracuúba (AP),AP,demais municipios,C,1753
3,1600709,Tartarugalzinho (AP),AP,demais municipios,C,5226
3,2900306,Acajutiba (BA),BA,demais municipios,C,8419
3,2900801,Alcobaça (BA),BA,demais municipios,B,18144
3,2901106,Amélia Rodrigues (BA),BA,demais municipios,B,13950
3,2901700,Antônio Cardoso (BA),BA,demais municipios,C,7653
3,2902203,Aramari (BA),BA,demais municipios,C,6426
3,2902252,Arataca (BA),BA,demais municipios,C,8648
3,2902302,Aratuípe (BA),BA,demais municipios,C,5472
3,2902054,Araçás (BA),BA,demais municipios,C,6875
3,2902401,Aurelino Leal (BA),BA,demais municipios,C,8700
3,2903300,Barro Preto (BA),BA,demais municipios,C,4242
3,2903409,Belmonte (BA),BA,demais municipios,B,16279
3,2904704,Buerarema (BA),BA,demais municipios,C,9533
3,2904852,Cabaceiras do Paraguaçu (BA),BA,demais municipios,C,10267
3,2904902,Cachoeira (BA),BA,demais municipios,A,20019
3,2905404,Cairu (BA),BA,demais municipios,B,13817
3,2905800,Camamu (BA),BA,demais municipios,A,21696
3,2905701,Camaçari (BA),BA,demais municipios,A,216243
3,2906303,Canavieiras (BA),BA,demais municipios,A,22369
3,2906501,Candeias (BA),BA,demais municipios,A,45046
3,2906907,Caravelas (BA),BA,demais municipios,B,13246
3,2907004,Cardeal da Silva (BA),BA,demais municipios,C,5013
3,2907301,Castro Alves (BA),BA,demais municipios,B,15746
3,2907509,Catu (BA),BA,demais municipios,A,28752
3,2908002,Coaraci (BA),BA,demais municipios,C,11682
3,2908200,Conceição da Feira (BA),BA,demais municipios,C,11690
3,2908309,Conceição do Almeida (BA),BA,demais municipios,C,9773
3,2908507,Conceição do Jacuípe (BA),BA,demais municipios,A,20452
3,2908606,Conde (BA),BA,demais municipios,B,16838
3,2908903,Coração de Maria (BA),BA,demais municipios,B,17661
3,2910057,Dias d'Ávila (BA),BA,demais municipios,A,43809
3,2910206,Dom Macedo Costa (BA),BA,demais municipios,C,3254
3,2910503,Entre Rios (BA),BA,demais municipios,A,29687
3,2910602,Esplanada (BA),BA,demais municipios,B,19013
3,2911204,Gandu (BA),BA,demais municipios,B,18042
3,2911501,Gongogi (BA),BA,demais municipios,C,4088
3,2911600,Governador Mangabeira (BA),BA,demais municipios,B,13305
3,2912103,Ibicaraí (BA),BA,demais municipios,B,13908
3,2912707,Ibirapitanga (BA),BA,demais municipios,B,14693
3,2912806,Ibirapuã (BA),BA,demais municipios,C,5845
3,2913457,Igrapiúna (BA),BA,demais municipios,C,9641
3,2914505,Irará (BA),BA,demais municipios,A,20054
3,2914653,Itabela (BA),BA,demais municipios,B,16324
3,2914802,Itabuna (BA),BA,demais municipios,A,112090
3,2914901,Itacaré (BA),BA,demais municipios,A,20543
3,2915502,Itajuípe (BA),BA,demais municipios,B,11827
3,2915601,Itamaraju (BA),BA,demais municipios,A,35757
3,2915908,Itanagra (BA),BA,demais municipios,C,4687
3,2916104,Itaparica (BA),BA,demais municipios,B,19194
3,2916302,Itapebi (BA),BA,demais municipios,C,6215
3,2916609,Itapitanga (BA),BA,demais municipios,C,5062
3,2916203,Itapé (BA),BA,demais municipios,C,6323
3,2917300,Ituberá (BA),BA,demais municipios,B,16451
3,2917805,Jaguaripe (BA),BA,demais municipios,B,14754
3,2917904,Jandaíra (BA),BA,demais municipios,C,6119
3,2918555,Jussari (BA),BA,demais municipios,C,4114
3,2918803,Laje (BA),BA,demais municipios,B,16696
3,2919926,Madre de Deus (BA),BA,demais municipios,B,12109
3,2920601,Maragogipe (BA),BA,demais municipios,A,24703
3,2920700,Maraú (BA),BA,demais municipios,A,20419
3,2920908,Mascote (BA),BA,demais municipios,C,7894
3,2921005,Mata de São João (BA),BA,demais municipios,A,36022
3,2922003,Mucuri (BA),BA,demais municipios,A,24552
3,2922201,Muniz Ferreira (BA),BA,demais municipios,C,4915
3,2922300,Muritiba (BA),BA,demais municipios,B,17448
3,2922409,Mutuípe (BA),BA,demais municipios,B,15645
3,2922607,Nilo Peçanha (BA),BA,demais municipios,C,9671
3,2923001,Nova Viçosa (BA),BA,demais municipios,A,27931
3,2924108,Pedrão (BA),BA,demais municipios,C,3761
3,2924678,Piraí do Norte (BA),BA,demais municipios,C,7500
3,2925204,Pojuca (BA),BA,demais municipios,B,19620
3,2925303,Porto Seguro (BA),BA,demais municipios,A,105378
3,2925501,Prado (BA),BA,demais municipios,A,25045
3,2925758,Presidente Tancredo Neves (BA),BA,demais municipios,B,19131
3,2927002,Rio Real (BA),BA,demais municipios,A,23542
3,2927309,Salinas da Margarida (BA),BA,demais municipios,C,11278
3,2927705,Santa Cruz Cabrália (BA),BA,demais municipios,A,21082
3,2928059,Santa Luzia (BA),BA,demais municipios,C,8549
3,2928604,Santo Amaro (BA),BA,demais municipios,A,37344
3,2928802,Santo Estêvão (BA),BA,demais municipios,A,31136
3,2929602,Sapeaçu (BA),BA,demais municipios,C,11543
3,2929750,Saubara (BA),BA,demais municipios,B,16231
3,2929107,São Felipe (BA),BA,demais municipios,B,13922
3,2929206,São Francisco do Conde (BA),BA,demais municipios,A,25110
3,2929008,São Félix (BA),BA,demais municipios,C,7467
3,2929305,São Gonçalo dos Campos (BA),BA,demais municipios,A,22502
3,2929354,São José da Vitória (BA),BA,demais municipios,C,3778
3,2929404,São Miguel das Matas (BA),BA,demais municipios,C,7926
3,2929503,São Sebastião do Passé (BA),BA,demais municipios,A,25700
3,2931202,Taperoá (BA),BA,demais municipios,C,11326
3,2931400,Teodoro Sampaio (BA),BA,demais municipios,C,5065
3,2931608,Teolândia (BA),BA,demais municipios,C,9555
3,2931707,Terra Nova (BA),BA,demais municipios,C,6971
3,2932200,Ubaitaba (BA),BA,demais municipios,B,11840
3,2932507,Una (BA),BA,demais municipios,B,13985
3,2932705,Uruçuca (BA),BA,demais municipios,B,14552
3,2933174,Varzedo (BA),BA,demais municipios,C,6560
3,2933208,Vera Cruz (BA),BA,demais municipios,A,52793
3,2933257,Vereda (BA),BA,demais municipios,C,4319
3,2933505,Wenceslau Guimarães (BA),BA,demais municipios,B,17383
3,2300150,Acarape (CE),CE,demais municipios,C,6434
3,2300754,Amontada (CE),CE,demais municipios,A,22065
3,2301000,Aquiraz (CE),CE,demais municipios,A,53395
3,2301950,Barreira (CE),CE,demais municipios,B,12766
3,2302057,Barroquinha (CE),CE,demais municipios,C,8841
3,2302206,Beberibe (CE),CE,demais municipios,A,35541
3,2302305,Bela Cruz (CE),CE,demais municipios,B,17470
3,2303501,Cascavel (CE),CE,demais municipios,A,40664
3,2303907,Chaval (CE),CE,demais municipios,C,6565
3,2303956,Chorozinho (CE),CE,demais municipios,C,11476
3,2304251,Cruz (CE),CE,demais municipios,B,19070
3,2304459,Fortim (CE),CE,demais municipios,C,9850
3,2304707,Granja (CE),CE,demais municipios,A,31814
3,2304954,Guaiúba (CE),CE,demais municipios,C,11275
3,2305233,Horizonte (CE),CE,demais municipios,A,36381
3,2305357,Icapuí (CE),CE,demais municipios,B,13993
3,2306207,Itaiçaba (CE),CE,demais municipios,C,5013
3,2306553,Itarema (CE),CE,demais municipios,A,20670
3,2307007,Jaguaruana (CE),CE,demais municipios,B,17997
3,2307254,Jijoca de Jericoacoara (CE),CE,demais municipios,B,15726
3,2307700,Maranguape (CE),CE,demais municipios,A,50136
3,2307809,Marco (CE),CE,demais municipios,B,12699
3,2307908,Martinópole (CE),CE,demais municipios,C,6187
3,2308377,Miraíma (CE),CE,demais municipios,C,6384
3,2308708,Morada Nova (CE),CE,demais municipios,A,36472
3,2308906,Morrinhos (CE),CE,demais municipios,B,12671
3,2309458,Ocara (CE),CE,demais municipios,B,15734
3,2309607,Pacajus (CE),CE,demais municipios,A,35943
3,2310001,Palhano (CE),CE,demais municipios,C,5951
3,2310100,Palmácia (CE),CE,demais municipios,C,5056
3,2310209,Paracuru (CE),CE,demais municipios,A,24950
3,2310258,Paraipaba (CE),CE,demais municipios,B,18673
3,2310704,Pentecoste (CE),CE,demais municipios,A,21017
3,2310852,Pindoretama (CE),CE,demais municipios,B,13104
3,2311504,Quixeré (CE),CE,demais municipios,B,13006
3,2312809,Senador Sá (CE),CE,demais municipios,C,4230
3,2312403,São Gonçalo do Amarante (CE),CE,demais municipios,A,33202
3,2312601,São Luís do Curu (CE),CE,demais municipios,C,6284
3,2313500,Trairi (CE),CE,demais municipios,A,33639
3,2313559,Tururu (CE),CE,demais municipios,C,8704
3,2313757,Umirim (CE),CE,demais municipios,C,9618
3,2313807,Uruburetama (CE),CE,demais municipios,C,10242
3,2313906,Uruoca (CE),CE,demais municipios,C,8304
3,2314102,Viçosa do Ceará (CE),CE,demais municipios,A,31882
3,3200300,Alfredo Chaves (ES),ES,demais municipios,C,10061
3,3200409,Anchieta (ES),ES,demais municipios,A,21056
3,3200607,Aracruz (ES),ES,demais municipios,A,50788
3,3200706,Atílio Vivácqua (ES),ES,demais municipios,C,6119
3,3201001,Boa Esperança (ES),ES,demais municipios,C,7903
3,3201407,Castelo (ES),ES,demais municipios,A,22934
3,3201605,Conceição da Barra (ES),ES,demais municipios,B,17664
3,3201902,Domingos Martins (ES),ES,demais municipios,A,27671
3,3202207,Fundão (ES),ES,demais municipios,B,13768
3,3202405,Guarapari (ES),ES,demais municipios,A,99680
3,3202504,Ibiraçu (ES),ES,demais municipios,C,6464
3,3202603,Iconha (ES),ES,demais municipios,C,8371
3,3202801,Itapemirim (ES),ES,demais municipios,A,27716
3,3203056,Jaguaré (ES),ES,demais municipios,B,16106
3,3203130,João Neiva (ES),ES,demais municipios,C,7537
3,3203320,Marataízes (ES),ES,demais municipios,A,30323
3,3203346,Marechal Floriano (ES),ES,demais municipios,B,11957
3,3203353,Marilândia (ES),ES,demais municipios,C,7755
3,3203403,Mimoso do Sul (ES),ES,demais municipios,B,15330
3,3203502,Montanha (ES),ES,demais municipios,C,10958
3,3203809,Muqui (ES),ES,demais municipios,C,8115
3,3204054,Pedro Canário (ES),ES,demais municipios,B,11917
3,3204104,Pinheiros (ES),ES,demais municipios,B,12974
3,3204203,Piúma (ES),ES,demais municipios,B,19768
3,3204302,Presidente Kennedy (ES),ES,demais municipios,C,9662
3,3204351,Rio Bananal (ES),ES,demais municipios,B,12399
3,3204401,Rio Novo do Sul (ES),ES,demais municipios,C,6677
3,3204500,Santa Leopoldina (ES),ES,demais municipios,C,11286
3,3204559,Santa Maria de Jetibá (ES),ES,demais municipios,A,25466
3,3204609,Santa Teresa (ES),ES,demais municipios,B,15515
3,3205010,Sooretama (ES),ES,demais municipios,B,14120
3,3204955,São Roque do Canaã (ES),ES,demais municipios,C,6488
3,3205036,Vargem Alta (ES),ES,demais municipios,B,12682
3,2100204,Alcântara (MA),MA,demais municipios,C,10447
3,2100550,Amapá do Maranhão (MA),MA,demais municipios,C,3353
3,2100709,Anajatuba (MA),MA,demais municipios,B,11800
3,2100832,Apicum-Açu (MA),MA,demais municipios,C,7883
3,2100907,Araioses (MA),MA,demais municipios,B,19023
3,2101103,Axixá (MA),MA,demais municipios,C,5392
3,2101251,Bacabeira (MA),MA,demais municipios,C,8965
3,2101301,Bacuri (MA),MA,demais municipios,C,7882
3,2101350,Bacurituba (MA),MA,demais municipios,C,3043
3,2101905,Bequimão (MA),MA,demais municipios,C,10586
3,2102374,Cachoeira Grande (MA),MA,demais municipios,C,4548
3,2102408,Cajapió (MA),MA,demais municipios,C,4599
3,2102903,Carutapera (MA),MA,demais municipios,C,10513
3,2103109,Cedral (MA),MA,demais municipios,C,5144
3,2103125,Central do Maranhão (MA),MA,demais municipios,C,3461
3,2102606,Cândido Mendes (MA),MA,demais municipios,C,8899
3,2104305,Godofredo Viana (MA),MA,demais municipios,C,5024
3,2104909,Guimarães (MA),MA,demais municipios,C,5762
3,2105005,Humberto de Campos (MA),MA,demais municipios,B,12991
3,2105104,Icatu (MA),MA,demais municipios,C,11065
3,2106201,Luís Domingues (MA),MA,demais municipios,C,3182
3,2106300,Magalhães de Almeida (MA),MA,demais municipios,C,6717
3,2106508,Matinha (MA),MA,demais municipios,C,10897
3,2106805,Mirinzal (MA),MA,demais municipios,C,7287
3,2107100,Morros (MA),MA,demais municipios,C,9244
3,2107456,Olinda Nova do Maranhão (MA),MA,demais municipios,C,6392
3,2107605,Palmeirândia (MA),MA,demais municipios,C,9290
3,2108058,Paulino Neves (MA),MA,demais municipios,C,8074
3,2108405,Peri Mirim (MA),MA,demais municipios,C,5700
3,2109056,Porto Rico do Maranhão (MA),MA,demais municipios,C,2900
3,2109205,Presidente Juscelino (MA),MA,demais municipios,C,5056
3,2109403,Primeira Cruz (MA),MA,demais municipios,C,6707
3,2109452,Raposa (MA),MA,demais municipios,B,14448
3,2109601,Rosário (MA),MA,demais municipios,B,18478
3,2109809,Santa Helena (MA),MA,demais municipios,B,15170
3,2110203,Santa Rita (MA),MA,demais municipios,B,17515
3,2110237,Santana do Maranhão (MA),MA,demais municipios,C,4921
3,2110278,Santo Amaro do Maranhão (MA),MA,demais municipios,C,6388
3,2111789,Serrano do Maranhão (MA),MA,demais municipios,C,5132
3,2110500,São Bento (MA),MA,demais municipios,B,16596
3,2110609,São Bernardo (MA),MA,demais municipios,B,12807
3,2111003,São João Batista (MA),MA,demais municipios,C,8846
3,2111706,São Vicente Ferrer (MA),MA,demais municipios,C,9664
3,2112407,Turiaçu (MA),MA,demais municipios,B,13788
3,2112456,Turilândia (MA),MA,demais municipios,C,9699
3,2100154,Água Doce do Maranhão (MA),MA,demais municipios,C,5961
3,1500305,Afuá (PA),PA,demais municipios,B,15205
3,1500701,Anajás (PA),PA,demais municipios,C,9772
3,1500909,Augusto Corrêa (PA),PA,demais municipios,B,17844
3,1501600,Bonito (PA),PA,demais municipios,C,7808
3,1502004,Cachoeira do Arari (PA),PA,demais municipios,C,8935
3,1502509,Chaves (PA),PA,demais municipios,C,7761
3,1502608,Colares (PA),PA,demais municipios,C,7296
3,1502905,Curuçá (PA),PA,demais municipios,B,19157
3,1503200,Igarapé-Açu (PA),PA,demais municipios,B,19509
3,1504109,Magalhães Barata (PA),PA,demais municipios,C,4525
3,1504307,Maracanã (PA),PA,demais municipios,B,13513
3,1504406,Marapanim (PA),PA,demais municipios,B,17303
3,1505007,Nova Timboteua (PA),PA,demais municipios,C,7610
3,1505601,Peixe-Boi (PA),PA,demais municipios,C,5466
3,1505700,Ponta de Pedras (PA),PA,demais municipios,B,13562
3,1506104,Primavera (PA),PA,demais municipios,C,5663
3,1506112,Quatipuru (PA),PA,demais municipios,C,5552
3,1506203,Salinópolis (PA),PA,demais municipios,A,30184
3,1506401,Santa Cruz do Arari (PA),PA,demais municipios,C,2573
3,1506559,Santa Luzia do Pará (PA),PA,demais municipios,C,10853
3,1506906,Santarém Novo (PA),PA,demais municipios,C,3902
3,1507003,Santo Antônio do Tauá (PA),PA,demais municipios,B,16483
3,1507904,Soure (PA),PA,demais municipios,B,11800
3,1507102,São Caetano de Odivelas (PA),PA,demais municipios,C,8539
3,1507409,São Francisco do Pará (PA),PA,demais municipios,C,9225
3,1507466,São João da Ponta (PA),PA,demais municipios,C,3144
3,1507474,São João de Pirabas (PA),PA,demais municipios,C,11102
3,1507961,Terra Alta (PA),PA,demais municipios,C,6256
3,1508035,Tracuateua (PA),PA,demais municipios,B,13045
3,1508209,Vigia (PA),PA,demais municipios,A,24716
3,1508308,Viseu (PA),PA,demais municipios,A,25200
3,2500601,Alhandra (PB),PB,demais municipios,C,11099
3,2500809,Araçagi (PB),PB,demais municipios,C,9625
3,2501401,Baía da Traição (PB),PB,demais municipios,C,6423
3,2503001,Caaporã (PB),PB,demais municipios,C,10303
3,2503605,Caiçara (PB),PB,demais municipios,C,3758
3,2503803,Caldas Brandão (PB),PB,demais municipios,C,3245
3,2504033,Capim (PB),PB,demais municipios,C,3459
3,2504603,Conde (PB),PB,demais municipios,A,21546
3,2504900,Cruz do Espírito Santo (PB),PB,demais municipios,C,7595
3,2505238,Cuité de Mamanguape (PB),PB,demais municipios,C,3413
3,2505279,Curral de Cima (PB),PB,demais municipios,C,3003
3,2505808,Duas Estradas (PB),PB,demais municipios,C,2128
3,2507101,Itapororoca (PB),PB,demais municipios,C,9670
3,2507309,Jacaraú (PB),PB,demais municipios,C,8438
3,2507903,Juripiranga (PB),PB,demais municipios,C,4893
3,2508208,Lagoa de Dentro (PB),PB,demais municipios,C,5214
3,2508554,Logradouro (PB),PB,demais municipios,C,2534
3,2508604,Lucena (PB),PB,demais municipios,C,10820
3,2509057,Marcação (PB),PB,demais municipios,C,4508
3,2509107,Mari (PB),PB,demais municipios,C,11522
3,2509305,Mataraca (PB),PB,demais municipios,C,4137
3,2509800,Mulungu (PB),PB,demais municipios,C,5614
3,2511202,Pedras de Fogo (PB),PB,demais municipios,B,14517
3,2512721,Pedro Régis (PB),PB,demais municipios,C,3327
3,2511509,Pilar (PB),PB,demais municipios,C,6478
3,2511905,Pitimbu (PB),PB,demais municipios,B,14955
3,2512762,Riachão do Poço (PB),PB,demais municipios,C,2531
3,2512903,Rio Tinto (PB),PB,demais municipios,B,12378
3,2515302,Sapé (PB),PB,demais municipios,A,25097
3,2515930,Sertãozinho (PB),PB,demais municipios,C,3127
3,2515971,Sobrado (PB),PB,demais municipios,C,4579
3,2515005,São Miguel de Taipu (PB),PB,demais municipios,C,4083
3,2516409,Tacima (PB),PB,demais municipios,C,4754
3,2600054,Abreu e Lima (PE),PE,demais municipios,A,49084
3,2600708,Aliança (PE),PE,demais municipios,B,17857
3,2600906,Amaraji (PE),PE,demais municipios,B,11966
3,2601052,Araçoiaba (PE),PE,demais municipios,C,8659
3,2602704,Buenos Aires (PE),PE,demais municipios,C,6968
3,2603603,Camutanga (PE),PE,demais municipios,C,4147
3,2604403,Chã de Alegria (PE),PE,demais municipios,C,6471
3,2604601,Condado (PE),PE,demais municipios,B,12049
3,2604809,Cortês (PE),PE,demais municipios,C,5872
3,2605400,Feira Nova (PE),PE,demais municipios,B,12984
3,2605509,Ferreiros (PE),PE,demais municipios,C,8131
3,2605905,Gameleira (PE),PE,demais municipios,C,9394
3,2606101,Glória do Goitá (PE),PE,demais municipios,B,17448
3,2606804,Igarassu (PE),PE,demais municipios,A,60790
3,2607604,Ilha de Itamaracá (PE),PE,demais municipios,A,28497
3,2607208,Ipojuca (PE),PE,demais municipios,A,61799
3,2607653,Itambé (PE),PE,demais municipios,B,17899
3,2607752,Itapissuma (PE),PE,demais municipios,C,11331
3,2607802,Itaquitinga (PE),PE,demais municipios,C,7719
3,2608206,Joaquim Nabuco (PE),PE,demais municipios,C,6320
3,2608503,Lagoa de Itaenga (PE),PE,demais municipios,C,10549
3,2608453,Lagoa do Carro (PE),PE,demais municipios,C,9841
3,2609402,Moreno (PE),PE,demais municipios,A,27932
3,2609501,Nazaré da Mata (PE),PE,demais municipios,B,15838
3,2610608,Paudalho (PE),PE,demais municipios,A,27899
3,2611309,Pombos (PE),PE,demais municipios,B,18269
3,2611408,Primavera (PE),PE,demais municipios,C,6454
3,2611804,Ribeirão (PE),PE,demais municipios,B,18585
3,2611903,Rio Formoso (PE),PE,demais municipios,C,9710
3,2614204,Sirinhaém (PE),PE,demais municipios,A,20325
3,2613404,São José da Coroa Grande (PE),PE,demais municipios,B,13879
3,2614857,Tamandaré (PE),PE,demais municipios,B,19423
3,2615300,Timbaúba (PE),PE,demais municipios,A,23736
3,2615508,Tracunhaém (PE),PE,demais municipios,C,7443
3,2616308,Vicência (PE),PE,demais municipios,B,14048
3,2616506,Xexéu (PE),PE,demais municipios,C,6333
3,2600401,Água Preta (PE),PE,demais municipios,B,13900
3,2201919,Bom Princípio do Piauí (PI),PI,demais municipios,C,3776
3,2202000,Buriti dos Lopes (PI),PI,demais municipios,C,11274
3,2202083,Cajueiro da Praia (PI),PI,demais municipios,C,4824
3,2202653,Caxingó (PI),PI,demais municipios,C,3648
3,2202703,Cocal (PI),PI,demais municipios,B,18277
3,2204659,Ilha Grande (PI),PI,demais municipios,C,3965
3,2205706,Luís Correia (PI),PI,demais municipios,A,20526
3,4100202,Adrianópolis (PR),PR,demais municipios,C,4278
3,4101200,Antonina (PR),PR,demais municipios,C,11428
3,4103107,Bocaiúva do Sul (PR),PR,demais municipios,C,7760
3,4104006,Campina Grande do Sul (PR),PR,demais municipios,A,24082
3,4109500,Guaraqueçaba (PR),PR,demais municipios,C,5714
3,4109609,Guaratuba (PR),PR,demais municipios,A,40799
3,4115705,Matinhos (PR),PR,demais municipios,A,49052
3,4116208,Morretes (PR),PR,demais municipios,B,12006
3,4119954,Pontal do Paraná (PR),PR,demais municipios,A,41074
3,4120804,Quatro Barras (PR),PR,demais municipios,C,11344
3,4127601,Tijucas do Sul (PR),PR,demais municipios,B,11829
3,4127882,Tunas do Paraná (PR),PR,demais municipios,C,3370
3,3300209,Araruama (RJ),RJ,demais municipios,A,98991
3,3300225,Areal (RJ),RJ,demais municipios,C,7144
3,3300233,Armação dos Búzios (RJ),RJ,demais municipios,A,33175
3,3300258,Arraial do Cabo (RJ),RJ,demais municipios,A,30683
3,3300407,Barra Mansa (RJ),RJ,demais municipios,A,89493
3,3300308,Barra do Piraí (RJ),RJ,demais municipios,A,50875
3,3300506,Bom Jardim (RJ),RJ,demais municipios,B,18042
3,3300803,Cachoeiras de Macacu (RJ),RJ,demais municipios,A,38303
3,3300936,Carapebus (RJ),RJ,demais municipios,C,9003
3,3301157,Cardoso Moreira (RJ),RJ,demais municipios,C,8387
3,3301306,Casimiro de Abreu (RJ),RJ,demais municipios,A,30231
3,3301405,Conceição de Macabu (RJ),RJ,demais municipios,B,13630
3,3301801,Engenheiro Paulo de Frontin (RJ),RJ,demais municipios,C,7755
3,3301850,Guapimirim (RJ),RJ,demais municipios,A,30990
3,3301876,Iguaba Grande (RJ),RJ,demais municipios,A,24464
3,3301900,Itaboraí (RJ),RJ,demais municipios,A,131844
3,3302254,Itatiaia (RJ),RJ,demais municipios,B,18339
3,3302502,Magé (RJ),RJ,demais municipios,A,132459
3,3302601,Mangaratiba (RJ),RJ,demais municipios,A,47949
3,3302809,Mendes (RJ),RJ,demais municipios,C,10459
3,3302908,Miguel Pereira (RJ),RJ,demais municipios,B,16639
3,3303609,Paracambi (RJ),RJ,demais municipios,A,23837
3,3303807,Paraty (RJ),RJ,demais municipios,A,32355
3,3303708,Paraíba do Sul (RJ),RJ,demais municipios,A,22864
3,3303856,Paty do Alferes (RJ),RJ,demais municipios,B,18023
3,3303955,Pinheiral (RJ),RJ,demais municipios,B,13061
3,3304003,Piraí (RJ),RJ,demais municipios,B,15934
3,3304110,Porto Real (RJ),RJ,demais municipios,C,10806
3,3304128,Quatis (RJ),RJ,demais municipios,C,7558
3,3304151,Quissamã (RJ),RJ,demais municipios,B,14162
3,3304409,Rio Claro (RJ),RJ,demais municipios,C,11497
3,3304524,Rio das Ostras (RJ),RJ,demais municipios,A,103446
3,3304607,Santa Maria Madalena (RJ),RJ,demais municipios,C,7390
3,3305505,Saquarema (RJ),RJ,demais municipios,A,74898
3,3305604,Silva Jardim (RJ),RJ,demais municipios,B,15472
3,3304755,São Francisco de Itabapoana (RJ),RJ,demais municipios,A,45424
3,3304904,São Gonçalo (RJ),RJ,demais municipios,A,479498
3,3305158,São José do Vale do Rio Preto (RJ),RJ,demais municipios,B,13123
3,3305000,São João da Barra (RJ),RJ,demais municipios,A,38304
3,3305208,São Pedro da Aldeia (RJ),RJ,demais municipios,A,68759
3,3305752,Tanguá (RJ),RJ,demais municipios,B,17914
3,3305802,Teresópolis (RJ),RJ,demais municipios,A,102752
3,3305901,Trajano de Moraes (RJ),RJ,demais municipios,C,7965
3,3306206,Vassouras (RJ),RJ,demais municipios,A,21276
3,2400307,Afonso Bezerra (RN),RN,demais municipios,C,5468
3,2400703,Alto do Rodrigues (RN),RN,demais municipios,C,7018
3,2400802,Angicos (RN),RN,demais municipios,C,6544
3,2401107,Areia Branca (RN),RN,demais municipios,B,14174
3,2401206,Arês (RN),RN,demais municipios,C,6286
3,2401453,Baraúna (RN),RN,demais municipios,B,14153
3,2401404,Baía Formosa (RN),RN,demais municipios,C,4549
3,2401602,Bento Fernandes (RN),RN,demais municipios,C,2705
3,2401701,Bom Jesus (RN),RN,demais municipios,C,5692
3,2401800,Brejinho (RN),RN,demais municipios,C,6829
3,2401859,Caiçara do Norte (RN),RN,demais municipios,C,3368
3,2402501,Carnaubais (RN),RN,demais municipios,C,5461
3,2402600,Ceará-Mirim (RN),RN,demais municipios,A,40619
3,2403509,Espírito Santo (RN),RN,demais municipios,C,5340
3,2404101,Galinhos (RN),RN,demais municipios,C,1091
3,2404200,Goianinha (RN),RN,demais municipios,B,11802
3,2404408,Grossos (RN),RN,demais municipios,C,5557
3,2404507,Guamaré (RN),RN,demais municipios,C,7971
3,2404606,Ielmo Marinho (RN),RN,demais municipios,C,6426
3,2404705,Ipanguaçu (RN),RN,demais municipios,C,6923
3,2405108,Jandaíra (RN),RN,demais municipios,C,3608
3,2405306,Januário Cicco (RN),RN,demais municipios,C,5212
3,2405504,Jardim de Angicos (RN),RN,demais municipios,C,1436
3,2406155,Jundiá (RN),RN,demais municipios,C,2245
3,2406601,Lagoa Salgada (RN),RN,demais municipios,C,4483
3,2406304,Lagoa de Pedras (RN),RN,demais municipios,C,4178
3,2406700,Lajes (RN),RN,demais municipios,C,5585
3,2407203,Macau (RN),RN,demais municipios,B,15984
3,2407500,Maxaranguape (RN),RN,demais municipios,C,6790
3,2407708,Montanhas (RN),RN,demais municipios,C,5981
3,2407807,Monte Alegre (RN),RN,demais municipios,B,12222
3,2408300,Nova Cruz (RN),RN,demais municipios,B,17408
3,2408201,Nísia Floresta (RN),RN,demais municipios,A,23443
3,2408805,Parazinho (RN),RN,demais municipios,C,2676
3,2409209,Passagem (RN),RN,demais municipios,C,1808
3,2409506,Pedra Grande (RN),RN,demais municipios,C,2210
3,2409605,Pedra Preta (RN),RN,demais municipios,C,1339
3,2409704,Pedro Avelino (RN),RN,demais municipios,C,3890
3,2409803,Pedro Velho (RN),RN,demais municipios,C,7149
3,2409902,Pendências (RN),RN,demais municipios,C,6388
3,2410256,Porto do Mangue (RN),RN,demais municipios,C,3194
3,2410108,Poço Branco (RN),RN,demais municipios,C,6017
3,2410405,Pureza (RN),RN,demais municipios,C,5287
3,2408953,Rio do Fogo (RN),RN,demais municipios,C,6707
3,2409332,Santa Maria (RN),RN,demais municipios,C,2880
3,2413102,Senador Elói de Souza (RN),RN,demais municipios,C,3763
3,2413201,Senador Georgino Avelino (RN),RN,demais municipios,C,1931
3,2413359,Serra do Mel (RN),RN,demais municipios,C,7234
3,2413508,Serrinha (RN),RN,demais municipios,C,4007
3,2411601,São Bento do Norte (RN),RN,demais municipios,C,1780
3,2412203,São José de Mipibu (RN),RN,demais municipios,A,25196
3,2412559,São Miguel do Gostoso (RN),RN,demais municipios,C,6454
3,2412708,São Pedro (RN),RN,demais municipios,C,3431
3,2413904,Taipu (RN),RN,demais municipios,C,6599
3,2411056,Tibau (RN),RN,demais municipios,C,6608
3,2414209,Tibau do Sul (RN),RN,demais municipios,C,11571
3,2414407,Touros (RN),RN,demais municipios,B,17916
3,2414803,Vera Cruz (RN),RN,demais municipios,C,5589
3,2415008,Vila Flor (RN),RN,demais municipios,C,1540
3,2414704,Várzea (RN),RN,demais municipios,C,2999
3,4300638,Amaral Ferrador (RS),RS,demais municipios,C,4348
3,4300851,Arambaré (RS),RS,demais municipios,C,5359
3,4301305,Arroio Grande (RS),RS,demais municipios,B,12141
3,4301073,Arroio do Padre (RS),RS,demais municipios,C,1715
3,4301057,Arroio do Sal (RS),RS,demais municipios,A,20807
3,4301107,Arroio dos Ratos (RS),RS,demais municipios,C,8049
3,4301636,Balneário Pinhal (RS),RS,demais municipios,A,20774
3,4301909,Barra do Ribeiro (RS),RS,demais municipios,C,7639
3,4301750,Barão do Triunfo (RS),RS,demais municipios,C,5755
3,4303608,Cambará do Sul (RS),RS,demais municipios,C,4313
3,4303905,Campo Bom (RS),RS,demais municipios,A,32350
3,4304507,Canguçu (RS),RS,demais municipios,A,35740
3,4304689,Capela de Santana (RS),RS,demais municipios,C,6698
3,4304671,Capivari do Sul (RS),RS,demais municipios,C,2385
3,4304630,Capão da Canoa (RS),RS,demais municipios,A,65680
3,4304663,Capão do Leão (RS),RS,demais municipios,B,14148
3,4304713,Caraá (RS),RS,demais municipios,C,6645
3,4305124,Cerrito (RS),RS,demais municipios,C,4429
3,4305173,Cerro Grande do Sul (RS),RS,demais municipios,C,6120
3,4305447,Chuvisca (RS),RS,demais municipios,C,3416
3,4305439,Chuí (RS),RS,demais municipios,C,4036
3,4305454,Cidreira (RS),RS,demais municipios,A,25565
3,4306056,Cristal (RS),RS,demais municipios,C,4606
3,4306403,Dois Irmãos (RS),RS,demais municipios,B,15709
3,4306551,Dom Pedro de Alcântara (RS),RS,demais municipios,C,2005
3,4307609,Estância Velha (RS),RS,demais municipios,A,23759
3,4308805,General Câmara (RS),RS,demais municipios,C,5700
3,4309050,Glorinha (RS),RS,demais municipios,C,5897
3,4309209,Gravataí (RS),RS,demais municipios,A,135659
3,4309308,Guaíba (RS),RS,demais municipios,A,46545
3,4309555,Harmonia (RS),RS,demais municipios,C,3183
3,4310330,Imbé (RS),RS,demais municipios,A,35109
3,4310652,Itati (RS),RS,demais municipios,C,2240
3,4310801,Ivoti (RS),RS,demais municipios,C,11710
3,4311627,Lindolfo Collor (RS),RS,demais municipios,C,3051
3,4311734,Mampituba (RS),RS,demais municipios,C,2262
3,4311775,Maquiné (RS),RS,demais municipios,C,6444
3,4311981,Mariana Pimentel (RS),RS,demais municipios,C,3044
3,4312443,Morrinhos do Sul (RS),RS,demais municipios,C,2776
3,4312450,Morro Redondo (RS),RS,demais municipios,C,4376
3,4312500,Mostardas (RS),RS,demais municipios,C,11381
3,4313508,Osório (RS),RS,demais municipios,A,30443
3,4313656,Palmares do Sul (RS),RS,demais municipios,B,17733
3,4314035,Pareci Novo (RS),RS,demais municipios,C,2726
3,4314209,Pedro Osório (RS),RS,demais municipios,C,4703
3,4314803,Portão (RS),RS,demais municipios,B,18007
3,4315149,Presidente Lucena (RS),RS,demais municipios,C,2363
3,4315602,Rio Grande (RS),RS,demais municipios,A,117218
3,4315750,Riozinho (RS),RS,demais municipios,C,3155
3,4316006,Rolante (RS),RS,demais municipios,B,12641
3,4317301,Santa Vitória do Palmar (RS),RS,demais municipios,A,24076
3,4317608,Santo Antônio da Patrulha (RS),RS,demais municipios,A,27892
3,4319901,Sapiranga (RS),RS,demais municipios,A,38901
3,4320354,Sentinela do Sul (RS),RS,demais municipios,C,3917
3,4320552,Sertão Santana (RS),RS,demais municipios,C,3988
3,4318200,São Francisco de Paula (RS),RS,demais municipios,B,15396
3,4318408,São Jerônimo (RS),RS,demais municipios,B,12554
3,4318481,São José do Hortêncio (RS),RS,demais municipios,C,2714
3,4318507,São José do Norte (RS),RS,demais municipios,B,19081
3,4318614,São José do Sul (RS),RS,demais municipios,C,1627
3,4318705,São Leopoldo (RS),RS,demais municipios,A,112114
3,4318804,São Lourenço do Sul (RS),RS,demais municipios,A,25553
3,4319505,São Sebastião do Caí (RS),RS,demais municipios,B,14060
3,4321105,Tapes (RS),RS,demais municipios,C,10312
3,4321303,Taquari (RS),RS,demais municipios,B,14261
3,4321352,Tavares (RS),RS,demais municipios,C,4684
3,4321436,Terra de Areia (RS),RS,demais municipios,C,7783
3,4321667,Três Cachoeiras (RS),RS,demais municipios,C,7044
3,4321832,Três Forquilhas (RS),RS,demais municipios,C,2189
3,4322327,Turuçu (RS),RS,demais municipios,C,2176
3,4200903,Angelina (SC),SC,demais municipios,C,4759
3,4201109,Anitápolis (SC),SC,demais municipios,C,3151
3,4201208,Antônio Carlos (SC),SC,demais municipios,C,5845
3,4201307,Araquari (SC),SC,demais municipios,A,23304
3,4201505,Armazém (SC),SC,demais municipios,C,5224
3,4201950,Balneário Arroio do Silva (SC),SC,demais municipios,B,17398
3,4202057,Balneário Barra do Sul (SC),SC,demais municipios,B,12932
3,4202073,Balneário Gaivota (SC),SC,demais municipios,B,14459
3,4212809,Balneário Piçarras (SC),SC,demais municipios,A,21501
3,4220000,Balneário Rincão (SC),SC,demais municipios,B,17129
3,4202107,Barra Velha (SC),SC,demais municipios,A,33482
3,4202503,Bom Jardim da Serra (SC),SC,demais municipios,C,3887
3,4202453,Bombinhas (SC),SC,demais municipios,A,27341
3,4202701,Botuverá (SC),SC,demais municipios,C,3511
3,4202800,Braço do Norte (SC),SC,demais municipios,B,16523
3,4203204,Camboriú (SC),SC,demais municipios,A,47398
3,4203303,Campo Alegre (SC),SC,demais municipios,C,7580
3,4203709,Canelinha (SC),SC,demais municipios,C,7915
3,4203956,Capivari de Baixo (SC),SC,demais municipios,C,10999
3,4204251,Cocal do Sul (SC),SC,demais municipios,C,8471
3,4205191,Ermo (SC),SC,demais municipios,C,1357
3,4205456,Forquilhinha (SC),SC,demais municipios,B,14256
3,4205704,Garopaba (SC),SC,demais municipios,A,22075
3,4205803,Garuva (SC),SC,demais municipios,C,9939
3,4205902,Gaspar (SC),SC,demais municipios,A,34952
3,4206009,Governador Celso Ramos (SC),SC,demais municipios,B,14407
3,4206207,Gravatal (SC),SC,demais municipios,C,6810
3,4206306,Guabiruba (SC),SC,demais municipios,B,12138
3,4206504,Guaramirim (SC),SC,demais municipios,A,21393
3,4207106,Ilhota (SC),SC,demais municipios,C,8597
3,4207205,Imaruí (SC),SC,demais municipios,C,9258
3,4207304,Imbituba (SC),SC,demais municipios,A,36270
3,4208450,Itapoá (SC),SC,demais municipios,A,30625
3,4207007,Içara (SC),SC,demais municipios,A,29089
3,4208708,Jacinto Machado (SC),SC,demais municipios,C,7149
3,4208807,Jaguaruna (SC),SC,demais municipios,A,28749
3,4208906,Jaraguá do Sul (SC),SC,demais municipios,A,87205
3,4209409,Laguna (SC),SC,demais municipios,A,31247
3,4209607,Lauro Müller (SC),SC,demais municipios,C,7834
3,4210001,Luiz Alves (SC),SC,demais municipios,C,6734
3,4210209,Major Gercino (SC),SC,demais municipios,C,2529
3,4210407,Maracajá (SC),SC,demais municipios,C,3758
3,4210605,Massaranduba (SC),SC,demais municipios,C,9224
3,4210803,Meleiro (SC),SC,demais municipios,C,4375
3,4211256,Morro Grande (SC),SC,demais municipios,C,2023
3,4211207,Morro da Fumaça (SC),SC,demais municipios,C,9432
3,4211306,Navegantes (SC),SC,demais municipios,A,46534
3,4211504,Nova Trento (SC),SC,demais municipios,C,8076
3,4211603,Nova Veneza (SC),SC,demais municipios,C,7455
3,4211702,Orleans (SC),SC,demais municipios,B,13166
3,4212254,Passo de Torres (SC),SC,demais municipios,C,11634
3,4212304,Paulo Lopes (SC),SC,demais municipios,C,5917
3,4212403,Pedras Grandes (SC),SC,demais municipios,C,2785
3,4212502,Penha (SC),SC,demais municipios,A,23822
3,4212650,Pescaria Brava (SC),SC,demais municipios,C,5216
3,4213203,Pomerode (SC),SC,demais municipios,B,15469
3,4213500,Porto Belo (SC),SC,demais municipios,B,17428
3,4213807,Praia Grande (SC),SC,demais municipios,C,5550
3,4214300,Rancho Queimado (SC),SC,demais municipios,C,3352
3,4214904,Rio Fortuna (SC),SC,demais municipios,C,3033
3,4215455,Sangão (SC),SC,demais municipios,C,5764
3,4215604,Santa Rosa de Lima (SC),SC,demais municipios,C,1417
3,4215653,Santa Rosa do Sul (SC),SC,demais municipios,C,5810
3,4215703,Santo Amaro da Imperatriz (SC),SC,demais municipios,B,14803
3,4217402,Schroeder (SC),SC,demais municipios,C,9080
3,4217600,Siderópolis (SC),SC,demais municipios,C,7540
3,4217709,Sombrio (SC),SC,demais municipios,B,15941
3,4215901,São Bonifácio (SC),SC,demais municipios,C,2606
3,4216206,São Francisco do Sul (SC),SC,demais municipios,A,44014
3,4216305,São João Batista (SC),SC,demais municipios,B,16228
3,4216354,São João do Itaperiú (SC),SC,demais municipios,C,2545
3,4216404,São João do Sul (SC),SC,demais municipios,C,6413
3,4217006,São Ludgero (SC),SC,demais municipios,C,6577
3,4217105,São Martinho (SC),SC,demais municipios,C,2290
3,4217253,São Pedro de Alcântara (SC),SC,demais municipios,C,3119
3,4218004,Tijucas (SC),SC,demais municipios,A,25364
3,4218103,Timbé do Sul (SC),SC,demais municipios,C,3772
3,4218350,Treviso (SC),SC,demais municipios,C,2265
3,4218400,Treze de Maio (SC),SC,demais municipios,C,4734
3,4218806,Turvo (SC),SC,demais municipios,C,7481
3,4219002,Urussanga (SC),SC,demais municipios,C,11206
3,4200606,Águas Mornas (SC),SC,demais municipios,C,4966
3,2800209,Aquidabã (SE),SE,demais municipios,B,13436
3,2800407,Arauá (SE),SE,demais municipios,C,6403
3,2800506,Areia Branca (SE),SE,demais municipios,C,9432
3,2800605,Barra dos Coqueiros (SE),SE,demais municipios,A,23963
3,2800670,Boquim (SE),SE,demais municipios,B,14791
3,2800704,Brejo Grande (SE),SE,demais municipios,C,4466
3,2801009,Campo do Brito (SE),SE,demais municipios,B,12101
3,2801306,Capela (SE),SE,demais municipios,B,17442
3,2801504,Carmópolis (SE),SE,demais municipios,C,7493
3,2801603,Cedro de São João (SE),SE,demais municipios,C,3279
3,2801702,Cristinápolis (SE),SE,demais municipios,C,9664
3,2801900,Cumbe (SE),SE,demais municipios,C,2739
3,2802007,Divina Pastora (SE),SE,demais municipios,C,2198
3,2802502,General Maynard (SE),SE,demais municipios,C,1732
3,2802700,Ilha das Flores (SE),SE,demais municipios,C,4383
3,2802809,Indiaroba (SE),SE,demais municipios,C,9260
3,2803005,Itabaianinha (SE),SE,demais municipios,A,24044
3,2803203,Itaporanga d'Ajuda (SE),SE,demais municipios,A,22793
3,2803302,Japaratuba (SE),SE,demais municipios,C,9233
3,2803401,Japoatã (SE),SE,demais municipios,C,7696
3,2803609,Laranjeiras (SE),SE,demais municipios,C,10998
3,2803807,Malhada dos Bois (SE),SE,demais municipios,C,2002
3,2803906,Malhador (SE),SE,demais municipios,C,6904
3,2804003,Maruim (SE),SE,demais municipios,C,7385
3,2804102,Moita Bonita (SE),SE,demais municipios,C,7948
3,2804300,Muribeca (SE),SE,demais municipios,C,4607
3,2804409,Neópolis (SE),SE,demais municipios,C,9663
3,2804607,Nossa Senhora das Dores (SE),SE,demais municipios,B,15230
3,2804904,Pacatuba (SE),SE,demais municipios,C,8321
3,2805109,Pedrinhas (SE),SE,demais municipios,C,5247
3,2805307,Pirambu (SE),SE,demais municipios,C,6245
3,2805901,Riachuelo (SE),SE,demais municipios,C,4169
3,2805802,Riachão do Dantas (SE),SE,demais municipios,C,10792
3,2806107,Rosário do Catete (SE),SE,demais municipios,C,4928
3,2806206,Salgado (SE),SE,demais municipios,B,14397
3,2806305,Santa Luzia do Itanhy (SE),SE,demais municipios,C,7430
3,2806503,Santa Rosa de Lima (SE),SE,demais municipios,C,2342
3,2806404,Santana do São Francisco (SE),SE,demais municipios,C,3958
3,2806602,Santo Amaro das Brotas (SE),SE,demais municipios,C,6735
3,2807204,Siriri (SE),SE,demais municipios,C,4321
3,2806909,São Francisco (SE),SE,demais municipios,C,2058
3,2807303,Telha (SE),SE,demais municipios,C,1759
3,2807501,Tomar do Geru (SE),SE,demais municipios,C,8729
3,2807600,Umbaúba (SE),SE,demais municipios,B,13362
3,3503158,Arapeí (SP),SP,demais municipios,C,1735
3,3503505,Areias (SP),SP,demais municipios,C,2207
3,3504909,Bananal (SP),SP,demais municipios,C,6329
3,3505401,Barra do Turvo (SP),SP,demais municipios,C,4988
3,3506359,Bertioga (SP),SP,demais municipios,A,66712
3,3506607,Biritiba Mirim (SP),SP,demais municipios,B,16981
3,3508603,Cachoeira Paulista (SP),SP,demais municipios,B,17633
3,3509254,Cajati (SP),SP,demais municipios,B,15041
3,3509908,Cananéia (SP),SP,demais municipios,C,8439
3,3509957,Canas (SP),SP,demais municipios,C,2467
3,3513504,Cubatão (SP),SP,demais municipios,A,52621
3,3513603,Cunha (SP),SP,demais municipios,B,18246
3,3514809,Eldorado (SP),SP,demais municipios,C,8524
3,3518305,Guararema (SP),SP,demais municipios,B,18385
3,3518701,Guarujá (SP),SP,demais municipios,A,180594
3,3519709,Ibiúna (SP),SP,demais municipios,A,56284
3,3520301,Iguape (SP),SP,demais municipios,A,21460
3,3520426,Ilha Comprida (SP),SP,demais municipios,B,18125
3,3522109,Itanhaém (SP),SP,demais municipios,A,104825
3,3523305,Itariri (SP),SP,demais municipios,C,10278
3,3524402,Jacareí (SP),SP,demais municipios,A,113720
3,3524600,Jacupiranga (SP),SP,demais municipios,C,10014
3,3524907,Jambeiro (SP),SP,demais municipios,C,4004
3,3526209,Juquitiba (SP),SP,demais municipios,B,19765
3,3526100,Juquiá (SP),SP,demais municipios,C,11326
3,3526308,Lagoinha (SP),SP,demais municipios,C,4254
3,3527207,Lorena (SP),SP,demais municipios,A,41340
3,3529906,Miracatu (SP),SP,demais municipios,B,13142
3,3531100,Mongaguá (SP),SP,demais municipios,A,61564
3,3532306,Natividade da Serra (SP),SP,demais municipios,C,7703
3,3535606,Paraibuna (SP),SP,demais municipios,B,12210
3,3536208,Pariquera-Açu (SP),SP,demais municipios,C,10340
3,3537206,Pedro de Toledo (SP),SP,demais municipios,C,8213
3,3537602,Peruíbe (SP),SP,demais municipios,A,60702
3,3541000,Praia Grande (SP),SP,demais municipios,A,279872
3,3542305,Redenção da Serra (SP),SP,demais municipios,C,4308
3,3544103,Rio Grande da Serra (SP),SP,demais municipios,A,20619
3,3545001,Salesópolis (SP),SP,demais municipios,C,9839
3,3546009,Santa Branca (SP),SP,demais municipios,C,9419
3,3546801,Santa Isabel (SP),SP,demais municipios,A,30915
3,3551801,Sete Barras (SP),SP,demais municipios,C,8212
3,3552007,Silveiras (SP),SP,demais municipios,C,4425
3,3549607,São José do Barreiro (SP),SP,demais municipios,C,2809
3,3549953,São Lourenço da Serra (SP),SP,demais municipios,C,10356
3,3550704,São Sebastião (SP),SP,demais municipios,A,60634
3,3551009,São Vicente (SP),SP,demais municipios,A,165050
3,3555406,Ubatuba (SP),SP,demais municipios,A,89364
4,2706307,Palmeira dos Índios (AL),AL,capital de imediata,A,38551
4,2709301,União dos Palmares (AL),AL,capital de imediata,A,31228
4,2913903,Ipiaú (BA),BA,capital de imediata,A,23641
4,2916401,Itapetinga (BA),BA,capital de imediata,A,36084
4,2918001,Jequié (BA),BA,capital de imediata,A,89569
4,2930501,Serrinha (BA),BA,capital de imediata,A,51979
4,2302800,Canindé (CE),CE,capital de imediata,A,44699
4,2306306,Itapajé (CE),CE,capital de imediata,A,23846
4,2311603,Redenção (CE),CE,capital de imediata,B,14925
4,3200102,Afonso Cláudio (ES),ES,capital de imediata,B,19413
4,3200201,Alegre (ES),ES,capital de imediata,A,20517
4,3203908,Nova Venécia (ES),ES,capital de imediata,A,30308
4,2103208,Chapadinha (MA),MA,capital de imediata,A,39008
4,2104677,Governador Nunes Freire (MA),MA,capital de imediata,C,10799
4,3101508,Além Paraíba (MG),MG,capital de imediata,B,17924
4,3132404,Itajubá (MG),MG,capital de imediata,A,48407
4,1502301,Capitão Poço (PA),PA,capital de imediata,A,32425
4,2505105,Cuité (PB),PB,capital de imediata,B,14194
4,2506301,Guarabira (PB),PB,capital de imediata,A,30534
4,2506905,Itabaiana (PB),PB,capital de imediata,B,12781
4,2606002,Garanhuns (PE),PE,capital de imediata,A,75451
4,2608909,Limoeiro (PE),PE,capital de imediata,A,30951
4,2614501,Surubim (PE),PE,capital de imediata,A,36359
4,2203701,Esperantina (PI),PI,capital de imediata,A,21911
4,3302205,Itaperuna (RJ),RJ,capital de imediata,A,60975
4,3304706,Santo Antônio de Pádua (RJ),RJ,capital de imediata,A,25749
4,3306008,Três Rios (RJ),RJ,capital de imediata,A,41294
4,3306107,Valença (RJ),RJ,capital de imediata,A,40357
4,2411205,Santa Cruz (RN),RN,capital de imediata,A,21273
4,2412609,São Paulo do Potengi (RN),RN,capital de imediata,C,9507
4,4302105,Bento Gonçalves (RS),RS,capital de imediata,A,64356
4,4311403,Lajeado (RS),RS,capital de imediata,A,51609
4,4206900,Ibirama (SC),SC,capital de imediata,C,10302
4,4208500,Ituporanga (SC),SC,capital de imediata,B,15010
4,4215802,São Bento do Sul (SC),SC,capital de imediata,A,39803
4,2804508,Nossa Senhora da Glória (SE),SE,capital de imediata,A,25266
4,3507605,Bragança Paulista (SP),SP,capital de imediata,A,90923
4,3513405,Cruzeiro (SP),SP,capital de imediata,A,35919
4,2700300,Arapiraca (AL),AL,capital de intermediaria,A,120158
4,2312908,Sobral (CE),CE,capital de intermediaria,A,101079
4,3136702,Juiz de Fora (MG),MG,capital de intermediaria,A,307905
4,1501808,Breves (PA),PA,capital de intermediaria,A,36653
4,2504009,Campina Grande (PB),PB,capital de intermediaria,A,215660
4,2604106,Caruaru (PE),PE,capital de intermediaria,A,221349
4,4305108,Caxias do Sul (RS),RS,capital de intermediaria,A,250940
4,3552205,Sorocaba (SP),SP,capital de intermediaria,A,355399
4,3549904,São José dos Campos (SP),SP,capital de intermediaria,A,320850
4,2700706,Batalha (AL),AL,demais municipios,C,8974
4,2700904,Belo Monte (AL),AL,demais municipios,C,3883
4,2700805,Belém (AL),AL,demais municipios,C,2778
4,2701100,Branquinha (AL),AL,demais municipios,C,5297
4,2701506,Campo Grande (AL),AL,demais municipios,C,4952
4,2701902,Chã Preta (AL),AL,demais municipios,C,3254
4,2702009,Coité do Nóia (AL),AL,demais municipios,C,6760
4,2702355,Craíbas (AL),AL,demais municipios,B,13593
4,2702553,Estrela de Alagoas (AL),AL,demais municipios,C,11102
4,2702603,Feira Grande (AL),AL,demais municipios,B,12906
4,2702900,Girau do Ponciano (AL),AL,demais municipios,B,19289
4,2703007,Ibateguara (AL),AL,demais municipios,C,7434
4,2703106,Igaci (AL),AL,demais municipios,B,14141
4,2704104,Lagoa da Canoa (AL),AL,demais municipios,C,9706
4,2704906,Mar Vermelho (AL),AL,demais municipios,C,1777
4,2705903,Olho d'Água Grande (AL),AL,demais municipios,C,2256
4,2706604,Paulo Jacinto (AL),AL,demais municipios,C,3634
4,2707008,Pindoba (AL),AL,demais municipios,C,1346
4,2707602,Quebrangulo (AL),AL,demais municipios,C,6153
4,2708105,Santana do Mundaú (AL),AL,demais municipios,C,6753
4,2708204,São Brás (AL),AL,demais municipios,C,4419
4,2708303,São José da Laje (AL),AL,demais municipios,C,9809
4,2709004,Tanque d'Arca (AL),AL,demais municipios,C,3374
4,2709103,Taquarana (AL),AL,demais municipios,C,11187
4,2709202,Traipu (AL),AL,demais municipios,B,14397
4,2709400,Viçosa (AL),AL,demais municipios,B,12378
4,1600402,Mazagão (AP),AP,demais municipios,C,11325
4,2900603,Aiquara (BA),BA,demais municipios,C,2663
4,2900900,Almadina (BA),BA,demais municipios,C,3792
4,2901007,Amargosa (BA),BA,demais municipios,A,23157
4,2901502,Anguera (BA),BA,demais municipios,C,5557
4,2901908,Aporá (BA),BA,demais municipios,C,11070
4,2901957,Apuarema (BA),BA,demais municipios,C,4783
4,2903102,Barra do Rocha (BA),BA,demais municipios,C,3358
4,2903607,Biritinga (BA),BA,demais municipios,B,12044
4,2904308,Brejões (BA),BA,demais municipios,C,9471
4,2906402,Candeal (BA),BA,demais municipios,C,5834
4,2909505,Cravolândia (BA),BA,demais municipios,C,3386
4,2909604,Crisópolis (BA),BA,demais municipios,B,16717
4,2910008,Dário Meira (BA),BA,demais municipios,C,7510
4,2910305,Elísio Medrado (BA),BA,demais municipios,C,6519
4,2910909,Firmino Alves (BA),BA,demais municipios,C,3456
4,2911006,Floresta Azul (BA),BA,demais municipios,C,6287
4,2911808,Guaratinga (BA),BA,demais municipios,B,15311
4,2912301,Ibicuí (BA),BA,demais municipios,C,9777
4,2912905,Ibirataia (BA),BA,demais municipios,B,12385
4,2913309,Ichu (BA),BA,demais municipios,C,4310
4,2913507,Iguaí (BA),BA,demais municipios,B,15080
4,2913705,Inhambupe (BA),BA,demais municipios,A,22820
4,2913804,Ipecaetá (BA),BA,demais municipios,C,9191
4,2914000,Ipirá (BA),BA,demais municipios,A,43004
4,2914208,Irajuba (BA),BA,demais municipios,C,4454
4,2915205,Itagibá (BA),BA,demais municipios,C,9679
4,2915304,Itagimirim (BA),BA,demais municipios,C,4181
4,2915403,Itaju do Colônia (BA),BA,demais municipios,C,4200
4,2915700,Itamari (BA),BA,demais municipios,C,5095
4,2916500,Itapicuru (BA),BA,demais municipios,A,23712
4,2916708,Itaquara (BA),BA,demais municipios,C,5130
4,2916807,Itarantim (BA),BA,demais municipios,C,11041
4,2916856,Itatim (BA),BA,demais municipios,C,9726
4,2917102,Itororó (BA),BA,demais municipios,C,11377
4,2917607,Jaguaquara (BA),BA,demais municipios,A,28572
4,2918209,Jiquiriçá (BA),BA,demais municipios,C,9883
4,2918308,Jitaúna (BA),BA,demais municipios,C,9298
4,2918456,Jucuruçu (BA),BA,demais municipios,C,7629
4,2918902,Lajedão (BA),BA,demais municipios,C,2694
4,2919108,Lamarão (BA),BA,demais municipios,C,6414
4,2921104,Medeiros Neto (BA),BA,demais municipios,B,13785
4,2921302,Milagres (BA),BA,demais municipios,C,6914
4,2922755,Nova Ibiá (BA),BA,demais municipios,C,4581
4,2922805,Nova Itarana (BA),BA,demais municipios,C,5511
4,2923100,Olindina (BA),BA,demais municipios,B,14337
4,2923308,Ouriçangas (BA),BA,demais municipios,C,5794
4,2923803,Paripiranga (BA),BA,demais municipios,A,20320
4,2923902,Pau Brasil (BA),BA,demais municipios,C,7169
4,2925402,Potiraguá (BA),BA,demais municipios,C,5991
4,2925956,Rafael Jambeiro (BA),BA,demais municipios,B,14238
4,2926301,Riachão do Jacuípe (BA),BA,demais municipios,A,24523
4,2927507,Santa Bárbara (BA),BA,demais municipios,B,13856
4,2927804,Santa Cruz da Vitória (BA),BA,demais municipios,C,3090
4,2927903,Santa Inês (BA),BA,demais municipios,C,6462
4,2928505,Santa Terezinha (BA),BA,demais municipios,C,8211
4,2928307,Santanópolis (BA),BA,demais municipios,C,6071
4,2930402,Serra Preta (BA),BA,demais municipios,C,11593
4,2929701,Sátiro Dias (BA),BA,demais municipios,B,12544
4,2931103,Tanquinho (BA),BA,demais municipios,C,4781
4,2932309,Ubatã (BA),BA,demais municipios,C,9626
4,2932101,Ubaíra (BA),BA,demais municipios,B,15347
4,2900405,Água Fria (BA),BA,demais municipios,C,11652
4,2300507,Alcântaras (CE),CE,demais municipios,C,7605
4,2300903,Apuiarés (CE),CE,demais municipios,C,8854
4,2301208,Aracoiaba (CE),CE,demais municipios,B,14669
4,2301406,Aratuba (CE),CE,demais municipios,C,6210
4,2302107,Baturité (CE),CE,demais municipios,B,18801
4,2302909,Capistrano (CE),CE,demais municipios,C,9491
4,2303006,Caridade (CE),CE,demais municipios,C,9426
4,2304004,Coreaú (CE),CE,demais municipios,B,13760
4,2304350,Forquilha (CE),CE,demais municipios,B,12190
4,2304509,Frecheirinha (CE),CE,demais municipios,C,8887
4,2304608,General Sampaio (CE),CE,demais municipios,C,4117
4,2305100,Guaramiranga (CE),CE,demais municipios,C,4170
4,2305266,Ibaretama (CE),CE,demais municipios,C,6791
4,2305332,Ibicuitinga (CE),CE,demais municipios,C,7353
4,2306108,Irauçuba (CE),CE,demais municipios,B,12714
4,2306504,Itapiúna (CE),CE,demais municipios,C,9263
4,2307601,Limoeiro do Norte (CE),CE,demais municipios,A,34536
4,2308005,Massapê (CE),CE,demais municipios,B,19963
4,2308203,Meruoca (CE),CE,demais municipios,C,8774
4,2308807,Moraújo (CE),CE,demais municipios,C,5464
4,2309102,Mulungu (CE),CE,demais municipios,C,5638
4,2309805,Pacoti (CE),CE,demais municipios,C,6252
4,2310407,Paramoti (CE),CE,demais municipios,C,6950
4,2312007,Santana do Acaraú (CE),CE,demais municipios,B,15941
4,2312502,São João do Jaguaribe (CE),CE,demais municipios,C,4575
4,2313104,Tabuleiro do Norte (CE),CE,demais municipios,A,20538
4,2313351,Tejuçuoca (CE),CE,demais municipios,C,10076
4,2313401,Tianguá (CE),CE,demais municipios,A,41698
4,2313609,Ubajara (CE),CE,demais municipios,B,18121
4,3200508,Apiacá (ES),ES,demais municipios,C,5013
4,3200805,Baixo Guandu (ES),ES,demais municipios,B,18220
4,3201100,Bom Jesus do Norte (ES),ES,demais municipios,C,6219
4,3201159,Brejetuba (ES),ES,demais municipios,C,8009
4,3201704,Conceição do Castelo (ES),ES,demais municipios,C,7637
4,3201803,Divino de São Lourenço (ES),ES,demais municipios,C,3802
4,3202108,Ecoporanga (ES),ES,demais municipios,B,16114
4,3202256,Governador Lindenberg (ES),ES,demais municipios,C,6924
4,3202306,Guaçuí (ES),ES,demais municipios,B,18383
4,3202454,Ibatiba (ES),ES,demais municipios,B,15538
4,3202553,Ibitirama (ES),ES,demais municipios,C,6831
4,3202702,Itaguaçu (ES),ES,demais municipios,C,9303
4,3202900,Itarana (ES),ES,demais municipios,C,6736
4,3203007,Iúna (ES),ES,demais municipios,B,18496
4,3203106,Jerônimo Monteiro (ES),ES,demais municipios,C,7323
4,3203163,Laranja da Terra (ES),ES,demais municipios,C,7421
4,3203601,Mucurici (ES),ES,demais municipios,C,4004
4,3203700,Muniz Freire (ES),ES,demais municipios,B,13559
4,3204005,Pancas (ES),ES,demais municipios,B,11907
4,3204252,Ponto Belo (ES),ES,demais municipios,C,4483
4,3204658,São Domingos do Norte (ES),ES,demais municipios,C,5224
4,3204708,São Gabriel da Palha (ES),ES,demais municipios,B,19161
4,3204807,São José do Calçado (ES),ES,demais municipios,C,7686
4,3205069,Venda Nova do Imigrante (ES),ES,demais municipios,B,13200
4,3205150,Vila Pavão (ES),ES,demais municipios,C,6553
4,3205176,Vila Valério (ES),ES,demais municipios,C,9190
4,3200136,Águia Branca (ES),ES,demais municipios,C,6323
4,2100808,Anapurus (MA),MA,demais municipios,C,6693
4,2101004,Arari (MA),MA,demais municipios,B,12881
4,2101731,Belágua (MA),MA,demais municipios,C,3328
4,2101970,Boa Vista do Gurupi (MA),MA,demais municipios,C,3667
4,2102101,Brejo (MA),MA,demais municipios,B,15378
4,2102507,Cajari (MA),MA,demais municipios,C,7320
4,2102705,Cantanhede (MA),MA,demais municipios,C,8373
4,2103174,Centro Novo do Maranhão (MA),MA,demais municipios,C,7656
4,2103158,Centro do Guilherme (MA),MA,demais municipios,C,5473
4,2103554,Conceição do Lago-Açu (MA),MA,demais municipios,C,6162
4,2105153,Igarapé do Meio (MA),MA,demais municipios,C,5852
4,2105658,Junco do Maranhão (MA),MA,demais municipios,C,2831
4,2106326,Maracaçumé (MA),MA,demais municipios,C,9192
4,2106375,Maranhãozinho (MA),MA,demais municipios,C,5045
4,2106631,Matões do Norte (MA),MA,demais municipios,C,5019
4,2106672,Milagres do Maranhão (MA),MA,demais municipios,C,4052
4,2106755,Miranda do Norte (MA),MA,demais municipios,C,8350
4,2106904,Monção (MA),MA,demais municipios,B,11893
4,2107209,Nina Rodrigues (MA),MA,demais municipios,C,4361
4,2108256,Pedro do Rosário (MA),MA,demais municipios,C,9460
4,2108306,Penalva (MA),MA,demais municipios,B,15044
4,2108801,Pirapemas (MA),MA,demais municipios,C,7102
4,2109239,Presidente Médici (MA),MA,demais municipios,C,2274
4,2109270,Presidente Sarney (MA),MA,demais municipios,C,8380
4,2109304,Presidente Vargas (MA),MA,demais municipios,C,4185
4,2110039,Santa Luzia do Paruá (MA),MA,demais municipios,C,11431
4,2110104,Santa Quitéria do Maranhão (MA),MA,demais municipios,C,10031
4,2110401,São Benedito do Rio Preto (MA),MA,demais municipios,C,8177
4,2112605,Urbano Santos (MA),MA,demais municipios,B,14571
4,2112704,Vargem Grande (MA),MA,demais municipios,B,19653
4,2112902,Vitória do Mearim (MA),MA,demais municipios,B,15347
4,3101201,Aiuruoca (MG),MG,demais municipios,C,5037
4,3101300,Alagoa (MG),MG,demais municipios,C,2226
4,3104908,Baependi (MG),MG,demais municipios,C,11539
4,3106101,Belmiro Braga (MG),MG,demais municipios,C,2375
4,3106903,Bicas (MG),MG,demais municipios,C,8687
4,3107208,Bocaina de Minas (MG),MG,demais municipios,C,6013
4,3107505,Bom Jardim de Minas (MG),MG,demais municipios,C,5455
4,3110509,Camanducaia (MG),MG,demais municipios,B,18186
4,3114808,Carvalhos (MG),MG,demais municipios,C,3571
4,3116209,Chiador (MG),MG,demais municipios,C,2092
4,3121100,Delfim Moreira (MG),MG,demais municipios,C,5860
4,3124609,Estrela Dalva (MG),MG,demais municipios,C,1795
4,3128501,Guarará (MG),MG,demais municipios,C,1912
4,3133006,Itamonte (MG),MG,demais municipios,C,9679
4,3133105,Itanhandu (MG),MG,demais municipios,C,8385
4,3138500,Liberdade (MG),MG,demais municipios,C,4204
4,3139805,Mar de Espanha (MG),MG,demais municipios,C,8002
4,3139904,Maria da Fé (MG),MG,demais municipios,C,7641
4,3140407,Marmelópolis (MG),MG,demais municipios,C,2446
4,3140803,Matias Barbosa (MG),MG,demais municipios,C,8075
4,3144300,Nanuque (MG),MG,demais municipios,A,20906
4,3147600,Passa Quatro (MG),MG,demais municipios,C,9092
4,3147808,Passa Vinte (MG),MG,demais municipios,C,1999
4,3149507,Pequeri (MG),MG,demais municipios,C,2150
4,3150901,Piranguçu (MG),MG,demais municipios,C,4012
4,3151107,Pirapetinga (MG),MG,demais municipios,C,6422
4,3152600,Pouso Alto (MG),MG,demais municipios,C,4626
4,3155900,Rio Preto (MG),MG,demais municipios,C,4021
4,3157104,Salto da Divisa (MG),MG,demais municipios,C,3374
4,3157278,Santa Bárbara do Monte Verde (MG),MG,demais municipios,C,2892
4,3159308,Santa Rita de Jacutinga (MG),MG,demais municipios,C,4342
4,3158607,Santana do Deserto (MG),MG,demais municipios,C,2348
4,3160009,Santo Antônio do Aventureiro (MG),MG,demais municipios,C,2656
4,3165404,Sapucaí-Mirim (MG),MG,demais municipios,C,4876
4,3165602,Senador Cortes (MG),MG,demais municipios,C,1379
4,3166709,Serra dos Aimorés (MG),MG,demais municipios,C,4229
4,3167509,Simão Pereira (MG),MG,demais municipios,C,2033
4,3164902,São Sebastião do Rio Verde (MG),MG,demais municipios,C,1901
4,3171709,Virgínia (MG),MG,demais municipios,C,6524
4,3172103,Volta Grande (MG),MG,demais municipios,C,2926
4,3172202,Wenceslau Braz (MG),MG,demais municipios,C,1535
4,1500206,Acará (PA),PA,demais municipios,A,29988
4,1501303,Barcarena (PA),PA,demais municipios,A,61426
4,1501501,Benevides (PA),PA,demais municipios,A,32537
4,1501907,Bujaru (PA),PA,demais municipios,B,13082
4,1501956,Cachoeira do Piriá (PA),PA,demais municipios,C,9472
4,1503101,Gurupá (PA),PA,demais municipios,C,11023
4,1503408,Inhangapi (PA),PA,demais municipios,C,5134
4,1503507,Irituia (PA),PA,demais municipios,B,15928
4,1504901,Muaná (PA),PA,demais municipios,B,17166
4,1505403,Ourém (PA),PA,demais municipios,C,9128
4,1506351,Santa Bárbara do Pará (PA),PA,demais municipios,B,12218
4,1506500,Santa Izabel do Pará (PA),PA,demais municipios,A,33801
4,1506609,Santa Maria do Pará (PA),PA,demais municipios,B,13298
4,1507607,São Miguel do Guamá (PA),PA,demais municipios,A,25130
4,1507706,São Sebastião da Boa Vista (PA),PA,demais municipios,C,11039
4,2500304,Alagoa Grande (PB),PB,demais municipios,B,14333
4,2500403,Alagoa Nova (PB),PB,demais municipios,B,12039
4,2500502,Alagoinha (PB),PB,demais municipios,C,7467
4,2500577,Algodão de Jandaíra (PB),PB,demais municipios,C,2013
4,2500908,Arara (PB),PB,demais municipios,C,7718
4,2501005,Araruna (PB),PB,demais municipios,C,10827
4,2501104,Areia (PB),PB,demais municipios,B,12804
4,2501302,Aroeiras (PB),PB,demais municipios,B,12180
4,2501500,Bananeiras (PB),PB,demais municipios,B,14198
4,2501906,Belém (PB),PB,demais municipios,C,9397
4,2502706,Borborema (PB),PB,demais municipios,C,2646
4,2503506,Cacimba de Dentro (PB),PB,demais municipios,C,10729
4,2504157,Casserengue (PB),PB,demais municipios,C,4845
4,2505204,Cuitegi (PB),PB,demais municipios,C,3442
4,2505352,Damião (PB),PB,demais municipios,C,3354
4,2505709,Dona Inês (PB),PB,demais municipios,C,6234
4,2506004,Esperança (PB),PB,demais municipios,B,17695
4,2506103,Fagundes (PB),PB,demais municipios,C,6932
4,2506251,Gado Bravo (PB),PB,demais municipios,C,5399
4,2506400,Gurinhém (PB),PB,demais municipios,C,7010
4,2506806,Ingá (PB),PB,demais municipios,C,10008
4,2507200,Itatuba (PB),PB,demais municipios,C,5536
4,2507606,Juarez Távora (PB),PB,demais municipios,C,4451
4,2509206,Massaranduba (PB),PB,demais municipios,C,8750
4,2509339,Matinhas (PB),PB,demais municipios,C,2694
4,2509404,Mogeiro (PB),PB,demais municipios,C,8149
4,2509909,Natuba (PB),PB,demais municipios,C,5598
4,2511608,Pilões (PB),PB,demais municipios,C,3630
4,2511707,Pilõezinhos (PB),PB,demais municipios,C,2718
4,2511806,Pirpirituba (PB),PB,demais municipios,C,5073
4,2512705,Remígio (PB),PB,demais municipios,C,10223
4,2512747,Riachão (PB),PB,demais municipios,C,1833
4,2512754,Riachão do Bacamarte (PB),PB,demais municipios,C,2684
4,2513109,Salgado de São Félix (PB),PB,demais municipios,C,6874
4,2515807,Serra Redonda (PB),PB,demais municipios,C,4224
4,2515609,Serra da Raiz (PB),PB,demais municipios,C,1809
4,2515906,Serraria (PB),PB,demais municipios,C,2824
4,2516003,Solânea (PB),PB,demais municipios,B,15779
4,2514453,São José dos Ramos (PB),PB,demais municipios,C,3228
4,2517001,Umbuzeiro (PB),PB,demais municipios,C,5063
4,2600302,Agrestina (PE),PE,demais municipios,B,14642
4,2600807,Altinho (PE),PE,demais municipios,B,14366
4,2601003,Angelim (PE),PE,demais municipios,C,6139
4,2601300,Barra de Guabiraba (PE),PE,demais municipios,C,6708
4,2601508,Belém de Maria (PE),PE,demais municipios,C,7143
4,2601904,Bezerros (PE),PE,demais municipios,A,39958
4,2602100,Bom Conselho (PE),PE,demais municipios,A,26255
4,2602209,Bom Jardim (PE),PE,demais municipios,A,22853
4,2602308,Bonito (PE),PE,demais municipios,A,22092
4,2603504,Camocim de São Félix (PE),PE,demais municipios,C,10213
4,2603702,Canhotinho (PE),PE,demais municipios,B,12975
4,2604155,Casinhas (PE),PE,demais municipios,C,6409
4,2604205,Catende (PE),PE,demais municipios,B,16815
4,2604502,Chã Grande (PE),PE,demais municipios,B,12507
4,2604700,Correntes (PE),PE,demais municipios,C,9363
4,2604908,Cumaru (PE),PE,demais municipios,C,11286
4,2605004,Cupira (PE),PE,demais municipios,B,14515
4,2606408,Gravatá (PE),PE,demais municipios,A,62164
4,2607950,Jaqueira (PE),PE,demais municipios,C,5077
4,2608107,João Alfredo (PE),PE,demais municipios,B,19734
4,2608404,Jurema (PE),PE,demais municipios,C,10131
4,2608602,Lagoa do Ouro (PE),PE,demais municipios,C,8245
4,2608701,Lagoa dos Gatos (PE),PE,demais municipios,C,9695
4,2609006,Macaparana (PE),PE,demais municipios,B,11960
4,2609105,Machados (PE),PE,demais municipios,C,6164
4,2609204,Maraial (PE),PE,demais municipios,C,5572
4,2609709,Orobó (PE),PE,demais municipios,B,14059
4,2610103,Palmeirina (PE),PE,demais municipios,C,4686
4,2610202,Panelas (PE),PE,demais municipios,B,15469
4,2610509,Passira (PE),PE,demais municipios,B,17895
4,2611507,Quipapá (PE),PE,demais municipios,C,10910
4,2611705,Riacho das Almas (PE),PE,demais municipios,B,16259
4,2612000,Sairé (PE),PE,demais municipios,C,8396
4,2612109,Salgadinho (PE),PE,demais municipios,C,3666
4,2612901,São Benedito do Sul (PE),PE,demais municipios,C,7118
4,2613305,São Joaquim do Monte (PE),PE,demais municipios,C,11617
4,2613206,São João (PE),PE,demais municipios,B,14032
4,2613800,São Vicente Férrer (PE),PE,demais municipios,C,9115
4,2616183,Vertente do Lério (PE),PE,demais municipios,C,5116
4,2201507,Batalha (PI),PI,demais municipios,B,14984
4,2202539,Caraúbas do Piauí (PI),PI,demais municipios,C,4165
4,2202729,Cocal dos Alves (PI),PI,demais municipios,C,4719
4,2205409,Joaquim Pires (PI),PI,demais municipios,C,8641
4,2205458,Joca Marques (PI),PI,demais municipios,C,2498
4,2205805,Luzilândia (PI),PI,demais municipios,B,13667
4,2205854,Madeiro (PI),PI,demais municipios,C,3840
4,2206670,Morro do Chapéu do Piauí (PI),PI,demais municipios,C,3748
4,2206696,Murici dos Portelas (PI),PI,demais municipios,C,5380
4,2208304,Piracuruca (PI),PI,demais municipios,B,17943
4,2210052,São José do Divino (PI),PI,demais municipios,C,2905
4,2209872,São João da Fronteira (PI),PI,demais municipios,C,3623
4,4100301,Agudos do Sul (PR),PR,demais municipios,C,6469
4,4102307,Balsa Nova (PR),PR,demais municipios,C,7063
4,4104105,Campo do Tenente (PR),PR,demais municipios,C,3901
4,4105201,Cerro Azul (PR),PR,demais municipios,C,10974
4,4106209,Contenda (PR),PR,demais municipios,C,10417
4,4128633,Doutor Ulysses (PR),PR,demais municipios,C,4452
4,4111258,Itaperuçu (PR),PR,demais municipios,B,14854
4,4113205,Lapa (PR),PR,demais municipios,A,26823
4,4114302,Mandirituba (PR),PR,demais municipios,B,17763
4,4119103,Piên (PR),PR,demais municipios,C,7969
4,4121208,Quitandinha (PR),PR,demais municipios,B,12051
4,4122206,Rio Branco do Sul (PR),PR,demais municipios,B,17705
4,4122305,Rio Negro (PR),PR,demais municipios,B,15945
4,3300159,Aperibé (RJ),RJ,demais municipios,C,6964
4,3300605,Bom Jesus do Itabapoana (RJ),RJ,demais municipios,A,22552
4,3300902,Cambuci (RJ),RJ,demais municipios,C,10414
4,3301108,Cantagalo (RJ),RJ,demais municipios,B,11797
4,3301207,Carmo (RJ),RJ,demais municipios,C,10244
4,3300951,Comendador Levy Gasparian (RJ),RJ,demais municipios,C,4770
4,3301504,Cordeiro (RJ),RJ,demais municipios,C,11508
4,3301603,Duas Barras (RJ),RJ,demais municipios,C,7238
4,3302056,Italva (RJ),RJ,demais municipios,C,8891
4,3302106,Itaocara (RJ),RJ,demais municipios,B,16305
4,3302452,Macuco (RJ),RJ,demais municipios,C,2943
4,3303104,Natividade (RJ),RJ,demais municipios,C,9766
4,3304508,Rio das Flores (RJ),RJ,demais municipios,C,4860
4,3305406,Sapucaia (RJ),RJ,demais municipios,B,11829
4,3305703,Sumidouro (RJ),RJ,demais municipios,C,10078
4,3304805,São Fidélis (RJ),RJ,demais municipios,A,26492
4,3305133,São José de Ubá (RJ),RJ,demais municipios,C,4959
4,3305307,São Sebastião do Alto (RJ),RJ,demais municipios,C,5518
4,3306156,Varre-Sai (RJ),RJ,demais municipios,C,7191
4,2401008,Apodi (RN),RN,demais municipios,A,23024
4,2401503,Barcelona (RN),RN,demais municipios,C,2391
4,2401651,Bodó (RN),RN,demais municipios,C,1522
4,2401909,Caiçara do Rio do Vento (RN),RN,demais municipios,C,1818
4,2401305,Campo Grande (RN),RN,demais municipios,C,5447
4,2402303,Caraúbas (RN),RN,demais municipios,B,11739
4,2402709,Cerro Corá (RN),RN,demais municipios,C,6949
4,2403707,Felipe Guerra (RN),RN,demais municipios,C,3506
4,2403756,Fernando Pedroza (RN),RN,demais municipios,C,1684
4,2404309,Governador Dix-Sept Rosado (RN),RN,demais municipios,C,6911
4,2404853,Itajá (RN),RN,demais municipios,C,3884
4,2405405,Japi (RN),RN,demais municipios,C,3674
4,2406106,Jucurutu (RN),RN,demais municipios,C,11032
4,2406205,Lagoa d'Anta (RN),RN,demais municipios,C,4169
4,2406403,Lagoa de Velhos (RN),RN,demais municipios,C,1563
4,2407906,Monte das Gameleiras (RN),RN,demais municipios,C,1980
4,2408706,Paraú (RN),RN,demais municipios,C,2179
4,2409100,Passa e Fica (RN),RN,demais municipios,C,6391
4,2410900,Riachuelo (RN),RN,demais municipios,C,3863
4,2411106,Ruy Barbosa (RN),RN,demais municipios,C,2506
4,2411403,Santana do Matos (RN),RN,demais municipios,C,8727
4,2410306,Serra Caiada (RN),RN,demais municipios,C,5358
4,2413300,Serra de São Bento (RN),RN,demais municipios,C,4161
4,2412302,São José do Campestre (RN),RN,demais municipios,C,6624
4,2412807,São Rafael (RN),RN,demais municipios,C,4592
4,2412906,São Tomé (RN),RN,demais municipios,C,6009
4,2413706,Sítio Novo (RN),RN,demais municipios,C,3253
4,2414001,Tangará (RN),RN,demais municipios,C,7983
4,2414456,Triunfo Potiguar (RN),RN,demais municipios,C,1910
4,2414605,Upanema (RN),RN,demais municipios,C,7581
4,4300570,Alto Feliz (RS),RS,demais municipios,C,2547
4,4300877,Araricá (RS),RS,demais municipios,C,4252
4,4301008,Arroio do Meio (RS),RS,demais municipios,B,12485
4,4301651,Barão (RS),RS,demais municipios,C,4214
4,4302253,Boa Vista do Sul (RS),RS,demais municipios,C,2121
4,4302303,Bom Jesus (RS),RS,demais municipios,C,7134
4,4302352,Bom Princípio (RS),RS,demais municipios,C,7671
4,4302402,Bom Retiro do Sul (RS),RS,demais municipios,C,7246
4,4302659,Brochier (RS),RS,demais municipios,C,4276
4,4302709,Butiá (RS),RS,demais municipios,C,10683
4,4304408,Canela (RS),RS,demais municipios,A,28207
4,4305587,Colinas (RS),RS,demais municipios,C,1581
4,4305934,Coronel Pilar (RS),RS,demais municipios,C,1481
4,4306205,Cruzeiro do Sul (RS),RS,demais municipios,C,7381
4,4306502,Dom Feliciano (RS),RS,demais municipios,C,10454
4,4306908,Encruzilhada do Sul (RS),RS,demais municipios,B,15546
4,4307807,Estrela (RS),RS,demais municipios,B,18082
4,4307906,Farroupilha (RS),RS,demais municipios,A,38143
4,4308078,Fazenda Vilanova (RS),RS,demais municipios,C,2823
4,4308102,Feliz (RS),RS,demais municipios,C,8375
4,4308201,Flores da Cunha (RS),RS,demais municipios,B,17985
4,4307104,Herval (RS),RS,demais municipios,C,5599
4,4310108,Igrejinha (RS),RS,demais municipios,B,18173
4,4310363,Imigrante (RS),RS,demais municipios,C,1941
4,4311007,Jaguarão (RS),RS,demais municipios,B,16368
4,4311122,Jaquirana (RS),RS,demais municipios,C,3207
4,4311643,Linha Nova (RS),RS,demais municipios,C,1560
4,4311791,Maratá (RS),RS,demais municipios,C,2408
4,4312252,Minas do Leão (RS),RS,demais municipios,C,3924
4,4312385,Monte Belo do Sul (RS),RS,demais municipios,C,1987
4,4312476,Morro Reuter (RS),RS,demais municipios,C,3613
4,4313060,Nova Hartz (RS),RS,demais municipios,C,10465
4,4313201,Nova Petrópolis (RS),RS,demais municipios,B,14094
4,4313953,Pantano Grande (RS),RS,demais municipios,C,5746
4,4314050,Parobé (RS),RS,demais municipios,A,27195
4,4314076,Passo do Sobrado (RS),RS,demais municipios,C,4272
4,4314159,Paverama (RS),RS,demais municipios,C,6122
4,4314423,Picada Café (RS),RS,demais municipios,C,3381
4,4314548,Pinto Bandeira (RS),RS,demais municipios,C,1953
4,4314605,Piratini (RS),RS,demais municipios,B,14639
4,4314753,Poço das Antas (RS),RS,demais municipios,C,1548
4,4315701,Rio Pardo (RS),RS,demais municipios,A,21235
4,4315800,Roca Sales (RS),RS,demais municipios,C,6293
4,4316501,Salvador do Sul (RS),RS,demais municipios,C,4066
4,4316956,Santa Maria do Herval (RS),RS,demais municipios,C,4083
4,4317251,Santa Tereza (RS),RS,demais municipios,C,1284
4,4318622,São José dos Ausentes (RS),RS,demais municipios,C,2936
4,4319356,São Pedro da Serra (RS),RS,demais municipios,C,1862
4,4319752,São Vendelino (RS),RS,demais municipios,C,1295
4,4320859,Tabaí (RS),RS,demais municipios,C,3389
4,4321451,Teutônia (RS),RS,demais municipios,B,17864
4,4321709,Três Coroas (RS),RS,demais municipios,B,13527
4,4322251,Tupandi (RS),RS,demais municipios,C,3299
4,4322541,Vale Real (RS),RS,demais municipios,C,3539
4,4322525,Vale Verde (RS),RS,demais municipios,C,2616
4,4322608,Venâncio Aires (RS),RS,demais municipios,A,39144
4,4323770,Westfália (RS),RS,demais municipios,C,1848
4,4200705,Alfredo Wagner (SC),SC,demais municipios,C,10115
4,4201257,Apiúna (SC),SC,demais municipios,C,5336
4,4201703,Ascurra (SC),SC,demais municipios,C,4243
4,4201901,Aurora (SC),SC,demais municipios,C,4309
4,4202206,Benedito Novo (SC),SC,demais municipios,C,6276
4,4202602,Bom Retiro (SC),SC,demais municipios,C,5976
4,4204194,Chapadão do Lageado (SC),SC,demais municipios,C,2072
4,4204509,Corupá (SC),SC,demais municipios,C,8892
4,4205159,Doutor Pedrinho (SC),SC,demais municipios,C,2336
4,4206108,Grão-Pará (SC),SC,demais municipios,C,4130
4,4207403,Imbuia (SC),SC,demais municipios,C,4234
4,4207502,Indaial (SC),SC,demais municipios,A,34854
4,4209151,José Boiteux (SC),SC,demais municipios,C,3259
4,4209805,Leoberto Leal (SC),SC,demais municipios,C,2796
4,4209904,Lontras (SC),SC,demais municipios,C,7369
4,4214102,Presidente Nereu (SC),SC,demais municipios,C,1811
4,4215000,Rio Negrinho (SC),SC,demais municipios,B,18971
4,4214706,Rio dos Cedros (SC),SC,demais municipios,C,6969
4,4215109,Rodeio (SC),SC,demais municipios,C,6262
4,4216503,São Joaquim (SC),SC,demais municipios,B,15895
4,4218202,Timbó (SC),SC,demais municipios,A,21801
4,4218905,Urubici (SC),SC,demais municipios,C,7935
4,4219200,Vidal Ramos (SC),SC,demais municipios,C,4904
4,2800100,Amparo do São Francisco (SE),SE,demais municipios,C,1250
4,2801108,Canhoba (SE),SE,demais municipios,C,2559
4,2801405,Carira (SE),SE,demais municipios,B,13877
4,2802205,Feira Nova (SE),SE,demais municipios,C,4161
4,2802304,Frei Paulo (SE),SE,demais municipios,C,9049
4,2802403,Gararu (SE),SE,demais municipios,C,8268
4,2802601,Graccho Cardoso (SE),SE,demais municipios,C,4519
4,2803104,Itabi (SE),SE,demais municipios,C,3781
4,2803708,Macambira (SE),SE,demais municipios,C,4466
4,2804201,Monte Alegre de Sergipe (SE),SE,demais municipios,C,8867
4,2804458,Nossa Senhora Aparecida (SE),SE,demais municipios,C,7445
4,2804706,Nossa Senhora de Lourdes (SE),SE,demais municipios,C,3991
4,2805000,Pedra Mole (SE),SE,demais municipios,C,1839
4,2805208,Pinhão (SE),SE,demais municipios,C,3977
4,2805604,Porto da Folha (SE),SE,demais municipios,A,20691
4,2805505,Poço Verde (SE),SE,demais municipios,B,15290
4,2806008,Ribeirópolis (SE),SE,demais municipios,B,12520
4,2807105,Simão Dias (SE),SE,demais municipios,A,26375
4,2806800,São Domingos (SE),SE,demais municipios,C,7084
4,2807006,São Miguel do Aleixo (SE),SE,demais municipios,C,2997
4,2807402,Tobias Barreto (SE),SE,demais municipios,A,30938
4,3501152,Alumínio (SP),SP,demais municipios,C,8832
4,3502507,Aparecida (SP),SP,demais municipios,B,16985
4,3502705,Apiaí (SP),SP,demais municipios,B,13397
4,3502754,Araçariguama (SP),SP,demais municipios,B,11812
4,3504107,Atibaia (SP),SP,demais municipios,A,88529
4,3507100,Bom Jesus dos Perdões (SP),SP,demais municipios,B,12428
4,3508405,Cabreúva (SP),SP,demais municipios,A,22186
4,3509601,Campo Limpo Paulista (SP),SP,demais municipios,A,35750
4,3509700,Campos do Jordão (SP),SP,demais municipios,A,31415
4,3510203,Capão Bonito (SP),SP,demais municipios,A,23981
4,3508504,Caçapava (SP),SP,demais municipios,A,46784
4,3516309,Francisco Morato (SP),SP,demais municipios,A,73395
4,3516408,Franco da Rocha (SP),SP,demais municipios,A,65197
4,3517604,Guapiara (SP),SP,demais municipios,C,10414
4,3520202,Igaratá (SP),SP,demais municipios,C,8214
4,3521200,Iporanga (SP),SP,demais municipios,C,2846
4,3522158,Itaoca (SP),SP,demais municipios,C,2181
4,3522653,Itapirapuã Paulista (SP),SP,demais municipios,C,2727
4,3523404,Itatiba (SP),SP,demais municipios,A,59910
4,3523909,Itu (SP),SP,demais municipios,A,86532
4,3525201,Jarinu (SP),SP,demais municipios,A,22145
4,3525508,Joanópolis (SP),SP,demais municipios,C,7980
4,3526605,Lavrinhas (SP),SP,demais municipios,C,3450
4,3528403,Mairinque (SP),SP,demais municipios,A,31526
4,3531704,Monteiro Lobato (SP),SP,demais municipios,C,3429
4,3532405,Nazaré Paulista (SP),SP,demais municipios,B,14353
4,3537800,Piedade (SP),SP,demais municipios,A,34166
4,3537909,Pilar do Sul (SP),SP,demais municipios,B,16102
4,3538006,Pindamonhangaba (SP),SP,demais municipios,A,79431
4,3538501,Piquete (SP),SP,demais municipios,C,6796
4,3538600,Piracaia (SP),SP,demais municipios,B,15711
4,3539103,Pirapora do Bom Jesus (SP),SP,demais municipios,C,9299
4,3540754,Potim (SP),SP,demais municipios,C,7908
4,3541901,Queluz (SP),SP,demais municipios,C,4777
4,3542800,Ribeira (SP),SP,demais municipios,C,2196
4,3543006,Ribeirão Branco (SP),SP,demais municipios,C,10716
4,3543253,Ribeirão Grande (SP),SP,demais municipios,C,4490
4,3544301,Roseira (SP),SP,demais municipios,C,5229
4,3545308,Salto de Pirapora (SP),SP,demais municipios,A,25103
4,3548203,Santo Antônio do Pinhal (SP),SP,demais municipios,C,5401
4,3551108,Sarapuí (SP),SP,demais municipios,C,7009
4,3548609,São Bento do Sapucaí (SP),SP,demais municipios,C,7976
4,3550209,São Miguel Arcanjo (SP),SP,demais municipios,B,18637
4,3550605,São Roque (SP),SP,demais municipios,A,43666
4,3553500,Tapiraí (SP),SP,demais municipios,C,5019
4,3554805,Tremembé (SP),SP,demais municipios,A,20903
4,3556453,Vargem Grande Paulista (SP),SP,demais municipios,A,25111
4,3557006,Votorantim (SP),SP,demais municipios,A,58052
4,3556503,Várzea Paulista (SP),SP,demais municipios,A,51194
5,2702405,Delmiro Gouveia (AL),AL,capital de imediata,A,28970
5,2706406,Pão de Açúcar (AL),AL,capital de imediata,B,13358
5,2708006,Santana do Ipanema (AL),AL,capital de imediata,A,25795
5,1600279,Laranjal do Jari (AP),AP,capital de imediata,B,16403
5,2903904,Bom Jesus da Lapa (BA),BA,capital de imediata,A,35621
5,2904605,Brumado (BA),BA,capital de imediata,A,43837
5,2908408,Conceição do Coité (BA),BA,capital de imediata,A,48925
5,2907806,Cícero Dantas (BA),BA,capital de imediata,A,23797
5,2910701,Euclides da Cunha (BA),BA,capital de imediata,A,39780
5,2914703,Itaberaba (BA),BA,capital de imediata,A,37817
5,2917508,Jacobina (BA),BA,capital de imediata,A,55751
5,2918100,Jeremoabo (BA),BA,capital de imediata,A,26091
5,2926608,Ribeira do Pombal (BA),BA,capital de imediata,A,36594
5,2929909,Seabra (BA),BA,capital de imediata,A,31227
5,2930105,Senhor do Bonfim (BA),BA,capital de imediata,A,44380
5,2933604,Xique-Xique (BA),BA,capital de imediata,A,23269
5,2302503,Brejo Santo (CE),CE,capital de imediata,A,25195
5,2305407,Icó (CE),CE,capital de imediata,A,35756
5,2312304,São Benedito (CE),CE,capital de imediata,A,25965
5,2313302,Tauá (CE),CE,capital de imediata,A,35351
5,2100055,Açailândia (MA),MA,capital de imediata,A,55240
5,2101202,Bacabal (MA),MA,capital de imediata,A,47761
5,2101608,Barra do Corda (MA),MA,capital de imediata,A,47262
5,2103307,Codó (MA),MA,capital de imediata,A,52008
5,2103505,Colinas (MA),MA,capital de imediata,A,20729
5,2108207,Pedreiras (MA),MA,capital de imediata,B,18630
5,2111102,São João dos Patos (MA),MA,capital de imediata,B,14967
5,2112209,Timon (MA),MA,capital de imediata,A,81809
5,3100203,Abaeté (MG),MG,capital de imediata,B,15412
5,3101102,Aimorés (MG),MG,capital de imediata,B,16737
5,3101706,Almenara (MG),MG,capital de imediata,A,23378
5,3103405,Araçuaí (MG),MG,capital de imediata,A,21296
5,3112307,Capelinha (MG),MG,capital de imediata,A,23974
5,3113305,Carangola (MG),MG,capital de imediata,A,20013
5,3113404,Caratinga (MG),MG,capital de imediata,A,53824
5,3123205,Dores do Indaiá (MG),MG,capital de imediata,C,9245
5,3124302,Espinosa (MG),MG,capital de imediata,B,19198
5,3135100,Janaúba (MG),MG,capital de imediata,A,38172
5,3139607,Mantena (MG),MG,capital de imediata,B,17248
5,3148707,Pedra Azul (MG),MG,capital de imediata,C,11527
5,3157005,Salinas (MG),MG,capital de imediata,A,26068
5,3100906,Águas Formosas (MG),MG,capital de imediata,C,11481
5,1500107,Abaetetuba (PA),PA,capital de imediata,A,70614
5,1500503,Almeirim (PA),PA,capital de imediata,B,15948
5,1502103,Cametá (PA),PA,capital de imediata,A,59410
5,1505304,Oriximiná (PA),PA,capital de imediata,A,28602
5,1505502,Paragominas (PA),PA,capital de imediata,A,46943
5,1508100,Tucuruí (PA),PA,capital de imediata,A,41530
5,2503704,Cajazeiras (PB),PB,capital de imediata,A,36996
5,2504306,Catolé do Rocha (PB),PB,capital de imediata,B,16019
5,2507002,Itaporanga (PB),PB,capital de imediata,B,13652
5,2509701,Monteiro (PB),PB,capital de imediata,A,23813
5,2512101,Pombal (PB),PB,capital de imediata,B,18367
5,2512309,Princesa Isabel (PB),PB,capital de imediata,B,13213
5,2516300,Sumé (PB),PB,capital de imediata,C,11347
5,2600104,Afogados da Ingazeira (PE),PE,capital de imediata,A,26982
5,2601102,Araripina (PE),PE,capital de imediata,A,56897
5,2601201,Arcoverde (PE),PE,capital de imediata,A,40157
5,2601706,Belo Jardim (PE),PE,capital de imediata,A,49708
5,2612208,Salgueiro (PE),PE,capital de imediata,A,34336
5,2200509,Amarante (PI),PI,capital de imediata,C,10836
5,2201200,Barras (PI),PI,capital de imediata,A,25621
5,2202208,Campo Maior (PI),PI,capital de imediata,A,25993
5,2207009,Oeiras (PI),PI,capital de imediata,A,25145
5,2208403,Piripiri (PI),PI,capital de imediata,A,34533
5,2211209,Uruçuí (PI),PI,capital de imediata,B,13094
5,2211308,Valença do Piauí (PI),PI,capital de imediata,B,13590
5,4118105,Paranacity (PR),PR,capital de imediata,C,5777
5,2403103,Currais Novos (RN),RN,capital de imediata,A,22394
5,2409407,Pau dos Ferros (RN),RN,capital de imediata,B,16613
5,1400209,Caracaraí (RR),RR,capital de imediata,C,11246
5,1400456,Pacaraima (RR),RR,capital de imediata,C,6495
5,1702208,Araguatins (TO),TO,capital de imediata,B,17564
5,1721208,Tocantinópolis (TO),TO,capital de imediata,C,10354
5,2911709,Guanambi (BA),BA,capital de intermediaria,A,56621
5,2918407,Juazeiro (BA),BA,capital de intermediaria,A,127731
5,2304103,Crateús (CE),CE,capital de intermediaria,A,42352
5,2311306,Quixadá (CE),CE,capital de intermediaria,A,47650
5,2103000,Caxias (MA),MA,capital de intermediaria,A,73132
5,2109106,Presidente Dutra (MA),MA,capital de intermediaria,A,23443
5,2109908,Santa Inês (MA),MA,capital de intermediaria,A,40810
5,1500602,Altamira (PA),PA,capital de intermediaria,A,68919
5,1504208,Marabá (PA),PA,capital de intermediaria,A,133020
5,1506807,Santarém (PA),PA,capital de intermediaria,A,146496
5,2510808,Patos (PB),PB,capital de intermediaria,A,54908
5,2516201,Sousa (PB),PB,capital de intermediaria,A,35020
5,2613909,Serra Talhada (PE),PE,capital de intermediaria,A,59039
5,2203909,Floriano (PI),PI,capital de intermediaria,A,32046
5,2402006,Caicó (RN),RN,capital de intermediaria,A,33784
5,2701209,Cacimbinhas (AL),AL,demais municipios,C,6184
5,2701605,Canapi (AL),AL,demais municipios,C,10703
5,2701803,Carneiros (AL),AL,demais municipios,C,5105
5,2702504,Dois Riachos (AL),AL,demais municipios,C,6117
5,2703304,Inhapi (AL),AL,demais municipios,C,8656
5,2703403,Jacaré dos Homens (AL),AL,demais municipios,C,3057
5,2703700,Jaramataia (AL),AL,demais municipios,C,2988
5,2704401,Major Isidoro (AL),AL,demais municipios,C,9687
5,2704609,Maravilha (AL),AL,demais municipios,C,6844
5,2705002,Mata Grande (AL),AL,demais municipios,B,14328
5,2705309,Minador do Negrão (AL),AL,demais municipios,C,2995
5,2705408,Monteirópolis (AL),AL,demais municipios,C,3923
5,2705705,Olho d'Água das Flores (AL),AL,demais municipios,B,12444
5,2705804,Olho d'Água do Casado (AL),AL,demais municipios,C,4899
5,2706000,Olivença (AL),AL,demais municipios,C,7540
5,2706109,Ouro Branco (AL),AL,demais municipios,C,7794
5,2706208,Palestina (AL),AL,demais municipios,C,2399
5,2706422,Pariconha (AL),AL,demais municipios,C,6367
5,2707107,Piranhas (AL),AL,demais municipios,B,12282
5,2707206,Poço das Trincheiras (AL),AL,demais municipios,C,7532
5,2708956,Senador Rui Palmeira (AL),AL,demais municipios,C,7317
5,2708402,São José da Tapera (AL),AL,demais municipios,B,16967
5,2700102,Água Branca (AL),AL,demais municipios,C,10226
5,1600154,Pedra Branca do Amapari (AP),AP,demais municipios,C,6296
5,1600055,Serra do Navio (AP),AP,demais municipios,C,2262
5,1600808,Vitória do Jari (AP),AP,demais municipios,C,5299
5,2900207,Abaré (BA),BA,demais municipios,C,10693
5,2900108,Abaíra (BA),BA,demais municipios,C,6935
5,2900355,Adustina (BA),BA,demais municipios,C,10856
5,2901155,América Dourada (BA),BA,demais municipios,C,10854
5,2901205,Anagé (BA),BA,demais municipios,B,18412
5,2901304,Andaraí (BA),BA,demais municipios,C,9403
5,2901353,Andorinha (BA),BA,demais municipios,B,12538
5,2901601,Antas (BA),BA,demais municipios,C,7424
5,2901809,Antônio Gonçalves (BA),BA,demais municipios,C,6336
5,2902005,Aracatu (BA),BA,demais municipios,B,12259
5,2902104,Araci (BA),BA,demais municipios,A,34784
5,2902609,Baixa Grande (BA),BA,demais municipios,B,13978
5,2902658,Banzaê (BA),BA,demais municipios,C,7229
5,2902708,Barra (BA),BA,demais municipios,A,27687
5,2902807,Barra da Estiva (BA),BA,demais municipios,B,17571
5,2902906,Barra do Choça (BA),BA,demais municipios,A,22200
5,2903003,Barra do Mendes (BA),BA,demais municipios,C,11587
5,2903235,Barro Alto (BA),BA,demais municipios,C,11525
5,2903276,Barrocas (BA),BA,demais municipios,C,10410
5,2903508,Belo Campo (BA),BA,demais municipios,C,11373
5,2903706,Boa Nova (BA),BA,demais municipios,C,9429
5,2903805,Boa Vista do Tupim (BA),BA,demais municipios,B,14539
5,2903953,Bom Jesus da Serra (BA),BA,demais municipios,C,6231
5,2904001,Boninal (BA),BA,demais municipios,C,9798
5,2904050,Bonito (BA),BA,demais municipios,B,12549
5,2904100,Boquira (BA),BA,demais municipios,B,13790
5,2904209,Botuporã (BA),BA,demais municipios,C,7657
5,2904407,Brejolândia (BA),BA,demais municipios,C,6681
5,2904506,Brotas de Macaúbas (BA),BA,demais municipios,C,9254
5,2904803,Caatiba (BA),BA,demais municipios,C,4180
5,2905008,Caculé (BA),BA,demais municipios,B,16202
5,2905156,Caetanos (BA),BA,demais municipios,C,7427
5,2905206,Caetité (BA),BA,demais municipios,A,33713
5,2905305,Cafarnaum (BA),BA,demais municipios,B,12085
5,2905503,Caldeirão Grande (BA),BA,demais municipios,C,8653
5,2906006,Campo Formoso (BA),BA,demais municipios,A,48622
5,2906204,Canarana (BA),BA,demais municipios,B,16720
5,2906600,Candiba (BA),BA,demais municipios,C,10653
5,2906808,Cansanção (BA),BA,demais municipios,A,23856
5,2906824,Canudos (BA),BA,demais municipios,B,11948
5,2906857,Capela do Alto Alegre (BA),BA,demais municipios,C,9323
5,2906873,Capim Grosso (BA),BA,demais municipios,A,24144
5,2906899,Caraíbas (BA),BA,demais municipios,C,8667
5,2907202,Casa Nova (BA),BA,demais municipios,A,41677
5,2907558,Caturama (BA),BA,demais municipios,C,7786
5,2905107,Caém (BA),BA,demais municipios,C,7647
5,2907608,Central (BA),BA,demais municipios,C,10186
5,2907707,Chorrochó (BA),BA,demais municipios,C,6252
5,2907905,Cipó (BA),BA,demais municipios,C,10568
5,2908705,Condeúba (BA),BA,demais municipios,B,12977
5,2908804,Contendas do Sincorá (BA),BA,demais municipios,C,3085
5,2909000,Cordeiros (BA),BA,demais municipios,C,5879
5,2909208,Coronel João Sá (BA),BA,demais municipios,B,11873
5,2909901,Curaçá (BA),BA,demais municipios,B,19757
5,2906709,Cândido Sales (BA),BA,demais municipios,B,16234
5,2910107,Dom Basílio (BA),BA,demais municipios,C,5941
5,2910404,Encruzilhada (BA),BA,demais municipios,B,13816
5,2910859,Filadélfia (BA),BA,demais municipios,C,11183
5,2910750,Fátima (BA),BA,demais municipios,B,13294
5,2911253,Gavião (BA),BA,demais municipios,C,4096
5,2911303,Gentio do Ouro (BA),BA,demais municipios,C,7688
5,2911402,Glória (BA),BA,demais municipios,C,9730
5,2911659,Guajeru (BA),BA,demais municipios,C,6265
5,2911857,Heliópolis (BA),BA,demais municipios,C,8911
5,2911907,Iaçu (BA),BA,demais municipios,B,16957
5,2912004,Ibiassucê (BA),BA,demais municipios,C,7900
5,2912202,Ibicoara (BA),BA,demais municipios,B,13147
5,2912400,Ibipeba (BA),BA,demais municipios,B,13744
5,2912509,Ibipitanga (BA),BA,demais municipios,C,11288
5,2912608,Ibiquera (BA),BA,demais municipios,C,2968
5,2913002,Ibitiara (BA),BA,demais municipios,B,11806
5,2913101,Ibititá (BA),BA,demais municipios,B,12225
5,2913200,Ibotirama (BA),BA,demais municipios,B,16282
5,2913408,Igaporã (BA),BA,demais municipios,C,8989
5,2914109,Ipupiara (BA),BA,demais municipios,C,7615
5,2914307,Iramaia (BA),BA,demais municipios,C,7710
5,2914406,Iraquara (BA),BA,demais municipios,B,18131
5,2915007,Itaeté (BA),BA,demais municipios,C,9725
5,2915106,Itagi (BA),BA,demais municipios,C,7705
5,2915353,Itaguaçu da Bahia (BA),BA,demais municipios,C,8840
5,2915809,Itambé (BA),BA,demais municipios,B,13426
5,2916005,Itanhém (BA),BA,demais municipios,B,12505
5,2916906,Itiruçu (BA),BA,demais municipios,C,6815
5,2917003,Itiúba (BA),BA,demais municipios,A,23732
5,2917201,Ituaçu (BA),BA,demais municipios,B,14393
5,2917334,Iuiu (BA),BA,demais municipios,C,6466
5,2917409,Jacaraci (BA),BA,demais municipios,C,11149
5,2917706,Jaguarari (BA),BA,demais municipios,A,21759
5,2918357,João Dourado (BA),BA,demais municipios,B,13556
5,2918506,Jussara (BA),BA,demais municipios,C,11695
5,2918605,Jussiape (BA),BA,demais municipios,C,6090
5,2918704,Lafaiete Coutinho (BA),BA,demais municipios,C,3431
5,2918753,Lagoa Real (BA),BA,demais municipios,C,9037
5,2919009,Lajedinho (BA),BA,demais municipios,C,3124
5,2919058,Lajedo do Tabocal (BA),BA,demais municipios,C,5435
5,2919157,Lapão (BA),BA,demais municipios,B,15821
5,2919306,Lençóis (BA),BA,demais municipios,C,7805
5,2919405,Licínio de Almeida (BA),BA,demais municipios,C,8392
5,2919504,Livramento de Nossa Senhora (BA),BA,demais municipios,A,26711
5,2919603,Macajuba (BA),BA,demais municipios,C,7757
5,2919702,Macarani (BA),BA,demais municipios,C,9859
5,2919801,Macaúbas (BA),BA,demais municipios,A,31514
5,2919900,Macururé (BA),BA,demais municipios,C,5675
5,2919959,Maetinga (BA),BA,demais municipios,C,5732
5,2920007,Maiquinique (BA),BA,demais municipios,C,5508
5,2920106,Mairi (BA),BA,demais municipios,B,12818
5,2920205,Malhada (BA),BA,demais municipios,C,10045
5,2920304,Malhada de Pedras (BA),BA,demais municipios,C,6311
5,2920403,Manoel Vitorino (BA),BA,demais municipios,C,10828
5,2920502,Maracás (BA),BA,demais municipios,B,17900
5,2920809,Marcionílio Souza (BA),BA,demais municipios,C,6543
5,2921054,Matina (BA),BA,demais municipios,C,7255
5,2921203,Miguel Calmon (BA),BA,demais municipios,B,19099
5,2921401,Mirangaba (BA),BA,demais municipios,C,11494
5,2921450,Mirante (BA),BA,demais municipios,C,7366
5,2921500,Monte Santo (BA),BA,demais municipios,A,40361
5,2921609,Morpará (BA),BA,demais municipios,C,5836
5,2921708,Morro do Chapéu (BA),BA,demais municipios,A,26042
5,2921807,Mortugaba (BA),BA,demais municipios,C,8972
5,2921906,Mucugê (BA),BA,demais municipios,C,9363
5,2922052,Mulungu do Morro (BA),BA,demais municipios,B,11853
5,2922102,Mundo Novo (BA),BA,demais municipios,B,14176
5,2922250,Muquém do São Francisco (BA),BA,demais municipios,C,7177
5,2922656,Nordestina (BA),BA,demais municipios,C,9490
5,2922706,Nova Canaã (BA),BA,demais municipios,C,10515
5,2922730,Nova Fátima (BA),BA,demais municipios,C,6874
5,2922854,Nova Redenção (BA),BA,demais municipios,C,6414
5,2922904,Nova Soure (BA),BA,demais municipios,B,16880
5,2923035,Novo Horizonte (BA),BA,demais municipios,C,7297
5,2923050,Novo Triunfo (BA),BA,demais municipios,C,5486
5,2923209,Oliveira dos Brejinhos (BA),BA,demais municipios,B,15641
5,2923357,Ourolândia (BA),BA,demais municipios,B,14358
5,2923407,Palmas de Monte Alto (BA),BA,demais municipios,B,15507
5,2923506,Palmeiras (BA),BA,demais municipios,C,7738
5,2923605,Paramirim (BA),BA,demais municipios,B,13893
5,2923704,Paratinga (BA),BA,demais municipios,B,16495
5,2924207,Pedro Alexandre (BA),BA,demais municipios,C,9150
5,2924306,Piatã (BA),BA,demais municipios,B,15138
5,2924405,Pilão Arcado (BA),BA,demais municipios,A,24394
5,2924504,Pindaí (BA),BA,demais municipios,C,10874
5,2924603,Pindobaçu (BA),BA,demais municipios,B,12810
5,2924652,Pintadas (BA),BA,demais municipios,C,7774
5,2924702,Piripá (BA),BA,demais municipios,C,7216
5,2924801,Piritiba (BA),BA,demais municipios,B,13215
5,2924900,Planaltino (BA),BA,demais municipios,C,6060
5,2925006,Planalto (BA),BA,demais municipios,B,15695
5,2925253,Ponto Novo (BA),BA,demais municipios,B,12630
5,2925105,Poções (BA),BA,demais municipios,A,29739
5,2925600,Presidente Dutra (BA),BA,demais municipios,B,11950
5,2925709,Presidente Jânio Quadros (BA),BA,demais municipios,C,9232
5,2924058,Pé de Serra (BA),BA,demais municipios,C,11020
5,2925808,Queimadas (BA),BA,demais municipios,B,17166
5,2925907,Quijingue (BA),BA,demais municipios,A,20128
5,2925931,Quixabeira (BA),BA,demais municipios,C,7918
5,2926004,Remanso (BA),BA,demais municipios,A,25933
5,2926103,Retirolândia (BA),BA,demais municipios,C,9815
5,2926400,Riacho de Santana (BA),BA,demais municipios,B,19543
5,2926509,Ribeira do Amparo (BA),BA,demais municipios,B,11964
5,2926657,Ribeirão do Largo (BA),BA,demais municipios,C,7609
5,2926707,Rio de Contas (BA),BA,demais municipios,C,9365
5,2926806,Rio do Antônio (BA),BA,demais municipios,C,11091
5,2926905,Rio do Pires (BA),BA,demais municipios,C,7040
5,2927101,Rodelas (BA),BA,demais municipios,C,5358
5,2927200,Ruy Barbosa (BA),BA,demais municipios,B,18538
5,2927606,Santa Brígida (BA),BA,demais municipios,B,12248
5,2928000,Santaluz (BA),BA,demais municipios,A,26235
5,2929800,Saúde (BA),BA,demais municipios,C,8074
5,2930006,Sebastião Laranjeiras (BA),BA,demais municipios,C,7498
5,2930204,Sento Sé (BA),BA,demais municipios,B,18602
5,2930154,Serra do Ramalho (BA),BA,demais municipios,A,20085
5,2930600,Serrolândia (BA),BA,demais municipios,C,10803
5,2930774,Sobradinho (BA),BA,demais municipios,B,13082
5,2930808,Souto Soares (BA),BA,demais municipios,B,13197
5,2928950,São Domingos (BA),BA,demais municipios,C,6204
5,2929255,São Gabriel (BA),BA,demais municipios,B,12242
5,2929370,São José do Jacuípe (BA),BA,demais municipios,C,8070
5,2930758,Sítio do Mato (BA),BA,demais municipios,C,7260
5,2930766,Sítio do Quinto (BA),BA,demais municipios,C,10745
5,2931004,Tanhaçu (BA),BA,demais municipios,B,15140
5,2931053,Tanque Novo (BA),BA,demais municipios,C,11699
5,2931301,Tapiramutá (BA),BA,demais municipios,C,8647
5,2931509,Teofilândia (BA),BA,demais municipios,B,15373
5,2931806,Tremedal (BA),BA,demais municipios,B,13006
5,2931905,Tucano (BA),BA,demais municipios,A,35859
5,2932002,Uauá (BA),BA,demais municipios,B,18627
5,2932408,Uibaí (BA),BA,demais municipios,C,9717
5,2932457,Umburanas (BA),BA,demais municipios,C,10794
5,2932606,Urandi (BA),BA,demais municipios,C,9788
5,2932804,Utinga (BA),BA,demais municipios,B,11845
5,2933000,Valente (BA),BA,demais municipios,B,17169
5,2933158,Várzea Nova (BA),BA,demais municipios,C,10525
5,2933059,Várzea da Roça (BA),BA,demais municipios,C,10004
5,2933109,Várzea do Poço (BA),BA,demais municipios,C,6908
5,2933406,Wagner (BA),BA,demais municipios,C,5703
5,2900504,Érico Cardoso (BA),BA,demais municipios,C,7620
5,2300101,Abaiara (CE),CE,demais municipios,C,6113
5,2300309,Acopiara (CE),CE,demais municipios,A,30322
5,2300408,Aiuaba (CE),CE,demais municipios,C,9559
5,2300606,Altaneira (CE),CE,demais municipios,C,4136
5,2300705,Alto Santo (CE),CE,demais municipios,C,8877
5,2300804,Antonina do Norte (CE),CE,demais municipios,C,4571
5,2301257,Ararendá (CE),CE,demais municipios,C,6240
5,2301307,Araripe (CE),CE,demais municipios,B,12761
5,2301505,Arneiroz (CE),CE,demais municipios,C,4993
5,2301604,Assaré (CE),CE,demais municipios,B,13922
5,2301703,Aurora (CE),CE,demais municipios,B,15868
5,2301802,Baixio (CE),CE,demais municipios,C,3218
5,2301851,Banabuiú (CE),CE,demais municipios,C,8933
5,2301901,Barbalha (CE),CE,demais municipios,A,36675
5,2302008,Barro (CE),CE,demais municipios,B,11779
5,2302404,Boa Viagem (CE),CE,demais municipios,A,32091
5,2302701,Campos Sales (CE),CE,demais municipios,B,16317
5,2303204,Caririaçu (CE),CE,demais municipios,B,16015
5,2303105,Cariré (CE),CE,demais municipios,C,11012
5,2303303,Cariús (CE),CE,demais municipios,C,11139
5,2303402,Carnaubal (CE),CE,demais municipios,C,10499
5,2303600,Catarina (CE),CE,demais municipios,C,6822
5,2303659,Catunda (CE),CE,demais municipios,C,6107
5,2303808,Cedro (CE),CE,demais municipios,B,13613
5,2303931,Choró (CE),CE,demais municipios,C,6718
5,2304202,Crato (CE),CE,demais municipios,A,68370
5,2304236,Croatá (CE),CE,demais municipios,C,11219
5,2304269,Deputado Irapuan Pinheiro (CE),CE,demais municipios,C,5582
5,2304277,Ereré (CE),CE,demais municipios,C,4398
5,2304301,Farias Brito (CE),CE,demais municipios,C,10894
5,2304806,Granjeiro (CE),CE,demais municipios,C,2666
5,2304657,Graça (CE),CE,demais municipios,C,8787
5,2304905,Groaíras (CE),CE,demais municipios,C,6697
5,2305001,Guaraciaba do Norte (CE),CE,demais municipios,A,22934
5,2305209,Hidrolândia (CE),CE,demais municipios,B,11749
5,2305308,Ibiapina (CE),CE,demais municipios,B,12963
5,2305605,Independência (CE),CE,demais municipios,B,16857
5,2305654,Ipaporanga (CE),CE,demais municipios,C,7039
5,2305704,Ipaumirim (CE),CE,demais municipios,C,8104
5,2305803,Ipu (CE),CE,demais municipios,A,23618
5,2305902,Ipueiras (CE),CE,demais municipios,A,24104
5,2306009,Iracema (CE),CE,demais municipios,C,7978
5,2306603,Itatira (CE),CE,demais municipios,B,12078
5,2306702,Jaguaretama (CE),CE,demais municipios,C,8976
5,2306801,Jaguaribara (CE),CE,demais municipios,C,5693
5,2306900,Jaguaribe (CE),CE,demais municipios,A,20028
5,2307106,Jardim (CE),CE,demais municipios,B,15618
5,2307205,Jati (CE),CE,demais municipios,C,4688
5,2307403,Jucás (CE),CE,demais municipios,B,14139
5,2307502,Lavras da Mangabeira (CE),CE,demais municipios,B,17801
5,2307635,Madalena (CE),CE,demais municipios,C,9244
5,2308104,Mauriti (CE),CE,demais municipios,A,26717
5,2308302,Milagres (CE),CE,demais municipios,B,14989
5,2308351,Milhã (CE),CE,demais municipios,C,8140
5,2308401,Missão Velha (CE),CE,demais municipios,A,21208
5,2308500,Mombaça (CE),CE,demais municipios,A,28311
5,2308609,Monsenhor Tabosa (CE),CE,demais municipios,C,11064
5,2309003,Mucambo (CE),CE,demais municipios,C,9582
5,2309201,Nova Olinda (CE),CE,demais municipios,C,9035
5,2309300,Nova Russas (CE),CE,demais municipios,B,18511
5,2309409,Novo Oriente (CE),CE,demais municipios,B,16996
5,2309508,Orós (CE),CE,demais municipios,C,11122
5,2309904,Pacujá (CE),CE,demais municipios,C,4024
5,2310308,Parambu (CE),CE,demais municipios,A,20015
5,2310506,Pedra Branca (CE),CE,demais municipios,A,25443
5,2310605,Penaforte (CE),CE,demais municipios,C,5556
5,2310803,Pereiro (CE),CE,demais municipios,C,10695
5,2310902,Piquet Carneiro (CE),CE,demais municipios,C,9733
5,2310951,Pires Ferreira (CE),CE,demais municipios,C,5158
5,2311009,Poranga (CE),CE,demais municipios,C,8092
5,2311108,Porteiras (CE),CE,demais municipios,C,10086
5,2311207,Potengi (CE),CE,demais municipios,C,5776
5,2311231,Potiretama (CE),CE,demais municipios,C,4757
5,2311264,Quiterianópolis (CE),CE,demais municipios,B,13954
5,2311355,Quixelô (CE),CE,demais municipios,C,10722
5,2311405,Quixeramobim (CE),CE,demais municipios,A,44179
5,2311702,Reriutaba (CE),CE,demais municipios,C,11466
5,2311900,Saboeiro (CE),CE,demais municipios,C,9398
5,2311959,Salitre (CE),CE,demais municipios,C,10835
5,2312205,Santa Quitéria (CE),CE,demais municipios,A,23445
5,2312106,Santana do Cariri (CE),CE,demais municipios,C,10562
5,2312700,Senador Pompeu (CE),CE,demais municipios,B,16203
5,2313005,Solonópole (CE),CE,demais municipios,B,12010
5,2313203,Tamboril (CE),CE,demais municipios,B,14510
5,2313252,Tarrafas (CE),CE,demais municipios,C,4789
5,2313708,Umari (CE),CE,demais municipios,C,4639
5,2313955,Varjota (CE),CE,demais municipios,C,9692
5,2314003,Várzea Alegre (CE),CE,demais municipios,A,21465
5,3200359,Alto Rio Novo (ES),ES,demais municipios,C,5068
5,3200904,Barra de São Francisco (ES),ES,demais municipios,A,26608
5,3202009,Dores do Rio Preto (ES),ES,demais municipios,C,5130
5,3202652,Irupi (ES),ES,demais municipios,C,9142
5,3203304,Mantenópolis (ES),ES,demais municipios,C,9059
5,3200169,Água Doce do Norte (ES),ES,demais municipios,C,8422
5,2100105,Afonso Cunha (MA),MA,demais municipios,C,2669
5,2100303,Aldeias Altas (MA),MA,demais municipios,C,10092
5,2100402,Altamira do Maranhão (MA),MA,demais municipios,C,3088
5,2100436,Alto Alegre do Maranhão (MA),MA,demais municipios,C,11320
5,2100477,Alto Alegre do Pindaré (MA),MA,demais municipios,B,12416
5,2100600,Amarante do Maranhão (MA),MA,demais municipios,B,19660
5,2100873,Araguanã (MA),MA,demais municipios,C,4940
5,2100956,Arame (MA),MA,demais municipios,B,12265
5,2101509,Barão de Grajaú (MA),MA,demais municipios,B,12000
5,2101772,Bela Vista do Maranhão (MA),MA,demais municipios,C,5253
5,2101806,Benedito Leite (MA),MA,demais municipios,C,3327
5,2101939,Bernardo do Mearim (MA),MA,demais municipios,C,3043
5,2102002,Bom Jardim (MA),MA,demais municipios,B,16313
5,2102036,Bom Jesus das Selvas (MA),MA,demais municipios,B,15039
5,2102077,Bom Lugar (MA),MA,demais municipios,C,5282
5,2102150,Brejo de Areia (MA),MA,demais municipios,C,4266
5,2102200,Buriti (MA),MA,demais municipios,B,14494
5,2102309,Buriti Bravo (MA),MA,demais municipios,C,11218
5,2102325,Buriticupu (MA),MA,demais municipios,A,25930
5,2102358,Buritirana (MA),MA,demais municipios,C,7685
5,2102556,Campestre do Maranhão (MA),MA,demais municipios,C,6294
5,2102754,Capinzal do Norte (MA),MA,demais municipios,C,5507
5,2103257,Cidelândia (MA),MA,demais municipios,C,7882
5,2103406,Coelho Neto (MA),MA,demais municipios,B,17712
5,2103604,Coroatá (MA),MA,demais municipios,A,28583
5,2103752,Davinópolis (MA),MA,demais municipios,C,7266
5,2103802,Dom Pedro (MA),MA,demais municipios,C,11196
5,2103901,Duque Bacelar (MA),MA,demais municipios,C,3940
5,2104008,Esperantinópolis (MA),MA,demais municipios,C,9472
5,2104057,Estreito (MA),MA,demais municipios,B,18434
5,2104073,Feira Nova do Maranhão (MA),MA,demais municipios,C,4516
5,2104081,Fernando Falcão (MA),MA,demais municipios,C,4518
5,2104099,Formosa da Serra Negra (MA),MA,demais municipios,C,10097
5,2104107,Fortaleza dos Nogueiras (MA),MA,demais municipios,C,6679
5,2104206,Fortuna (MA),MA,demais municipios,C,8038
5,2104404,Gonçalves Dias (MA),MA,demais municipios,C,8544
5,2104503,Governador Archer (MA),MA,demais municipios,C,4596
5,2104552,Governador Edison Lobão (MA),MA,demais municipios,C,10862
5,2104602,Governador Eugênio Barros (MA),MA,demais municipios,C,6855
5,2104628,Governador Luiz Rocha (MA),MA,demais municipios,C,3666
5,2104651,Governador Newton Bello (MA),MA,demais municipios,C,4347
5,2104800,Grajaú (MA),MA,demais municipios,A,37210
5,2104701,Graça Aranha (MA),MA,demais municipios,C,3362
5,2105203,Igarapé Grande (MA),MA,demais municipios,C,5369
5,2105351,Itaipava do Grajaú (MA),MA,demais municipios,C,6672
5,2105427,Itinga do Maranhão (MA),MA,demais municipios,B,11952
5,2105450,Jatobá (MA),MA,demais municipios,C,3577
5,2105476,Jenipapo dos Vieiras (MA),MA,demais municipios,C,7117
5,2105609,Joselândia (MA),MA,demais municipios,C,8613
5,2105500,João Lisboa (MA),MA,demais municipios,B,12919
5,2105906,Lago Verde (MA),MA,demais municipios,C,6596
5,2105708,Lago da Pedra (MA),MA,demais municipios,A,21273
5,2105807,Lago do Junco (MA),MA,demais municipios,C,4911
5,2105948,Lago dos Rodrigues (MA),MA,demais municipios,C,4685
5,2105963,Lagoa Grande do Maranhão (MA),MA,demais municipios,C,6938
5,2105922,Lagoa do Mato (MA),MA,demais municipios,C,5601
5,2105989,Lajeado Novo (MA),MA,demais municipios,C,4492
5,2106003,Lima Campos (MA),MA,demais municipios,C,6067
5,2106102,Loreto (MA),MA,demais municipios,C,5448
5,2106359,Marajá do Sena (MA),MA,demais municipios,C,3965
5,2106409,Mata Roma (MA),MA,demais municipios,C,8625
5,2106607,Matões (MA),MA,demais municipios,B,15913
5,2106706,Mirador (MA),MA,demais municipios,C,11258
5,2107001,Montes Altos (MA),MA,demais municipios,C,5274
5,2107258,Nova Colinas (MA),MA,demais municipios,C,2691
5,2107308,Nova Iorque (MA),MA,demais municipios,C,2675
5,2107357,Nova Olinda do Maranhão (MA),MA,demais municipios,C,6893
5,2107407,Olho d'Água das Cunhãs (MA),MA,demais municipios,C,8430
5,2107704,Paraibano (MA),MA,demais municipios,C,9716
5,2107803,Parnarama (MA),MA,demais municipios,B,15478
5,2107902,Passagem Franca (MA),MA,demais municipios,C,9724
5,2108009,Pastos Bons (MA),MA,demais municipios,C,10381
5,2108108,Paulo Ramos (MA),MA,demais municipios,C,9765
5,2108454,Peritoró (MA),MA,demais municipios,C,9108
5,2108504,Pindaré-Mirim (MA),MA,demais municipios,B,13223
5,2108702,Pio XII (MA),MA,demais municipios,C,10126
5,2109007,Porto Franco (MA),MA,demais municipios,B,12558
5,2108900,Poção de Pedras (MA),MA,demais municipios,C,9528
5,2109551,Ribamar Fiquene (MA),MA,demais municipios,C,4191
5,2109700,Sambaíba (MA),MA,demais municipios,C,3641
5,2109759,Santa Filomena do Maranhão (MA),MA,demais municipios,C,3483
5,2110005,Santa Luzia (MA),MA,demais municipios,A,29180
5,2111722,Satubinha (MA),MA,demais municipios,C,3895
5,2111748,Senador Alexandre Costa (MA),MA,demais municipios,C,5184
5,2111763,Senador La Rocque (MA),MA,demais municipios,C,7720
5,2111904,Sucupira do Norte (MA),MA,demais municipios,C,5747
5,2111953,Sucupira do Riachão (MA),MA,demais municipios,C,3001
5,2110658,São Domingos do Azeitão (MA),MA,demais municipios,C,3958
5,2110708,São Domingos do Maranhão (MA),MA,demais municipios,B,17696
5,2110856,São Francisco do Brejão (MA),MA,demais municipios,C,5054
5,2110906,São Francisco do Maranhão (MA),MA,demais municipios,C,7031
5,2110807,São Félix de Balsas (MA),MA,demais municipios,C,2845
5,2111250,São José dos Basílios (MA),MA,demais municipios,C,3589
5,2111029,São João do Carú (MA),MA,demais municipios,C,5291
5,2111052,São João do Paraíso (MA),MA,demais municipios,C,6340
5,2111078,São João do Soter (MA),MA,demais municipios,C,8276
5,2111409,São Luís Gonzaga do Maranhão (MA),MA,demais municipios,C,8972
5,2111508,São Mateus do Maranhão (MA),MA,demais municipios,B,18703
5,2111532,São Pedro da Água Branca (MA),MA,demais municipios,C,6064
5,2111573,São Pedro dos Crentes (MA),MA,demais municipios,C,3420
5,2111607,São Raimundo das Mangabeiras (MA),MA,demais municipios,C,9526
5,2111631,São Raimundo do Doca Bezerra (MA),MA,demais municipios,C,3107
5,2111672,São Roberto (MA),MA,demais municipios,C,2444
5,2111805,Sítio Novo (MA),MA,demais municipios,C,9559
5,2112100,Timbiras (MA),MA,demais municipios,B,11849
5,2112233,Trizidela do Vale (MA),MA,demais municipios,C,11332
5,2112274,Tufilândia (MA),MA,demais municipios,C,2569
5,2112308,Tuntum (MA),MA,demais municipios,B,18549
5,2112852,Vila Nova dos Martírios (MA),MA,demais municipios,C,5906
5,2113009,Vitorino Freire (MA),MA,demais municipios,B,14653
5,2114007,Zé Doca (MA),MA,demais municipios,B,19970
5,3100302,Abre Campo (MG),MG,demais municipios,C,10113
5,3100401,Acaiaca (MG),MG,demais municipios,C,2606
5,3100807,Aguanil (MG),MG,demais municipios,C,3571
5,3101409,Albertina (MG),MG,demais municipios,C,1979
5,3101631,Alfredo Vasconcelos (MG),MG,demais municipios,C,4354
5,3101805,Alpercata (MG),MG,demais municipios,C,5043
5,3101904,Alpinópolis (MG),MG,demais municipios,C,11379
5,3102001,Alterosa (MG),MG,demais municipios,C,10629
5,3102050,Alto Caparaó (MG),MG,demais municipios,C,4113
5,3153509,Alto Jequitibá (MG),MG,demais municipios,C,5724
5,3102100,Alto Rio Doce (MG),MG,demais municipios,C,8439
5,3102209,Alvarenga (MG),MG,demais municipios,C,3214
5,3102308,Alvinópolis (MG),MG,demais municipios,C,9210
5,3102407,Alvorada de Minas (MG),MG,demais municipios,C,2736
5,3102506,Amparo do Serra (MG),MG,demais municipios,C,2866
5,3102803,Andrelândia (MG),MG,demais municipios,C,8933
5,3102852,Angelândia (MG),MG,demais municipios,C,4955
5,3102902,Antônio Carlos (MG),MG,demais municipios,C,6974
5,3103108,Antônio Prado de Minas (MG),MG,demais municipios,C,1199
5,3103306,Aracitaba (MG),MG,demais municipios,C,1550
5,3103603,Arantina (MG),MG,demais municipios,C,2204
5,3103702,Araponga (MG),MG,demais municipios,C,5458
5,3103207,Araçaí (MG),MG,demais municipios,C,1958
5,3104106,Arceburgo (MG),MG,demais municipios,C,4968
5,3104304,Areado (MG),MG,demais municipios,C,9564
5,3104403,Argirita (MG),MG,demais municipios,C,2116
5,3104452,Aricanduva (MG),MG,demais municipios,C,3506
5,3104601,Astolfo Dutra (MG),MG,demais municipios,C,8458
5,3104700,Ataléia (MG),MG,demais municipios,C,9414
5,3104809,Augusto de Lima (MG),MG,demais municipios,C,3420
5,3100500,Açucena (MG),MG,demais municipios,C,6611
5,3105004,Baldim (MG),MG,demais municipios,C,6519
5,3105103,Bambuí (MG),MG,demais municipios,B,17463
5,3105202,Bandeira (MG),MG,demais municipios,C,3101
5,3105301,Bandeira do Sul (MG),MG,demais municipios,C,3619
5,3105707,Barra Longa (MG),MG,demais municipios,C,3710
5,3105905,Barroso (MG),MG,demais municipios,C,11027
5,3105509,Barão do Monte Alto (MG),MG,demais municipios,C,3768
5,3106002,Bela Vista de Minas (MG),MG,demais municipios,C,4961
5,3106408,Belo Vale (MG),MG,demais municipios,C,6227
5,3106507,Berilo (MG),MG,demais municipios,C,7813
5,3106655,Berizal (MG),MG,demais municipios,C,2646
5,3106606,Bertópolis (MG),MG,demais municipios,C,2888
5,3106804,Bias Fortes (MG),MG,demais municipios,C,2790
5,3107000,Biquinhas (MG),MG,demais municipios,C,2081
5,3107307,Bocaiúva (MG),MG,demais municipios,A,29403
5,3107604,Bom Jesus da Penha (MG),MG,demais municipios,C,2987
5,3107703,Bom Jesus do Amparo (MG),MG,demais municipios,C,4087
5,3107802,Bom Jesus do Galho (MG),MG,demais municipios,C,10900
5,3107901,Bom Repouso (MG),MG,demais municipios,C,7971
5,3108008,Bom Sucesso (MG),MG,demais municipios,C,10627
5,3108107,Bonfim (MG),MG,demais municipios,C,7591
5,3108305,Borda da Mata (MG),MG,demais municipios,C,11579
5,3108404,Botelhos (MG),MG,demais municipios,C,9950
5,3108503,Botumirim (MG),MG,demais municipios,C,4398
5,3108909,Brazópolis (MG),MG,demais municipios,C,9864
5,3108800,Braúnas (MG),MG,demais municipios,C,3221
5,3108701,Brás Pires (MG),MG,demais municipios,C,3324
5,3109105,Bueno Brandão (MG),MG,demais municipios,C,8604
5,3109204,Buenópolis (MG),MG,demais municipios,C,6067
5,3109253,Bugre (MG),MG,demais municipios,C,2356
5,3109501,Cabo Verde (MG),MG,demais municipios,C,8243
5,3109600,Cachoeira da Prata (MG),MG,demais municipios,C,2249
5,3109709,Cachoeira de Minas (MG),MG,demais municipios,C,7924
5,3102704,Cachoeira de Pajeú (MG),MG,demais municipios,C,5546
5,3109907,Caetanópolis (MG),MG,demais municipios,C,7623
5,3110103,Caiana (MG),MG,demais municipios,C,3440
5,3110202,Cajuri (MG),MG,demais municipios,C,2575
5,3110301,Caldas (MG),MG,demais municipios,C,11361
5,3110400,Camacho (MG),MG,demais municipios,C,2003
5,3110707,Cambuquira (MG),MG,demais municipios,C,7469
5,3110905,Campanha (MG),MG,demais municipios,C,9355
5,3110806,Campanário (MG),MG,demais municipios,C,2190
5,3111002,Campestre (MG),MG,demais municipios,B,14812
5,3111309,Campo do Meio (MG),MG,demais municipios,C,7811
5,3111606,Campos Gerais (MG),MG,demais municipios,B,17748
5,3111903,Cana Verde (MG),MG,demais municipios,C,4191
5,3111705,Canaã (MG),MG,demais municipios,C,3372
5,3112000,Candeias (MG),MG,demais municipios,C,10351
5,3112059,Cantagalo (MG),MG,demais municipios,C,2528
5,3112109,Caparaó (MG),MG,demais municipios,C,4033
5,3112208,Capela Nova (MG),MG,demais municipios,C,3479
5,3112406,Capetinga (MG),MG,demais municipios,C,4304
5,3112505,Capim Branco (MG),MG,demais municipios,C,5790
5,3112653,Capitão Andrade (MG),MG,demais municipios,C,3491
5,3112703,Capitão Enéas (MG),MG,demais municipios,C,8746
5,3112901,Caputira (MG),MG,demais municipios,C,5461
5,3113107,Caranaíba (MG),MG,demais municipios,C,1982
5,3113206,Carandaí (MG),MG,demais municipios,B,13018
5,3113008,Caraí (MG),MG,demais municipios,B,13756
5,3113503,Carbonita (MG),MG,demais municipios,C,6906
5,3113602,Careaçu (MG),MG,demais municipios,C,4039
5,3113701,Carlos Chagas (MG),MG,demais municipios,B,12359
5,3113909,Carmo da Cachoeira (MG),MG,demais municipios,C,6784
5,3114006,Carmo da Mata (MG),MG,demais municipios,C,7178
5,3114105,Carmo de Minas (MG),MG,demais municipios,C,7297
5,3114402,Carmo do Rio Claro (MG),MG,demais municipios,B,15361
5,3113800,Carmésia (MG),MG,demais municipios,C,1668
5,3114501,Carmópolis de Minas (MG),MG,demais municipios,C,11328
5,3114600,Carrancas (MG),MG,demais municipios,C,3299
5,3114709,Carvalhópolis (MG),MG,demais municipios,C,2345
5,3114907,Casa Grande (MG),MG,demais municipios,C,1593
5,3115409,Catas Altas da Noruega (MG),MG,demais municipios,C,2924
5,3115458,Catuji (MG),MG,demais municipios,C,4997
5,3115474,Catuti (MG),MG,demais municipios,C,3575
5,3115607,Cedro do Abaeté (MG),MG,demais municipios,C,884
5,3115706,Central de Minas (MG),MG,demais municipios,C,4823
5,3116001,Chalé (MG),MG,demais municipios,C,4796
5,3116100,Chapada do Norte (MG),MG,demais municipios,C,8632
5,3115904,Chácara (MG),MG,demais municipios,C,3257
5,3116308,Cipotânea (MG),MG,demais municipios,C,4165
5,3116407,Claraval (MG),MG,demais municipios,C,3401
5,3116704,Coimbra (MG),MG,demais municipios,C,4981
5,3116803,Coluna (MG),MG,demais municipios,C,5286
5,3117009,Comercinho (MG),MG,demais municipios,C,6091
5,3117108,Conceição da Aparecida (MG),MG,demais municipios,C,7884
5,3115201,Conceição da Barra de Minas (MG),MG,demais municipios,C,2652
5,3117207,Conceição das Pedras (MG),MG,demais municipios,C,1828
5,3117405,Conceição de Ipanema (MG),MG,demais municipios,C,3596
5,3117702,Conceição do Rio Verde (MG),MG,demais municipios,C,7602
5,3117801,Conceição dos Ouros (MG),MG,demais municipios,C,6606
5,3117900,Congonhal (MG),MG,demais municipios,C,7810
5,3118106,Congonhas do Norte (MG),MG,demais municipios,C,3824
5,3118403,Conselheiro Pena (MG),MG,demais municipios,B,15092
5,3118502,Consolação (MG),MG,demais municipios,C,1412
5,3118700,Coqueiral (MG),MG,demais municipios,C,6463
5,3118908,Cordisburgo (MG),MG,demais municipios,C,5904
5,3119005,Cordislândia (MG),MG,demais municipios,C,2227
5,3119104,Corinto (MG),MG,demais municipios,B,14043
5,3119203,Coroaci (MG),MG,demais municipios,C,5652
5,3119500,Coronel Murta (MG),MG,demais municipios,C,5189
5,3119609,Coronel Pacheco (MG),MG,demais municipios,C,2027
5,3119708,Coronel Xavier Chaves (MG),MG,demais municipios,C,2529
5,3120102,Couto de Magalhães de Minas (MG),MG,demais municipios,C,2666
5,3120201,Cristais (MG),MG,demais municipios,C,8076
5,3120409,Cristiano Otoni (MG),MG,demais municipios,C,2774
5,3120508,Cristina (MG),MG,demais municipios,C,6201
5,3120300,Cristália (MG),MG,demais municipios,C,4152
5,3120151,Crisólita (MG),MG,demais municipios,C,3774
5,3120607,Crucilândia (MG),MG,demais municipios,C,4491
5,3120805,Cruzília (MG),MG,demais municipios,C,10290
5,3120839,Cuparaque (MG),MG,demais municipios,C,3115
5,3120870,Curral de Dentro (MG),MG,demais municipios,C,4683
5,3120003,Córrego Novo (MG),MG,demais municipios,C,1720
5,3119906,Córrego do Bom Jesus (MG),MG,demais municipios,C,3468
5,3121001,Datas (MG),MG,demais municipios,C,3513
5,3121209,Delfinópolis (MG),MG,demais municipios,C,6813
5,3121308,Descoberto (MG),MG,demais municipios,C,3508
5,3121407,Desterro de Entre Rios (MG),MG,demais municipios,C,6605
5,3121506,Desterro do Melo (MG),MG,demais municipios,C,2374
5,3121704,Diogo de Vasconcelos (MG),MG,demais municipios,C,2693
5,3121803,Dionísio (MG),MG,demais municipios,C,4671
5,3122009,Divino (MG),MG,demais municipios,B,13541
5,3122108,Divino das Laranjeiras (MG),MG,demais municipios,C,2977
5,3122207,Divinolândia de Minas (MG),MG,demais municipios,C,4260
5,3121902,Divinésia (MG),MG,demais municipios,C,2975
5,3122355,Divisa Alegre (MG),MG,demais municipios,C,3409
5,3122405,Divisa Nova (MG),MG,demais municipios,C,3513
5,3122454,Divisópolis (MG),MG,demais municipios,C,5727
5,3122504,Dom Cavati (MG),MG,demais municipios,C,3592
5,3122603,Dom Joaquim (MG),MG,demais municipios,C,3319
5,3122702,Dom Silvério (MG),MG,demais municipios,C,3439
5,3122801,Dom Viçoso (MG),MG,demais municipios,C,2191
5,3122900,Dona Euzébia (MG),MG,demais municipios,C,3793
5,3123007,Dores de Campos (MG),MG,demais municipios,C,6134
5,3123106,Dores de Guanhães (MG),MG,demais municipios,C,3136
5,3123304,Dores do Turvo (MG),MG,demais municipios,C,3471
5,3123403,Doresópolis (MG),MG,demais municipios,C,1116
5,3123528,Durandé (MG),MG,demais municipios,C,4469
5,3123700,Engenheiro Caldas (MG),MG,demais municipios,C,7049
5,3123809,Engenheiro Navarro (MG),MG,demais municipios,C,4849
5,3123858,Entre Folhas (MG),MG,demais municipios,C,3379
5,3123908,Entre Rios de Minas (MG),MG,demais municipios,C,9786
5,3124005,Ervália (MG),MG,demais municipios,B,13475
5,3124104,Esmeraldas (MG),MG,demais municipios,A,57792
5,3124203,Espera Feliz (MG),MG,demais municipios,B,15942
5,3124401,Espírito Santo do Dourado (MG),MG,demais municipios,C,4193
5,3124500,Estiva (MG),MG,demais municipios,C,8351
5,3124708,Estrela do Indaiá (MG),MG,demais municipios,C,2712
5,3124906,Eugenópolis (MG),MG,demais municipios,C,7704
5,3125002,Ewbank da Câmara (MG),MG,demais municipios,C,2234
5,3125309,Faria Lemos (MG),MG,demais municipios,C,2186
5,3125606,Felisburgo (MG),MG,demais municipios,C,4514
5,3125705,Felixlândia (MG),MG,demais municipios,B,13599
5,3125408,Felício dos Santos (MG),MG,demais municipios,C,3900
5,3125804,Fernandes Tourinho (MG),MG,demais municipios,C,2012
5,3125903,Ferros (MG),MG,demais municipios,C,6859
5,3125952,Fervedouro (MG),MG,demais municipios,C,6548
5,3126307,Fortaleza de Minas (MG),MG,demais municipios,C,3048
5,3126406,Fortuna de Minas (MG),MG,demais municipios,C,2287
5,3126505,Francisco Badaró (MG),MG,demais municipios,C,6539
5,3126604,Francisco Dumont (MG),MG,demais municipios,C,3684
5,3126703,Francisco Sá (MG),MG,demais municipios,B,16537
5,3126752,Franciscópolis (MG),MG,demais municipios,C,3353
5,3126802,Frei Gaspar (MG),MG,demais municipios,C,4016
5,3126901,Frei Inocêncio (MG),MG,demais municipios,C,5159
5,3126950,Frei Lagonegro (MG),MG,demais municipios,C,2266
5,3127057,Fronteira dos Vales (MG),MG,demais municipios,C,2949
5,3127073,Fruta de Leite (MG),MG,demais municipios,C,3813
5,3127206,Funilândia (MG),MG,demais municipios,C,3971
5,3127305,Galiléia (MG),MG,demais municipios,C,5252
5,3127339,Gameleiras (MG),MG,demais municipios,C,4642
5,3127354,Glaucilândia (MG),MG,demais municipios,C,2389
5,3127370,Goiabeira (MG),MG,demais municipios,C,2153
5,3127388,Goianá (MG),MG,demais municipios,C,2938
5,3127503,Gonzaga (MG),MG,demais municipios,C,3266
5,3127404,Gonçalves (MG),MG,demais municipios,C,4594
5,3127602,Gouveia (MG),MG,demais municipios,C,7391
5,3127800,Grão Mogol (MG),MG,demais municipios,C,10954
5,3128105,Guapé (MG),MG,demais municipios,C,11038
5,3128204,Guaraciaba (MG),MG,demais municipios,C,6804
5,3128253,Guaraciama (MG),MG,demais municipios,C,4070
5,3128402,Guarani (MG),MG,demais municipios,C,5252
5,3128808,Guidoval (MG),MG,demais municipios,C,5344
5,3129004,Guiricema (MG),MG,demais municipios,C,5996
5,3129202,Heliodora (MG),MG,demais municipios,C,4038
5,3129301,Iapu (MG),MG,demais municipios,C,6697
5,3129400,Ibertioga (MG),MG,demais municipios,C,3221
5,3129707,Ibiraci (MG),MG,demais municipios,C,7780
5,3129905,Ibitiúra de Minas (MG),MG,demais municipios,C,2432
5,3130002,Ibituruna (MG),MG,demais municipios,C,1753
5,3130507,Ilicínea (MG),MG,demais municipios,C,8568
5,3130556,Imbé de Minas (MG),MG,demais municipios,C,5233
5,3130606,Inconfidentes (MG),MG,demais municipios,C,5523
5,3130655,Indaiabira (MG),MG,demais municipios,C,5281
5,3130804,Ingaí (MG),MG,demais municipios,C,1945
5,3130903,Inhapim (MG),MG,demais municipios,B,16839
5,3131000,Inhaúma (MG),MG,demais municipios,C,4184
5,3131109,Inimutaba (MG),MG,demais municipios,C,5101
5,3131158,Ipaba (MG),MG,demais municipios,C,8854
5,3131208,Ipanema (MG),MG,demais municipios,B,12638
5,3131505,Ipuiúna (MG),MG,demais municipios,C,5726
5,3131802,Itabirinha (MG),MG,demais municipios,C,6752
5,3132008,Itacambira (MG),MG,demais municipios,C,2762
5,3132305,Itaipé (MG),MG,demais municipios,C,6604
5,3132503,Itamarandiba (MG),MG,demais municipios,A,20982
5,3132602,Itamarati de Minas (MG),MG,demais municipios,C,2697
5,3132701,Itambacuri (MG),MG,demais municipios,B,12958
5,3132800,Itambé do Mato Dentro (MG),MG,demais municipios,C,2574
5,3132909,Itamogi (MG),MG,demais municipios,C,6668
5,3133204,Itanhomi (MG),MG,demais municipios,C,7486
5,3133303,Itaobim (MG),MG,demais municipios,C,11238
5,3133501,Itapecerica (MG),MG,demais municipios,B,15052
5,3133907,Itaverava (MG),MG,demais municipios,C,4006
5,3134004,Itinga (MG),MG,demais municipios,C,8440
5,3134103,Itueta (MG),MG,demais municipios,C,4207
5,3134301,Itumirim (MG),MG,demais municipios,C,4252
5,3134509,Itutinga (MG),MG,demais municipios,C,3362
5,3134608,Jaboticatubas (MG),MG,demais municipios,A,22200
5,3134707,Jacinto (MG),MG,demais municipios,C,7939
5,3134806,Jacuí (MG),MG,demais municipios,C,6258
5,3135076,Jampruca (MG),MG,demais municipios,C,3023
5,3135308,Japaraíba (MG),MG,demais municipios,C,2841
5,3135050,Jaíba (MG),MG,demais municipios,A,21753
5,3135456,Jenipapo de Minas (MG),MG,demais municipios,C,4033
5,3135506,Jequeri (MG),MG,demais municipios,C,9247
5,3135704,Jequitibá (MG),MG,demais municipios,C,5910
5,3135803,Jequitinhonha (MG),MG,demais municipios,B,13334
5,3135902,Jesuânia (MG),MG,demais municipios,C,3336
5,3136108,Joanésia (MG),MG,demais municipios,C,3925
5,3136405,Joaquim Felício (MG),MG,demais municipios,C,3017
5,3136009,Joaíma (MG),MG,demais municipios,C,8482
5,3136504,Jordânia (MG),MG,demais municipios,C,5737
5,3136579,Josenópolis (MG),MG,demais municipios,C,2720
5,3136520,José Gonçalves de Minas (MG),MG,demais municipios,C,3346
5,3136553,José Raydan (MG),MG,demais municipios,C,2936
5,3136801,Juramento (MG),MG,demais municipios,C,3063
5,3136900,Juruaia (MG),MG,demais municipios,C,7019
5,3137007,Ladainha (MG),MG,demais municipios,C,8912
5,3137403,Lagoa Dourada (MG),MG,demais municipios,C,7527
5,3137700,Lajinha (MG),MG,demais municipios,B,13899
5,3137809,Lambari (MG),MG,demais municipios,B,13683
5,3137908,Lamim (MG),MG,demais municipios,C,2306
5,3138005,Laranjal (MG),MG,demais municipios,C,4779
5,3138302,Leandro Ferreira (MG),MG,demais municipios,C,2691
5,3138351,Leme do Prado (MG),MG,demais municipios,C,3221
5,3138609,Lima Duarte (MG),MG,demais municipios,B,12715
5,3138674,Luisburgo (MG),MG,demais municipios,C,4634
5,3138708,Luminárias (MG),MG,demais municipios,C,3804
5,3138906,Machacalis (MG),MG,demais municipios,C,4780
5,3139102,Madre de Deus de Minas (MG),MG,demais municipios,C,3975
5,3139201,Malacacheta (MG),MG,demais municipios,C,11674
5,3139250,Mamonas (MG),MG,demais municipios,C,5377
5,3139508,Manhumirim (MG),MG,demais municipios,B,12474
5,3139706,Maravilhas (MG),MG,demais municipios,C,4160
5,3140100,Marilac (MG),MG,demais municipios,C,2458
5,3140209,Maripá de Minas (MG),MG,demais municipios,C,2014
5,3140308,Marliéria (MG),MG,demais municipios,C,3459
5,3140530,Martins Soares (MG),MG,demais municipios,C,4999
5,3140555,Mata Verde (MG),MG,demais municipios,C,4583
5,3140605,Materlândia (MG),MG,demais municipios,C,2760
5,3140704,Mateus Leme (MG),MG,demais municipios,A,25138
5,3171501,Mathias Lobato (MG),MG,demais municipios,C,1717
5,3140852,Matias Cardoso (MG),MG,demais municipios,C,5552
5,3140902,Matipó (MG),MG,demais municipios,C,10708
5,3141009,Mato Verde (MG),MG,demais municipios,C,9218
5,3141108,Matozinhos (MG),MG,demais municipios,B,19884
5,3141306,Medeiros (MG),MG,demais municipios,C,3177
5,3141405,Medina (MG),MG,demais municipios,B,12856
5,3141504,Mendes Pimentel (MG),MG,demais municipios,C,4105
5,3141603,Mercês (MG),MG,demais municipios,C,6927
5,3141702,Mesquita (MG),MG,demais municipios,C,4562
5,3141801,Minas Novas (MG),MG,demais municipios,B,18319
5,3141900,Minduri (MG),MG,demais municipios,C,2448
5,3142106,Miradouro (MG),MG,demais municipios,C,6157
5,3142205,Miraí (MG),MG,demais municipios,C,8640
5,3142403,Moema (MG),MG,demais municipios,C,5340
5,3142502,Monjolos (MG),MG,demais municipios,C,1661
5,3142601,Monsenhor Paulo (MG),MG,demais municipios,C,5524
5,3142908,Monte Azul (MG),MG,demais municipios,B,15452
5,3143005,Monte Belo (MG),MG,demais municipios,C,10286
5,3143153,Monte Formoso (MG),MG,demais municipios,C,2874
5,3143203,Monte Santo de Minas (MG),MG,demais municipios,B,13494
5,3143450,Montezuma (MG),MG,demais municipios,C,5469
5,3143609,Morro da Garça (MG),MG,demais municipios,C,1758
5,3143708,Morro do Pilar (MG),MG,demais municipios,C,2429
5,3143807,Munhoz (MG),MG,demais municipios,C,5267
5,3144003,Mutum (MG),MG,demais municipios,B,18471
5,3140159,Mário Campos (MG),MG,demais municipios,C,8552
5,3144201,Nacip Raydan (MG),MG,demais municipios,C,1771
5,3144359,Naque (MG),MG,demais municipios,C,3413
5,3144409,Natércia (MG),MG,demais municipios,C,3484
5,3144508,Nazareno (MG),MG,demais municipios,C,5790
5,3144607,Nepomuceno (MG),MG,demais municipios,B,16344
5,3144656,Ninheira (MG),MG,demais municipios,C,6048
5,3144672,Nova Belém (MG),MG,demais municipios,C,2545
5,3144706,Nova Era (MG),MG,demais municipios,C,9074
5,3144904,Nova Módica (MG),MG,demais municipios,C,2725
5,3145059,Nova Porteirinha (MG),MG,demais municipios,C,4208
5,3145109,Nova Resende (MG),MG,demais municipios,C,11707
5,3145307,Novo Cruzeiro (MG),MG,demais municipios,B,16810
5,3145356,Novo Oriente de Minas (MG),MG,demais municipios,C,6543
5,3145372,Novorizonte (MG),MG,demais municipios,C,3463
5,3145406,Olaria (MG),MG,demais municipios,C,1689
5,3145455,Olhos-d'Água (MG),MG,demais municipios,C,4540
5,3145703,Oliveira Fortes (MG),MG,demais municipios,C,1510
5,3145505,Olímpio Noronha (MG),MG,demais municipios,C,1716
5,3145802,Onça de Pitangui (MG),MG,demais municipios,C,2611
5,3145851,Oratórios (MG),MG,demais municipios,C,2657
5,3145877,Orizânia (MG),MG,demais municipios,C,5702
5,3146008,Ouro Fino (MG),MG,demais municipios,A,21375
5,3146206,Ouro Verde de Minas (MG),MG,demais municipios,C,3455
5,3146255,Padre Carvalho (MG),MG,demais municipios,C,3255
5,3146305,Padre Paraíso (MG),MG,demais municipios,C,10095
5,3146552,Pai Pedro (MG),MG,demais municipios,C,4458
5,3146404,Paineiras (MG),MG,demais municipios,C,3637
5,3146602,Paiva (MG),MG,demais municipios,C,1112
5,3146701,Palma (MG),MG,demais municipios,C,4225
5,3146750,Palmópolis (MG),MG,demais municipios,C,4541
5,3146909,Papagaios (MG),MG,demais municipios,C,7492
5,3147303,Paraisópolis (MG),MG,demais municipios,B,13655
5,3147402,Paraopeba (MG),MG,demais municipios,B,13641
5,3147709,Passa Tempo (MG),MG,demais municipios,C,6036
5,3147501,Passabém (MG),MG,demais municipios,C,1353
5,3148202,Patrocínio do Muriaé (MG),MG,demais municipios,C,4087
5,3148301,Paula Cândido (MG),MG,demais municipios,C,6207
5,3148400,Paulistas (MG),MG,demais municipios,C,2838
5,3148509,Pavão (MG),MG,demais municipios,C,4880
5,3148756,Pedra Bonita (MG),MG,demais municipios,C,4475
5,3149002,Pedra Dourada (MG),MG,demais municipios,C,1929
5,3148806,Pedra do Anta (MG),MG,demais municipios,C,2450
5,3148905,Pedra do Indaiá (MG),MG,demais municipios,C,3227
5,3149101,Pedralva (MG),MG,demais municipios,C,6895
5,3149408,Pedro Teixeira (MG),MG,demais municipios,C,1451
5,3149952,Periquito (MG),MG,demais municipios,C,4018
5,3150000,Pescador (MG),MG,demais municipios,C,2181
5,3148608,Peçanha (MG),MG,demais municipios,C,10096
5,3150109,Piau (MG),MG,demais municipios,C,2540
5,3150158,Piedade de Caratinga (MG),MG,demais municipios,C,5767
5,3150208,Piedade de Ponte Nova (MG),MG,demais municipios,C,2083
5,3150307,Piedade do Rio Grande (MG),MG,demais municipios,C,3711
5,3150406,Piedade dos Gerais (MG),MG,demais municipios,C,4587
5,3150505,Pimenta (MG),MG,demais municipios,C,6201
5,3150539,Pingo-d'Água (MG),MG,demais municipios,C,2511
5,3150604,Piracema (MG),MG,demais municipios,C,5600
5,3150802,Piranga (MG),MG,demais municipios,C,11130
5,3151008,Piranguinho (MG),MG,demais municipios,C,6002
5,3151305,Piraúba (MG),MG,demais municipios,C,7282
5,3151909,Pocrane (MG),MG,demais municipios,C,6205
5,3152006,Pompéu (MG),MG,demais municipios,B,19214
5,3152170,Ponto dos Volantes (MG),MG,demais municipios,C,6151
5,3152204,Porteirinha (MG),MG,demais municipios,A,24647
5,3152303,Porto Firme (MG),MG,demais municipios,C,7052
5,3152402,Poté (MG),MG,demais municipios,C,9394
5,3151701,Poço Fundo (MG),MG,demais municipios,B,12313
5,3152709,Prados (MG),MG,demais municipios,C,6347
5,3153004,Pratinha (MG),MG,demais municipios,C,2818
5,3152907,Pratápolis (MG),MG,demais municipios,C,5572
5,3153103,Presidente Bernardes (MG),MG,demais municipios,C,3497
5,3153202,Presidente Juscelino (MG),MG,demais municipios,C,2732
5,3153301,Presidente Kubitschek (MG),MG,demais municipios,C,1635
5,3153608,Prudente de Morais (MG),MG,demais municipios,C,5902
5,3153707,Quartel Geral (MG),MG,demais municipios,C,2728
5,3153806,Queluzito (MG),MG,demais municipios,C,1429
5,3154002,Raul Soares (MG),MG,demais municipios,B,16240
5,3154101,Recreio (MG),MG,demais municipios,C,6027
5,3154150,Reduto (MG),MG,demais municipios,C,5077
5,3154200,Resende Costa (MG),MG,demais municipios,C,8573
5,3154309,Resplendor (MG),MG,demais municipios,C,11456
5,3154507,Riacho dos Machados (MG),MG,demais municipios,C,5609
5,3154705,Ribeirão Vermelho (MG),MG,demais municipios,C,2433
5,3154903,Rio Casca (MG),MG,demais municipios,C,8062
5,3155009,Rio Doce (MG),MG,demais municipios,C,1772
5,3155207,Rio Espera (MG),MG,demais municipios,C,4851
5,3155306,Rio Manso (MG),MG,demais municipios,C,5213
5,3155405,Rio Novo (MG),MG,demais municipios,C,5071
5,3155603,Rio Pardo de Minas (MG),MG,demais municipios,B,19047
5,3155801,Rio Pomba (MG),MG,demais municipios,C,11061
5,3156007,Rio Vermelho (MG),MG,demais municipios,C,8451
5,3155108,Rio do Prado (MG),MG,demais municipios,C,3152
5,3156106,Ritápolis (MG),MG,demais municipios,C,3970
5,3156205,Rochedo de Minas (MG),MG,demais municipios,C,1527
5,3156452,Rosário da Limeira (MG),MG,demais municipios,C,3423
5,3156502,Rubelita (MG),MG,demais municipios,C,5053
5,3156601,Rubim (MG),MG,demais municipios,C,6128
5,3156809,Sabinópolis (MG),MG,demais municipios,C,9286
5,3157252,Santa Bárbara do Leste (MG),MG,demais municipios,C,5443
5,3157302,Santa Bárbara do Tugúrio (MG),MG,demais municipios,C,2995
5,3157377,Santa Cruz de Salinas (MG),MG,demais municipios,C,4048
5,3157401,Santa Cruz do Escalvado (MG),MG,demais municipios,C,3252
5,3157500,Santa Efigênia de Minas (MG),MG,demais municipios,C,2663
5,3157658,Santa Helena de Minas (MG),MG,demais municipios,C,3445
5,3157906,Santa Margarida (MG),MG,demais municipios,C,9599
5,3158003,Santa Maria de Itabira (MG),MG,demais municipios,C,6364
5,3158102,Santa Maria do Salto (MG),MG,demais municipios,C,3405
5,3158201,Santa Maria do Suaçuí (MG),MG,demais municipios,C,8596
5,3159209,Santa Rita de Caldas (MG),MG,demais municipios,C,6255
5,3159407,Santa Rita de Ibitipoca (MG),MG,demais municipios,C,2776
5,3159357,Santa Rita de Minas (MG),MG,demais municipios,C,4271
5,3159506,Santa Rita do Itueto (MG),MG,demais municipios,C,4610
5,3159704,Santa Rosa da Serra (MG),MG,demais municipios,C,2443
5,3158300,Santana da Vargem (MG),MG,demais municipios,C,4081
5,3158409,Santana de Cataguases (MG),MG,demais municipios,C,2655
5,3158508,Santana de Pirapama (MG),MG,demais municipios,C,6653
5,3158706,Santana do Garambéu (MG),MG,demais municipios,C,1595
5,3158805,Santana do Jacaré (MG),MG,demais municipios,C,2670
5,3158904,Santana do Manhuaçu (MG),MG,demais municipios,C,5642
5,3159001,Santana do Riacho (MG),MG,demais municipios,C,4610
5,3159100,Santana dos Montes (MG),MG,demais municipios,C,3018
5,3159902,Santo Antônio do Amparo (MG),MG,demais municipios,C,9332
5,3160108,Santo Antônio do Grama (MG),MG,demais municipios,C,2464
5,3160207,Santo Antônio do Itambé (MG),MG,demais municipios,C,2389
5,3160306,Santo Antônio do Jacinto (MG),MG,demais municipios,C,7183
5,3160454,Santo Antônio do Retiro (MG),MG,demais municipios,C,4941
5,3160504,Santo Antônio do Rio Abaixo (MG),MG,demais municipios,C,1454
5,3160603,Santo Hipólito (MG),MG,demais municipios,C,2419
5,3165503,Sardoá (MG),MG,demais municipios,C,3319
5,3165560,Sem-Peixe (MG),MG,demais municipios,C,2067
5,3165578,Senador Amaral (MG),MG,demais municipios,C,3814
5,3165701,Senador Firmino (MG),MG,demais municipios,C,5150
5,3165800,Senador José Bento (MG),MG,demais municipios,C,1485
5,3165909,Senador Modestino Gonçalves (MG),MG,demais municipios,C,3233
5,3166006,Senhora de Oliveira (MG),MG,demais municipios,C,3717
5,3166105,Senhora do Porto (MG),MG,demais municipios,C,2183
5,3166204,Senhora dos Remédios (MG),MG,demais municipios,C,6972
5,3166303,Sericita (MG),MG,demais municipios,C,4658
5,3166402,Seritinga (MG),MG,demais municipios,C,1269
5,3166501,Serra Azul de Minas (MG),MG,demais municipios,C,2351
5,3166600,Serra da Saudade (MG),MG,demais municipios,C,788
5,3166907,Serrania (MG),MG,demais municipios,C,4450
5,3167004,Serranos (MG),MG,demais municipios,C,1518
5,3166956,Serranópolis de Minas (MG),MG,demais municipios,C,3113
5,3167103,Serro (MG),MG,demais municipios,B,14737
5,3165552,Setubinha (MG),MG,demais municipios,C,5511
5,3167301,Silveirânia (MG),MG,demais municipios,C,1552
5,3167400,Silvianópolis (MG),MG,demais municipios,C,5285
5,3167608,Simonésia (MG),MG,demais municipios,B,13141
5,3167707,Sobrália (MG),MG,demais municipios,C,4010
5,3167806,Soledade de Minas (MG),MG,demais municipios,C,4123
5,3160801,São Bento Abade (MG),MG,demais municipios,C,2304
5,3160959,São Domingos das Dores (MG),MG,demais municipios,C,3883
5,3161007,São Domingos do Prata (MG),MG,demais municipios,B,11880
5,3161205,São Francisco de Paula (MG),MG,demais municipios,C,4405
5,3161403,São Francisco do Glória (MG),MG,demais municipios,C,3256
5,3161056,São Félix de Minas (MG),MG,demais municipios,C,2413
5,3161502,São Geraldo (MG),MG,demais municipios,C,6549
5,3161601,São Geraldo da Piedade (MG),MG,demais municipios,C,2295
5,3161650,São Geraldo do Baixio (MG),MG,demais municipios,C,2473
5,3161809,São Gonçalo do Pará (MG),MG,demais municipios,C,8081
5,3125507,São Gonçalo do Rio Preto (MG),MG,demais municipios,C,2400
5,3162005,São Gonçalo do Sapucaí (MG),MG,demais municipios,B,14305
5,3162922,São Joaquim de Bicas (MG),MG,demais municipios,B,18927
5,3163003,São José da Safira (MG),MG,demais municipios,C,2213
5,3163102,São José da Varginha (MG),MG,demais municipios,C,3406
5,3163201,São José do Alegre (MG),MG,demais municipios,C,2579
5,3163300,São José do Divino (MG),MG,demais municipios,C,2843
5,3163409,São José do Goiabal (MG),MG,demais municipios,C,3588
5,3163508,São José do Jacuri (MG),MG,demais municipios,C,3981
5,3163607,São José do Mantimento (MG),MG,demais municipios,C,2147
5,3162203,São João Batista do Glória (MG),MG,demais municipios,C,4970
5,3162807,São João Evangelista (MG),MG,demais municipios,C,10146
5,3162302,São João da Mata (MG),MG,demais municipios,C,2252
5,3162559,São João do Manhuaçu (MG),MG,demais municipios,C,6741
5,3162575,São João do Manteninha (MG),MG,demais municipios,C,3822
5,3162609,São João do Oriente (MG),MG,demais municipios,C,4981
5,3162708,São João do Paraíso (MG),MG,demais municipios,B,15466
5,3163805,São Miguel do Anta (MG),MG,demais municipios,C,4629
5,3163904,São Pedro da União (MG),MG,demais municipios,C,4499
5,3164100,São Pedro do Suaçuí (MG),MG,demais municipios,C,3370
5,3164001,São Pedro dos Ferros (MG),MG,demais municipios,C,4346
5,3164407,São Sebastião da Bela Vista (MG),MG,demais municipios,C,4736
5,3164431,São Sebastião da Vargem Alegre (MG),MG,demais municipios,C,2286
5,3164472,São Sebastião do Anta (MG),MG,demais municipios,C,4334
5,3164506,São Sebastião do Maranhão (MG),MG,demais municipios,C,6542
5,3164605,São Sebastião do Oeste (MG),MG,demais municipios,C,6993
5,3164803,São Sebastião do Rio Preto (MG),MG,demais municipios,C,1429
5,3165008,São Tiago (MG),MG,demais municipios,C,7979
5,3165107,São Tomás de Aquino (MG),MG,demais municipios,C,4176
5,3165206,São Tomé das Letras (MG),MG,demais municipios,C,6067
5,3165305,São Vicente de Minas (MG),MG,demais municipios,C,4264
5,3167905,Tabuleiro (MG),MG,demais municipios,C,2992
5,3168002,Taiobeiras (MG),MG,demais municipios,B,19630
5,3168051,Taparuba (MG),MG,demais municipios,C,2524
5,3168200,Tapiraí (MG),MG,demais municipios,C,1761
5,3168309,Taquaraçu de Minas (MG),MG,demais municipios,C,4791
5,3168408,Tarumirim (MG),MG,demais municipios,C,9178
5,3168507,Teixeiras (MG),MG,demais municipios,C,7944
5,3169000,Tocantins (MG),MG,demais municipios,C,9665
5,3169059,Tocos do Moji (MG),MG,demais municipios,C,2959
5,3169109,Toledo (MG),MG,demais municipios,C,5338
5,3169208,Tombos (MG),MG,demais municipios,C,5740
5,3169505,Tumiritinga (MG),MG,demais municipios,C,4410
5,3169703,Turmalina (MG),MG,demais municipios,B,14176
5,3169802,Turvolândia (MG),MG,demais municipios,C,3936
5,3170057,Ubaporanga (MG),MG,demais municipios,C,8253
5,3170305,Umburatiba (MG),MG,demais municipios,C,1802
5,3170503,Urucânia (MG),MG,demais municipios,C,5340
5,3170578,Vargem Alegre (MG),MG,demais municipios,C,3876
5,3170602,Vargem Bonita (MG),MG,demais municipios,C,1882
5,3170651,Vargem Grande do Rio Pardo (MG),MG,demais municipios,C,3165
5,3171030,Verdelândia (MG),MG,demais municipios,C,4974
5,3171071,Veredinha (MG),MG,demais municipios,C,4495
5,3171154,Vermelho Novo (MG),MG,demais municipios,C,3433
5,3171402,Vieiras (MG),MG,demais municipios,C,3021
5,3171600,Virgem da Lapa (MG),MG,demais municipios,C,8778
5,3171808,Virginópolis (MG),MG,demais municipios,C,6451
5,3171907,Virgolândia (MG),MG,demais municipios,C,3311
5,3172004,Visconde do Rio Branco (MG),MG,demais municipios,A,22732
5,3100609,Água Boa (MG),MG,demais municipios,C,9304
5,3101003,Águas Vermelhas (MG),MG,demais municipios,C,7186
5,1500131,Abel Figueiredo (PA),PA,demais municipios,C,3369
5,1500404,Alenquer (PA),PA,demais municipios,A,32783
5,1500859,Anapu (PA),PA,demais municipios,B,18094
5,1500958,Aurora do Pará (PA),PA,demais municipios,C,10698
5,1501105,Bagre (PA),PA,demais municipios,C,9174
5,1501204,Baião (PA),PA,demais municipios,A,20865
5,1501576,Bom Jesus do Tocantins (PA),PA,demais municipios,C,8533
5,1501725,Brasil Novo (PA),PA,demais municipios,B,12951
5,1501758,Brejo Grande do Araguaia (PA),PA,demais municipios,C,4042
5,1501782,Breu Branco (PA),PA,demais municipios,A,22194
5,1502756,Concórdia do Pará (PA),PA,demais municipios,B,13239
5,1502806,Curralinho (PA),PA,demais municipios,B,14089
5,1502939,Dom Eliseu (PA),PA,demais municipios,B,19626
5,1503077,Garrafão do Norte (PA),PA,demais municipios,B,12851
5,1503093,Goianésia do Pará (PA),PA,demais municipios,B,14405
5,1503309,Igarapé-Miri (PA),PA,demais municipios,A,28528
5,1503457,Ipixuna do Pará (PA),PA,demais municipios,B,14165
5,1503705,Itupiranga (PA),PA,demais municipios,A,23892
5,1503804,Jacundá (PA),PA,demais municipios,B,19964
5,1504000,Limoeiro do Ajuru (PA),PA,demais municipios,B,15558
5,1504455,Medicilândia (PA),PA,demais municipios,B,18359
5,1504505,Melgaço (PA),PA,demais municipios,C,8040
5,1504604,Mocajuba (PA),PA,demais municipios,B,12192
5,1504703,Moju (PA),PA,demais municipios,A,43815
5,1504802,Monte Alegre (PA),PA,demais municipios,A,34025
5,1504059,Mãe do Rio (PA),PA,demais municipios,B,14490
5,1504950,Nova Esperança do Piriá (PA),PA,demais municipios,C,10962
5,1504976,Nova Ipixuna (PA),PA,demais municipios,C,8834
5,1505064,Novo Repartimento (PA),PA,demais municipios,A,36675
5,1505205,Oeiras do Pará (PA),PA,demais municipios,B,15527
5,1505486,Pacajá (PA),PA,demais municipios,A,24374
5,1505809,Portel (PA),PA,demais municipios,B,19527
5,1505908,Porto de Moz (PA),PA,demais municipios,B,14473
5,1506005,Prainha (PA),PA,demais municipios,B,16108
5,1506187,Rondon do Pará (PA),PA,demais municipios,A,21197
5,1507805,Senador José Porfírio (PA),PA,demais municipios,B,13069
5,1507201,São Domingos do Capim (PA),PA,demais municipios,B,15123
5,1507953,Tailândia (PA),PA,demais municipios,A,32342
5,1508001,Tomé-Açu (PA),PA,demais municipios,A,32619
5,1508126,Ulianópolis (PA),PA,demais municipios,B,14066
5,1508159,Uruará (PA),PA,demais municipios,A,27116
5,1505106,Óbidos (PA),PA,demais municipios,A,25679
5,2500205,Aguiar (PB),PB,demais municipios,C,3752
5,2500536,Alcantil (PB),PB,demais municipios,C,3991
5,2500734,Amparo (PB),PB,demais municipios,C,1664
5,2500775,Aparecida (PB),PB,demais municipios,C,4480
5,2501153,Areia de Baraúnas (PB),PB,demais municipios,C,1163
5,2501203,Areial (PB),PB,demais municipios,C,4415
5,2501351,Assunção (PB),PB,demais municipios,C,2568
5,2501534,Baraúna (PB),PB,demais municipios,C,3026
5,2501609,Barra de Santa Rosa (PB),PB,demais municipios,C,8716
5,2501575,Barra de Santana (PB),PB,demais municipios,C,5908
5,2501708,Barra de São Miguel (PB),PB,demais municipios,C,4795
5,2502003,Belém do Brejo do Cruz (PB),PB,demais municipios,C,3512
5,2502052,Bernardino Batista (PB),PB,demais municipios,C,1956
5,2502102,Boa Ventura (PB),PB,demais municipios,C,3108
5,2502151,Boa Vista (PB),PB,demais municipios,C,4161
5,2502201,Bom Jesus (PB),PB,demais municipios,C,1336
5,2502300,Bom Sucesso (PB),PB,demais municipios,C,3355
5,2502409,Bonito de Santa Fé (PB),PB,demais municipios,C,6124
5,2502508,Boqueirão (PB),PB,demais municipios,C,10000
5,2502805,Brejo do Cruz (PB),PB,demais municipios,C,7136
5,2502904,Brejo dos Santos (PB),PB,demais municipios,C,3286
5,2503100,Cabaceiras (PB),PB,demais municipios,C,3626
5,2503308,Cachoeira dos Índios (PB),PB,demais municipios,C,5681
5,2503407,Cacimba de Areia (PB),PB,demais municipios,C,2621
5,2503555,Cacimbas (PB),PB,demais municipios,C,4940
5,2503753,Cajazeirinhas (PB),PB,demais municipios,C,1694
5,2503902,Camalaú (PB),PB,demais municipios,C,4728
5,2504074,Caraúbas (PB),PB,demais municipios,C,3278
5,2504108,Carrapateira (PB),PB,demais municipios,C,1186
5,2504207,Catingueira (PB),PB,demais municipios,C,2586
5,2504355,Caturité (PB),PB,demais municipios,C,3407
5,2504405,Conceição (PB),PB,demais municipios,C,11185
5,2504504,Condado (PB),PB,demais municipios,C,3905
5,2504702,Congo (PB),PB,demais municipios,C,3746
5,2504801,Coremas (PB),PB,demais municipios,C,9181
5,2504850,Coxixola (PB),PB,demais municipios,C,1335
5,2505006,Cubati (PB),PB,demais municipios,C,4420
5,2505303,Curral Velho (PB),PB,demais municipios,C,1183
5,2505402,Desterro (PB),PB,demais municipios,C,5852
5,2505600,Diamante (PB),PB,demais municipios,C,3548
5,2505907,Emas (PB),PB,demais municipios,C,1768
5,2506202,Frei Martinho (PB),PB,demais municipios,C,2166
5,2506509,Gurjão (PB),PB,demais municipios,C,2144
5,2506608,Ibiara (PB),PB,demais municipios,C,3289
5,2502607,Igaracy (PB),PB,demais municipios,C,4078
5,2506707,Imaculada (PB),PB,demais municipios,C,6412
5,2507408,Jericó (PB),PB,demais municipios,C,4156
5,2513653,Joca Claudino (PB),PB,demais municipios,C,1473
5,2507705,Juazeirinho (PB),PB,demais municipios,C,9370
5,2507804,Junco do Seridó (PB),PB,demais municipios,C,3872
5,2508000,Juru (PB),PB,demais municipios,C,6064
5,2508109,Lagoa (PB),PB,demais municipios,C,2960
5,2508307,Lagoa Seca (PB),PB,demais municipios,B,15091
5,2508406,Lastro (PB),PB,demais municipios,C,1730
5,2508505,Livramento (PB),PB,demais municipios,C,5097
5,2508802,Malta (PB),PB,demais municipios,C,3302
5,2509008,Manaíra (PB),PB,demais municipios,C,6799
5,2509156,Marizópolis (PB),PB,demais municipios,C,3781
5,2509370,Mato Grosso (PB),PB,demais municipios,C,1454
5,2509396,Maturéia (PB),PB,demais municipios,C,4537
5,2509503,Montadas (PB),PB,demais municipios,C,3244
5,2509602,Monte Horebe (PB),PB,demais municipios,C,3381
5,2508703,Mãe d'Água (PB),PB,demais municipios,C,2828
5,2510006,Nazarezinho (PB),PB,demais municipios,C,4537
5,2510105,Nova Floresta (PB),PB,demais municipios,C,6217
5,2510204,Nova Olinda (PB),PB,demais municipios,C,3560
5,2510303,Nova Palmeira (PB),PB,demais municipios,C,2935
5,2510402,Olho d'Água (PB),PB,demais municipios,C,3933
5,2510501,Olivedos (PB),PB,demais municipios,C,2665
5,2510600,Ouro Velho (PB),PB,demais municipios,C,1945
5,2510659,Parari (PB),PB,demais municipios,C,1543
5,2510709,Passagem (PB),PB,demais municipios,C,1527
5,2510907,Paulista (PB),PB,demais municipios,C,7120
5,2511004,Pedra Branca (PB),PB,demais municipios,C,2436
5,2511103,Pedra Lavrada (PB),PB,demais municipios,C,4109
5,2511301,Piancó (PB),PB,demais municipios,C,9329
5,2511400,Picuí (PB),PB,demais municipios,B,12656
5,2512002,Pocinhos (PB),PB,demais municipios,C,10383
5,2512036,Poço Dantas (PB),PB,demais municipios,C,2207
5,2512077,Poço de José de Moura (PB),PB,demais municipios,C,2767
5,2512200,Prata (PB),PB,demais municipios,C,2639
5,2512408,Puxinanã (PB),PB,demais municipios,C,8344
5,2512507,Queimadas (PB),PB,demais municipios,A,27104
5,2512606,Quixaba (PB),PB,demais municipios,C,1136
5,2512788,Riacho de Santo Antônio (PB),PB,demais municipios,C,1142
5,2512804,Riacho dos Cavalos (PB),PB,demais municipios,C,5043
5,2513000,Salgadinho (PB),PB,demais municipios,C,1829
5,2513158,Santa Cecília (PB),PB,demais municipios,C,5180
5,2513208,Santa Cruz (PB),PB,demais municipios,C,3583
5,2513307,Santa Helena (PB),PB,demais municipios,C,3744
5,2513356,Santa Inês (PB),PB,demais municipios,C,2017
5,2513406,Santa Luzia (PB),PB,demais municipios,C,8184
5,2513802,Santa Teresinha (PB),PB,demais municipios,C,2767
5,2513505,Santana de Mangueira (PB),PB,demais municipios,C,3135
5,2513604,Santana dos Garrotes (PB),PB,demais municipios,C,4108
5,2513851,Santo André (PB),PB,demais municipios,C,1890
5,2515500,Serra Branca (PB),PB,demais municipios,C,9273
5,2515708,Serra Grande (PB),PB,demais municipios,C,1982
5,2516102,Soledade (PB),PB,demais municipios,C,8753
5,2516151,Sossêgo (PB),PB,demais municipios,C,2000
5,2513927,São Bentinho (PB),PB,demais municipios,C,2630
5,2513901,São Bento (PB),PB,demais municipios,B,17403
5,2513968,São Domingos (PB),PB,demais municipios,C,1588
5,2513943,São Domingos do Cariri (PB),PB,demais municipios,C,1995
5,2513984,São Francisco (PB),PB,demais municipios,C,1774
5,2514206,São José da Lagoa Tapada (PB),PB,demais municipios,C,4587
5,2514305,São José de Caiana (PB),PB,demais municipios,C,3373
5,2514404,São José de Espinharas (PB),PB,demais municipios,C,2726
5,2514503,São José de Piranhas (PB),PB,demais municipios,C,11608
5,2514552,São José de Princesa (PB),PB,demais municipios,C,2014
5,2514602,São José do Bonfim (PB),PB,demais municipios,C,2453
5,2514651,São José do Brejo do Cruz (PB),PB,demais municipios,C,1012
5,2514701,São José do Sabugi (PB),PB,demais municipios,C,2272
5,2514800,São José dos Cordeiros (PB),PB,demais municipios,C,2959
5,2514008,São João do Cariri (PB),PB,demais municipios,C,3240
5,2500700,São João do Rio do Peixe (PB),PB,demais municipios,C,11252
5,2514107,São João do Tigre (PB),PB,demais municipios,C,3719
5,2514909,São Mamede (PB),PB,demais municipios,C,4759
5,2515104,São Sebastião de Lagoa de Roça (PB),PB,demais municipios,C,7276
5,2515203,São Sebastião do Umbuzeiro (PB),PB,demais municipios,C,2628
5,2515401,São Vicente do Seridó (PB),PB,demais municipios,C,5270
5,2516508,Taperoá (PB),PB,demais municipios,C,9691
5,2516607,Tavares (PB),PB,demais municipios,C,9868
5,2516706,Teixeira (PB),PB,demais municipios,C,8618
5,2516755,Tenório (PB),PB,demais municipios,C,1825
5,2516805,Triunfo (PB),PB,demais municipios,C,5362
5,2516904,Uiraúna (PB),PB,demais municipios,C,9585
5,2517209,Vieirópolis (PB),PB,demais municipios,C,3201
5,2505501,Vista Serrana (PB),PB,demais municipios,C,1843
5,2517100,Várzea (PB),PB,demais municipios,C,1839
5,2517407,Zabelê (PB),PB,demais municipios,C,1694
5,2500106,Água Branca (PB),PB,demais municipios,C,6388
5,2600203,Afrânio (PE),PE,demais municipios,B,13731
5,2600609,Alagoinha (PE),PE,demais municipios,C,9201
5,2601607,Belém do São Francisco (PE),PE,demais municipios,C,11021
5,2601805,Betânia (PE),PE,demais municipios,C,7979
5,2602001,Bodocó (PE),PE,demais municipios,A,26143
5,2602506,Brejinho (PE),PE,demais municipios,C,6367
5,2602605,Brejo da Madre de Deus (PE),PE,demais municipios,A,33522
5,2602407,Brejão (PE),PE,demais municipios,C,5930
5,2602803,Buíque (PE),PE,demais municipios,A,30118
5,2603009,Cabrobó (PE),PE,demais municipios,B,16331
5,2603108,Cachoeirinha (PE),PE,demais municipios,B,13298
5,2603207,Caetés (PE),PE,demais municipios,B,18044
5,2603405,Calumbi (PE),PE,demais municipios,C,3954
5,2603306,Calçado (PE),PE,demais municipios,C,7660
5,2603801,Capoeiras (PE),PE,demais municipios,B,11904
5,2603926,Carnaubeira da Penha (PE),PE,demais municipios,C,7060
5,2603900,Carnaíba (PE),PE,demais municipios,B,15275
5,2604304,Cedro (PE),PE,demais municipios,C,6487
5,2605103,Custódia (PE),PE,demais municipios,A,24516
5,2605152,Dormentes (PE),PE,demais municipios,B,13535
5,2605301,Exu (PE),PE,demais municipios,A,21467
5,2605608,Flores (PE),PE,demais municipios,B,15774
5,2605707,Floresta (PE),PE,demais municipios,B,16056
5,2605806,Frei Miguelinho (PE),PE,demais municipios,C,10656
5,2606309,Granito (PE),PE,demais municipios,C,4709
5,2606507,Iati (PE),PE,demais municipios,C,10719
5,2606606,Ibimirim (PE),PE,demais municipios,B,15181
5,2606705,Ibirajuba (PE),PE,demais municipios,C,5330
5,2606903,Iguaracy (PE),PE,demais municipios,C,8971
5,2607000,Inajá (PE),PE,demais municipios,C,11500
5,2607109,Ingazeira (PE),PE,demais municipios,C,3902
5,2607307,Ipubi (PE),PE,demais municipios,B,18390
5,2607406,Itacuruba (PE),PE,demais municipios,C,2292
5,2607703,Itapetim (PE),PE,demais municipios,B,11994
5,2607505,Itaíba (PE),PE,demais municipios,B,17949
5,2608008,Jataúba (PE),PE,demais municipios,C,11523
5,2608057,Jatobá (PE),PE,demais municipios,C,8222
5,2608255,Jucati (PE),PE,demais municipios,C,7648
5,2608305,Jupi (PE),PE,demais municipios,C,9621
5,2608750,Lagoa Grande (PE),PE,demais municipios,B,13478
5,2608800,Lajedo (PE),PE,demais municipios,A,24002
5,2609154,Manari (PE),PE,demais municipios,C,11336
5,2609303,Mirandiba (PE),PE,demais municipios,C,8691
5,2614303,Moreilândia (PE),PE,demais municipios,C,7078
5,2609808,Orocó (PE),PE,demais municipios,C,7219
5,2609907,Ouricuri (PE),PE,demais municipios,A,44577
5,2610301,Paranatama (PE),PE,demais municipios,C,7567
5,2610400,Parnamirim (PE),PE,demais municipios,B,13118
5,2610806,Pedra (PE),PE,demais municipios,B,14073
5,2610905,Pesqueira (PE),PE,demais municipios,A,36683
5,2611002,Petrolândia (PE),PE,demais municipios,B,18320
5,2611200,Poção (PE),PE,demais municipios,C,7460
5,2611533,Quixaba (PE),PE,demais municipios,C,5202
5,2612307,Saloá (PE),PE,demais municipios,C,8729
5,2612406,Sanharó (PE),PE,demais municipios,C,10795
5,2612455,Santa Cruz (PE),PE,demais municipios,C,9679
5,2612471,Santa Cruz da Baixa Verde (PE),PE,demais municipios,C,8587
5,2612505,Santa Cruz do Capibaribe (PE),PE,demais municipios,A,57224
5,2612554,Santa Filomena (PE),PE,demais municipios,C,9337
5,2612604,Santa Maria da Boa Vista (PE),PE,demais municipios,A,21864
5,2612703,Santa Maria do Cambucá (PE),PE,demais municipios,C,9457
5,2612802,Santa Terezinha (PE),PE,demais municipios,C,7917
5,2614006,Serrita (PE),PE,demais municipios,B,13437
5,2614105,Sertânia (PE),PE,demais municipios,A,20536
5,2614402,Solidão (PE),PE,demais municipios,C,3982
5,2613008,São Bento do Una (PE),PE,demais municipios,A,31043
5,2613107,São Caitano (PE),PE,demais municipios,A,26216
5,2613503,São José do Belmonte (PE),PE,demais municipios,A,23049
5,2613602,São José do Egito (PE),PE,demais municipios,A,23434
5,2614600,Tabira (PE),PE,demais municipios,A,20888
5,2614709,Tacaimbó (PE),PE,demais municipios,C,9238
5,2614808,Tacaratu (PE),PE,demais municipios,B,12404
5,2615003,Taquaritinga do Norte (PE),PE,demais municipios,B,18451
5,2615102,Terezinha (PE),PE,demais municipios,C,4213
5,2615201,Terra Nova (PE),PE,demais municipios,C,4780
5,2615409,Toritama (PE),PE,demais municipios,A,23713
5,2615607,Trindade (PE),PE,demais municipios,B,19696
5,2615706,Triunfo (PE),PE,demais municipios,C,10505
5,2615805,Tupanatinga (PE),PE,demais municipios,B,12520
5,2615904,Tuparetama (PE),PE,demais municipios,C,5849
5,2616001,Venturosa (PE),PE,demais municipios,C,9229
5,2616100,Verdejante (PE),PE,demais municipios,C,6205
5,2616209,Vertentes (PE),PE,demais municipios,B,13163
5,2600500,Águas Belas (PE),PE,demais municipios,A,27839
5,2200103,Agricolândia (PI),PI,demais municipios,C,2788
5,2200251,Alagoinha do Piauí (PI),PI,demais municipios,C,5885
5,2200277,Alegrete do Piauí (PI),PI,demais municipios,C,2942
5,2200301,Alto Longá (PI),PI,demais municipios,C,8894
5,2200608,Angical do Piauí (PI),PI,demais municipios,C,4294
5,2200806,Antônio Almeida (PI),PI,demais municipios,C,1914
5,2200905,Aroazes (PI),PI,demais municipios,C,3251
5,2200954,Aroeiras do Itaim (PI),PI,demais municipios,C,1744
5,2201002,Arraial (PI),PI,demais municipios,C,2826
5,2201051,Assunção do Piauí (PI),PI,demais municipios,C,5847
5,2201176,Barra D'Alcântara (PI),PI,demais municipios,C,2576
5,2201408,Barro Duro (PI),PI,demais municipios,C,3673
5,2201572,Belém do Piauí (PI),PI,demais municipios,C,2439
5,2201606,Beneditinos (PI),PI,demais municipios,C,6266
5,2201770,Boa Hora (PI),PI,demais municipios,C,3813
5,2201804,Bocaina (PI),PI,demais municipios,C,2979
5,2201945,Boqueirão do Piauí (PI),PI,demais municipios,C,3823
5,2201960,Brasileira (PI),PI,demais municipios,C,5075
5,2202026,Buriti dos Montes (PI),PI,demais municipios,C,5541
5,2202059,Cabeceiras do Piauí (PI),PI,demais municipios,C,5994
5,2202075,Cajazeiras do Piauí (PI),PI,demais municipios,C,2217
5,2202091,Caldeirão Grande do Piauí (PI),PI,demais municipios,C,3972
5,2202133,Campo Grande do Piauí (PI),PI,demais municipios,C,4516
5,2202174,Campo Largo do Piauí (PI),PI,demais municipios,C,4054
5,2202251,Canavieira (PI),PI,demais municipios,C,2189
5,2202406,Capitão de Campos (PI),PI,demais municipios,C,6439
5,2202554,Caridade do Piauí (PI),PI,demais municipios,C,3700
5,2202604,Castelo do Piauí (PI),PI,demais municipios,B,12328
5,2202711,Cocal de Telha (PI),PI,demais municipios,C,3162
5,2202737,Coivaras (PI),PI,demais municipios,C,2354
5,2202778,Colônia do Piauí (PI),PI,demais municipios,C,4811
5,2203271,Curral Novo do Piauí (PI),PI,demais municipios,C,3546
5,2203404,Dom Expedito Lopes (PI),PI,demais municipios,C,3874
5,2203420,Domingos Mourão (PI),PI,demais municipios,C,2964
5,2203503,Elesbão Veloso (PI),PI,demais municipios,C,8992
5,2203859,Floresta do Piauí (PI),PI,demais municipios,C,2033
5,2204006,Francinópolis (PI),PI,demais municipios,C,3508
5,2204105,Francisco Ayres (PI),PI,demais municipios,C,2756
5,2204154,Francisco Macedo (PI),PI,demais municipios,C,2213
5,2204204,Francisco Santos (PI),PI,demais municipios,C,6736
5,2204303,Fronteiras (PI),PI,demais municipios,C,7159
5,2204352,Geminiano (PI),PI,demais municipios,C,3463
5,2204501,Guadalupe (PI),PI,demais municipios,C,5319
5,2204600,Hugo Napoleão (PI),PI,demais municipios,C,2083
5,2204709,Inhuma (PI),PI,demais municipios,C,9939
5,2204808,Ipiranga do Piauí (PI),PI,demais municipios,C,5898
5,2204907,Isaías Coelho (PI),PI,demais municipios,C,5028
5,2205003,Itainópolis (PI),PI,demais municipios,C,7909
5,2205201,Jaicós (PI),PI,demais municipios,B,13974
5,2205250,Jardim do Mulato (PI),PI,demais municipios,C,2437
5,2205276,Jatobá do Piauí (PI),PI,demais municipios,C,3143
5,2205300,Jerumenha (PI),PI,demais municipios,C,2725
5,2205508,José de Freitas (PI),PI,demais municipios,A,23589
5,2205516,Juazeiro do Piauí (PI),PI,demais municipios,C,4185
5,2205557,Lagoa Alegre (PI),PI,demais municipios,C,4970
5,2205573,Lagoa de São Francisco (PI),PI,demais municipios,C,3672
5,2205581,Lagoa do Piauí (PI),PI,demais municipios,C,3014
5,2205599,Lagoa do Sítio (PI),PI,demais municipios,C,3464
5,2205540,Lagoinha do Piauí (PI),PI,demais municipios,C,1863
5,2205607,Landri Sales (PI),PI,demais municipios,C,3645
5,2205953,Marcolândia (PI),PI,demais municipios,C,5457
5,2206001,Marcos Parente (PI),PI,demais municipios,C,2880
5,2206050,Massapê do Piauí (PI),PI,demais municipios,C,4085
5,2206100,Matias Olímpio (PI),PI,demais municipios,C,5033
5,2206209,Miguel Alves (PI),PI,demais municipios,B,16689
5,2206308,Miguel Leão (PI),PI,demais municipios,C,776
5,2206357,Milton Brandão (PI),PI,demais municipios,C,5234
5,2206407,Monsenhor Gil (PI),PI,demais municipios,C,6068
5,2206506,Monsenhor Hipólito (PI),PI,demais municipios,C,5899
5,2206704,Nazaré do Piauí (PI),PI,demais municipios,C,4011
5,2206753,Nossa Senhora de Nazaré (PI),PI,demais municipios,C,3359
5,2206803,Nossa Senhora dos Remédios (PI),PI,demais municipios,C,4723
5,2206902,Novo Oriente do Piauí (PI),PI,demais municipios,C,4158
5,2206951,Novo Santo Antônio (PI),PI,demais municipios,C,2540
5,2207108,Olho D'Água do Piauí (PI),PI,demais municipios,C,1418
5,2207207,Padre Marcos (PI),PI,demais municipios,C,5307
5,2207504,Palmeirais (PI),PI,demais municipios,C,8080
5,2207553,Paquetá (PI),PI,demais municipios,C,2896
5,2207751,Passagem Franca do Piauí (PI),PI,demais municipios,C,2287
5,2207793,Pau D'Arco do Piauí (PI),PI,demais municipios,C,2376
5,2207900,Pedro II (PI),PI,demais municipios,A,22712
5,2208106,Pimenteiras (PI),PI,demais municipios,C,7863
5,2208205,Pio IX (PI),PI,demais municipios,B,14234
5,2208502,Porto (PI),PI,demais municipios,C,6012
5,2208551,Porto Alegre do Piauí (PI),PI,demais municipios,C,1336
5,2208601,Prata do Piauí (PI),PI,demais municipios,C,1956
5,2208809,Regeneração (PI),PI,demais municipios,C,9811
5,2209104,Santa Cruz do Piauí (PI),PI,demais municipios,C,3827
5,2209153,Santa Cruz dos Milagres (PI),PI,demais municipios,C,2710
5,2209377,Santa Rosa do Piauí (PI),PI,demais municipios,C,3387
5,2209351,Santana do Piauí (PI),PI,demais municipios,C,2370
5,2209401,Santo Antônio de Lisboa (PI),PI,demais municipios,C,4646
5,2209450,Santo Antônio dos Milagres (PI),PI,demais municipios,C,981
5,2209500,Santo Inácio do Piauí (PI),PI,demais municipios,C,2722
5,2210631,Sebastião Leal (PI),PI,demais municipios,C,2879
5,2210656,Sigefredo Pacheco (PI),PI,demais municipios,C,6846
5,2210706,Simões (PI),PI,demais municipios,C,8969
5,2210938,Sussuapara (PI),PI,demais municipios,C,3539
5,2209708,São Francisco do Piauí (PI),PI,demais municipios,C,3966
5,2209609,São Félix do Piauí (PI),PI,demais municipios,C,2190
5,2209807,São Gonçalo do Piauí (PI),PI,demais municipios,C,2542
5,2210102,São José do Peixe (PI),PI,demais municipios,C,2420
5,2210201,São José do Piauí (PI),PI,demais municipios,C,6311
5,2209856,São João da Canabrava (PI),PI,demais municipios,C,3198
5,2209906,São João da Serra (PI),PI,demais municipios,C,5591
5,2209955,São João da Varjota (PI),PI,demais municipios,C,2980
5,2209971,São João do Arraial (PI),PI,demais municipios,C,5099
5,2210300,São Julião (PI),PI,demais municipios,C,4573
5,2210375,São Luis do Piauí (PI),PI,demais municipios,C,1739
5,2210383,São Miguel da Baixa Grande (PI),PI,demais municipios,C,1776
5,2210409,São Miguel do Tapuio (PI),PI,demais municipios,B,12360
5,2210508,São Pedro do Piauí (PI),PI,demais municipios,C,6718
5,2210979,Tanque do Piauí (PI),PI,demais municipios,C,2078
5,2211100,União (PI),PI,demais municipios,A,24959
5,2211605,Vila Nova do Piauí (PI),PI,demais municipios,C,2548
5,2211407,Várzea Grande (PI),PI,demais municipios,C,3396
5,2211704,Wall Ferraz (PI),PI,demais municipios,C,2473
5,2200202,Água Branca (PI),PI,demais municipios,C,9119
5,4100103,Abatiá (PR),PR,demais municipios,C,4560
5,4100608,Alto Paraná (PR),PR,demais municipios,C,7759
5,4101051,Anahy (PR),PR,demais municipios,C,1616
5,4101309,Antônio Olinto (PR),PR,demais municipios,C,5175
5,4101655,Arapuã (PR),PR,demais municipios,C,2145
5,4101853,Ariranha do Ivaí (PR),PR,demais municipios,C,1634
5,4102505,Barbosa Ferraz (PR),PR,demais municipios,C,7066
5,4102703,Barra do Jacaré (PR),PR,demais municipios,C,1854
5,4102802,Bela Vista do Paraíso (PR),PR,demais municipios,C,8392
5,4103040,Boa Ventura de São Roque (PR),PR,demais municipios,C,4471
5,4103156,Bom Jesus do Sul (PR),PR,demais municipios,C,2437
5,4103206,Bom Sucesso (PR),PR,demais municipios,C,3579
5,4103958,Campina do Simão (PR),PR,demais municipios,C,2598
5,4104451,Cantagalo (PR),PR,demais municipios,C,6259
5,4105003,Catanduvas (PR),PR,demais municipios,C,5181
5,4106001,Congonhinhas (PR),PR,demais municipios,C,5304
5,4106456,Coronel Domingos Soares (PR),PR,demais municipios,C,3991
5,4106555,Corumbataí do Sul (PR),PR,demais municipios,C,2547
5,4106803,Cruz Machado (PR),PR,demais municipios,C,11448
5,4106704,Cruzeiro do Sul (PR),PR,demais municipios,C,2641
5,4106852,Cruzmaltina (PR),PR,demais municipios,C,1888
5,4107009,Curiúva (PR),PR,demais municipios,C,8248
5,4104402,Cândido de Abreu (PR),PR,demais municipios,C,9786
5,4107124,Diamante do Sul (PR),PR,demais municipios,C,2580
5,4107546,Espigão Alto do Iguaçu (PR),PR,demais municipios,C,2965
5,4107553,Farol (PR),PR,demais municipios,C,1829
5,4107603,Faxinal (PR),PR,demais municipios,C,9061
5,4107736,Fernandes Pinheiro (PR),PR,demais municipios,C,3821
5,4107751,Figueira (PR),PR,demais municipios,C,4780
5,4107850,Flor da Serra do Sul (PR),PR,demais municipios,C,2944
5,4108007,Florestópolis (PR),PR,demais municipios,C,6026
5,4108452,Foz do Jordão (PR),PR,demais municipios,C,2947
5,4108502,General Carneiro (PR),PR,demais municipios,C,6378
5,4108551,Godoy Moreira (PR),PR,demais municipios,C,2320
5,4108650,Goioxim (PR),PR,demais municipios,C,4174
5,4108700,Grandes Rios (PR),PR,demais municipios,C,3802
5,4108957,Guamiranga (PR),PR,demais municipios,C,5049
5,4109005,Guapirama (PR),PR,demais municipios,C,2843
5,4109658,Honório Serpa (PR),PR,demais municipios,C,3443
5,4109757,Ibema (PR),PR,demais municipios,C,3411
5,4110052,Iguatu (PR),PR,demais municipios,C,1493
5,4110078,Imbaú (PR),PR,demais municipios,C,6636
5,4110300,Inajá (PR),PR,demais municipios,C,1452
5,4110201,Inácio Martins (PR),PR,demais municipios,C,5373
5,4110508,Ipiranga (PR),PR,demais municipios,C,8416
5,4110805,Iretama (PR),PR,demais municipios,C,6990
5,4111407,Ivaí (PR),PR,demais municipios,C,8598
5,4111704,Jaboti (PR),PR,demais municipios,C,3559
5,4112207,Janiópolis (PR),PR,demais municipios,C,3582
5,4112306,Japira (PR),PR,demais municipios,C,3235
5,4112603,Jardim Olinda (PR),PR,demais municipios,C,970
5,4112900,Jundiaí do Sul (PR),PR,demais municipios,C,2120
5,4113106,Kaloré (PR),PR,demais municipios,C,2952
5,4113254,Laranjal (PR),PR,demais municipios,C,3612
5,4113429,Lidianópolis (PR),PR,demais municipios,C,2512
5,4113734,Luiziana (PR),PR,demais municipios,C,3952
5,4113759,Lunardelli (PR),PR,demais municipios,C,2934
5,4113809,Lupionópolis (PR),PR,demais municipios,C,3112
5,4114351,Manfrinópolis (PR),PR,demais municipios,C,2337
5,4115457,Marquinho (PR),PR,demais municipios,C,3628
5,4115507,Marumbi (PR),PR,demais municipios,C,2865
5,4115739,Mato Rico (PR),PR,demais municipios,C,2258
5,4116000,Miraselva (PR),PR,demais municipios,C,1199
5,4116109,Moreira Sales (PR),PR,demais municipios,C,7308
5,4116604,Nova América da Colina (PR),PR,demais municipios,C,1841
5,4116802,Nova Cantu (PR),PR,demais municipios,C,3991
5,4117008,Nova Fátima (PR),PR,demais municipios,C,4051
5,4117057,Nova Laranjeiras (PR),PR,demais municipios,C,7925
5,4117214,Nova Santa Bárbara (PR),PR,demais municipios,C,2346
5,4117271,Nova Tebas (PR),PR,demais municipios,C,4538
5,4117297,Novo Itacolomi (PR),PR,demais municipios,C,2085
5,4117800,Palmital (PR),PR,demais municipios,C,9609
5,4118303,Paranapoema (PR),PR,demais municipios,C,1367
5,4119251,Pinhal de São Bento (PR),PR,demais municipios,C,1634
5,4119202,Pinhalão (PR),PR,demais municipios,C,4096
5,4119301,Pinhão (PR),PR,demais municipios,B,17999
5,4119400,Piraí do Sul (PR),PR,demais municipios,B,13080
5,4120309,Porto Vitória (PR),PR,demais municipios,C,2104
5,4120333,Prado Ferreira (PR),PR,demais municipios,C,2241
5,4120606,Prudentópolis (PR),PR,demais municipios,A,30829
5,4121109,Quinta do Sol (PR),PR,demais municipios,C,3122
5,4121356,Rancho Alegre D'Oeste (PR),PR,demais municipios,C,1465
5,4121505,Rebouças (PR),PR,demais municipios,C,8442
5,4121703,Reserva (PR),PR,demais municipios,B,13961
5,4121752,Reserva do Iguaçu (PR),PR,demais municipios,C,4069
5,4121901,Ribeirão do Pinhal (PR),PR,demais municipios,C,7589
5,4122008,Rio Azul (PR),PR,demais municipios,C,9144
5,4122107,Rio Bom (PR),PR,demais municipios,C,2143
5,4122156,Rio Bonito do Iguaçu (PR),PR,demais municipios,C,8799
5,4122172,Rio Branco do Ivaí (PR),PR,demais municipios,C,2530
5,4122503,Roncador (PR),PR,demais municipios,C,6792
5,4122651,Rosário do Ivaí (PR),PR,demais municipios,C,3728
5,4122909,Salto do Itararé (PR),PR,demais municipios,C,3678
5,4123105,Santa Amélia (PR),PR,demais municipios,C,2173
5,4123204,Santa Cecília do Pavão (PR),PR,demais municipios,C,1970
5,4123857,Santa Maria do Oeste (PR),PR,demais municipios,C,6819
5,4124004,Santana do Itararé (PR),PR,demais municipios,C,3798
5,4124202,Santo Antônio do Caiuá (PR),PR,demais municipios,C,1566
5,4126207,Sapopema (PR),PR,demais municipios,C,4104
5,4126306,Sengés (PR),PR,demais municipios,C,9731
5,4124707,São Jerônimo da Serra (PR),PR,demais municipios,C,6978
5,4125407,São José da Boa Vista (PR),PR,demais municipios,C,4419
5,4124905,São João do Caiuá (PR),PR,demais municipios,C,3162
5,4125001,São João do Ivaí (PR),PR,demais municipios,C,7091
5,4125100,São João do Triunfo (PR),PR,demais municipios,C,8781
5,4125555,São Manoel do Paraná (PR),PR,demais municipios,C,1258
5,4126009,São Sebastião da Amoreira (PR),PR,demais municipios,C,4286
5,4126108,São Tomé (PR),PR,demais municipios,C,3156
5,4126678,Tamarana (PR),PR,demais municipios,C,6177
5,4126702,Tamboara (PR),PR,demais municipios,C,3050
5,4127007,Teixeira Soares (PR),PR,demais municipios,C,5524
5,4127809,Tomazina (PR),PR,demais municipios,C,6255
5,4127858,Três Barras do Paraná (PR),PR,demais municipios,C,7487
5,4127908,Tuneiras do Oeste (PR),PR,demais municipios,C,4866
5,4127965,Turvo (PR),PR,demais municipios,C,8353
5,4128302,Uniflor (PR),PR,demais municipios,C,1305
5,4128534,Ventania (PR),PR,demais municipios,C,5310
5,4128658,Virmond (PR),PR,demais municipios,C,2579
5,3302304,Laje do Muriaé (RJ),RJ,demais municipios,C,4761
5,3303005,Miracema (RJ),RJ,demais municipios,B,14947
5,3304102,Porciúncula (RJ),RJ,demais municipios,C,11096
5,2400109,Acari (RN),RN,demais municipios,C,5849
5,2400505,Alexandria (RN),RN,demais municipios,C,8204
5,2400604,Almino Afonso (RN),RN,demais municipios,C,3437
5,2400901,Antônio Martins (RN),RN,demais municipios,C,4050
5,2402105,Campo Redondo (RN),RN,demais municipios,C,6082
5,2402402,Carnaúba dos Dantas (RN),RN,demais municipios,C,5043
5,2402808,Coronel Ezequiel (RN),RN,demais municipios,C,4219
5,2402907,Coronel João Pessoa (RN),RN,demais municipios,C,2344
5,2403004,Cruzeta (RN),RN,demais municipios,C,4746
5,2403202,Doutor Severiano (RN),RN,demais municipios,C,4039
5,2403301,Encanto (RN),RN,demais municipios,C,3637
5,2403400,Equador (RN),RN,demais municipios,C,3555
5,2403806,Florânia (RN),RN,demais municipios,C,5766
5,2403905,Francisco Dantas (RN),RN,demais municipios,C,2139
5,2404002,Frutuoso Gomes (RN),RN,demais municipios,C,2789
5,2404804,Ipueira (RN),RN,demais municipios,C,1329
5,2404903,Itaú (RN),RN,demais municipios,C,3024
5,2405207,Janduís (RN),RN,demais municipios,C,2782
5,2405603,Jardim de Piranhas (RN),RN,demais municipios,C,8162
5,2405702,Jardim do Seridó (RN),RN,demais municipios,C,6940
5,2405009,Jaçanã (RN),RN,demais municipios,C,5028
5,2406007,José da Penha (RN),RN,demais municipios,C,3961
5,2405900,João Dias (RN),RN,demais municipios,C,1308
5,2406502,Lagoa Nova (RN),RN,demais municipios,C,10674
5,2406809,Lajes Pintadas (RN),RN,demais municipios,C,3056
5,2406908,Lucrécia (RN),RN,demais municipios,C,2277
5,2407005,Luís Gomes (RN),RN,demais municipios,C,5686
5,2407252,Major Sales (RN),RN,demais municipios,C,2046
5,2407302,Marcelino Vieira (RN),RN,demais municipios,C,4495
5,2407401,Martins (RN),RN,demais municipios,C,5135
5,2407609,Messias Targino (RN),RN,demais municipios,C,2432
5,2408409,Olho d'Água do Borges (RN),RN,demais municipios,C,2448
5,2408508,Ouro Branco (RN),RN,demais municipios,C,3319
5,2408607,Paraná (RN),RN,demais municipios,C,2202
5,2408904,Parelhas (RN),RN,demais municipios,B,13261
5,2409308,Patu (RN),RN,demais municipios,C,6549
5,2410009,Pilões (RN),RN,demais municipios,C,1920
5,2410207,Portalegre (RN),RN,demais municipios,C,4832
5,2410504,Rafael Fernandes (RN),RN,demais municipios,C,3310
5,2410603,Rafael Godeiro (RN),RN,demais municipios,C,2077
5,2410702,Riacho da Cruz (RN),RN,demais municipios,C,1600
5,2410801,Riacho de Santana (RN),RN,demais municipios,C,2545
5,2411007,Rodolfo Fernandes (RN),RN,demais municipios,C,2689
5,2411429,Santana do Seridó (RN),RN,demais municipios,C,1783
5,2413409,Serra Negra do Norte (RN),RN,demais municipios,C,4077
5,2413557,Serrinha dos Pintos (RN),RN,demais municipios,C,3222
5,2413607,Severiano Melo (RN),RN,demais municipios,C,3796
5,2411700,São Bento do Trairí (RN),RN,demais municipios,C,2283
5,2411809,São Fernando (RN),RN,demais municipios,C,2174
5,2411908,São Francisco do Oeste (RN),RN,demais municipios,C,2550
5,2412401,São José do Seridó (RN),RN,demais municipios,C,2359
5,2412104,São João do Sabugi (RN),RN,demais municipios,C,4081
5,2412500,São Miguel (RN),RN,demais municipios,B,14646
5,2413003,São Vicente (RN),RN,demais municipios,C,4330
5,2413805,Taboleiro Grande (RN),RN,demais municipios,C,1492
5,2414100,Tenente Ananias (RN),RN,demais municipios,C,5576
5,2414159,Tenente Laurentino Cruz (RN),RN,demais municipios,C,3769
5,2414308,Timbaúba dos Batistas (RN),RN,demais municipios,C,1486
5,2414506,Umarizal (RN),RN,demais municipios,C,6394
5,2414753,Venha-Ver (RN),RN,demais municipios,C,1760
5,2414902,Viçosa (RN),RN,demais municipios,C,1021
5,2400406,Água Nova (RN),RN,demais municipios,C,1696
5,1400050,Alto Alegre (RR),RR,demais municipios,C,8510
5,1400027,Amajari (RR),RR,demais municipios,C,5240
5,1400159,Bonfim (RR),RR,demais municipios,C,6686
5,1400175,Cantá (RR),RR,demais municipios,C,10590
5,1400308,Mucajaí (RR),RR,demais municipios,C,8977
5,1400407,Normandia (RR),RR,demais municipios,C,4792
5,1400704,Uiramutã (RR),RR,demais municipios,C,4526
5,4300034,Aceguá (RS),RS,demais municipios,C,3675
5,4300109,Agudo (RS),RS,demais municipios,C,10118
5,4300307,Alecrim (RS),RS,demais municipios,C,4884
5,4300455,Alegria (RS),RS,demais municipios,C,2933
5,4300646,Ametista do Sul (RS),RS,demais municipios,C,5046
5,4301206,Arroio do Tigre (RS),RS,demais municipios,C,7268
5,4301404,Arvorezinha (RS),RS,demais municipios,C,6759
5,4301859,Barra do Guarita (RS),RS,demais municipios,C,1806
5,4301925,Barra do Rio Azul (RS),RS,demais municipios,C,1334
5,4301800,Barracão (RS),RS,demais municipios,C,3986
5,4302006,Barros Cassal (RS),RS,demais municipios,C,6089
5,4302055,Benjamin Constant do Sul (RS),RS,demais municipios,C,1304
5,4302378,Bom Progresso (RS),RS,demais municipios,C,1302
5,4302451,Boqueirão do Leão (RS),RS,demais municipios,C,4558
5,4302501,Bossoroca (RS),RS,demais municipios,C,4912
5,4302600,Braga (RS),RS,demais municipios,C,1925
5,4302907,Cacequi (RS),RS,demais municipios,C,6541
5,4303202,Cacique Doble (RS),RS,demais municipios,C,3260
5,4304200,Candelária (RS),RS,demais municipios,A,21168
5,4304614,Canudos do Vale (RS),RS,demais municipios,C,1591
5,4304853,Carlos Gomes (RS),RS,demais municipios,C,1253
5,4302808,Caçapava do Sul (RS),RS,demais municipios,A,23912
5,4305132,Cerro Branco (RS),RS,demais municipios,C,3198
5,4305157,Cerro Grande (RS),RS,demais municipios,C,1673
5,4305371,Charrua (RS),RS,demais municipios,C,1857
5,4305835,Coqueiro Baixo (RS),RS,demais municipios,C,1227
5,4305900,Coronel Bicaco (RS),RS,demais municipios,C,4024
5,4306072,Cristal do Sul (RS),RS,demais municipios,C,1755
5,4306320,Derrubadas (RS),RS,demais municipios,C,1806
5,4306353,Dezesseis de Novembro (RS),RS,demais municipios,C,2541
5,4306379,Dilermando de Aguiar (RS),RS,demais municipios,C,2285
5,4306429,Dois Irmãos das Missões (RS),RS,demais municipios,C,1317
5,4306601,Dom Pedrito (RS),RS,demais municipios,A,21959
5,4306700,Dona Francisca (RS),RS,demais municipios,C,2087
5,4306924,Engenho Velho (RS),RS,demais municipios,C,724
5,4307203,Erval Grande (RS),RS,demais municipios,C,4000
5,4307302,Erval Seco (RS),RS,demais municipios,C,4734
5,4307450,Esperança do Sul (RS),RS,demais municipios,C,2347
5,4307815,Estrela Velha (RS),RS,demais municipios,C,2336
5,4307831,Eugênio de Castro (RS),RS,demais municipios,C,2105
5,4308052,Faxinalzinho (RS),RS,demais municipios,C,2143
5,4308300,Fontoura Xavier (RS),RS,demais municipios,C,6165
5,4308409,Formigueiro (RS),RS,demais municipios,C,4614
5,4308433,Forquetinha (RS),RS,demais municipios,C,1904
5,4308656,Garruchos (RS),RS,demais municipios,C,2268
5,4309159,Gramado Xavier (RS),RS,demais municipios,C,2310
5,4309126,Gramado dos Loureiros (RS),RS,demais municipios,C,1226
5,4309258,Guabiju (RS),RS,demais municipios,C,1045
5,4309571,Herveiras (RS),RS,demais municipios,C,1707
5,4309654,Hulha Negra (RS),RS,demais municipios,C,4457
5,4309704,Humaitá (RS),RS,demais municipios,C,3561
5,4309753,Ibarama (RS),RS,demais municipios,C,2642
5,4309951,Ibirapuitã (RS),RS,demais municipios,C,2690
5,4310413,Inhacorá (RS),RS,demais municipios,C,1286
5,4310504,Iraí (RS),RS,demais municipios,C,4935
5,4310553,Itacurubi (RS),RS,demais municipios,C,2684
5,4310579,Itapuca (RS),RS,demais municipios,C,1434
5,4310603,Itaqui (RS),RS,demais municipios,B,17603
5,4310702,Itatiba do Sul (RS),RS,demais municipios,C,2810
5,4310751,Ivorá (RS),RS,demais municipios,C,1463
5,4310850,Jaboticaba (RS),RS,demais municipios,C,2347
5,4310876,Jacuizinho (RS),RS,demais municipios,C,1358
5,4311130,Jari (RS),RS,demais municipios,C,3284
5,4311155,Jóia (RS),RS,demais municipios,C,5413
5,4311239,Lagoa Bonita do Sul (RS),RS,demais municipios,C,1664
5,4311254,Lagoão (RS),RS,demais municipios,C,4062
5,4311429,Lajeado do Bugre (RS),RS,demais municipios,C,1711
5,4311502,Lavras do Sul (RS),RS,demais municipios,C,5889
5,4311601,Liberato Salzano (RS),RS,demais municipios,C,3968
5,4311700,Machadinho (RS),RS,demais municipios,C,4180
5,4311759,Manoel Viana (RS),RS,demais municipios,C,4685
5,4312104,Mata (RS),RS,demais municipios,C,3474
5,4312179,Mato Queimado (RS),RS,demais municipios,C,1192
5,4312377,Monte Alegre dos Campos (RS),RS,demais municipios,C,2597
5,4313037,Nova Esperança do Sul (RS),RS,demais municipios,C,3184
5,4313490,Novo Barreiro (RS),RS,demais municipios,C,3661
5,4313425,Novo Machado (RS),RS,demais municipios,C,2756
5,4313441,Novo Tiradentes (RS),RS,demais municipios,C,1452
5,4314027,Paraíso do Sul (RS),RS,demais municipios,C,5449
5,4314068,Passa Sete (RS),RS,demais municipios,C,2845
5,4314175,Pedras Altas (RS),RS,demais municipios,C,1813
5,4314464,Pinhal da Serra (RS),RS,demais municipios,C,1643
5,4314498,Pinheirinho do Vale (RS),RS,demais municipios,C,3065
5,4314506,Pinheiro Machado (RS),RS,demais municipios,C,8893
5,4314555,Pirapó (RS),RS,demais municipios,C,1949
5,4314704,Planalto (RS),RS,demais municipios,C,6159
5,4315008,Porto Lucena (RS),RS,demais municipios,C,4248
5,4315057,Porto Mauá (RS),RS,demais municipios,C,1973
5,4315073,Porto Vera Cruz (RS),RS,demais municipios,C,1495
5,4315107,Porto Xavier (RS),RS,demais municipios,C,6648
5,4315156,Progresso (RS),RS,demais municipios,C,4728
5,4315206,Putinga (RS),RS,demais municipios,C,2694
5,4315305,Quaraí (RS),RS,demais municipios,B,13121
5,4315321,Quevedos (RS),RS,demais municipios,C,2000
5,4315404,Redentora (RS),RS,demais municipios,C,5150
5,4315552,Rio dos Índios (RS),RS,demais municipios,C,2399
5,4315958,Rolador (RS),RS,demais municipios,C,2078
5,4316428,Sagrada Família (RS),RS,demais municipios,C,1662
5,4316972,Santa Margarida do Sul (RS),RS,demais municipios,C,2011
5,4317004,Santana da Boa Vista (RS),RS,demais municipios,C,6913
5,4317707,Santo Antônio das Missões (RS),RS,demais municipios,C,7623
5,4320263,Segredo (RS),RS,demais municipios,C,4854
5,4320321,Senador Salgado Filho (RS),RS,demais municipios,C,2006
5,4320578,Sete de Setembro (RS),RS,demais municipios,C,1308
5,4320677,Sinimbu (RS),RS,demais municipios,C,6008
5,4318101,São Francisco de Assis (RS),RS,demais municipios,B,13102
5,4318457,São José das Missões (RS),RS,demais municipios,C,1634
5,4318465,São José do Herval (RS),RS,demais municipios,C,1213
5,4319125,São Martinho da Serra (RS),RS,demais municipios,C,2619
5,4319208,São Nicolau (RS),RS,demais municipios,C,3737
5,4319307,São Paulo das Missões (RS),RS,demais municipios,C,4942
5,4319364,São Pedro das Missões (RS),RS,demais municipios,C,1235
5,4319406,São Pedro do Sul (RS),RS,demais municipios,C,10478
5,4319604,São Sepé (RS),RS,demais municipios,B,14470
5,4319737,São Valério do Sul (RS),RS,demais municipios,C,1254
5,4319802,São Vicente do Sul (RS),RS,demais municipios,C,5646
5,4320453,Sério (RS),RS,demais municipios,C,1577
5,4321477,Tiradentes do Sul (RS),RS,demais municipios,C,3646
5,4321493,Toropi (RS),RS,demais municipios,C,2486
5,4321626,Travesseiro (RS),RS,demais municipios,C,1652
5,4321857,Três Palmeiras (RS),RS,demais municipios,C,2837
5,4322152,Tunas (RS),RS,demais municipios,C,2761
5,4322186,Tupanci do Sul (RS),RS,demais municipios,C,1019
5,4322202,Tupanciretã (RS),RS,demais municipios,B,13448
5,4322376,Unistalda (RS),RS,demais municipios,C,1601
5,4322533,Vale do Sol (RS),RS,demais municipios,C,6664
5,4323101,Vicente Dutra (RS),RS,demais municipios,C,3334
5,4323457,Vila Nova do Sul (RS),RS,demais municipios,C,2686
5,4323754,Vitória das Missões (RS),RS,demais municipios,C,2898
5,4301552,Áurea (RS),RS,demais municipios,C,2934
5,4201000,Anita Garibaldi (SC),SC,demais municipios,C,6008
5,4202081,Bandeirante (SC),SC,demais municipios,C,2047
5,4202131,Bela Vista do Toldo (SC),SC,demais municipios,C,3682
5,4202438,Bocaina do Sul (SC),SC,demais municipios,C,3010
5,4203154,Calmon (SC),SC,demais municipios,C,1865
5,4203402,Campo Belo do Sul (SC),SC,demais municipios,C,5195
5,4203253,Capão Alto (SC),SC,demais municipios,C,2694
5,4204178,Cerro Negro (SC),SC,demais municipios,C,2709
5,4204558,Correia Pinto (SC),SC,demais municipios,C,8578
5,4205175,Entre Rios (SC),SC,demais municipios,C,1899
5,4205555,Frei Rogério (SC),SC,demais municipios,C,1560
5,4207684,Ipuaçu (SC),SC,demais municipios,C,3840
5,4207908,Irineópolis (SC),SC,demais municipios,C,6301
5,4209706,Lebon Régis (SC),SC,demais municipios,C,6691
5,4210050,Macieira (SC),SC,demais municipios,C,1344
5,4210308,Major Vieira (SC),SC,demais municipios,C,4518
5,4210704,Matos Costa (SC),SC,demais municipios,C,1585
5,4210852,Mirim Doce (SC),SC,demais municipios,C,1681
5,4211058,Monte Carlo (SC),SC,demais municipios,C,4225
5,4211108,Monte Castelo (SC),SC,demais municipios,C,4206
5,4211850,Ouro Verde (SC),SC,demais municipios,C,1418
5,4211892,Painel (SC),SC,demais municipios,C,2415
5,4212205,Papanduva (SC),SC,demais municipios,C,11157
5,4212270,Passos Maia (SC),SC,demais municipios,C,2462
5,4212700,Petrolândia (SC),SC,demais municipios,C,4750
5,4213302,Ponte Alta (SC),SC,demais municipios,C,2988
5,4213351,Ponte Alta do Norte (SC),SC,demais municipios,C,1575
5,4215059,Rio Rufino (SC),SC,demais municipios,C,2162
5,4215208,Romelândia (SC),SC,demais municipios,C,3394
5,4215356,Saltinho (SC),SC,demais municipios,C,2404
5,4215679,Santa Terezinha (SC),SC,demais municipios,C,4892
5,4215687,Santa Terezinha do Progresso (SC),SC,demais municipios,C,2105
5,4215752,São Bernardino (SC),SC,demais municipios,C,1722
5,4216057,São Cristóvão do Sul (SC),SC,demais municipios,C,2371
5,4216800,São José do Cerrito (SC),SC,demais municipios,C,7001
5,4218251,Timbó Grande (SC),SC,demais municipios,C,4146
5,4218954,Urupema (SC),SC,demais municipios,C,2037
5,4219150,Vargem (SC),SC,demais municipios,C,2015
5,2801207,Canindé de São Francisco (SE),SE,demais municipios,B,15582
5,2805406,Poço Redondo (SE),SE,demais municipios,A,22668
5,3504701,Balbinos (SP),SP,demais municipios,C,873
5,3507159,Bom Sucesso de Itararé (SP),SP,demais municipios,C,1839
5,3525805,Júlio Mesquita (SP),SP,demais municipios,C,2292
5,3532827,Nova Campina (SP),SP,demais municipios,C,4463
5,3551405,Serra Azul (SP),SP,demais municipios,C,5475
5,3501400,Álvaro de Carvalho (SP),SP,demais municipios,C,1659
5,1702554,Augustinópolis (TO),TO,demais municipios,C,9126
5,1702901,Axixá do Tocantins (TO),TO,demais municipios,C,4270
5,1703800,Buriti do Tocantins (TO),TO,demais municipios,C,3854
5,1703826,Cachoeirinha (TO),TO,demais municipios,C,1188
5,1703891,Carrasco Bonito (TO),TO,demais municipios,C,1625
5,1707405,Esperantina (TO),TO,demais municipios,C,4492
5,1710706,Itaguatins (TO),TO,demais municipios,C,3732
5,1712801,Maurilândia do Tocantins (TO),TO,demais municipios,C,1684
5,1718303,Praia Norte (TO),TO,demais municipios,C,3765
5,1718808,Sampaio (TO),TO,demais municipios,C,2021
5,1720101,São Bento do Tocantins (TO),TO,demais municipios,C,3231
5,1720200,São Miguel do Tocantins (TO),TO,demais municipios,C,6879
5,1720309,São Sebastião do Tocantins (TO),TO,demais municipios,C,2261
5,1720804,Sítio Novo do Tocantins (TO),TO,demais municipios,C,5620
