codigo_mun,domicilios,nome_municipio,populacao,GrupoABC,%,% Acumulado
3550308,5689391,São Paulo (SP),11451999,A,0.05120831481633576,0.05120831481633576
3304557,3276028,Rio de Janeiro (RJ),6211223,A,0.02948643768219319,0.08069475249852895
2927408,1390897,Salvador (BA),2417678,A,0.012519000970946971,0.09321375346947591
5300108,1318887,Brasília (DF),2817381,A,0.011870862927714517,0.10508461639719043
2304400,1193529,Fortaleza (CE),2428708,A,0.010742557292059274,0.1158271736892497
3106200,1180102,Belo Horizonte (MG),2315560,A,0.010621705333907876,0.12644887902315757
4106902,900459,Curitiba (PR),1773718,A,0.008104731763241951,0.13455361078639952
1302603,878488,Manaus (AM),2063689,A,0.007906978104752015,0.14246058889115154
5208707,777018,Goiânia (GO),1437366,A,0.006993680406560137,0.1494542692977117
4314902,762239,Porto Alegre (RS),1332845,A,0.006860659546388876,0.15631492884410056
2611606,737511,Recife (PE),1488920,A,0.00663809104849897,0.16295301989259953
1501402,618075,Belém (PA),1303403,A,0.005563087363850846,0.16851610725645036
3518800,596864,Guarulhos (SP),1291771,A,0.005372174212413495,0.17388828146886384
3509502,574086,Campinas (SP),1139047,A,0.005167157015513775,0.1790554384843776
2111300,481179,São Luís (MA),1037775,A,0.004330932030336749,0.18338637051471435
3304904,479498,São Gonçalo (RJ),896744,A,0.004315801908816491,0.18770217242353085
2704302,466514,Maceió (AL),957916,A,0.0041989372462233766,0.19190110966975424
5002704,462591,Campo Grande (MS),898100,A,0.004163627628897992,0.19606473729865223
2507507,426733,João Pessoa (PB),833932,A,0.0038408817053564095,0.19990561900400863
3301702,425338,Duque de Caxias (RJ),808161,A,0.003828325774648046,0.20373394477865667
3303500,416521,Nova Iguaçu (RJ),785867,A,0.003748966892170882,0.20748291167082755
2211001,415723,Teresina (PI),866300,A,0.0037417843597656675,0.2112246960305932
2408102,395998,Natal (RN),751300,A,0.0035642461997495564,0.21478894223034276
3170206,393239,Uberlândia (MG),713224,A,0.003539413359015237,0.21832835558935798
3543402,376780,Ribeirão Preto (SP),698642,A,0.0033912713779908937,0.22171962696734887
3548708,374870,São Bernardo do Campo (SP),810729,A,0.003374080103687686,0.22509370707103657
3547809,369250,Santo André (SP),748919,A,0.003323496354167253,0.22841720342520383
2910800,359076,Feira de Santana (BA),616272,A,0.0032319235663343547,0.2316491269915382
3552205,355399,Sorocaba (SP),723682,A,0.003198828113133886,0.23484795510467207
2607901,339991,Jaboatão dos Guararapes (PE),644037,A,0.003060145833309894,0.23790810093798198
3534401,328129,Osasco (SP),728615,A,0.002953379919286517,0.2408614808572685
5103403,326051,Cuiabá (MT),650877,A,0.002934676532898001,0.2437961573901665
3549904,320850,São José dos Campos (SP),697054,A,0.002887864062923664,0.24668402145309015
3118601,317439,Contagem (MG),621863,A,0.0028571627871916004,0.24954118424028177
4205407,313343,Florianópolis (SC),537211,A,0.0028202960544450356,0.2523614802947268
3136702,307905,Juiz de Fora (MG),540756,A,0.002771350426350353,0.2551328307210772
2800308,307745,Aracaju (SE),602757,A,0.0027699103196024404,0.2579027410406796
4113700,283015,Londrina (PR),555965,A,0.0025473238203781857,0.2604500648610578
3301009,281500,Campos dos Goytacazes (RJ),483540,A,0.002533687809608887,0.2629837526706667
4209102,280866,Joinville (SC),616317,A,0.0025279813866202834,0.265511734057287
3541000,279872,Praia Grande (SP),349935,A,0.0025190347234488757,0.2680307687807359
3205002,265504,Serra (ES),520653,A,0.002389713137486316,0.2704204819182222
3549805,258549,São José do Rio Preto (SP),480393,A,0.0023271134972879864,0.2727475954155102
3303302,254466,Niterói (RJ),481749,A,0.0022903637732146894,0.27503795918872487
5201405,253245,Aparecida de Goiânia (GO),527796,A,0.002279373958594681,0.27731733314731954
4305108,250940,Caxias do Sul (RS),463501,A,0.002258627420757564,0.2795759605680771
1100205,248375,Porto Velho (RO),460434,A,0.0022355407094550883,0.2818115012775322
3205200,245792,Vila Velha (ES),467722,A,0.0022122919861434728,0.28402379326367566
3300456,233172,Belford Roxo (RJ),483087,A,0.0020987035664018594,0.2861224968300775
3548500,231082,Santos (SP),418608,A,0.00207989217200725,0.2882023890020848
3538709,224750,Piracicaba (SP),423323,A,0.0020228999474586054,0.29022528894954336
2604106,221349,Caruaru (PE),378048,A,0.0019922886783982864,0.29221757762794165
3143302,220712,Montes Claros (MG),414240,A,0.0019865552534081587,0.29420413288134983
1500800,220206,Ananindeua (PA),478778,A,0.001982000915817885,0.29618613379716774
2905701,216243,Camaçari (BA),300372,A,0.0019463312718055227,0.2981324650689733
2504009,215660,Campina Grande (PB),419379,A,0.0019410838828428157,0.3000735489518161
3530607,214936,Mogi das Cruzes (SP),451505,A,0.0019345673998085108,0.3020081163516246
4115200,209669,Maringá (PR),409657,A,0.00188716088580066,0.30389527723742527
3106705,209615,Betim (MG),411846,A,0.0018866748497732395,0.3057819520871985
3525904,207882,Jundiaí (SP),443221,A,0.0018710766935599102,0.3076530287807584
5201108,207750,Anápolis (GO),398869,A,0.001869888605492882,0.30952291738625126
3305109,202871,São João de Meriti (RJ),440962,A,0.0018259743503487196,0.31134889173659996
2611101,201233,Petrolina (PE),386791,A,0.0018112312575169634,0.31316012299411694
3506003,200245,Bauru (SP),379146,A,0.0018023385983486026,0.31496246159246555
2933307,199847,Vitória da Conquista (BA),370879,A,0.0017987563328131697,0.3167612179252787
3529401,195094,Mauá (SP),418261,A,0.0017559761617329884,0.31851719408701173
4314407,191829,Pelotas (RS),325685,A,0.0017265889834083951,0.3202437830704201
2303709,186865,Caucaia (CE),355679,A,0.001681909671554404,0.3219256927419745
3300704,185612,Cabo Frio (RJ),222161,A,0.0016706318355848128,0.3235963245775593
3513801,185596,Diadema (SP),393237,A,0.0016704878249100214,0.32526681240246935
3170107,183595,Uberaba (MG),337836,A,0.0016524774898939384,0.3269192898923633
3516200,182010,Franca (SP),352536,A,0.0016382114324224283,0.32855750132478573
1600303,181649,Macapá (AP),442933,A,0.0016349621915724504,0.33019246351635817
3201308,180922,Cariacica (ES),353491,A,0.001628418706536622,0.3318208822228948
3518701,180594,Guarujá (SP),287634,A,0.001625466487703401,0.3334463487105982
2610707,178741,Paulista (PE),342167,A,0.0016087882514291372,0.3350551369620273
4119905,178567,Ponta Grossa (PR),358371,A,0.0016072221353407821,0.3366623590973681
1200401,177995,Rio Branco (AC),364756,A,0.0016020737537169943,0.3382644328510851
4304606,176899,Canoas (RS),347657,A,0.0015922090224937924,0.3398566418735789
2609600,175665,Olinda (PE),349976,A,0.0015811021992005157,0.3414377440727794
4202404,175212,Blumenau (SC),361261,A,0.001577024896970488,0.34301476896974986
4104808,173915,Cascavel (PR),348051,A,0.0015653510316452207,0.3445801200013951
3510609,170474,Carapicuíba (SP),386984,A,0.0015343797358979235,0.346114499737293
3205309,167624,Vitória (ES),322869,A,0.0015087278344507286,0.34762322757174374
3551009,165050,São Vicente (SP),329911,A,0.0014855601171436833,0.3491087876888874
3523107,162210,Itaquaquecetuba (SP),369275,A,0.001459998222368233,0.3505687859112557
3154606,159764,Ribeirão das Neves (MG),329794,A,0.0014379825904595178,0.3520067685017152
3303906,159371,Petrópolis (RJ),278881,A,0.0014344453282599573,0.3534412138299752
1400100,158533,Boa Vista (RR),413486,A,0.0014269027691677645,0.3548681165991429
4125506,157882,São José dos Pinhais (PR),329628,A,0.0014210433348371947,0.3562891599339801
3554102,154952,Taubaté (SP),310739,A,0.0013946713800160437,0.3576838313139961
1721000,151741,Palmas (TO),302692,A,0.001365770237718871,0.359049601551715
3127701,150898,Governador Valadares (MG),257171,A,0.001358182675290806,0.3604077842270058
3526902,150450,Limeira (SP),291869,A,0.0013541503763966503,0.36176193460340245
4316907,149483,Santa Maria (RS),271735,A,0.001345446731238953,0.3631073813346414
3302403,149212,Macaé (RJ),246391,A,0.001343007550434676,0.364450388885076
5108402,147725,Várzea Grande (MT),300078,A,0.0013296235583462625,0.3657800124434223
2408003,146770,Mossoró (RN),264577,A,0.0013210279211946585,0.36710104036461694
1506807,146496,Santarém (PA),331942,A,0.001318561738388858,0.3684196021030058
3552502,143542,Suzano (SP),307429,A,0.00129197376755552,0.3697115758705613
3548906,143200,São Carlos (SP),254857,A,0.0012888955393818566,0.37100047140994313
3505708,141804,Barueri (SP),316473,A,0.0012763306080063185,0.37227680201794944
3513009,140600,Cotia (SP),274413,A,0.0012654938047282755,0.37354229582267773
2105302,139663,Imperatriz (MA),273110,A,0.0012570601795858119,0.37479935600226355
2307304,138103,Juazeiro do Norte (CE),286120,A,0.0012430191387936631,0.3760423751410572
4108304,136826,Foz do Iguaçu (PR),285415,A,0.001231525286811885,0.37727390042786907
4216602,136236,São José (SC),270299,A,0.0012262148931789568,0.37850011532104805
4309209,135659,Gravataí (RS),265074,A,0.0012210215082192968,0.37972113682926734
3306305,133905,Volta Redonda (RJ),261563,A,0.001205234337995304,0.38092637116726263
2403251,133169,Parnamirim (RN),252716,A,0.0011986098469549055,0.38212498101421755
1504208,133020,Marabá (PA),266533,A,0.001197268747545912,0.38332224976176343
3302502,132459,Magé (RJ),228127,A,0.001192219373261043,0.38451446913502446
3503208,132230,Araraquara (SP),242228,A,0.001190158220478093,0.38570462735550254
3301900,131844,Itaboraí (RJ),224267,A,0.0011866839629487535,0.3868913113184513
3122306,130071,Divinópolis (MG),231091,A,0.001170725780048446,0.38806203709849973
3552403,130045,Sumaré (SP),279545,A,0.0011704917627019104,0.38923252886120163
1505536,128238,Parauapebas (PA),267836,A,0.0011542275571176713,0.3903867564183193
2918407,127731,Juazeiro (BA),237821,A,0.001149664218860223,0.3915364206371795
5107602,126497,Rondonópolis (MT),244911,A,0.0011385573955669465,0.3926749780327465
3552809,125967,Taboão da Serra (SP),273542,A,0.0011337870419644855,0.39380876507471096
4313409,125611,Novo Hamburgo (RS),227646,A,0.00113058280445038,0.39493934787916135
3529005,125424,Marília (SP),237627,A,0.001128899679688757,0.3960682475588501
5003702,124877,Dourados (MS),243367,A,0.0011239763147443305,0.39719222387359443
3501608,124546,Americana (SP),237240,A,0.0011209970939095861,0.398313220967504
4208203,123670,Itajaí (SC),264054,A,0.001113112509464764,0.39942633347696876
3302700,123032,Maricá (RJ),197277,A,0.0011073700838074622,0.4005337035607762
3541406,122679,Presidente Prudente (SP),225668,A,0.0011041928482948798,0.4016378964090711
2700300,120158,Arapiraca (AL),234696,A,0.0010815021663480805,0.40271939857541916
4211900,120002,Palhoça (SC),222598,A,0.0010800980622688657,0.40379949663768805
4323002,119972,Viamão (RS),224112,A,0.0010798280422536321,0.4048793246799417
3520509,119194,Indaiatuba (SP),255748,A,0.0010728255231919066,0.40595215020313363
4204202,118788,Chapecó (SC),254785,A,0.0010691712523190782,0.4070213214554527
2111201,118456,São José de Ribamar (MA),244579,A,0.0010661830308171592,0.4080875044862699
3515004,118085,Embu das Artes (SP),250691,A,0.0010628437832954367,0.40915034826956537
4315602,117218,Rio Grande (RS),191900,A,0.0010550402048551848,0.41020538847442056
2602902,117051,Cabo de Santo Agostinho (PE),203440,A,0.001053537093437051,0.4112589255678576
3131307,116651,Ipatinga (MG),227731,A,0.0010499368265672693,0.4123088623944249
3303401,115377,Nova Friburgo (RJ),189939,A,0.0010384699765870146,0.4133473323710119
3167202,115177,Sete Lagoas (MG),227397,A,0.0010366698431521237,0.41438400221416405
3524402,113720,Jacareí (SP),240275,A,0.0010235558710789438,0.415407558085243
2913606,113594,Ilhéus (BA),178649,A,0.0010224217870149625,0.41642997987225794
2307650,113062,Maracanaú (CE),234509,A,0.0010176334320781528,0.4174476133043361
4318705,112114,São Leopoldo (RS),217409,A,0.00100910079959677,0.41845671410393287
2914802,112090,Itabuna (BA),186708,A,0.0010088847835845831,0.41946559888751744
3519071,111613,Hortolândia (SP),236641,A,0.0010045914653423686,0.4204701903528598
5218805,111421,Rio Verde (GO),225696,A,0.0010028633372448732,0.4214730536901047
2919207,111385,Lauro de Freitas (BA),203331,A,0.0010025393132265929,0.42247559300333126
3502804,111202,Araçatuba (SP),200124,A,0.0010008921911336679,0.42347648519446496
4314100,110654,Passo Fundo (RS),206215,A,9.959598255220668e-4,0.42447244501998704
3300100,110328,Angra dos Reis (RJ),167434,A,9.930256080231948e-4,0.4254654706280102
5212501,109426,Luziânia (GO),209129,A,9.84907006231837e-4,0.42645037763424204
3157807,106451,Santa Luzia (MG),219132,A,9.581300213878354e-4,0.4274085076556299
4105805,106293,Colombo (PR),232212,A,9.567079159742716e-4,0.4283652155716042
2925303,105378,Porto Seguro (BA),168326,A,9.484723055096459e-4,0.4293136878771138
3522109,104825,Itanhaém (SP),112476,A,9.434949365621727e-4,0.430257182813676
3522505,104608,Itapevi (SP),232297,A,9.415417917853161e-4,0.43119872460546127
4204608,104585,Criciúma (SC),214493,A,9.413347764403036e-4,0.4321400593819016
3543907,104236,Rio Claro (SP),201418,A,9.381935435964191e-4,0.433078252925498
3304524,103446,Rio das Ostras (RJ),156491,A,9.310830165286002e-4,0.4340093359420266
5200258,103326,Águas Lindas de Goiás (GO),225693,A,9.300029364676657e-4,0.4349393388784943
3305802,102752,Teresópolis (RJ),165123,A,9.248365535095289e-4,0.43586417543200384
3201209,102689,Cachoeiro de Itapemirim (ES),185786,A,9.242695114775383e-4,0.4367884449434814
2312908,101079,Sobral (CE),203023,A,9.097784373266668e-4,0.43769822338080805
3202405,99680,Guarapari (ES),124656,A,8.971865039496053e-4,0.43859540988475765
3300209,98991,Araruama (RJ),129671,A,8.909850442664062e-4,0.439486394929024
1502400,98253,Castanhal (PA),192256,A,8.84342551891659e-4,0.4403707374809157
5221858,98235,Valparaíso de Goiás (GO),198861,A,8.841805398825188e-4,0.44125491802079825
4202008,97348,Balneário Camboriú (SC),139155,A,8.761969480987779e-4,0.442131114968897
3510500,95855,Caraguatatuba (SP),134873,A,8.627589520073175e-4,0.44299387392090434
5107909,95524,Sinop (MT),196312,A,8.597797311725732e-4,0.4438536536520769
3148004,95161,Patos de Minas (MG),159235,A,8.565124889882463e-4,0.4447101661410652
2804805,94650,Nossa Senhora do Socorro (SE),192330,A,8.519131480621001e-4,0.4455620792891273
3203205,92414,Linhares (ES),166786,A,8.317876562600202e-4,0.4463938669453873
3151800,92261,Poços de Caldas (MG),163742,A,8.304105541823288e-4,0.4472242774995696
3507605,90923,Bragança Paulista (SP),176811,A,8.18367661502909e-4,0.4480426451610725
4109401,90559,Guarapuava (PR),182093,A,8.150914186514076e-4,0.4488577365797239
4300604,89682,Alvorada (RS),187315,A,8.071978335394112e-4,0.4496649344132633
2918001,89569,Jequié (BA),158813,A,8.061807581486978e-4,0.450471115171412
3300407,89493,Barra Mansa (RJ),169894,A,8.054967074434393e-4,0.4512766118788554
3555406,89364,Ubatuba (SP),92981,A,8.043356213779347e-4,0.45208094750023337
3504107,88529,Atibaia (SP),158647,A,7.968200642872652e-4,0.45287776756452064
1702109,87499,Araguaína (TO),171301,A,7.875493770975774e-4,0.4536653169416182
3545803,87271,Santa Bárbara d'Oeste (SP),183347,A,7.854972249818018e-4,0.4544508141666
4208906,87205,Jaraguá do Sul (SC),182660,A,7.849031809482878e-4,0.4552357173475483
2903201,87183,Barreiras (BA),159734,A,7.847051662704498e-4,0.45602042251381875
3523909,86532,Itu (SP),168240,A,7.7884573193988e-4,0.4567992682457586
3152501,86039,Pouso Alegre (MG),152217,A,7.744084030228741e-4,0.4575736766487815
2900702,85685,Alagoinhas (BA),151055,A,7.712221668431172e-4,0.4583448988156246
3507506,82737,Botucatu (SP),145155,A,7.446882000128259e-4,0.45908958701563746
3548807,82528,São Caetano do Sul (SP),165655,A,7.42807060573365e-4,0.45983239407621085
4209300,82327,Lages (SC),164981,A,7.409979264712997e-4,0.46057339200268216
5204508,82318,Caldas Novas (GO),98622,A,7.409169204667296e-4,0.4613143089231489
2931350,81927,Teixeira de Freitas (BA),145216,A,7.373976596015179e-4,0.4620517065827504
2112209,81809,Timon (MA),174465,A,7.363355808749323e-4,0.46278804216362535
3522307,80195,Itapetininga (SP),157790,A,7.218085040553631e-4,0.4635098506676807
3515707,79804,Ferraz de Vasconcelos (SP),179198,A,7.182892431901515e-4,0.46422813991087086
3538006,79431,Pindamonhangaba (SP),165428,A,7.149319943340801e-4,0.46494307190520495
3129806,79094,Ibirité (MG),170537,A,7.118987694962889e-4,0.46565497067470124
3204906,77829,São Mateus (ES),123752,A,7.005129255206042e-4,0.46635548360022183
4127700,77590,Toledo (PR),150470,A,6.983617660659096e-4,0.46705384536628775
3530706,77431,Mogi Guaçu (SP),153658,A,6.969306599851715e-4,0.4677507760262729
3302858,77395,Mesquita (RJ),167127,A,6.96606635966891e-4,0.4684473826622398
2207702,76656,Parnaíba (PI),162159,A,6.899551429249693e-4,0.46913733780516476
2603454,76607,Camaragibe (PE),147771,A,6.89514110233421e-4,0.4698268519153982
3522208,76298,Itapecerica da Serra (SP),158522,A,6.867329040765146e-4,0.4705135848194747
2606002,75451,Garanhuns (PE),142506,A,6.791093389797518e-4,0.47119269415845444
3305505,74898,Saquarema (RJ),89559,A,6.741319700322787e-4,0.47186682612848674
2616407,74373,Vitória de Santo Antão (PE),134084,A,6.694066197656902e-4,0.4725362327482524
3170701,73860,Varginha (MG),136467,A,6.647892775051951e-4,0.4732010220257576
3168606,73649,Teófilo Otoni (MG),137418,A,6.628901367313852e-4,0.47386391216248896
4101804,73550,Araucária (PR),151666,A,6.619990706811142e-4,0.47452591123317006
3304144,73412,Queimados (RJ),140523,A,6.607569786110395e-4,0.4751866682117811
3516309,73395,Francisco Morato (SP),165139,A,6.606039672690738e-4,0.4758472721790502
2103000,73132,Caxias (MA),156973,A,6.582367918021924e-4,0.4765055089708524
5221403,72914,Trindade (GO),142431,A,6.562746463581613e-4,0.47716178361721057
5008305,72298,Três Lagoas (MS),132152,A,6.507302353786974e-4,0.47781251385258927
4316808,72154,Santa Cruz do Sul (RS),133230,A,6.49434139305576e-4,0.47846194799189484
1100122,71745,Ji-Paraná (RO),124333,A,6.457528664312242e-4,0.47910770085832605
2107506,71197,Paço do Lumiar (MA),145643,A,6.408205008196232e-4,0.4797485213591457
5220454,70758,Senador Canedo (GO),155635,A,6.368692079300379e-4,0.48038539056707574
3547304,70671,Santana de Parnaíba (SP),154105,A,6.360861498858602e-4,0.4810214767169616
1500107,70614,Abaetetuba (PA),158188,A,6.355731118569164e-4,0.4816570498288185
3525300,70420,Jaú (SP),133497,A,6.338269824250723e-4,0.4822908768112436
4118204,70312,Paranaguá (PR),145829,A,6.328549103702312e-4,0.48292373172161385
2513703,70311,Santa Rita (PB),149910,A,6.328459097030567e-4,0.48355657763131693
3503307,70274,Araras (SP),130866,A,6.32512885017602e-4,0.4841890905163345
3304201,69890,Resende (RJ),129612,A,6.290566288226115e-4,0.48481814714515714
3118304,69857,Conselheiro Lafaiete (MG),131621,A,6.287596068058545e-4,0.485446906751963
4303103,69715,Cachoeirinha (RS),136258,A,6.274815120670819e-4,0.4860743882640301
3302007,69229,Itaguaí (RJ),116841,A,6.231071878202972e-4,0.48669749545185037
3303203,69211,Nilópolis (RJ),146774,A,6.22945175811157e-4,0.48732044062766156
1500602,68919,Altamira (PA),126279,A,6.203169809962163e-4,0.4879407576086578
3305208,68759,São Pedro da Aldeia (RJ),104029,A,6.188768742483036e-4,0.4885596344829061
2304202,68370,Crato (CE),131050,A,6.153756147174409e-4,0.48917501009762354
2306405,68312,Itapipoca (CE),131123,A,6.148535760213226e-4,0.48978986367364485
2930709,68074,Simões Filho (BA),114559,A,6.127114172338025e-4,0.49040257509087865
3105608,68052,Barbacena (MG),125317,A,6.125134025559644e-4,0.4910150884934346
3103504,67993,Araguari (MG),117808,A,6.119823631926716e-4,0.49162707085662727
4101408,67906,Apucarana (PR),130134,A,6.111993051484941e-4,0.49223827016177574
4104204,67581,Campo Largo (PR),136327,A,6.082740883167965e-4,0.49284654425009256
3201506,67314,Colatina (ES),120033,A,6.058709101812172e-4,0.49345241516027377
3506359,66712,Bertioga (SP),64188,A,6.004525085421957e-4,0.49405286766881595
3505500,66676,Barretos (SP),122485,A,6.001284845239154e-4,0.49465299615333985
3506508,66670,Birigui (SP),118979,A,6.000744805208686e-4,0.4952530706338607
4107652,65966,Fazenda Rio Grande (PR),148873,A,5.937380108300528e-4,0.4958468086446908
4202909,65812,Brusque (SC),141385,A,5.923519080851868e-4,0.496439160552776
4304630,65680,Capão da Canoa (RS),63594,A,5.911638200181589e-4,0.49703032437279415
4320008,65500,Sapucaia do Sul (RS),132107,A,5.895436999267571e-4,0.4976198680727209
3156700,65453,Sabará (MG),129380,A,5.891206685695577e-4,0.49820898874129044
3516408,65197,Franco da Rocha (SP),144849,A,5.868164977728974e-4,0.49879580523906336
3551702,64639,Sertãozinho (SP),126887,A,5.817941254895519e-4,0.4993775993645529
2910727,64623,Eunápolis (BA),113710,A,5.816501148147606e-4,0.49995924947936765
4302105,64356,Bento Gonçalves (RS),123151,A,5.792469366791813e-4,0.5005384964160469
3545209,64207,Salto (SP),134319,A,5.779058372701876e-4,0.5011164022533171
4128104,64150,Umuarama (PR),117095,A,5.773927992412437e-4,0.5016937950525584
3147907,63765,Passos (MG),111939,A,5.739275423790788e-4,0.5022677225949375
5208004,63499,Formosa (GO),115901,A,5.71533364910674e-4,0.5028392559598481
5205109,63469,Catalão (GO),114427,A,5.712633448954404e-4,0.5034105193047436
3511102,63352,Catanduva (SP),115791,A,5.702102668360292e-4,0.5039807295715796
3554003,63312,Tatuí (SP),123942,A,5.69850240149051e-4,0.5045505798117287
2412005,62842,São Gonçalo do Amarante (RN),115838,A,5.656199265770575e-4,0.5051161997383058
4301602,62782,Bagé (RS),117938,A,5.650798865465903e-4,0.5056812796248524
3171204,62259,Vespasiano (MG),129246,A,5.603725376143507e-4,0.5062416521624667
2606408,62164,Gravatá (PE),86516,A,5.595174742327775e-4,0.5068011696366995
2924009,61965,Paulo Afonso (BA),112870,A,5.577263414650611e-4,0.5073588959781646
2928703,61939,Santo Antônio de Jesus (BA),103055,A,5.574923241185252e-4,0.5079163883022831
2607208,61799,Ipojuca (PE),98932,A,5.562322307141017e-4,0.5084726205329972
4101507,61617,Arapongas (PR),119138,A,5.54594109288351e-4,0.5090272146422856
3531100,61564,Mongaguá (SP),61951,A,5.541170739281049e-4,0.5095813317162137
1501303,61426,Barcarena (PA),126650,A,5.528749818580302e-4,0.5101342066980717
3556206,61416,Valinhos (SP),126373,A,5.527849751862856e-4,0.510686991673258
2932903,61394,Valença (BA),85655,A,5.525869605084477e-4,0.5112395786337665
2803500,61322,Lagarto (SE),101579,A,5.51938912471887e-4,0.5117915175462383
3143906,61134,Muriaé (MG),104108,A,5.502467870430896e-4,0.5123417643332814
3302205,60975,Itaperuna (RJ),101041,A,5.488156809623513e-4,0.5128905800142437
2606804,60790,Igarassu (PE),115196,A,5.471505575350773e-4,0.5134377305717788
3537602,60702,Peruíbe (SP),68352,A,5.463584988237253e-4,0.5139840890706024
3550704,60634,São Sebastião (SP),81595,A,5.457464534558624e-4,0.5145298355240583
3131703,60253,Itabira (MG),113343,A,5.423171992623953e-4,0.5150721527233206
2613701,60031,São Lourenço da Mata (PE),111249,A,5.403190511496665e-4,0.5156124717744703
3523404,59910,Itatiba (SP),121590,A,5.392299704215575e-4,0.5161517017448919
4119152,59883,Pinhais (PR),127019,A,5.389869524078472e-4,0.5166906886972997
3518404,59847,Guaratinguetá (SP),118044,A,5.386629283895669e-4,0.5172293516256893
1502103,59410,Cametá (PA),134184,A,5.347296368343303e-4,0.5177640812625236
2613909,59039,Serra Talhada (PE),92228,A,5.313903893126078e-4,0.5182954716518362
1503606,58795,Itaituba (PA),123314,A,5.291942265220409e-4,0.5188246658783583
4307005,58555,Erechim (RS),105705,A,5.270340664001719e-4,0.5193516999447585
3169901,58543,Ubá (MG),103365,A,5.269260583940785e-4,0.5198786260031526
3134202,58499,Ituiutaba (MG),102217,A,5.265300290384024e-4,0.520405156032191
4208302,58248,Itapema (SC),75940,A,5.242708615776144e-4,0.5209294268937685
3557006,58052,Votorantim (SP),127923,A,5.225067308114214e-4,0.52145193362458
4218707,58036,Tubarão (SC),110088,A,5.223627201366301e-4,0.5219742963447166
5211503,57879,Itumbiara (GO),107970,A,5.209496153902408e-4,0.5224952459601069
4126256,57866,Sarandi (PR),118455,A,5.208326067169729e-4,0.5230160785668239
3124104,57792,Esmeraldas (MG),85598,A,5.201665573460633e-4,0.52353624512417
3144805,57710,Nova Lima (MG),111697,A,5.194285026377581e-4,0.5240556736268077
3104007,57379,Araxá (MG),111691,A,5.164492818030136e-4,0.5245721229086108
3145208,57317,Nova Serrana (MG),105552,A,5.158912404381974e-4,0.5250880141490489
2612505,57224,Santa Cruz do Capibaribe (PE),98254,A,0.00051505417839097325,0.5256030683274399
2601102,56897,Araripina (PE),85088,A,5.121109602249267e-4,0.5261151792876648
1100023,56860,Ariquemes (RO),96833,A,5.117779355394719e-4,0.5266269572232043
5211909,56664,Jataí (GO),105729,A,5.100138047732789e-4,0.5271369710279775
2911709,56621,Guanambi (BA),87817,A,5.096267760847773e-4,0.5276465978040623
2919553,56397,Luís Eduardo Magalhães (BA),107909,A,5.076106266376995e-4,0.5281542084307
4322400,56323,Uruguaiana (RS),117210,A,5.069445772667899e-4,0.5286611530079668
3519709,56284,Ibiúna (SP),75605,A,5.065935512469862e-4,0.5291677465592137
3138203,56247,Lavras (MG),104761,A,5.062605265615314e-4,0.5296740070857753
2802908,56226,Itabaiana (SE),103440,A,5.060715125508678e-4,0.5301800785983262
2917508,55751,Jacobina (BA),82590,A,5.01796195643002e-4,0.5306818747939692
3162500,55641,São João del Rei (MG),90225,A,5.00806122253812e-4,0.531182680916223
3525003,55440,Jandira (SP),118045,A,4.989969881517468e-4,0.5316816779043747
2100055,55240,Açailândia (MA),106550,A,4.971968547168559e-4,0.5321788747590915
1501709,55059,Bragança (PA),123082,A,4.955677339582796e-4,0.5326744424930498
2510808,54908,Patos (PB),103165,A,4.942086332149371e-4,0.5331686511262648
4321600,54857,Tramandaí (RS),54387,A,4.937495991890399e-4,0.5336624007254538
4100400,54839,Almirante Tamandaré (PR),119825,A,4.935875871798997e-4,0.5341559883126337
5217609,54377,Planaltina (GO),105031,A,4.894292789453019e-4,0.534645417591579
3504008,54237,Assis (SP),101409,A,4.8816918554087823e-4,0.5351335867771199
2305506,54217,Iguatu (CE),98064,A,4.8798917219738914e-4,0.5356215759493173
3133808,53874,Itaúna (MG),97669,A,4.849019433565513e-4,0.5361064778926738
3113404,53824,Caratinga (MG),87360,A,4.844519099978286e-4,0.5365909298026716
4103701,53824,Cambé (PR),107208,A,4.844519099978286e-4,0.5370753817126694
3528502,53676,Mairiporã (SP),93853,A,4.8311981125600937e-4,0.5375585015239255
1504422,53490,Marituba (PA),111785,A,4.8144568716156083e-4,0.538039947211087
2301000,53395,Aquiraz (CE),80645,A,4.805906237799877e-4,0.5385205378348671
3534708,52925,Ourinhos (SP),103970,A,4.7636031020799417e-4,0.5389968981450751
3557105,52852,Votuporanga (SP),96634,A,4.75703261504259e-4,0.5394726014065794
2933208,52793,Vera Cruz (BA),42529,A,4.751722221409662e-4,0.5399477736287204
3513504,52621,Cubatão (SP),112476,A,4.736241073869601e-4,0.5404213977361073
1100049,52614,Cacoal (RO),86887,A,4.7356110271673887e-4,0.5408949588388241
1100304,52256,Vilhena (RO),95832,A,4.7033886386828425e-4,0.5413652977026924
3119401,52187,Coronel Fabriciano (MG),104736,A,4.697178178332469e-4,0.5418350155205256
4104303,52029,Campo Mourão (PR),99432,A,4.682957124196831e-4,0.5423033112329453
2103307,52008,Codó (MA),114275,A,4.6810669840901956e-4,0.5427714179313543
2930501,51979,Serrinha (BA),80435,A,4.678456790609604e-4,0.5432392636104153
3170404,51905,Unaí (MG),86619,A,4.671796296900508e-4,0.5437064432401053
3139409,51887,Manhuaçu (MG),91886,A,4.670176176809106e-4,0.5441734608577862
4311403,51609,Lajeado (RS),93646,A,4.645154322064123e-4,0.5446379762899926
3549102,51552,São João da Boa Vista (SP),92547,A,4.640023941774684e-4,0.54510197868417
4108403,51521,Francisco Beltrão (PR),96666,A,4.637233734950603e-4,0.5455657020576651
3556503,51194,Várzea Paulista (SP),115771,A,4.6078015532901375e-4,0.5460264822129941
5107958,51088,Tangará da Serra (MT),106434,A,4.598260846085216e-4,0.5464863082976026
3543303,50923,Ribeirão Pires (SP),115559,A,4.5834097452473663e-4,0.5469446492721273
3300308,50875,Barra do Piraí (RJ),92883,A,4.5790894250036284e-4,0.5474025582146277
3200607,50788,Aracruz (ES),94765,A,4.5712588445618533e-4,0.5478596840990839
3526704,50606,Leme (SP),98161,A,4.5548776303043465e-4,0.5483151718621143
3147105,50497,Pará de Minas (MG),97139,A,4.545066903084191e-4,0.5487696785524228
4119509,50278,Piraquara (PR),118730,A,4.525355441972136e-4,0.54922221409662
5107925,50243,Sorriso (MT),110635,A,4.522205208461077e-4,0.5496744346174661
2307700,50136,Maranguape (CE),105093,A,4.512574494584411e-4,0.5501256920669245
2806701,49903,São Cristóvão (SE),95612,A,4.4916029400679324e-4,0.5505748523609313
2606200,49736,Goiana (PE),81055,A,4.476571825886594e-4,0.55102250954352
2601706,49708,Belo Jardim (PE),79507,A,4.4740516390777467e-4,0.5514699147074277
5006606,49439,Ponta Porã (MS),92017,A,4.4498398443784643e-4,0.5519148986918655
5102504,49208,Cáceres (MT),89681,A,4.429048303205475e-4,0.552357803522186
3536505,49157,Paulínia (SP),110537,A,4.4244579629465036e-4,0.5528002493184806
2600054,49084,Abreu e Lima (PE),98462,A,4.4178874759091515e-4,0.5532420380660715
3504503,49063,Avaré (SP),92805,A,4.4159973358025165e-4,0.5536836377996518
4115705,49052,Matinhos (PR),39259,A,4.4150072624133264e-4,0.5541251385258932
3148103,49036,Patrocínio (MG),89826,A,4.4135671556654136e-4,0.5545664952414597
3147006,49005,Paracatu (MG),94023,A,4.410776948841333e-4,0.5550075729363438
2908408,48925,Conceição do Coité (BA),67825,A,4.4035764151017696e-4,0.555447930577854
2906006,48622,Campo Formoso (BA),71377,A,4.376304393563173e-4,0.5558855610172103
4118402,48466,Paranavaí (PR),92001,A,4.362263352771024e-4,0.5563217873524874
3132404,48407,Itajubá (MG),93073,A,4.356952959138096e-4,0.5567574826484012
3171303,48034,Viçosa (MG),76430,A,4.323380470577382e-4,0.557189820695459
3305554,47991,Seropédica (RJ),80596,A,4.319510183692366e-4,0.5576217717138282
3302601,47949,Mangaratiba (RJ),41220,A,4.3157299034790955e-4,0.5580533447041761
3530805,47831,Mogi Mirim (SP),92558,A,4.3051091162132394e-4,0.5584838556157974
2101202,47761,Bacabal (MA),103711,A,4.2988086491911213e-4,0.5589137364807165
2311306,47650,Quixadá (CE),84168,A,4.288817908627477e-4,0.5593426182715793
3101607,47478,Alfenas (MG),78970,A,4.2733367610874154e-4,0.559769951947688
3302270,47429,Japeri (RJ),96289,A,4.268926434171933e-4,0.5601968445911052
4203204,47398,Camboriú (SC),103074,A,4.2661362273478524e-4,0.56062345821384
3539806,47265,Poá (SP),103765,A,4.254165340005828e-4,0.5610488747478406
2101608,47262,Barra do Corda (MA),84532,A,4.253895319990594e-4,0.5614742642798397
4303004,47116,Cachoeira do Sul (RS),80070,A,4.240754345915891e-4,0.5618983397144313
1505502,46943,Paragominas (PA),105550,A,4.225183191704085e-4,0.5623208580336017
3508504,46784,Caçapava (SP),96202,A,4.2108721308967026e-4,0.5627419452466913
5003207,46615,Corumbá (MS),96268,A,4.195661003371875e-4,0.5631615113470285
4309308,46545,Guaíba (RS),92924,A,4.189360536349757e-4,0.5635804474006635
4211306,46534,Navegantes (SC),86401,A,4.188370462960567e-4,0.5639992844469596
4317103,46517,Sant'Ana do Livramento (RS),84421,A,4.1868403495409095e-4,0.5644179684819136
4118501,46466,Pato Branco (PR),91836,A,4.182250009281938e-4,0.5648361934828418
3120904,46262,Curvelo (MG),80665,A,4.163888648246051e-4,0.5652525823476664
3522406,46120,Itapeva (SP),89728,A,4.151107700858326e-4,0.5656676931177522
2101400,45899,Balsas (MA),101767,A,4.131216226402782e-4,0.5660808147403925
5215231,45783,Novo Gama (GO),103804,A,4.120775452480415e-4,0.5664928922856406
3146107,45638,Ouro Preto (MG),74821,A,4.1077244850774565e-4,0.5669036647341483
3509205,45561,Cajamar (SP),92689,A,4.1007939713531263e-4,0.5673137441312837
2407104,45481,Macaíba (RN),82249,A,4.0935934376135633e-4,0.5677231034750451
1709500,45475,Gurupi (TO),85125,A,4.093053397583096e-4,0.5681324088148034
3304755,45424,São Francisco de Itabapoana (RJ),45059,A,4.088463057324124e-4,0.5685412551205359
4310207,45374,Ijuí (RS),84780,A,4.083962723736897e-4,0.5689496513929095
1301902,45155,Itacoatiara (AM),103598,A,4.064251262624842e-4,0.569356076519172
2906501,45046,Candeias (BA),72382,A,4.054440535404687e-4,0.5697615205727125
2208007,45008,Picos (PI),83090,A,4.0510202818783944e-4,0.5701666226009003
2302800,44699,Canindé (CE),74174,A,4.02320822030933e-4,0.5705689434229313
2609907,44577,Ouricuri (PE),65245,A,4.012227406356496e-4,0.570970166163567
2930105,44380,Senhor do Bonfim (BA),74523,A,3.994496092022821e-4,0.5713696157727692
1302504,44330,Manacapuru (AM),101883,A,3.989995758435594e-4,0.5717686153486128
2311405,44179,Quixeramobim (CE),82177,A,3.976404751002168e-4,0.572166255823713
4216206,44014,São Francisco do Sul (SC),52674,A,3.961553650164318e-4,0.5725624111887295
2707701,43970,Rio Largo (AL),93927,A,3.9575933566075584e-4,0.5729581705243902
2311801,43958,Russas (CE),72928,A,3.956513276546624e-4,0.5733538218520449
2904605,43837,Brumado (BA),70510,A,3.945622469265534e-4,0.5737483840989714
1504703,43815,Moju (PA),84094,A,3.9436423224871545e-4,0.5741427483312201
2910057,43809,Dias d'Ávila (BA),71485,A,3.943102282456687e-4,0.5745370585594658
3550605,43666,São Roque (SP),79484,A,3.9302313283972175e-4,0.5749300816923055
5205497,43532,Cidade Ocidental (GO),91767,A,3.9181704343834486e-4,0.5753218987357439
1506138,43491,Redenção (PA),85597,A,3.914480160841922e-4,0.5757133467518281
3509007,43457,Caieiras (SP),95032,A,3.911419934002608e-4,0.5761044887452283
1600600,43163,Santana (AP),107618,A,3.8849579725097123e-4,0.5764929845424793
3126109,43157,Formiga (MG),68248,A,3.884417932479245e-4,0.5768814263357273
2914000,43004,Ipirá (BA),56876,A,3.87064691170233e-4,0.5772684910268975
2304103,42352,Crateús (CE),76390,A,3.811962561724888e-4,0.57764968728307
3539301,42329,Pirassununga (SP),73545,A,3.809892408274763e-4,0.5780306765238975
4204301,42025,Concórdia (SC),81646,A,3.7825303800644223e-4,0.5784089295619039
4300406,41833,Alegrete (RS),72409,A,3.76524909908947e-4,0.5787854544718128
2914604,41787,Irecê (BA),74507,A,3.761108792189221e-4,0.5791615653510318
2313401,41698,Tianguá (CE),81506,A,3.7530981984039565e-4,0.5795368751708722
2907202,41677,Casa Nova (BA),72086,A,3.7512080582973215e-4,0.5799119959767018
4105508,41645,Cianorte (PR),79527,A,3.748327844801496e-4,0.580286828761182
4317509,41635,Santo Ângelo (RS),76917,A,3.7474277780840504e-4,0.5806615715389903
1508100,41530,Tucuruí (PA),91306,A,3.737977077550873e-4,0.5810353692467455
3527207,41340,Lorena (SP),84855,A,3.7208758099194103e-4,0.5814074568277374
3503901,41304,Arujá (SP),86678,A,3.7176355697366066e-4,0.5817792203847111
3306008,41294,Três Rios (RJ),78346,A,3.716735503019161e-4,0.582150893935013
2301109,41095,Aracati (CE),75113,A,3.6988241753419974e-4,0.5825207763525472
4119954,41074,Pontal do Paraná (PR),30425,A,3.696934035235362e-4,0.5828904697560707
3137601,40883,Lagoa Santa (MG),75145,A,3.679742760932154e-4,0.583258444032164
2109908,40810,Santa Inês (MA),85014,A,3.6731722738948027e-4,0.5836257612595535
4109609,40799,Guaratuba (PR),42062,A,3.6721822005056126e-4,0.583992979479604
2303501,40664,Cascavel (CE),72720,A,3.660031299820099e-4,0.5843589826095861
3515509,40633,Fernandópolis (SP),71186,A,3.657241092996018e-4,0.5847247067188857
2402600,40619,Ceará-Mirim (RN),79115,A,3.6559809995915946e-4,0.5850903048188448
2802106,40551,Estância (SE),65078,A,3.649860545912966e-4,0.5854552908734362
3529302,40381,Matão (SP),79033,A,3.6345594117163937e-4,0.5858187468146078
2921500,40361,Monte Santo (BA),47780,A,3.632759278281503e-4,0.5861820227424359
3306107,40357,Valença (RJ),68088,A,3.632399251594524e-4,0.5865452626675953
4317202,40234,Santa Rosa (RS),76963,A,3.6213284309699454e-4,0.5869073955106923
2601201,40157,Arcoverde (PE),77742,A,3.614397917245616e-4,0.5872688353024168
3135209,40081,Januária (MG),65150,A,3.6075574101930303e-4,0.5876295910434362
5107040,40076,Primavera do Leste (MT),85146,A,3.6071073768343076e-4,0.5879903017811196
2604007,40065,Carpina (PE),79293,A,3.606117303445118e-4,0.5883509135114641
3527108,40055,Lins (SP),74779,A,3.6052172367276726e-4,0.5887114352351368
1200203,40027,Cruzeiro do Sul (AC),91888,A,3.602697049918825e-4,0.5890717049401287
2601904,39958,Bezerros (PE),61694,A,3.5964865895684515e-4,0.5894313535990856
3136207,39947,João Monlevade (MG),80187,A,3.595496516179262e-4,0.5897909032507035
3524303,39895,Jaboticabal (SP),71821,A,3.5908161692485454e-4,0.5901499848676284
4201406,39805,Araranguá (SC),71922,A,3.5827155687915364e-4,0.5905082564245075
4215802,39803,São Bento do Sul (SC),83277,A,3.5825355554480477e-4,0.5908665099800523
2910701,39780,Euclides da Cunha (BA),61456,A,3.5804654019979234e-4,0.5912245565202521
5101803,39517,Barra do Garças (MT),69210,A,3.5567936473291083e-4,0.591580235884985
3506102,39392,Bebedouro (SP),76373,A,3.54554281336104e-4,0.5919347901663211
5213103,39290,Mineiros (GO),70081,A,3.536362132843097e-4,0.5922884263796054
1303403,39203,Parintins (AM),96372,A,3.528531552401322e-4,0.5926412795348456
2108603,39190,Pinheiro (MA),84621,A,3.5273614656686426e-4,0.5929940156814124
4322608,39144,Venâncio Aires (RS),68763,A,3.523221158768394e-4,0.5933463377972893
3168705,39141,Timóteo (MG),81579,A,3.52295113875316e-4,0.5936986329111646
3169307,39036,Três Corações (MG),75485,A,3.5135004382199833e-4,0.5940499829549867
2103208,39008,Chapadinha (MA),81386,A,3.510980251411136e-4,0.5944010809801278
4319901,38901,Sapiranga (RS),75648,A,3.50134953753447e-4,0.5947512159338812
3164704,38692,São Sebastião do Paraíso (MG),71796,A,3.48253814313986e-4,0.5950994697481953
2501807,38602,Bayeux (PB),82742,A,3.4744375426828516e-4,0.5954469135024636
2706307,38551,Palmeira dos Índios (AL),71574,A,3.4698472024238797e-4,0.595793898222706
1718204,38471,Porto Nacional (TO),64418,A,3.462646668684316e-4,0.5961401628895744
2503209,38372,Cabedelo (PB),66519,A,3.4537360081816063e-4,0.5964855364903926
4307708,38324,Esteio (RS),76137,A,3.4494156879378684e-4,0.5968304780591864
3305000,38304,São João da Barra (RJ),36573,A,3.4476155545029775e-4,0.5971752396146367
3300803,38303,Cachoeiras de Macacu (RJ),56943,A,3.447525547831233e-4,0.5975199921694199
3135100,38172,Janaúba (MG),70699,A,3.435734673832698e-4,0.5978635656368031
4307906,38143,Farroupilha (RS),70286,A,3.433124480352106e-4,0.5982068780848383
4104907,38071,Castro (PR),73075,A,3.426643999986499e-4,0.5985495424848369
3115300,37889,Cataguases (MG),66261,A,3.410262785728992e-4,0.5988905687634098
1507300,37821,São Félix do Xingu (PA),65418,A,3.404142332050363e-4,0.5992309829966149
2914703,37817,Itaberaba (BA),65073,A,3.403782305363385e-4,0.5995713612271513
4202305,37782,Biguaçu (SC),76773,A,3.400632071852326e-4,0.5999114244343365
5208608,37710,Goianésia (GO),73707,A,3.394151591486719e-4,0.6002508395934852
2928604,37344,Santo Amaro (BA),56012,A,3.361209149628216e-4,0.6005869605084481
2104800,37210,Grajaú (MA),73872,A,3.3491482556144474e-4,0.6009218753340095
4321501,37151,Torres (RS),41751,A,3.3438378619815194e-4,0.6012562591202076
3205101,37104,Viana (ES),73423,A,3.339607548409526e-4,0.6015902198750486
2503704,36996,Cajazeiras (PB),63239,A,3.329886827861115e-4,0.6019232085578347
3522604,36967,Itapira (SP),72022,A,3.327276634380523e-4,0.6022559362212727
2403608,36932,Extremoz (RN),61635,A,3.324126400869464e-4,0.6025883488613597
3556701,36859,Vinhedo (SP),76540,A,3.3175559138321127e-4,0.6029201044527429
2309706,36839,Pacatuba (CE),81524,A,3.315755780397222e-4,0.6032516800307827
1301852,36827,Iranduba (AM),61163,A,3.3146757003362876e-4,0.6035831476008163
3530508,36689,Mococa (SP),67681,A,3.3022547796355406e-4,0.6039133730787799
2610905,36683,Pesqueira (PE),62722,A,3.301714739605073e-4,0.6042435445527404
1505064,36675,Novo Repartimento (PA),60732,A,3.300994686231117e-4,0.6045736440213635
2301901,36675,Barbalha (CE),75033,A,3.300994686231117e-4,0.6049037434899865
1501808,36653,Breves (PA),106968,A,3.299014539452737e-4,0.6052336449439318
2926608,36594,Ribeira do Pombal (BA),54010,A,3.293704145819809e-4,0.6055630153585139
2308708,36472,Morada Nova (CE),61443,A,3.282723331866975e-4,0.6058912876917005
2305233,36381,Horizonte (CE),74755,A,3.274532724738221e-4,0.6062187409641744
2614501,36359,Surubim (PE),64120,A,3.2725525779598414e-4,0.6065459962219704
4214805,36358,Rio do Sul (SC),72587,A,3.272462571288097e-4,0.6068732424790991
4207304,36270,Imbituba (SC),52579,A,3.264541984174577e-4,0.6071996966775166
2101707,36132,Barreirinhas (MA),65589,A,3.25212106347383e-4,0.607524908783864
2916401,36084,Itapetinga (BA),65897,A,3.247800743230092e-4,0.607849688858187
2921005,36022,Mata de São João (BA),42566,A,3.24222032958193e-4,0.6081739108911453
2309607,35943,Pacajus (CE),70983,A,3.2351098025141113e-4,0.6084974218713967
3513405,35919,Cruzeiro (SP),74961,A,3.2329496423922423e-4,0.6088207168356359
2931905,35859,Tucano (BA),48736,A,3.2275492420875696e-4,0.6091434717598446
2909802,35771,Cruz das Almas (BA),60348,A,3.21962865497405e-4,0.6094654346253421
2915601,35757,Itamaraju (BA),59605,A,3.2183685615696264e-4,0.609787271481499
2305407,35756,Icó (CE),62642,A,3.218278554897882e-4,0.6101090993369889
3509601,35750,Campo Limpo Paulista (SP),77632,A,3.2177385148674144e-4,0.6104308731884757
4304507,35740,Canguçu (RS),49680,A,3.216838448149969e-4,0.6107525570332907
4203006,35681,Caçador (SC),73720,A,3.211528054517041e-4,0.6110737098387424
2903904,35621,Bom Jesus da Lapa (BA),65550,A,3.206127654212369e-4,0.6113943226041637
2302206,35541,Beberibe (CE),53114,A,3.198927120472805e-4,0.611714215316211
3501905,35509,Amparo (SP),68008,A,3.1960469069769795e-4,0.6120338200069086
3515103,35475,Embu-Guaçu (SP),66970,A,3.192986680137665e-4,0.6123531186749224
1502152,35460,Canaã dos Carajás (PA),77079,A,3.191636580061497e-4,0.6126722823329285
3140001,35442,Mariana (MG),61387,A,3.1900164599700954e-4,0.6129912839789254
5208806,35375,Goianira (GO),71916,A,3.1839860129632107e-4,0.6133096825802218
2313302,35351,Tauá (CE),61227,A,3.1818258528413417e-4,0.6136278651655059
3524006,35319,Itupeva (SP),70616,A,3.1789456393455166e-4,0.6139457597294405
2300200,35188,Acaraú (CE),65264,A,3.167154765346981e-4,0.6142624752059752
5219753,35171,Santo Antônio do Descoberto (GO),72127,A,3.165624651927324e-4,0.614579037671168
4310330,35109,Imbé (RS),26824,A,3.160044238279162e-4,0.6148950420949959
4127106,35103,Telêmaco Borba (PR),75042,A,3.1595041982486954e-4,0.6152109925148208
2516201,35020,Sousa (PB),67259,A,3.152033644493898e-4,0.6155261958792702
5105259,35002,Lucas do Rio Verde (MT),83798,A,3.1504135244024963e-4,0.6158412372317104
4303509,34963,Camaquã (RS),62200,A,3.146903264204459e-4,0.6161559275581308
4205902,34952,Gaspar (SC),72570,A,3.145913190815269e-4,0.6164705188772123
1502202,34865,Capanema (PA),70394,A,3.138082610373494e-4,0.6167843271382496
4207502,34854,Indaial (SC),71549,A,3.137092536984304e-4,0.617098036391948
3127107,34852,Frutal (MG),58588,A,3.136912523640815e-4,0.6174117276443122
2902104,34784,Araci (BA),48294,A,3.130792069962186e-4,0.6177248068513084
2304285,34761,Eusébio (CE),74170,A,3.1287219165120614e-4,0.6180376790429596
4122404,34697,Rolândia (PR),71670,A,3.1229614895204107e-4,0.6183499751919116
3507001,34679,Boituva (SP),61081,A,3.121341369429009e-4,0.6186621093288545
3555000,34554,Tupã (SP),63928,A,3.110090535460941e-4,0.6189731183824005
2307601,34536,Limoeiro do Norte (CE),59560,A,3.1084704153695394e-4,0.6192839654239375
2208403,34533,Piripiri (PI),65538,A,3.1082003953543055e-4,0.6195947854634729
2612208,34336,Salgueiro (PE),62372,A,3.0904690810206305e-4,0.619903832371575
3537800,34166,Piedade (SP),52970,A,3.0751679468240585e-4,0.6202113491662574
1504802,34025,Monte Alegre (PA),60012,A,3.0624770061080776e-4,0.6205175968668682
4312401,33921,Montenegro (RS),64322,A,3.053116312246645e-4,0.620822908498093
2704708,33836,Marechal Deodoro (AL),60370,A,3.045465745148359e-4,0.6211274550726078
1506500,33801,Santa Izabel do Pará (PA),73019,A,3.0423155116373e-4,0.6214316866237716
2402006,33784,Caicó (RN),61146,A,3.040785398217643e-4,0.6217357651635933
2905206,33713,Caetité (BA),52012,A,3.0343949245237805e-4,0.6220392046560457
2313500,33639,Trairi (CE),58415,A,3.0277344308146843e-4,0.6223419780991272
2602605,33522,Brejo da Madre de Deus (PE),48648,A,3.0172036502205724e-4,0.6226436984641492
3533908,33514,Olímpia (SP),55074,A,3.016483596846616e-4,0.622945346823834
4202107,33482,Barra Velha (SC),45369,A,3.013603383350791e-4,0.623246707162169
3530300,33383,Mirassol (SP),63337,A,3.0046927228480813e-4,0.6235471764344538
3537305,33377,Penápolis (SP),61679,A,3.004152682817614e-4,0.6238475917027355
3519600,33321,Ibitinga (SP),60033,A,2.9991123091999193e-4,0.6241475029336555
2312403,33202,São Gonçalo do Amarante (CE),54143,A,2.9884015152623186e-4,0.6244463430851818
3300233,33175,Armação dos Búzios (RJ),40006,A,2.985971335125216e-4,0.6247449402186943
3502101,33100,Andradina (SP),59783,A,2.9792208347443754e-4,0.6250428623021688
3531803,32812,Monte Mor (SP),64662,A,2.9532989132819473e-4,0.625338192193497
1500404,32783,Alenquer (PA),69377,A,2.950688719801355e-4,0.6256332610654771
4322509,32764,Vacaria (RS),64197,A,2.948978593038209e-4,0.6259281589247809
3149309,32739,Pedro Leopoldo (MG),62580,A,2.946728426244595e-4,0.6262228317674053
3526803,32723,Lençóis Paulista (SP),66505,A,2.945288319496683e-4,0.626517360599355
1508001,32619,Tomé-Açu (PA),67585,A,2.9359276256352504e-4,0.6268109533619186
4318309,32549,São Gabriel (RS),58487,A,2.929627158613132e-4,0.6271039160777799
1501501,32537,Benevides (PA),63567,A,2.9285470785521975e-4,0.6273967707856352
2302602,32511,Camocim (CE),62326,A,2.92620690508684e-4,0.6276893914761439
1502301,32425,Capitão Poço (PA),56506,A,2.918466331316809e-4,0.6279812381092755
3303807,32355,Paraty (RJ),45243,A,2.9121658642946907e-4,0.628272454695705
4303905,32350,Campo Bom (RS),62886,A,2.911715830935968e-4,0.6285636262787986
1507953,32342,Tailândia (PA),72493,A,2.910995777562012e-4,0.6288547258565548
4321204,32330,Taquara (RS),53242,A,2.909915697501077e-4,0.6291457174263049
1100288,32308,Rolim de Moura (RO),56406,A,2.9079355507226974e-4,0.6294365109813771
3304300,32239,Rio Bonito (RJ),56276,A,2.901725090372324e-4,0.6297266834904143
2302404,32091,Boa Viagem (CE),50411,A,2.8884041029541316e-4,0.6300155239007097
2203909,32046,Floriano (PI),62036,A,2.884353802725627e-4,0.6303039592809823
5206206,31941,Cristalina (GO),62337,A,2.87490310219245e-4,0.6305914495912015
2314102,31882,Viçosa do Ceará (CE),59712,A,2.869592708559522e-4,0.6308784088620575
1100114,31869,Jaru (RO),50591,A,2.868422621826843e-4,0.6311652511242402
2304707,31814,Granja (CE),53344,A,2.863472254880893e-4,0.6314515983497282
3533403,31655,Nova Odessa (SP),62019,A,2.8491611940735105e-4,0.6317365144691356
3528403,31526,Mairinque (SP),50027,A,2.8375503334184644e-4,0.6320202695024775
2919801,31514,Macaúbas (BA),41859,A,2.83647025335753e-4,0.6323039165278133
4306106,31507,Cruz Alta (RS),58913,A,2.835840206655318e-4,0.6325875005484788
3121605,31501,Diamantina (MG),47702,A,2.8353001666248513e-4,0.6328710305651413
3509700,31415,Campos do Jordão (SP),46974,A,2.8275595928548204e-4,0.6331537865244268
3152105,31413,Ponte Nova (MG),57776,A,2.827379579511331e-4,0.6334365244823779
5213806,31384,Morrinhos (GO),51351,A,2.8247693860307394e-4,0.6337190014209809
5100250,31331,Alta Floresta (MT),58613,A,2.8199990324282787e-4,0.6340010013242238
4304705,31259,Carazinho (RS),61804,A,2.813518552062672e-4,0.63428235317943
4209409,31247,Laguna (SC),42785,A,2.812438472001737e-4,0.6345635970266302
2709301,31228,União dos Palmares (AL),59280,A,2.810728345238591e-4,0.6348446698611541
2929909,31227,Seabra (BA),46160,A,2.810638338566846e-4,0.6351257336950108
3107406,31158,Bom Despacho (MG),51737,A,2.8044278782164727e-4,0.6354061764828325
2928802,31136,Santo Estêvão (BA),52276,A,2.802447731438093e-4,0.6356864212559763
2613008,31043,São Bento do Una (PE),49449,A,2.7940771109658506e-4,0.6359658289670729
3301850,30990,Guapimirim (RJ),51696,A,2.7893067573633894e-4,0.6362447596428092
3505906,30977,Batatais (SP),58402,A,2.7881366706307106e-4,0.6365235733098723
3138401,30955,Leopoldina (MG),51145,A,2.7861565238523304e-4,0.6368021889622575
2608909,30951,Limoeiro (PE),56510,A,2.7857964971653523e-4,0.637080768611974
2807402,30938,Tobias Barreto (SE),50905,A,2.7846264104326734e-4,0.6373592312530173
3546801,30915,Santa Isabel (SP),53174,A,2.7825562569825486e-4,0.6376374868787156
3542602,30896,Registro (SP),59947,A,2.7808461302194023e-4,0.6379155714917375
3111200,30833,Campo Belo (MG),52277,A,2.775175709899496e-4,0.6381930890627274
4120606,30829,Prudentópolis (PR),49393,A,2.774815683212518e-4,0.6384705706310487
4110706,30728,Irati (PR),59250,A,2.765725009366319e-4,0.6387471431319853
3300258,30683,Arraial do Cabo (RJ),30986,A,2.761674709137815e-4,0.6390233106028991
4208450,30625,Itapoá (SC),30750,A,2.756454322176631e-4,0.6392989560351168
2605202,30547,Escada (PE),59891,A,2.749433801780557e-4,0.6395738994152949
2506301,30534,Guarabira (PB),57484,A,2.748263715047878e-4,0.6398487257867996
4313508,30443,Osório (RS),47396,A,2.7400731079191244e-4,0.6401227330975915
3203320,30323,Marataízes (ES),41929,A,2.7292723073097795e-4,0.6403956603283225
2300309,30322,Acopiara (CE),44962,A,2.729182300638035e-4,0.6406685785583863
3203908,30308,Nova Venécia (ES),49065,A,2.7279222072336114e-4,0.6409413707791097
3301306,30231,Casimiro de Abreu (RJ),46110,A,2.720991693509281e-4,0.6412134699484606
1506203,30184,Salinópolis (PA),44772,A,2.716761379937288e-4,0.6414851460864543
2105401,30181,Itapecuru Mirim (MA),60440,A,2.716491359922054e-4,0.6417567952224466
2706703,30169,Penedo (AL),58650,A,2.71541127986112e-4,0.6420283363504327
2602803,30118,Buíque (PE),52097,A,2.710820939602148e-4,0.6422994184443929
4318002,30047,São Borja (RS),59676,A,2.7044304659082857e-4,0.6425698614909837
1500206,29988,Acará (PA),59023,A,2.6991200722753576e-4,0.6428397734982113
3169406,29968,Três Pontas (MG),55255,A,2.697319938840467e-4,0.6431095054920953
3512803,29947,Cosmópolis (SP),59773,A,2.695429798733831e-4,0.6433790484719687
3131901,29935,Itabirito (MG),53365,A,2.6943497186728964e-4,0.643648483443836
3161106,29883,São Francisco (MG),52762,A,2.6896693717421804e-4,0.6439174503810102
2925105,29739,Poções (BA),48293,A,2.676708411010966e-4,0.6441851212221114
4210100,29736,Mafra (SC),55286,A,2.6764383909957327e-4,0.644452765061211
4114609,29700,Marechal Cândido Rondon (PR),55836,A,2.673198150812929e-4,0.6447200848762923
2910503,29687,Entre Rios (BA),38098,A,2.67202806408025e-4,0.6449872876827003
3151206,29665,Pirapora (MG),55606,A,2.67004791730187e-4,0.6452542924744304
2400208,29656,Açu (RN),56496,A,2.669237857256169e-4,0.645521216260156
3107307,29403,Bocaiúva (MG),48032,A,2.6464661693047996e-4,0.6457858628770865
5007901,29305,Sidrolândia (MS),47118,A,2.6376455154738344e-4,0.6460496274286339
5210000,29257,Inhumas (GO),52204,A,2.6333251952300965e-4,0.646312959948157
2110005,29180,Santa Luzia (MA),57635,A,2.626394681505767e-4,0.6465755994163075
4207007,29089,Içara (SC),59035,A,2.618204074377013e-4,0.6468374198237452
2702405,28970,Delmiro Gouveia (AL),51318,A,2.6074932804394125e-4,0.6470981691517892
4219309,28873,Videira (SC),55466,A,2.598762633280192e-4,0.6473580454151172
4309100,28867,Gramado (RS),40134,A,2.5982225932497246e-4,0.6476178676744422
2907509,28752,Catu (BA),48148,A,2.587871825999102e-4,0.647876654857042
4208807,28749,Jaguaruna (SC),20375,A,2.5876018059838685e-4,0.6481354150376404
3540606,28607,Porto Feliz (SP),56497,A,2.5748208585961435e-4,0.6483928971235
1505304,28602,Oriximiná (PA),68294,A,2.574370825237421e-4,0.6486503342060238
2103604,28583,Coroatá (MA),59566,A,2.5726606984742746e-4,0.6489076002758712
2917607,28572,Jaguaquara (BA),45964,A,2.5716706250850845e-4,0.6491647673383798
3143104,28570,Monte Carmelo (MG),47692,A,2.571490611741595e-4,0.6494219163995539
4203808,28559,Canoinhas (SC),55016,A,2.5705005383524056e-4,0.6496789664533892
1503309,28528,Igarapé-Miri (PA),64831,A,2.5677103315283246e-4,0.649935737486542
2607604,28497,Ilha de Itamaracá (PE),24540,A,2.5649201247042436e-4,0.6501922294990125
2610004,28473,Palmares (PE),54584,A,2.5627599645823747e-4,0.6504485054954707
3128709,28407,Guaxupé (MG),50911,A,2.5568195242472346e-4,0.6507041874478955
4128203,28386,União da Vitória (PR),55033,A,2.5549293841405996e-4,0.6509596803863096
3553708,28315,Taquaritinga (SP),52260,A,2.548538910446737e-4,0.6512145342773542
2308500,28311,Mombaça (CE),37735,A,2.548178883759759e-4,0.6514693521657302
3136306,28265,João Pinheiro (MG),46801,A,2.5440385768595096e-4,0.6517237560234161
3524808,28210,Jales (SP),48776,A,2.5390882099135596e-4,0.6519776648444076
4304408,28207,Canela (RS),48946,A,2.538818189898326e-4,0.6522315466633974
3125101,28137,Extrema (MG),53482,A,2.532517722876208e-4,0.6524847984356851
3118007,28069,Congonhas (MG),52890,A,2.526397269197579e-4,0.6527374381626049
2306256,28060,Itaitinga (CE),64650,A,2.5255872091518785e-4,0.6529899968835201
4317400,27986,Santiago (RS),48938,A,2.5189267154427823e-4,0.6532418895550643
2609402,27932,Moreno (PE),55292,A,2.514066355168577e-4,0.6534932961905812
2923001,27931,Nova Viçosa (BA),39509,A,2.5139763484968323e-4,0.6537446938254309
2610608,27899,Paudalho (PE),56665,A,2.511096135001007e-4,0.6539958034389309
4317608,27892,Santo Antônio da Patrulha (RS),42947,A,2.510466088298795e-4,0.6542468500477608
2600500,27839,Águas Belas (PE),41548,A,2.5056957346963345e-4,0.6544974196212304
3549706,27742,São José do Rio Pardo (SP),52205,A,2.4969650875371135e-4,0.6547471161299842
1304203,27740,Tefé (AM),73669,A,2.4967850741936247e-4,0.6549967946374036
3202801,27716,Itapemirim (ES),39832,A,2.494624914071756e-4,0.6552462571288108
2902708,27687,Barra (BA),51092,A,2.492014720591164e-4,0.6554954586008699
3201902,27671,Domingos Martins (ES),35416,A,2.490574613843251e-4,0.6557445160622543
3524709,27623,Jaguariúna (SP),59347,A,2.4862542935995133e-4,0.6559931414916143
3130101,27589,Igarapé (MG),45847,A,2.4831940667601984e-4,0.6562414608982903
1502707,27479,Conceição do Araguaia (PA),44617,A,2.473293332868299e-4,0.6564887902315771
4202453,27341,Bombinhas (SC),25058,A,2.460872412167552e-4,0.6567348774727939
1508407,27302,Xinguara (PA),52893,A,2.457362151969515e-4,0.6569806136879909
5211800,27258,Jaraguá (GO),45223,A,2.453401858412755e-4,0.6572259538738322
5005707,27223,Naviraí (MS),50457,A,2.450251624901696e-4,0.6574709790363223
1301209,27203,Coari (AM),70616,A,2.448451491466805e-4,0.657715824185469
4314050,27195,Parobé (RS),52058,A,2.4477314380928484e-4,0.6579605973292784
1508159,27116,Uruará (PA),43558,A,2.4406209110250298e-4,0.6582046594203809
5106752,27108,Pontes e Lacerda (MT),52018,A,2.4399008576510734e-4,0.658448649506146
2512507,27104,Queimadas (PB),47658,A,2.4395408309640953e-4,0.6586926035892424
5006200,27101,Nova Andradina (MS),48563,A,2.4392708109488616e-4,0.6589365306703373
3137205,27048,Lagoa da Prata (MG),51412,A,2.4345004573464007e-4,0.659179980716072
3540705,27043,Porto Ferreira (SP),52649,A,2.434050423987678e-4,0.6594233857584707
2600104,26982,Afogados da Ingazeira (PE),40241,A,2.428560017011261e-4,0.6596662417601719
3163706,26946,São Lourenço (MG),44798,A,2.4253197768284575e-4,0.6599087737378547
4113205,26823,Lapa (PR),45003,A,2.4142489562038787e-4,0.6601501986334751
5214606,26813,Niquelândia (GO),34964,A,2.4133488894864332e-4,0.6603915335224237
5105150,26797,Juína (MT),45869,A,2.4119087827385204e-4,0.6606327244006976
4109807,26725,Ibiporã (PR),51603,A,2.4054283023729133e-4,0.660873267230935
4115804,26722,Medianeira (PR),54369,A,2.4051582823576798e-4,0.6611137830591708
2308104,26717,Mauriti (CE),45561,A,2.404708248998957e-4,0.6613542538840707
2919504,26711,Livramento de Nossa Senhora (BA),43903,A,2.4041682089684897e-4,0.6615946707049675
5218508,26637,Quirinópolis (GO),48447,A,2.3975077152593935e-4,0.6618344214764934
3200904,26608,Barra de São Francisco (ES),42498,A,2.3948975217788019e-4,0.6620739112286713
1716109,26535,Paraíso do Tocantins (TO),52360,A,2.3883270347414503e-4,0.6623127439321455
3304805,26492,São Fidélis (RJ),38961,A,2.3844567478564348e-4,0.662551189606931
3552106,26458,Socorro (SP),40122,A,2.3813965210171204e-4,0.6627893292590328
3109006,26436,Brumadinho (MG),38915,A,2.3794163742387405e-4,0.6630272708964566
2807105,26375,Simão Dias (SE),42578,A,2.3739259672623234e-4,0.6632646634931829
2702306,26313,Coruripe (AL),50414,A,2.3683455536141617e-4,0.6635014980485443
5006309,26286,Paranaíba (MS),40957,A,2.365915373477059e-4,0.663738089585892
2602100,26255,Bom Conselho (PE),44294,A,2.363125166652978e-4,0.6639744021025573
2928000,26235,Santaluz (BA),37834,A,2.3613250332180872e-4,0.6642105346058791
2613107,26216,São Caitano (PE),37126,A,2.359614906454941e-4,0.6644464960965246
2200400,26166,Altos (PI),47453,A,2.3551145728677137e-4,0.6646820075538113
2602001,26143,Bodocó (PE),34478,A,2.3530444194175894e-4,0.6649173119957531
2918100,26091,Jeremoabo (BA),37626,A,2.3483640724868731e-4,0.6651521484030017
3157005,26068,Salinas (MG),40178,A,2.3462939190367486e-4,0.6653867777949054
2921708,26042,Morro do Chapéu (BA),33594,A,2.3439537455713906e-4,0.6656211731694626
2202208,25993,Campo Maior (PI),45793,A,2.339543418655908e-4,0.6658551275113281
3503802,25966,Artur Nogueira (SP),51456,A,2.3371132385188053e-4,0.66608883883518
2312304,25965,São Benedito (CE),47640,A,2.3370232318470607e-4,0.6663225411583648
4106407,25946,Cornélio Procópio (PR),45206,A,2.3353131050839144e-4,0.6665560724688732
2926004,25933,Remanso (BA),40586,A,2.3341430183512353e-4,0.6667894867707083
2102325,25930,Buriticupu (MA),55499,A,2.3338729983360016e-4,0.6670228740705418
2708006,25795,Santana do Ipanema (AL),46220,A,2.3217220976504884e-4,0.6672550462803069
3304706,25749,Santo Antônio de Pádua (RJ),41325,A,2.3175817907502395e-4,0.6674868044593819
4219507,25735,Xanxerê (SC),51607,A,2.3163216973458157e-4,0.6677184366291165
3531308,25729,Monte Alto (SP),47574,A,2.3157816573153486e-4,0.667950014794848
2929503,25700,São Sebastião do Passé (BA),40958,A,2.313171463834757e-4,0.6681813319412314
1505106,25679,Óbidos (PA),52229,A,2.3112813237281213e-4,0.6684124600736042
2201200,25621,Barras (PI),47938,A,2.306060936766938e-4,0.6686430661672809
5001102,25620,Aquidauana (MS),46803,A,2.3059709300951933e-4,0.6688736632602904
4305454,25565,Cidreira (RS),17071,A,2.3010205631492434e-4,0.6691037653166053
4318804,25553,São Lourenço do Sul (RS),41989,A,2.299940483088309e-4,0.6693337593649141
3204559,25466,Santa Maria de Jetibá (ES),41636,A,2.2921099026465335e-4,0.6695629703551788
2310506,25443,Pedra Branca (CE),40187,A,2.2900397491964092e-4,0.6697919743300984
3514403,25418,Dracena (SP),45474,A,2.2877895824027956e-4,0.6700207532883387
5210406,25405,Itaberaí (GO),44734,A,2.2866194956701165e-4,0.6702494152379057
4125605,25386,São Mateus do Sul (PR),42366,A,2.2849093689069702e-4,0.6704779061747964
5106224,25371,Nova Mutum (MT),55839,A,2.283559268830802e-4,0.6707062621016795
4218004,25364,Tijucas (SC),51592,A,2.2829292221285903e-4,0.6709345550238923
4323804,25345,Xangri-lá (RS),16463,A,2.281219095365444e-4,0.6711626769334289
2804508,25266,Nossa Senhora da Glória (SE),41212,A,2.2741085682976252e-4,0.6713900877902587
3104205,25254,Arcos (MG),41416,A,2.2730284882366907e-4,0.6716173906390823
5221601,25205,Uruaçu (GO),42546,A,2.2686181613212078e-4,0.6718442524552144
1508308,25200,Viseu (PA),58692,A,2.268168127962485e-4,0.6720710692680106
2412203,25196,São José de Mipibu (RN),47286,A,2.267808101275507e-4,0.6722978500781381
2302503,25195,Brejo Santo (CE),51090,A,2.2677180946037624e-4,0.6725246218875985
3510401,25165,Capivari (SP),50068,A,2.2650178944514263e-4,0.6727511236770437
2207009,25145,Oeiras (PI),38161,A,2.2632177610165354e-4,0.6729774454531453
3140704,25138,Mateus Leme (MG),37841,A,2.2625877143143237e-4,0.6732037042245768
1507607,25130,São Miguel do Guamá (PA),52894,A,2.2618676609403672e-4,0.6734298909906707
3546405,25130,Santa Cruz do Rio Pardo (SP),46442,A,2.2618676609403672e-4,0.6736560777567647
3556453,25111,Vargem Grande Paulista (SP),50415,A,2.260157534177221e-4,0.6738820935101825
2929206,25110,São Francisco do Conde (BA),38733,A,2.2600675275054764e-4,0.674108100262933
3545308,25103,Salto de Pirapora (SP),43748,A,2.2594374808032646e-4,0.6743340440110134
2515302,25097,Sapé (PB),51306,A,2.2588974407727972e-4,0.6745599337550907
2925501,25045,Prado (BA),35003,A,2.254217093842081e-4,0.6747853554644749
5218003,24995,Porangatu (GO),44317,A,2.249716760254854e-4,0.6750103271405005
2211100,24959,União (PI),46119,A,2.2464765200720503e-4,0.6752349747925077
2310209,24950,Paracuru (CE),38980,A,2.2456664600263495e-4,0.6754595414385104
3160702,24758,Santos Dumont (MG),42406,A,2.2283851790513972e-4,0.6756823799564156
1508209,24716,Vigia (PA),50832,A,2.2246048988381264e-4,0.6759048404462994
2920601,24703,Maragogipe (BA),35859,A,2.2234348121054473e-4,0.6761271839275099
3152204,24647,Porteirinha (MG),37438,A,2.218394438487753e-4,0.6763490233713587
2922003,24552,Mucuri (BA),37977,A,2.2098438046720212e-4,0.676570007751826
4311809,24550,Marau (RS),45124,A,2.2096637913285322e-4,0.6767909741309588
2926301,24523,Riachão do Jacuípe (BA),33386,A,2.2072336111914295e-4,0.6770116974920779
2605103,24516,Custódia (PE),37699,A,2.2066035644892178e-4,0.6772323578485269
3301876,24464,Iguaba Grande (RJ),27920,A,2.2019232175585015e-4,0.6774525501702827
3549409,24417,São Joaquim da Barra (SP),48558,A,2.197692903986508e-4,0.6776723194606814
2112803,24397,Viana (MA),51442,A,2.195892770551617e-4,0.6778919087377365
2924405,24394,Pilão Arcado (BA),35357,A,2.1956227505363836e-4,0.6781114710127901
1505486,24374,Pacajá (PA),41097,A,2.1938226171014927e-4,0.6783308532745003
2112506,24228,Tutóia (MA),53356,A,2.1806816430267894e-4,0.678548921438803
4124103,24178,Santo Antônio da Platina (PR),44369,A,2.1761813094395621e-4,0.678766539569747
2906873,24144,Capim Grosso (BA),33235,A,2.1731210826002477e-4,0.678983851678007
2305902,24104,Ipueiras (CE),36798,A,2.169520815730466e-4,0.67920080375958
4104006,24082,Campina Grande do Sul (PR),47825,A,2.167540668952086e-4,0.6794175578264753
2210607,24077,São Raimundo Nonato (PI),38934,A,2.1670906355933633e-4,0.6796342668900346
4317301,24076,Santa Vitória do Palmar (RS),30983,A,2.167000628921619e-4,0.6798509669529268
2803005,24044,Itabaianinha (SE),40678,A,2.1641204154257935e-4,0.6800673789944693
2608800,24002,Lajedo (PE),39582,A,2.1603401352125227e-4,0.6802834130079906
3510203,23981,Capão Bonito (SP),46337,A,2.1584499951058872e-4,0.6804992580075011
3102605,23979,Andradas (MG),40553,A,2.1582699817623981e-4,0.6807150850056773
3112307,23974,Capelinha (MG),39626,A,2.1578199484036754e-4,0.6809308670005177
2800605,23963,Barra dos Coqueiros (SE),41511,A,2.1568298750144853e-4,0.6811465499880192
3158953,23921,Santana do Paraíso (MG),44800,A,2.1530495948012148e-4,0.6813618549474992
4302808,23912,Caçapava do Sul (RS),32515,A,2.1522395347555137e-4,0.6815770789009747
1503705,23892,Itupiranga (PA),49754,A,2.1504394013206228e-4,0.6817921228411068
3523206,23866,Itararé (SP),44438,A,2.1480992278552648e-4,0.6820069327638923
2906808,23856,Cansanção (BA),37439,A,2.1471991611378194e-4,0.6822216526800061
2306306,23846,Itapajé (CE),46426,A,2.146299094420374e-4,0.6824362825894481
3303609,23837,Paracambi (RJ),41375,A,2.145489034374673e-4,0.6826508314928855
4212502,23822,Penha (SC),33663,A,2.144138934298505e-4,0.6828652453863153
2509701,23813,Monteiro (PB),32277,A,2.143328874252804e-4,0.6830795782737406
2907806,23797,Cícero Dantas (BA),30907,A,2.1418887675048913e-4,0.6832937671504911
4107207,23789,Dois Vizinhos (PR),44869,A,2.141168714130935e-4,0.6835078840219041
2928109,23777,Santa Maria da Vitória (BA),38604,A,2.1400886340700004e-4,0.683721892885311
4307609,23759,Estância Velha (RS),47924,A,2.1384685139785986e-4,0.683935739736709
1302900,23752,Maués (AM),61204,A,2.1378384672763868e-4,0.6841495235834366
2615300,23736,Timbaúba (PE),46147,A,2.1363983605284743e-4,0.6843631634194894
1304062,23732,Tabatinga (AM),66764,A,2.136038333841496e-4,0.6845767672528736
2917003,23732,Itiúba (BA),33872,A,2.136038333841496e-4,0.6847903710862578
2615409,23713,Toritama (PE),41137,A,2.1343282070783497e-4,0.6850038039069657
2916500,23712,Itapicuru (BA),31679,A,2.134238200406605e-4,0.6852172277270063
2913903,23641,Ipiaú (BA),40706,A,2.1278477267127425e-4,0.6854300124996776
3541307,23632,Presidente Epitácio (SP),39505,A,2.1270376666670417e-4,0.6856427162663443
2305803,23618,Ipu (CE),41081,A,2.125777573262618e-4,0.6858552940236706
2205508,23589,José de Freitas (PI),42559,A,2.1231673797820263e-4,0.6860676107616488
2905909,23582,Campo Alegre de Lourdes (BA),30671,A,2.1225373330798145e-4,0.6862798644949568
3536703,23580,Pederneiras (SP),44827,A,2.1223573197363255e-4,0.6864921002269304
2708600,23570,São Miguel dos Campos (AL),51990,A,2.12145725301888e-4,0.6867042459522323
2927002,23542,Rio Real (BA),35362,A,2.1189370662100327e-4,0.6869161396588533
2312205,23445,Santa Quitéria (CE),40183,A,2.1102064190508122e-4,0.6871271603007584
2109106,23443,Presidente Dutra (MA),45155,A,2.1100264057073232e-4,0.6873381629413291
2408201,23443,Nísia Floresta (RN),31942,A,2.1100264057073232e-4,0.6875491655818998
2613602,23434,São José do Egito (PE),31004,A,2.109216345661622e-4,0.687760087216466
3145604,23425,Oliveira (MG),39262,A,2.1084062856159213e-4,0.6879709278450276
3522703,23410,Itápolis (SP),39493,A,2.1070561855397532e-4,0.6881816334635815
3101706,23378,Almenara (MG),40364,A,2.1041759720439278e-4,0.6883920510607859
4201307,23304,Araquari (SC),45283,A,2.0975154783348316e-4,0.6886018026086195
1100130,23282,Machadinho D'Oeste (RO),30707,A,2.0955353315564517e-4,0.6888113561417751
2933604,23269,Xique-Xique (BA),44757,A,2.0943652448237725e-4,0.6890207926662575
2901007,23157,Amargosa (BA),36521,A,2.0842844975883838e-4,0.6892292211160164
3525102,23144,Jardinópolis (SP),45282,A,2.0831144108557047e-4,0.6894375325571019
3533502,23081,Novo Horizonte (SP),38324,A,2.0774439905357983e-4,0.6896452769561555
2613503,23049,São José do Belmonte (PE),34843,A,2.074563777039973e-4,0.6898527333338595
2401008,23024,Apodi (RN),36093,A,2.0723136102463596e-4,0.6900599646948842
4217204,23017,São Miguel do Oeste (SC),44330,A,2.0716835635441476e-4,0.6902671330512385
3107109,23015,Boa Esperança (MG),39848,A,2.0715035502006586e-4,0.6904742834062586
2305001,22934,Guaraciaba do Norte (CE),42053,A,2.0642130097893506e-4,0.6906807047072375
3201407,22934,Castelo (ES),36930,A,2.0642130097893506e-4,0.6908871260082164
3303708,22864,Paraíba do Sul (RJ),42063,A,2.0579125427672328e-4,0.6910929172624932
2602209,22853,Bom Jardim (PE),37629,A,2.0569224693780427e-4,0.691298609509431
2913705,22820,Inhambupe (BA),33790,A,2.0539522492104726e-4,0.691504004734352
2803203,22793,Itaporanga d'Ajuda (SE),34411,A,2.05152206907337e-4,0.6917091569412593
3172004,22732,Visconde do Rio Branco (MG),39160,A,2.046031662096953e-4,0.6919137601074691
5102678,22730,Campo Verde (MT),44585,A,2.045851648753464e-4,0.6921183452723444
2207900,22712,Pedro II (PI),37894,A,2.044231528662062e-4,0.6923227684252106
2805406,22668,Poço Redondo (SE),33439,A,2.0402712351053022e-4,0.6925267955487211
3511508,22587,Cerquilho (SP),44695,A,2.0329806946939942e-4,0.6927300936181905
3300605,22552,Bom Jesus do Itabapoana (RJ),35173,A,2.0298304611829351e-4,0.6929330766643088
3110004,22516,Caeté (MG),38776,A,2.0265902210001317e-4,0.6931357356864088
2929305,22502,São Gonçalo dos Campos (BA),39513,A,2.025330127595708e-4,0.6933382686991684
2403103,22394,Currais Novos (RN),41313,A,2.0156094070472973e-4,0.6935398296398732
2906303,22369,Canavieiras (BA),32683,A,2.0133592402536837e-4,0.6937411655638985
3550407,22342,São Pedro (SP),38256,A,2.010929060116581e-4,0.6939422584699102
4114807,22322,Marialva (PR),41851,A,2.0091289266816901e-4,0.6941431713625784
4117503,22308,Paiçandu (PR),45962,A,2.0078688332772666e-4,0.6943439582459061
2909307,22302,Correntina (BA),32457,A,2.0073287932467995e-4,0.6945446911252308
2902906,22200,Barra do Choça (BA),36539,A,1.998148112728856e-4,0.6947445059365036
3134608,22200,Jaboticatubas (MG),20406,A,1.998148112728856e-4,0.6949443207477765
1300300,22196,Autazes (AM),41564,A,1.997788086041878e-4,0.6951440995563807
1501782,22194,Breu Branco (PA),45712,A,1.9976080726983887e-4,0.6953438603636505
3508405,22186,Cabreúva (SP),47011,A,1.9968880193244325e-4,0.6955435491655829
3525201,22145,Jarinu (SP),37535,A,1.993197745782906e-4,0.6957428689401612
1503903,22120,Juruti (PA),50881,A,1.9909475789892925e-4,0.6959419636980602
2602308,22092,Bonito (PE),37474,A,1.9884273921804454e-4,0.6961408064372782
4205704,22075,Garopaba (SC),29959,A,1.9868972787607882e-4,0.6963394961651542
2300754,22065,Amontada (CE),42156,A,1.9859972120433428e-4,0.6965380958863585
3516705,22042,Garça (SP),42110,A,1.9839270585932182e-4,0.6967364885922178
3159605,22013,Santa Rita do Sapucaí (MG),40635,A,1.9813168651126265e-4,0.6969346202787291
5210208,22010,Iporá (GO),35684,A,1.9810468450973928e-4,0.6971327249632389
1301704,22008,Humaitá (AM),57473,A,1.9808668317539038e-4,0.6973308116464142
3520400,21997,Ilhabela (SP),34934,A,1.9798767583647137e-4,0.6975287993222506
3527306,21971,Louveira (SP),51847,A,1.9775365848993557e-4,0.6977265529807406
4306601,21959,Dom Pedrito (RS),36981,A,1.9764565048384212e-4,0.6979241986312245
1100155,21939,Ouro Preto do Oeste (RO),35044,A,1.9746563714035303e-4,0.6981216642683649
3134400,21924,Iturama (MG),38295,A,1.9733062713273621e-4,0.6983189948954976
2203701,21911,Esperantina (PI),40970,A,1.972136184594683e-4,0.6985162085139571
3151503,21909,Piumhi (MG),36062,A,1.971956171251194e-4,0.6987134041310823
2612604,21864,Santa Maria da Boa Vista (PE),40578,A,1.9679058710226895e-4,0.6989101947181846
3139003,21815,Machado (MG),37684,A,1.963495544107207e-4,0.6991065442725953
4218202,21801,Timbó (SC),46099,A,1.9622354507027834e-4,0.6993027678176656
2917706,21759,Jaguarari (BA),32703,A,1.9584551704895125e-4,0.6994986133347146
3135050,21753,Jaíba (MG),37660,A,1.9579151304590452e-4,0.6996944048477606
3502903,21728,Araçoiaba da Serra (SP),32443,A,1.9556649636654318e-4,0.6998899713441271
2905800,21696,Camamu (BA),30469,A,1.9527847501696064e-4,0.7000852498191441
5005400,21603,Maracaju (MS),45047,A,1.9444141296973637e-4,0.7002796912321139
2504603,21546,Conde (PB),27605,A,1.9392837494079247e-4,0.7004736196070547
4313904,21541,Panambi (RS),43515,A,1.938833716049202e-4,0.7006675029786597
2928901,21521,São Desidério (BA),32828,A,1.9370335826143114e-4,0.7008612063369211
4212809,21501,Balneário Piçarras (SC),27127,A,1.9352334491794205e-4,0.701054729681839
2605301,21467,Exu (PE),31843,A,1.9321732223401058e-4,0.701247947004073
2314003,21465,Várzea Alegre (CE),38984,A,1.9319932089966168e-4,0.7014411463249727
3520301,21460,Iguape (SP),29115,A,1.931543175637894e-4,0.7016343006425365
2508901,21457,Mamanguape (PB),44599,A,1.9312731556226607e-4,0.7018274279580988
4206504,21393,Guaramirim (SC),46711,A,1.92551272863101e-4,0.7020199792309619
5209101,21388,Goiatuba (GO),35664,A,1.9250626952722872e-4,0.7022124855004892
3162104,21382,São Gotardo (MG),40910,A,1.9245226552418198e-4,0.7024049377660134
3146008,21375,Ouro Fino (MG),32094,A,1.923892608539608e-4,0.7025973270268674
3537107,21303,Pedreira (SP),43112,A,1.917412128174001e-4,0.7027890682396848
3103405,21296,Araçuaí (MG),34297,A,1.916782081471789e-4,0.7029807464478319
3556404,21290,Vargem Grande do Sul (SP),40133,A,1.9162420414413217e-4,0.703172370651976
3306206,21276,Vassouras (RJ),33976,A,1.9149819480368982e-4,0.7033638688467797
2105708,21273,Lago da Pedra (MA),44403,A,1.9147119280216645e-4,0.7035553400395819
2411205,21273,Santa Cruz (RN),37313,A,1.9147119280216645e-4,0.703746811232384
4306767,21271,Eldorado do Sul (RS),39559,A,1.9145319146781755e-4,0.7039382644238519
4315701,21235,Rio Pardo (RS),34654,A,1.911291674495372e-4,0.7041293935913014
2308401,21208,Missão Velha (CE),36822,A,1.9088614943582694e-4,0.7043202797407373
5102637,21199,Campo Novo do Parecis (MT),45899,A,1.9080514343125683e-4,0.7045110848841686
1506187,21197,Rondon do Pará (PA),53143,A,1.9078714209690793e-4,0.7047018720262654
4304200,21168,Candelária (RS),28906,A,1.9052612274884876e-4,0.7048923981490143
3535507,21123,Paraguaçu Paulista (SP),41120,A,1.901210927259983e-4,0.7050825192417403
1100189,21088,Pimenta Bueno (RO),35079,A,1.898060693748924e-4,0.7052723253111152
2927705,21082,Santa Cruz Cabrália (BA),29185,A,1.897520653718457e-4,0.705462077376487
2704500,21069,Maragogi (AL),32174,A,1.8963505669857778e-4,0.7056517124331856
3200409,21056,Anchieta (ES),29984,A,1.8951804802530987e-4,0.705841230481211
2310704,21017,Pentecoste (CE),37813,A,1.8916702200550615e-4,0.7060303975032165
3145901,21014,Ouro Branco (MG),38724,A,1.8914002000398279e-4,0.7062195375232205
3132503,20982,Itamarandiba (MG),32948,A,1.8885199865440025e-4,0.7064083895218749
3551504,20966,Serrana (SP),43909,A,1.88707987979609e-4,0.7065970975098546
5220108,20940,São Luís de Montes Belos (GO),33852,A,1.8847397063307317e-4,0.7067855714804876
3144300,20906,Nanuque (MG),35038,A,1.8816794794914173e-4,0.7069737394284368
3554805,20903,Tremembé (SP),51173,A,1.8814094594761836e-4,0.7071618803743844
5203302,20897,Bela Vista de Goiás (GO),34445,A,1.8808694194457165e-4,0.707349967316329
2614600,20888,Tabira (PE),27681,A,1.8800593594000154e-4,0.7075379732522691
1501204,20865,Baião (PA),51641,A,1.877989205949891e-4,0.707725772172864
4301057,20807,Arroio do Sal (RS),11057,A,1.8727688189887074e-4,0.7079130490547629
4301636,20774,Balneário Pinhal (RS),14955,A,1.8697985988211377e-4,0.7081000289146451
1303536,20770,Presidente Figueiredo (AM),30668,A,1.8694385721341593e-4,0.7082869727718585
3515186,20736,Espírito Santo do Pinhal (SP),39816,A,1.866378345294845e-4,0.7084736106063879
2103505,20729,Colinas (MA),40316,A,1.8657482985926332e-4,0.7086601854362472
2805604,20691,Porto da Folha (SE),26576,A,1.8623280450663404e-4,0.7088464182407538
2306553,20670,Itarema (CE),42957,A,0.00018604379049597051,0.7090324620312497
5105101,20668,Juara (MT),34906,A,1.860257891616216e-4,0.7092184878204113
3108602,20667,Brasília de Minas (MG),32025,A,1.8601678849444715e-4,0.7094045046089057
4111803,20652,Jacarezinho (PR),40375,A,1.8588177848683033e-4,0.7095903863873926
3544103,20619,Rio Grande da Serra (SP),44170,A,1.8558475647007335e-4,0.7097759711438627
3546603,20602,Santa Fé do Sul (SP),34794,A,1.8543174512810763e-4,0.7099614028889908
4204806,20568,Curitibanos (SC),40045,A,1.8512572244417616e-4,0.710146528611435
2914901,20543,Itacaré (BA),27704,A,1.8490070576481483e-4,0.7103314293171998
2313104,20538,Tabuleiro do Norte (CE),30652,A,1.8485570242894256e-4,0.7105162850196288
2614105,20536,Sertânia (PE),32811,A,1.8483770109459363e-4,0.7107011227207234
2205706,20526,Luís Correia (PI),30641,A,1.8474769442284908e-4,0.7108858704151463
3200201,20517,Alegre (ES),29177,A,1.84666688418279e-4,0.7110705371035646
5219308,20491,Santa Helena de Goiás (GO),38492,A,1.844326710717432e-4,0.7112549697746363
2908507,20452,Conceição do Jacuípe (BA),35308,A,1.8408164505193946e-4,0.7114390514196882
2920700,20419,Maraú (BA),24527,A,1.837846230351825e-4,0.7116228360427234
4117602,20408,Palmas (PR),48247,A,1.8368561569626348e-4,0.7118065216584196
3517406,20377,Guaíra (SP),39279,A,1.834065950138554e-4,0.7119899282534334
2614204,20325,Sirinhaém (PE),37596,A,1.8293856032078378e-4,0.7121728668137542
2923803,20320,Paripiranga (BA),26604,A,1.828935569849115e-4,0.7123557603707391
3551603,20296,Serra Negra (SP),29894,A,1.826775409727246e-4,0.7125384379117118
4316402,20284,Rosário do Sul (RS),36630,A,1.8256953296663116e-4,0.7127210074446784
5218300,20217,Posse (GO),34914,A,1.8196648826594272e-4,0.7129029739329443
3525706,20202,José Bonifácio (SP),36633,A,1.818314782583259e-4,0.7130848054112027
5215603,20156,Padre Bernardo (GO),34967,A,1.81417447568301e-4,0.713266222858771
2925907,20128,Quijingue (BA),25272,A,1.8116542888741628e-4,0.7134473882876584
3119302,20087,Coromandel (MG),28894,A,1.8079640153326366e-4,0.7136281846891916
2930154,20085,Serra do Ramalho (BA),34222,A,1.8077840019891473e-4,0.7138089630893906
3524105,20075,Ituverava (SP),37571,A,1.806883935271702e-4,0.7139896514829177
2601409,20063,Barreiros (PE),40121,A,1.8058038552107674e-4,0.7141702318684388
2914505,20054,Irará (BA),28043,A,1.8049937951650666e-4,0.7143507312479552
5200308,20046,Alexânia (GO),27008,A,1.8042737417911102e-4,0.7145311586221343
2907103,20038,Carinhanha (BA),28869,A,1.8035536884171538e-4,0.7147115139909761
2306900,20028,Jaguaribe (CE),33726,A,1.8026536216997086e-4,0.7148917793531461
2904902,20019,Cachoeira (BA),29250,A,1.8018435616540076e-4,0.7150719637093115
2310308,20015,Parambu (CE),31445,A,1.8014835349670295e-4,0.7152521120628081
3113305,20013,Carangola (MG),31240,A,1.8013035216235405e-4,0.7154322424149705
4119608,20003,Pitanga (PR),33567,A,1.800403454906095e-4,0.7156122827604611
3128006,19978,Guanhães (MG),32244,A,1.7981532881124814e-4,0.7157920980892724
4318903,19972,São Luiz Gonzaga (RS),34752,A,1.797613248082014e-4,0.7159718594140806
2114007,19970,Zé Doca (MA),40801,B,1.797433234738525e-4,0.7161516027375544
5000609,19969,Amambai (MS),39325,B,1.7973432280667803e-4,0.7163313370603611
3170800,19968,Várzea da Palma (MG),33744,B,1.797253221395036e-4,0.7165110623825006
1503804,19964,Jacundá (PA),37707,B,1.7968931947080576e-4,0.7166907517019714
2308005,19963,Massapê (CE),37697,B,1.7968031880363132e-4,0.716870432020775
1100106,19955,Guajará-Mirim (RO),39387,B,1.7960831346623568e-4,0.7170500403342412
4203600,19939,Campos Novos (SC),36932,B,1.7946430279144443e-4,0.7172295046370327
5003306,19928,Coxim (MS),32151,B,1.7936529545252542e-4,0.7174088699324852
3118809,19908,Coração de Jesus (MG),25377,B,1.7918528210903633e-4,0.7175880552145942
3141108,19884,Matozinhos (MG),37618,B,1.7896926609684943e-4,0.7177670244806911
1200500,19829,Sena Madureira (AC),41343,B,1.7847422940225443e-4,0.7179454987100933
3550100,19787,São Manuel (SP),37289,B,1.7809620138092735e-4,0.7181235949114742
4102000,19780,Assis Chateaubriand (PR),36808,B,1.7803319671070618e-4,0.7183016281081849
3500105,19771,Adamantina (SP),34687,B,1.779521907061361e-4,0.718479580298891
3204203,19768,Piúma (ES),22300,B,1.7792518870461273e-4,0.7186575054875957
1508084,19765,Tucumã (PA),39550,B,1.7789818670308936e-4,0.7188354036742988
3526209,19765,Juquitiba (SP),27404,B,1.7789818670308936e-4,0.7190133018610019
2909901,19757,Curaçá (BA),34180,B,1.7782618136569375e-4,0.7191911280423676
3541505,19737,Presidente Venceslau (SP),35201,B,1.7764616802220466e-4,0.7193687742103898
2608107,19734,João Alfredo (PE),27725,B,1.776191660206813e-4,0.7195463933764105
2615607,19696,Trindade (PE),30321,B,1.77277140668052e-4,0.7197236705170785
2100600,19660,Amarante do Maranhão (MA),37085,B,1.7695311664977167e-4,0.7199006236337283
2112704,19653,Vargem Grande (MA),43261,B,1.768901119795505e-4,0.7200775137457078
4308607,19640,Garibaldi (RS),34335,B,1.7677310330628258e-4,0.7202542868490142
3168002,19630,Taiobeiras (MG),33050,B,1.7668309663453803e-4,0.7204309699456487
1502939,19626,Dom Eliseu (PA),58484,B,1.7664709396584023e-4,0.7206076170396145
2925204,19620,Pojuca (BA),32136,B,1.765930899627935e-4,0.7207842101295773
4117909,19596,Palotina (PR),35011,B,1.763770739506066e-4,0.7209605872035278
1302702,19546,Manicoré (AM),53914,B,1.7592704059188387e-4,0.7211365142441197
2926400,19543,Riacho de Santana (BA),30711,B,1.759000385903605e-4,0.7213124142827101
1505809,19527,Portel (PA),62503,B,1.7575602791556925e-4,0.7214881703106256
1503200,19509,Igarapé-Açu (PA),35797,B,1.7559401590642906e-4,0.721663764326532
5217302,19495,Pirenópolis (GO),26690,B,1.754680065659867e-4,0.721839232333098
4114203,19482,Mandaguari (PR),36716,B,1.753509978927188e-4,0.7220145833309907
5215702,19448,Palmeiras de Goiás (GO),31858,B,1.7504497520878735e-4,0.7221896283061995
2614857,19423,Tamandaré (PE),23561,B,1.74819958529426e-4,0.7223644482647289
3200102,19413,Afonso Cláudio (ES),30684,B,1.7472995185768145e-4,0.7225391782165865
4308508,19387,Frederico Westphalen (RS),32627,B,1.7449593451114565e-4,0.7227136741510977
2928406,19366,Santa Rita de Cássia (BA),27390,B,1.743069205004821e-4,0.7228879810715981
5103353,19359,Confresa (MT),35075,B,1.7424391583026092e-4,0.7230622249874283
3541604,19331,Promissão (SP),35131,B,1.739918971493762e-4,0.7232362168845777
2702900,19289,Girau do Ponciano (AL),36102,B,1.736138691280491e-4,0.7234098307537058
5007208,19248,Rio Brilhante (MS),37601,B,1.732448417738965e-4,0.7235830755954797
3152006,19214,Pompéu (MG),31047,B,1.7293881908996505e-4,0.7237560144145697
3124302,19198,Espinosa (MG),30443,B,1.7279480841517376e-4,0.7239288092229849
2916104,19194,Itaparica (BA),19789,B,1.7275880574647596e-4,0.7241015680287314
3204708,19161,São Gabriel da Palha (ES),32252,B,1.7246178372971895e-4,0.7242740298124611
1502905,19157,Curuçá (PA),41262,B,1.7242578106102115e-4,0.7244464555935222
1301100,19143,Careiro (AM),30792,B,1.722997717205788e-4,0.7246187553652428
3554508,19143,Tietê (SP),37663,B,1.722997717205788e-4,0.7247910551369634
2925758,19131,Presidente Tancredo Neves (BA),27734,B,1.7219176371448535e-4,0.7249632469006779
3152808,19127,Prata (MG),28342,B,1.7215576104578751e-4,0.7251354026617237
4117701,19123,Palmeira (PR),33855,B,1.721197583770897e-4,0.7253075224201008
3136652,19117,Juatuba (MG),30716,B,1.7206575437404297e-4,0.7254795881744748
3114303,19106,Carmo do Paranaíba (MG),29011,B,1.7196674703512399e-4,0.7256515549215099
2921203,19099,Miguel Calmon (BA),24661,B,1.719037423649028e-4,0.7258234586638748
4318507,19081,São José do Norte (RS),25443,B,1.7174173035576262e-4,0.7259952003942305
2304251,19070,Cruz (CE),29761,B,1.7164272301684361e-4,0.7261668431172473
3155603,19047,Rio Pardo de Minas (MG),28271,B,1.7143570767183118e-4,0.7263382788249192
2100907,19023,Araioses (MA),39052,B,1.7121969165964426e-4,0.7265094985165789
2910602,19013,Esplanada (BA),32554,B,1.7112968498789972e-4,0.7266806282015668
4215000,18971,Rio Negrinho (SC),39261,B,1.7075165696657266e-4,0.7268513798585333
4313706,18928,Palmeira das Missões (RS),33216,B,1.703646282780711e-4,0.7270217444868113
3162922,18927,São Joaquim de Bicas (MG),34348,B,1.7035562761089665e-4,0.7271921001144223
3500709,18858,Agudos (SP),37680,B,1.697345815758593e-4,0.7273618346959981
2302107,18801,Baturité (CE),35218,B,1.6922154354691543e-4,0.7275310562395451
1505031,18753,Novo Progresso (PA),33638,B,1.687895115225416e-4,0.7276998457510676
3169356,18749,Três Marias (MG),28895,B,1.687535088538438e-4,0.7278685992599214
3160405,18747,Santo Antônio do Monte (MG),27295,B,1.6873550751949487e-4,0.7280373347674409
5208905,18745,Goiás (GO),24071,B,1.6871750618514597e-4,0.7282060522736261
2111508,18703,São Mateus do Maranhão (MA),38829,B,1.6833947816381889e-4,0.72837439175179
2310258,18673,Paraipaba (CE),32216,B,1.6806945814858525e-4,0.7285424612099386
3550209,18637,São Miguel Arcanjo (SP),32039,B,1.677454341303049e-4,0.7287102066440689
2108207,18630,Pedreiras (MA),37050,B,1.6768242946008373e-4,0.728877889073529
2932002,18627,Uauá (BA),24665,B,1.6765542745856036e-4,0.7290455445009876
3534302,18621,Orlândia (SP),38319,B,1.6760142345551365e-4,0.7292131459244431
2930204,18602,Sento Sé (BA),38154,B,1.67430410779199e-4,0.7293805763352222
2611804,18585,Ribeirão (PE),33507,B,1.6727739943723328e-4,0.7295478537346595
3540200,18585,Pontal (SP),37607,B,1.6727739943723328e-4,0.7297151311340967
4112009,18550,Jaguariaíva (PR),35141,B,1.6696237608612737e-4,0.72988209351018285
2112308,18549,Tuntum (MA),36251,B,1.6695337541895294e-4,0.7300490468856018
1506708,18547,Santana do Araguaia (PA),32413,B,1.6693537408460403e-4,0.7302159822596864
2927200,18538,Ruy Barbosa (BA),28282,B,1.6685436808003393e-4,0.7303828366277665
5217104,18522,Piracanjuba (GO),24883,B,1.6671035740524267e-4,0.7305495469851717
2309300,18511,Nova Russas (CE),30699,B,1.6661135006632366e-4,0.7307161583352381
3203007,18496,Iúna (ES),28590,B,1.6647634005870684e-4,0.7308826346752968
3518602,18487,Guariba (SP),37498,B,1.6639533405413676e-4,0.731049030009351
2109601,18478,Rosário (MA),38475,B,1.6631432804956669e-4,0.7312153443374005
3144003,18471,Mutum (MG),27635,B,1.6625132337934548e-4,0.7313815956607799
5103205,18455,Colíder (MT),31370,B,1.6610731270455423e-4,0.7315477029734844
2615003,18451,Taquaritinga do Norte (PE),24736,B,1.6607131003585642e-4,0.7317137742835202
2104057,18434,Estreito (MA),33294,B,1.6591829869389067e-4,0.7318796925822142
2901205,18412,Anagé (BA),25438,B,1.6572028401605268e-4,0.7320454128662303
2607307,18390,Ipubi (PE),29009,B,1.655222693382147e-4,0.7322109351355685
3518305,18385,Guararema (SP),31236,B,1.6547726600234241e-4,0.7323764124015708
3202306,18383,Guaçuí (ES),29358,B,1.654592646679935e-4,0.7325418716662389
2512101,18367,Pombal (PB),32473,B,1.6531525399320226e-4,0.7327071869202321
1504455,18359,Medicilândia (PA),27094,B,1.6524324865580661e-4,0.7328724301688879
4111506,18359,Ivaiporã (PR),32720,B,1.6524324865580661e-4,0.7330376734175438
3110608,18357,Cambuí (MG),29536,B,1.652252473214577e-4,0.7332028986648652
3302254,18339,Itatiaia (RJ),30908,B,1.6506323531231753e-4,0.7333679619001775
2611002,18320,Petrolândia (PE),34161,B,1.648922226360029e-4,0.7335328541228135
3141801,18319,Minas Novas (MG),24405,B,1.6488322196882844e-4,0.7336977373447824
2202703,18277,Cocal (PI),28212,B,1.6450519394750135e-4,0.7338622425387299
2611309,18269,Pombos (PE),27552,B,1.644331886101057e-4,0.73402667572734
3513603,18246,Cunha (SP),22110,B,1.6422617326509328e-4,0.7341909019006051
3165537,18245,Sarzedo (MG),36844,B,1.6421717259791882e-4,0.73435511907320306
3200805,18220,Baixo Guandu (ES),30674,B,1.6399215591855745e-4,0.7345191112291216
5106422,18195,Peixoto de Azevedo (MT),32714,B,1.637671392391961e-4,0.7346828783683608
1303809,18194,São Gabriel da Cachoeira (AM),51795,B,0.00016375813857202166,0.7348466365069328
3110509,18186,Camanducaia (MG),26097,B,1.6368613323462601e-4,0.7350103226401674
4310108,18173,Igrejinha (RS),32808,B,1.635691245613581e-4,0.7351738917647288
2900801,18144,Alcobaça (BA),24530,B,1.6330810521329893e-4,0.7353371998699421
2914406,18131,Iraquara (BA),23879,B,1.6319109654003102e-4,0.7355003909664821
3520426,18125,Ilha Comprida (SP),13419,B,1.631370925369843e-4,0.7356635280590191
1100452,18122,Buritis (RO),27992,B,1.6311009053546094e-4,0.7358266381495546
2313609,18121,Ubajara (CE),32767,B,1.6310108986828647e-4,0.7359897392394229
2405801,18121,João Câmara (RN),33290,B,1.6310108986828647e-4,0.7361528403292912
4120903,18096,Quedas do Iguaçu (PR),30738,B,1.6287607318892514e-4,0.7363157164024801
1500859,18094,Anapu (PA),31850,B,1.628580718545762e-4,0.7364785744743346
4307807,18082,Estrela (RS),32183,B,1.6275006384848276e-4,0.7366413245381831
3116605,18065,Cláudio (MG),30159,B,1.6259705250651704e-4,0.7368039215906896
3505302,18054,Barra Bonita (SP),34346,B,1.6249804516759806e-4,0.7369664196358572
2603207,18044,Caetés (PE),28827,B,1.624080384958535e-4,0.7371288276743531
2911204,18042,Gandu (BA),32178,B,1.623900371615046e-4,0.7372912177115145
3300506,18042,Bom Jardim (RJ),28102,B,1.623900371615046e-4,0.737453607748676
3303856,18023,Paty do Alferes (RJ),29619,B,1.6221902448518996e-4,0.7376158267731612
4314803,18007,Portão (RS),34071,B,1.620750138103987e-4,0.7377779017869716
4119301,17999,Pinhão (PR),29886,B,1.6200300847300306e-4,0.7379399047954446
2307007,17997,Jaguaruana (CE),31701,B,1.6198500713865416e-4,0.7381018898025833
4308201,17985,Flores da Cunha (RS),30892,B,1.618769991325607e-4,0.7382637668017159
1100338,17960,Nova Mamoré (RO),25444,B,1.6165198245319935e-4,0.7384254187841691
3505203,17957,Bariri (SP),31595,B,1.6162498045167598e-4,0.7385870437646208
2709152,17953,Teotônio Vilela (AL),38053,B,1.6158897778297817e-4,0.7387486327424038
2607505,17949,Itaíba (PE),32650,B,1.6155297511428034e-4,0.7389101857175181
2208304,17943,Piracuruca (PI),28846,B,1.6149897111123363e-4,0.7390716846886294
5106505,17938,Poconé (MT),31217,B,1.6145396777536136e-4,0.7392331386564047
3101508,17924,Além Paraíba (MG),30717,B,1.6132795843491898e-4,0.7393944666148397
2414407,17916,Touros (RN),33035,B,1.6125595309752336e-4,0.7395557225679372
5217401,17916,Pires do Rio (GO),32373,B,1.6125595309752336e-4,0.7397169785210348
3305752,17914,Tanguá (RJ),31086,B,1.6123795176317443e-4,0.739878216472798
2920502,17900,Maracás (BA),27620,B,1.6111194242273208e-4,0.7400393284152207
2607653,17899,Itambé (PE),34935,B,1.6110294175555764e-4,0.7402004313569762
2610509,17895,Passira (PE),28340,B,1.610669390868598e-4,0.7403614982960631
4321451,17864,Teutônia (RS),32797,B,1.6078791840445174e-4,0.7405222862144676
2600708,17857,Aliança (PE),35741,B,1.6072491373423056e-4,0.7406830111282018
1500909,17844,Augusto Corrêa (PA),44573,B,1.6060790506096265e-4,0.7408436190332628
2307502,17801,Lavras da Mangabeira (CE),30802,B,1.602208763724611e-4,0.7410038399096353
1300706,17793,Boca do Acre (AM),35447,B,1.6014887103506548e-4,0.7411639887806704
5104104,17781,Guarantã do Norte (MT),31024,B,1.60040863028972e-4,0.7413240296436994
1200609,17771,Tarauacá (AC),43467,B,1.599508563572275e-4,0.7414839805000566
4114302,17763,Mandirituba (PR),27439,B,1.5987885101983185e-4,0.7416438593510765
3111606,17748,Campos Gerais (MG),26105,B,1.5974384101221503e-4,0.7418036031920887
4313656,17733,Palmares do Sul (RS),12844,B,1.5960883100459822e-4,0.7419632120230933
5211206,17731,Itapuranga (GO),26113,B,0.00015959082967024931,0.7421228028527636
2103406,17712,Coelho Neto (MA),41658,B,1.5941981699393466e-4,0.7422822226697575
4122206,17705,Rio Branco do Sul (PR),37558,B,1.593568123237135e-4,0.7424415794820812
2110708,17696,São Domingos do Maranhão (MA),34034,B,1.592758063191434e-4,0.7426008552884004
2506004,17695,Esperança (PB),31231,B,1.5926680565196894e-4,0.7427601220940523
1400472,17670,Rorainópolis (RR),32647,B,1.590417889726076e-4,0.7429191638830249
3201605,17664,Conceição da Barra (ES),27458,B,1.5898778496956087e-4,0.7430781516679945
2908903,17661,Coração de Maria (BA),26692,B,1.589607829680375e-4,0.7432371124509626
3508603,17633,Cachoeira Paulista (SP),31564,B,1.587087642871528e-4,0.7433958212152497
1302405,17603,Lábrea (AM),45448,B,1.5843874427191916e-4,0.7435542599595216
4310603,17603,Itaqui (RS),35768,B,1.5843874427191916e-4,0.7437126987037935
4320800,17602,Soledade (RS),29991,B,1.584297436047447e-4,0.7438711284473982
1505437,17595,Ourilândia do Norte (PA),32467,B,1.5836673893452352e-4,0.7440294951863328
2902807,17571,Barra da Estiva (BA),26026,B,1.5815072292233663e-4,0.7441876459092551
5103254,17569,Colniza (MT),25766,B,1.5813272158798772e-4,0.7443457786308431
1702208,17564,Araguatins (TO),31918,B,1.5808771825211545e-4,0.7445038663490952
2708808,17542,São Sebastião (AL),31786,B,1.5788970357427743e-4,0.7446617560526695
2110203,17515,Santa Rita (MA),37035,B,1.5764668556056717e-4,0.7448194027382301
4102406,17479,Bandeirantes (PR),31273,B,1.5732266154228682e-4,0.7449767253997724
2302305,17470,Bela Cruz (CE),32775,B,1.5724165553771674e-4,0.7451339670553102
3521002,17464,Iperó (SP),36459,B,1.5718765153467e-4,0.7452911547068449
3105103,17463,Bambuí (MG),23546,B,1.5717865086749557e-4,0.7454483333577124
4209003,17454,Joaçaba (SC),30146,B,1.5709764486292546e-4,0.7456054310025754
2606101,17448,Glória do Goitá (PE),29347,B,1.5704364085987875e-4,0.7457624746434353
2922300,17448,Muritiba (BA),28707,B,1.5704364085987875e-4,0.7459195182842951
2801306,17442,Capela (SE),31645,B,1.56989636856832e-4,0.746076507921152
4213500,17428,Porto Belo (SC),27688,B,1.5686362751638966e-4,0.7462333715486684
1100098,17412,Espigão D'Oeste (RO),29414,B,1.5671961684159838e-4,0.74639009116551
2408300,17408,Nova Cruz (RN),34269,B,1.5668361417290057e-4,0.7465467747796829
4108809,17407,Guaíra (PR),32097,B,1.566746135057261e-4,0.7467034493931887
2513901,17403,São Bento (PB),32235,B,1.566386108370283e-4,0.7468600880040257
4201950,17398,Balneário Arroio do Silva (SC),15820,B,1.5659360750115603e-4,0.7470166816115269
2933505,17383,Wenceslau Guimarães (BA),24474,B,1.564585974935392e-4,0.7471731402090205
1504406,17303,Marapanim (PA),26573,B,1.5573854411958285e-4,0.74732887875314
2700409,17259,Atalaia (AL),37512,B,1.5534251476390687e-4,0.7474842212679039
3139607,17248,Mantena (MG),26535,B,1.5524350742498788e-4,0.7476394647753289
3530102,17220,Mirandópolis (SP),27983,B,1.5499148874410315e-4,0.747794456264073
3539509,17199,Pitangueiras (SP),33674,B,1.5480247473343962e-4,0.7479492587388065
2933000,17169,Valente (BA),24362,B,1.54532454718206e-4,0.7481037911935247
1504901,17166,Muaná (PA),45368,B,1.5450545271668262e-4,0.7482582966462413
2925808,17166,Queimadas (BA),25988,B,1.5450545271668262e-4,0.748412802098958
4113304,17150,Laranjeiras do Sul (PR),32227,B,1.5436144204189137e-4,0.7485671635409998
4220000,17129,Balneário Rincão (SC),15981,B,1.541724280312278e-4,0.748721335969031
1705508,17120,Colinas do Tocantins (TO),34233,B,1.5409142202665773e-4,0.7488754273910576
3105400,17111,Barão de Cocais (MG),30778,B,1.5401041602208763e-4,0.7490294378070796
3117504,17086,Conceição do Mato Dentro (MG),23163,B,1.537853993427263e-4,0.7491832232064224
3162906,17084,São João Nepomuceno (MG),25565,B,1.5376739800837736e-4,0.7493369906044308
1506195,17064,Rurópolis (PA),35769,B,1.5358738466488827e-4,0.7494905779890957
3156908,17020,Sacramento (MG),26670,B,1.5319135530921229e-4,0.7496437693444049
3500303,17017,Aguaí (SP),32072,B,1.5316435330768894e-4,0.7497969336977126
4109708,17009,Ibaiti (PR),28830,B,1.530923479702933e-4,0.749950026045683
2309409,16996,Novo Oriente (CE),27545,B,1.529753392970254e-4,0.75010300138498
3502507,16985,Aparecida (SP),32569,B,1.528763319581064e-4,0.7502558777169381
3506607,16981,Biritiba Mirim (SP),29683,B,1.5284032928940857e-4,0.7504087180462276
2708402,16967,São José da Tapera (AL),30604,B,1.5271431994896622e-4,0.7505614323661766
4304804,16962,Carlos Barbosa (RS),30420,B,1.5266931661309395e-4,0.7507141016827896
2911907,16957,Iaçu (BA),24607,B,1.5262431327722168e-4,0.7508667259960669
4117305,16937,Ortigueira (PR),24192,B,1.524442999337326e-4,0.7510191702960006
5210109,16914,Ipameri (GO),25548,B,1.5223728458872013e-4,0.7511714075805893
3513702,16903,Descalvado (SP),31756,B,1.5213827724980115e-4,0.7513235458578391
2922904,16880,Nova Soure (BA),24236,B,1.519312619047887e-4,0.7514754771197439
3538808,16863,Piraju (SP),29436,B,1.5177825056282297e-4,0.7516272553703067
2305605,16857,Independência (CE),24024,B,1.5172424655977623e-4,0.7517789796168665
4205506,16840,Fraiburgo (SC),33481,B,1.515712352178105e-4,0.7519305508520843
3130903,16839,Inhapim (MG),22692,B,1.5156223455063607e-4,0.7520821130866349
2908606,16838,Conde (BA),23654,B,1.515532338834616e-4,0.7522336663205184
4213609,16820,Porto União (SC),32970,B,1.5139122187432145e-4,0.7523850575423927
5213087,16818,Minaçu (GO),27075,B,1.5137322053997252e-4,0.7525364307629326
2604205,16815,Catende (PE),32156,B,1.5134621853844918e-4,0.752687776981471
3145307,16810,Novo Cruzeiro (MG),26975,B,1.513012152025769e-4,0.7528390781966736
3534609,16778,Osvaldo Cruz (SP),31272,B,1.5101319385299437e-4,0.7529900913905266
3542206,16768,Rancharia (SP),28588,B,1.5092318718124982e-4,0.7531410145777079
3101102,16737,Aimorés (MG),25269,B,1.5064416649884172e-4,0.7532916587442067
3123601,16730,Elói Mendes (MG),26336,B,1.5058116182862055e-4,0.7534422399060353
1303569,16724,Rio Preto da Eva (AM),24936,B,1.505271578255738e-4,0.7535927670638609
2906204,16720,Canarana (BA),24206,B,1.50491155156876e-4,0.7537432582190178
2909604,16717,Crisópolis (BA),19729,B,1.5046415315535263e-4,0.7538937223721731
2918803,16696,Laje (BA),21052,B,1.502751391446891e-4,0.7540439975113178
2206209,16689,Miguel Alves (PI),32150,B,1.5021213447446793e-4,0.7541942096457922
2706901,16666,Pilar (AL),35370,B,1.5000511912945547e-4,0.7543442147649216
2922508,16662,Nazaré (BA),27060,B,1.4996911646075766e-4,0.7544941838813825
3302908,16639,Miguel Pereira (RJ),26582,B,1.497621011157452e-4,0.7546439459824982
2409407,16613,Pau dos Ferros (RN),30479,B,1.495280837692094e-4,0.7547934740662674
2110500,16596,São Bento (MA),46395,B,1.4937507242724366e-4,0.7549428491386947
5001003,16582,Aparecida do Taboado (MS),27674,B,1.492490630868013e-4,0.7550920982017815
4322004,16556,Triunfo (RS),27498,B,1.490150457402655e-4,0.7552411132475217
5103007,16552,Chapada dos Guimarães (MT),18990,B,1.4897904307156767e-4,0.7553900922905933
3126703,16537,Francisco Sá (MG),23476,B,1.4884403306395086e-4,0.7555389363236572
4202800,16523,Braço do Norte (SC),33773,B,1.487180237235085e-4,0.7556876543473807
3518206,16522,Guararapes (SP),31043,B,1.4870902305633404e-4,0.755836363370437
1502954,16495,Eldorado do Carajás (PA),28192,B,1.4846600504262377e-4,0.7559848293754796
2923704,16495,Paratinga (BA),29252,B,1.4846600504262377e-4,0.7561332953805222
1507003,16483,Santo Antônio do Tauá (PA),27461,B,1.4835799703653033e-4,0.7562816533775587
2917300,16451,Ituberá (BA),21902,B,1.480699756869478e-4,0.7564297233532457
4305355,16425,Charqueadas (RS),35012,B,1.47835958340412e-4,0.7565775593115861
1600279,16403,Laranjal do Jari (AP),35114,B,1.47637943662574e-4,0.7567251972552487
4311007,16368,Jaguarão (RS),26603,B,1.473229203114681e-4,0.7568725201755602
5220603,16347,Silvânia (GO),22245,B,1.4713390630080453e-4,0.757019654081861
3144607,16344,Nepomuceno (MG),25018,B,1.471069042992812e-4,0.7571667609861603
3114204,16338,Carmo do Cajuru (MG),23479,B,0.00014705290029623445,0.7573138138864566
1200302,16334,Feijó (AC),35426,B,1.4701689762753665e-4,0.7574608307840841
2603009,16331,Cabrobó (PE),30294,B,1.4698989562601328e-4,0.7576078206797101
2914653,16324,Itabela (BA),28165,B,1.469268909557921e-4,0.7577547475706659
2302701,16317,Campos Sales (CE),25135,B,1.4686388628557093e-4,0.7579016114569515
2102002,16313,Bom Jardim (MA),33100,B,1.468278836168731e-4,0.7580484393405683
3302106,16305,Itaocara (RJ),22919,B,1.4675587827947748e-4,0.7581951952188478
2913200,16282,Ibotirama (BA),26309,B,1.4654886293446502e-4,0.7583417440817822
2903409,16279,Belmonte (BA),20121,B,1.4652186093294165e-4,0.7584882659427151
2611705,16259,Riacho das Almas (PE),20639,B,1.4634184758945256e-4,0.7586346077903046
3109303,16248,Buritis (MG),24030,B,1.4624284025053358e-4,0.7587808506305551
3154002,16240,Raul Soares (MG),23423,B,1.4617083491313794e-4,0.7589270214654682
2906709,16234,Cândido Sales (BA),25247,B,1.461168309100912e-4,0.7590731382963782
2929750,16231,Saubara (BA),11438,B,1.4608982890856786e-4,0.7592192281252867
4216305,16228,São João Batista (SC),32687,B,1.460628269070445e-4,0.7593652909521937
2312700,16203,Senador Pompeu (CE),24266,B,1.4583781022768313e-4,0.7595111287624214
2905008,16202,Caculé (BA),22462,B,1.4582880956050866e-4,0.7596569575719819
3134905,16158,Jacutinga (MG),25525,B,1.4543278020483268e-4,0.7598023903521868
3510005,16155,Cândido Mota (SP),29449,B,1.454057782033093e-4,0.7599477961303901
3544004,16130,Rio das Pedras (SP),31328,B,1.4518076152394798e-4,0.760092976891914
3202108,16114,Ecoporanga (ES),21992,B,1.450367508491567e-4,0.7602380136427632
1506005,16108,Prainha (PA),35577,B,1.4498274684610996e-4,0.7603829963896094
3203056,16106,Jaguaré (ES),28931,B,1.4496474551176105e-4,0.7605279611351211
3537909,16102,Pilar do Sul (SP),27619,B,1.4492874284306324e-4,0.7606728898779642
3157203,16101,Santa Bárbara (MG),30466,B,1.4491974217588878e-4,0.7608178096201401
3501301,16098,Álvares Machado (SP),27255,B,1.4489274017436544e-4,0.7609627023603145
5002951,16098,Chapadão do Sul (MS),30993,B,1.4489274017436544e-4,0.7611075951004889
2605707,16056,Floresta (PE),30137,B,1.4451471215303836e-4,0.7612521098126419
2504306,16019,Catolé do Rocha (PB),30661,B,1.4418168746758355e-4,0.7613962915001095
2303204,16015,Caririaçu (CE),26320,B,1.441456847988857e-4,0.7615404371849084
3151404,16007,Pitangui (MG),26685,B,1.4407367946149007e-4,0.7616845108643698
4311304,16003,Lagoa Vermelha (RS),27659,B,1.4403767679279226e-4,0.7618285485411627
2928208,15996,Santana (BA),24755,B,1.439746721225711e-4,0.7619725232132852
3162401,15992,São João da Ponte (MG),23930,B,1.4393866945387328e-4,0.7621164618827391
2407203,15984,Macau (RN),27369,B,1.4386666411647764e-4,0.7622603285468555
3513108,15983,Cravinhos (SP),33281,B,1.4385766344930317e-4,0.7624041862103048
5101704,15968,Barra do Bugres (MT),29403,B,1.4372265344168636e-4,0.7625479088637465
1500503,15948,Almeirim (PA),34280,B,1.4354264009819727e-4,0.7626914515038447
4122305,15945,Rio Negro (PR),31324,B,1.4351563809667393e-4,0.7628349671419413
3124203,15942,Espera Feliz (MG),24102,B,1.4348863609515056e-4,0.7629784557780365
2312007,15941,Santana do Acaraú (CE),30628,B,1.434796354279761e-4,0.7631219354134644
4217709,15941,Sombrio (SC),29991,B,1.434796354279761e-4,0.7632654150488923
3304003,15934,Piraí (RJ),27474,B,1.4341663075775492e-4,0.7634088316796501
1503507,15928,Irituia (PA),30955,B,1.433626267547082e-4,0.7635521943064049
2106607,15913,Matões (MA),32174,B,1.432276167470914e-4,0.763695421923152
2201903,15911,Bom Jesus (PI),28796,B,1.4320961541274246e-4,0.7638386315385647
4216503,15895,São Joaquim (SC),25939,B,1.430656047379512e-4,0.7639816971433027
2301703,15868,Aurora (CE),23714,B,1.4282258672424094e-4,0.7641245197300269
5004700,15862,Ivinhema (MS),27821,B,1.427685827211942e-4,0.7642672883127481
2609501,15838,Nazaré da Mata (PE),30648,B,1.425525667090073e-4,0.7644098408794572
3143401,15837,Monte Sião (MG),24089,B,1.4254356604183284e-4,0.764552384445499
2919157,15821,Lapão (BA),25736,B,1.4239955536704158e-4,0.764694784000866
5100201,15819,Água Boa (MT),29219,B,1.4238155403269268e-4,0.7648371655548987
2516003,15779,Solânea (PB),26774,B,1.420215273457145e-4,0.7649791870822443
2605608,15774,Flores (PE),20347,B,1.4197652400984223e-4,0.7651211636062542
2907301,15746,Castro Alves (BA),24712,B,1.417245053289575e-4,0.7652628881115832
2309458,15734,Ocara (CE),24493,B,1.4161649732286405e-4,0.7654045046089061
5214507,15728,Nerópolis (GO),31932,B,1.4156249331981734e-4,0.765546067102226
2307254,15726,Jijoca de Jericoacoara (CE),25555,B,1.4154449198546844e-4,0.7656876115942114
3547502,15721,Santa Rita do Passa Quatro (SP),24833,B,1.4149948864959616e-4,0.765829111082861
3538600,15711,Piracaia (SP),26029,B,1.4140948197785162e-4,0.7659705205648388
4306403,15709,Dois Irmãos (RS),30709,B,1.413914806435027e-4,0.7661119120454823
2925006,15695,Planalto (BA),23334,B,1.4126547130306034e-4,0.7662531775167855
2103703,15650,Cururupu (MA),31558,B,1.4086044128020989e-4,0.7663940379580657
2922409,15645,Mutuípe (BA),20037,B,1.4081543794433761e-4,0.76653485339601
2923209,15641,Oliveira dos Brejinhos (BA),20715,B,1.407794352756398e-4,0.7666756328312857
3505609,15619,Barrinha (SP),32092,B,1.4058142059780181e-4,0.7668162142518835
2307106,15618,Jardim (CE),27411,B,1.4057241993062735e-4,0.7669567866718141
3169604,15610,Tupaciguara (MG),25470,B,1.4050041459323173e-4,0.7670972870864073
2801207,15582,Canindé de São Francisco (SE),26834,B,1.40248395912347e-4,0.7672375354823197
1504000,15558,Limoeiro do Ajuru (PA),29569,B,1.400323799001601e-4,0.7673775678622198
3553401,15552,Tanabi (SP),25265,B,1.3997837589711337e-4,0.7675175462381169
4219705,15547,Xaxim (SC),31918,B,1.399333725612411e-4,0.7676574796106781
4306908,15546,Encruzilhada do Sul (RS),23819,B,1.3992437189406666e-4,0.7677974039825721
3202454,15538,Ibatiba (ES),25380,B,1.3985236655667102e-4,0.7679372563491288
5007695,15536,São Gabriel do Oeste (MS),29579,B,1.3983436522232211e-4,0.7680770907143512
3519303,15534,Ibaté (SP),32178,B,1.3981636388797318e-4,0.7682169070782391
2402204,15530,Canguaretama (RN),29668,B,1.3978036121927538e-4,0.7683566874394584
1505205,15527,Oeiras do Pará (PA),33844,B,1.39753359217752e-4,0.7684964407986762
3204609,15515,Santa Teresa (ES),22808,B,1.3964535121165856e-4,0.7686360861498879
2923407,15507,Palmas de Monte Alto (BA),20078,B,1.3957334587426292e-4,0.7687756594957621
2107803,15478,Parnarama (MA),31250,B,1.3931232652620375e-4,0.7689149718222883
3305604,15472,Silva Jardim (RJ),21352,B,1.3925832252315704e-4,0.7690542301448114
2610202,15469,Panelas (PE),22991,B,1.3923132052163367e-4,0.7691934614653331
4213203,15469,Pomerode (SC),34289,B,1.3923132052163367e-4,0.7693326927858547
3162708,15466,São João do Paraíso (MG),23910,B,1.392043185201103e-4,0.7694718971043748
3142908,15452,Monte Azul (MG),20328,B,1.3907830917966795e-4,0.7696109754135545
2207801,15447,Paulistana (PI),21055,B,1.3903330584379568e-4,0.7697500087193982
4114104,15414,Mandaguaçu (PR),31457,B,1.3873628382703868e-4,0.7698887450032252
3100203,15412,Abaeté (MG),22675,B,1.3871828249268977e-4,0.7700274632857179
4108601,15407,Goioerê (PR),28437,B,1.386732791568175e-4,0.7701661365648748
5105622,15404,Mirassol d'Oeste (MT),26785,B,1.3864627715529413e-4,0.7703047828420301
4318200,15396,São Francisco de Paula (RS),21893,B,1.385742718178985e-4,0.7704433571138479
2102101,15378,Brejo (MA),34120,B,1.3841225980875833e-4,0.7705817693736566
2931509,15373,Teofilândia (BA),21176,B,1.3836725647288606e-4,0.7707201366301295
3114402,15361,Carmo do Rio Claro (MG),20954,B,1.382592484667926e-4,0.7708583958785963
2112902,15347,Vitória do Mearim (MA),30805,B,1.3813323912635023e-4,0.7709965291177227
2932101,15347,Ubaíra (BA),18626,B,1.3813323912635023e-4,0.771134662356849
3501707,15346,Américo Brasiliense (SP),33019,B,1.381242384591758e-4,0.7712727865953082
3203403,15330,Mimoso do Sul (ES),24475,B,1.379802277843845e-4,0.7714107668230926
2911808,15311,Guaratinga (BA),19049,B,1.378092151080699e-4,0.7715485760382007
2805505,15290,Poço Verde (SE),21794,B,1.3762020109740633e-4,0.7716861962392981
2603900,15275,Carnaíba (PE),18644,B,1.3748519108978954e-4,0.7718236814303879
2202901,15250,Corrente (PI),27278,B,1.3726017441042818e-4,0.7719609416047983
2804607,15230,Nossa Senhora das Dores (SE),24996,B,1.370801610669391e-4,0.7720980217658653
4125704,15214,São Miguel do Iguaçu (PR),29122,B,1.369361503921478e-4,0.7722349579162574
1500305,15205,Afuá (PA),37765,B,1.3685514438757773e-4,0.772371813060645
3514106,15203,Dois Córregos (SP),24510,B,1.3683714305322883e-4,0.7725086502036982
1100015,15190,Alta Floresta D'Oeste (RO),21494,B,1.367201343799609e-4,0.7726453703380781
2606606,15181,Ibimirim (PE),26593,B,1.3663912837539083e-4,0.7727820094664535
2109809,15170,Santa Helena (MA),41561,B,1.3654012103647182e-4,0.77291854958749
2931004,15140,Tanhaçu (BA),21006,B,1.362701010212382e-4,0.7730548196885112
2924306,15138,Piatã (BA),20086,B,1.362520996868893e-4,0.7731910717881981
1507201,15123,São Domingos do Capim (PA),30599,B,1.3611708967927247e-4,0.7733271888778774
3118403,15092,Conselheiro Pena (MG),20824,B,1.358380689968644e-4,0.7734630269468743
2508307,15091,Lagoa Seca (PB),27730,B,1.3582906832968993e-4,0.773598856015204
2913507,15080,Iguaí (BA),21491,B,1.3573006099077095e-4,0.7737345860761947
2911105,15077,Formosa do Rio Preto (BA),25899,B,1.3570305898924758e-4,0.773870289135184
3510807,15059,Casa Branca (SP),28083,B,1.355410469801074e-4,0.7740058301821641
3133501,15052,Itapecerica (MG),21046,B,1.3547804230988622e-4,0.7741413082244739
2108306,15044,Penalva (MA),32511,B,1.3540603697249058e-4,0.7742767142614464
3509254,15041,Cajati (SP),28515,B,1.3537903497096724e-4,0.7744120932964174
2102036,15039,Bom Jesus das Selvas (MA),28599,B,1.353610336366183e-4,0.774547454330054
4208500,15010,Ituporanga (SC),26525,B,1.3510001428855914e-4,0.7746825543443425
2905602,15006,Camacan (BA),22579,B,1.3506401161986133e-4,0.7748176183559624
3546306,14995,Santa Cruz das Palmeiras (SP),28864,B,1.3496500428094232e-4,0.7749525833602433
3521804,14994,Itaí (SP),25180,B,1.3495600361376788e-4,0.7750875393638571
2308302,14989,Milagres (CE),25900,B,1.349110002778956e-4,0.775222450364135
2201507,14984,Batalha (PI),26300,B,1.3486599694202334e-4,0.775357316361077
4322707,14983,Vera Cruz (RS),26710,B,1.3485699627484887e-4,0.7754921733573518
1200104,14973,Brasiléia (AC),26000,B,1.3476698960310433e-4,0.7756269403469549
2111102,14967,São João dos Patos (MA),25020,B,1.3471298560005762e-4,0.775761653332555
2701407,14966,Campo Alegre (AL),32106,B,1.3470398493288315e-4,0.7758963573174879
2511905,14955,Pitimbu (PB),16751,B,1.3460497759396414e-4,0.7760309622950818
3531902,14954,Morro Agudo (SP),27933,B,1.345959769267897e-4,0.7761655582720086
3303005,14947,Miracema (RJ),26881,B,1.3453297225656853e-4,0.7763000912442651
4210506,14941,Maravilha (SC),28251,B,1.344789682535218e-4,0.7764345702125186
5209705,14930,Hidrolândia (GO),27742,B,1.343799609146028e-4,0.7765689501734332
2311603,14925,Redenção (CE),27214,B,1.3433495757873053e-4,0.77670328513101194
4110102,14907,Imbituva (PR),29924,B,1.3417294556959035e-4,0.7768374580765816
4313375,14895,Nova Santa Rita (RS),29024,B,1.340649375634969e-4,0.7769715230141451
5101407,14882,Aripuanã (MT),24626,B,1.33947928890229e-4,0.7771054709430353
5107008,14876,Poxoréu (MT),23283,B,1.3389392488718225e-4,0.7772393648679224
3504602,14854,Bady Bassitt (SP),27260,B,1.3369591020934426e-4,0.7773730607781318
4111258,14854,Itaperuçu (PR),31217,B,1.3369591020934426e-4,0.7775067566883412
3153400,14851,Presidente Olegário (MG),18765,B,1.3366890820782091e-4,0.7776404255965491
4116901,14834,Nova Esperança (PR),26585,B,1.335158968658552e-4,0.7777739414934149
5002407,14830,Caarapó (MS),30612,B,1.3347989419715736e-4,0.7779074213876122
2805703,14820,Propriá (SE),26618,B,1.3338988752541282e-4,0.7780408112751376
3111002,14812,Campestre (MG),20696,B,1.3331788218801717e-4,0.7781741291573256
3526407,14810,Laranjal Paulista (SP),26261,B,1.3329988085366827e-4,0.7783074290381793
4215703,14803,Santo Amaro da Imperatriz (SC),27272,B,1.332368761834471e-4,0.7784406659143628
5002209,14803,Bonito (MS),23659,B,1.332368761834471e-4,0.7785739027905463
2800670,14791,Boquim (SE),24636,B,1.3312886817735365e-4,0.7787070316587237
4123501,14755,Santa Helena (PR),25492,B,1.328048441590733e-4,0.7788398365028828
2917805,14754,Jaguaripe (BA),17659,B,1.3279584349189884e-4,0.7789726323463747
3167103,14737,Serro (MG),21952,B,1.3264283214993312e-4,0.7791052751785247
5106257,14705,Nova Xavantina (MT),24345,B,1.3235481080035058e-4,0.779237629989325
4104253,14702,Campo Magro (PR),30160,B,1.323278087988272e-4,0.7793699577981238
1100320,14695,São Miguel do Guaporé (RO),21635,B,1.3226480412860603e-4,0.7795022226022524
2912707,14693,Ibirapitanga (BA),25344,B,1.3224680279425713e-4,0.7796344694050467
5104807,14674,Jaciara (MT),28569,B,1.3207579011794248e-4,0.7797665451951646
2301208,14669,Aracoiaba (CE),25553,B,1.320307867820702e-4,0.7798985759819467
2113009,14653,Vitorino Freire (MA),30845,B,1.3188677610727895e-4,0.780030462758054
3520103,14650,Igarapava (SP),26212,B,1.3185977410575558e-4,0.7801623225321598
2412500,14646,São Miguel (RN),23537,B,1.3182377143705778e-4,0.7802941463035968
4321808,14646,Três de Maio (RS),24916,B,1.3182377143705778e-4,0.7804259700750339
2600302,14642,Agrestina (PE),23779,B,1.3178776876835994e-4,0.7805577578438022
3111101,14639,Campina Verde (MG),18011,B,1.317607667668366e-4,0.780689518610569
4314605,14639,Piratini (RS),17504,B,1.317607667668366e-4,0.7808212793773358
3142809,14628,Monte Alegre de Minas (MG),20170,B,1.316617594279176e-4,0.7809529411367637
3511003,14622,Castilho (SP),19977,B,1.3160775542487088e-4,0.7810845488921886
5106307,14604,Paranatinga (MT),26423,B,1.314457434157307e-4,0.7812159946356043
2112605,14571,Urbano Santos (MA),32812,B,1.311487213989737e-4,0.7813471433570033
2932705,14552,Uruçuca (BA),21420,B,1.3097770872265907e-4,0.7814781210657259
2903805,14539,Boa Vista do Tupim (BA),16873,B,1.3086070004939115e-4,0.7816089817657753
2511202,14517,Pedras de Fogo (PB),29662,B,1.3066268537155316e-4,0.7817396444511469
2605004,14515,Cupira (PE),23518,B,1.3064468403720426e-4,0.7818702891351841
2313203,14510,Tamboril (CE),24815,B,1.3059968070133199e-4,0.7820008888158854
2102200,14494,Buriti (MA),29685,B,1.3045567002654073e-4,0.7821313444859119
1504059,14490,Mãe do Rio (PA),34353,B,1.304196673578429e-4,0.7822617641532698
1505908,14473,Porto de Moz (PA),40597,B,1.3026665601587718e-4,0.7823920308092857
4319604,14470,São Sepé (RS),21219,B,1.302396540143538e-4,0.7825222704633
3537404,14460,Pereira Barreto (SP),24095,B,1.3014964734260926e-4,0.7826524201106426
4202073,14459,Balneário Gaivota (SC),15669,B,1.3014064667543482e-4,0.782782560757318
2109452,14448,Raposa (MA),30839,B,1.3004163933651581e-4,0.7829126023966545
4313300,14446,Nova Prata (RS),25692,B,1.300236380021669e-4,0.7830426260346567
5007109,14431,Ribas do Rio Pardo (MS),23150,B,1.298886279945501e-4,0.7831725146626513
1300805,14411,Borba (AM),33080,B,1.29708614651061e-4,0.7833022232773024
4206009,14407,Governador Celso Ramos (SC),16915,B,1.296726119823632e-4,0.7834318958892847
1503093,14405,Goianésia do Pará (PA),26362,B,1.296546106480143e-4,0.7835615504999328
2709202,14397,Traipu (AL),23565,B,1.2958260531061865e-4,0.7836911331052434
2806206,14397,Salgado (SE),20279,B,1.2958260531061865e-4,0.783820715710554
2917201,14393,Ituaçu (BA),17914,B,1.2954660264192085e-4,0.783950262313196
2600807,14366,Altinho (PE),20674,B,1.2930358462821055e-4,0.7840795658978242
2923357,14358,Ourolândia (BA),19243,B,1.2923157929081494e-4,0.784208797477115
3532405,14353,Nazaré Paulista (SP),18217,B,1.2918657595494267e-4,0.78433798405307
3520442,14350,Ilha Solteira (SP),25549,B,1.291595739534193e-4,0.7844671436270234
2923100,14337,Olindina (BA),22633,B,1.2904256528015138e-4,0.7845961861923035
2500304,14333,Alagoa Grande (PB),26062,B,1.2900656261145358e-4,0.784725192754915
2705002,14328,Mata Grande (AL),21844,B,1.289615592755813e-4,0.7848541543141906
2926202,14324,Riachão das Neves (BA),21642,B,1.289255566068835e-4,0.7849830798707975
3162005,14305,São Gonçalo do Sapucaí (MG),23959,B,1.2875454393056885e-4,0.7851118344147281
3507902,14292,Brotas (SP),23898,B,1.2863753525730096e-4,0.7852404719499854
3144102,14284,Muzambinho (MG),21891,B,1.2856552991990532e-4,0.7853690374799053
4321303,14261,Taquari (RS),25198,B,1.2835851457489286e-4,0.7854973959944802
4205456,14256,Forquilhinha (SC),31431,B,1.283135112390206e-4,0.7856257095057192
3109402,14245,Buritizeiro (MG),23910,B,1.282145039001016e-4,0.7857539240096193
2925956,14238,Rafael Jambeiro (BA),19662,B,1.281514992298804e-4,0.7858820755088491
2208205,14234,Pio IX (PI),17613,B,1.281154965611826e-4,0.7860101910054104
3159803,14215,Santa Vitória (MG),20973,B,1.2794448388486797e-4,0.7861381354892952
2501500,14198,Bananeiras (PB),23134,B,1.2779147254290225e-4,0.7862659269618382
2505105,14194,Cuité (PB),19719,B,1.2775546987420442e-4,0.7863936824317124
3502200,14192,Angatuba (SP),24022,B,1.2773746853985551e-4,0.7865214199002523
2922102,14176,Mundo Novo (BA),17305,B,1.2759345786506426e-4,0.7866490133581173
3169703,14176,Turmalina (MG),20000,B,1.2759345786506426e-4,0.7867766068159824
2401107,14174,Areia Branca (RN),24093,B,1.2757545653071533e-4,0.7869041822725131
1503457,14165,Ipixuna do Pará (PA),30329,B,1.2749445052614525e-4,0.7870316767230393
3304151,14162,Quissamã (RJ),22393,B,1.2746744852462188e-4,0.787159144171564
2401453,14153,Baraúna (RN),26913,B,1.273864425200518e-4,0.787286530614084
4321907,14152,Três Passos (RS),25436,B,1.2737744185287734e-4,0.7874139080559369
4304663,14148,Capão do Leão (RS),26487,B,1.2734143918417953e-4,0.787541249495121
2703106,14141,Igaci (AL),23995,B,1.2727843451395835e-4,0.787668527929635
2307403,14139,Jucás (CE),23922,B,1.2726043317960945e-4,0.7877957883628146
3205010,14120,Sooretama (ES),26502,B,1.270894205032948e-4,0.7879228777833179
4322806,14118,Veranópolis (RS),24021,B,1.270714191689459e-4,0.7880499492024868
5003256,14102,Costa Rica (MS),26037,B,1.2692740849415464e-4,0.788176876610981
4313201,14094,Nova Petrópolis (RS),23300,B,1.26855403156759e-4,0.7883037320141377
1502806,14089,Curralinho (PA),33903,B,1.2681039982088673e-4,0.7884305424139586
2610806,14073,Pedra (PE),22795,B,1.2666638914609544e-4,0.7885572088031046
1508126,14066,Ulianópolis (PA),37972,B,1.2660338447587427e-4,0.7886838121875805
4319505,14060,São Sebastião do Caí (RS),24428,B,1.2654938047282756e-4,0.7888103615680534
2609709,14059,Orobó (PE),21808,B,1.265403798056531e-4,0.788936901947859
2616308,14048,Vicência (PE),26359,B,1.264413724667341e-4,0.7890633433203258
3119104,14043,Corinto (MG),23532,B,1.2639636913086184e-4,0.7891897396894566
2613206,14032,São João (PE),23837,B,1.2629736179194283e-4,0.7893160370512485
2305357,13993,Icapuí (CE),21433,B,1.2594633577213911e-4,0.7894419833870207
2932507,13985,Una (BA),18131,B,1.2587433043474347e-4,0.7895678577174554
2902609,13978,Baixa Grande (BA),18220,B,1.258113257645223e-4,0.7896936690432199
2205201,13974,Jaicós (PI),17527,B,1.257753230958245e-4,0.7898194443663158
4121703,13961,Reserva (PR),24573,B,1.2565831442255658e-4,0.7899451026807384
2311264,13954,Quiterianópolis (CE),20213,B,1.255953097523354e-4,0.7900706979904907
2901106,13950,Amélia Rodrigues (BA),24138,B,1.2555930708363757e-4,0.7901962572975744
2301604,13922,Assaré (CE),21697,B,1.2530728840275286e-4,0.7903215645859771
2929107,13922,São Felipe (BA),20283,B,1.2530728840275286e-4,0.7904468718743799
4309407,13920,Guaporé (RS),25268,B,1.2528928706840393e-4,0.7905721611614484
2912103,13908,Ibicaraí (BA),21665,B,1.2518127906231048e-4,0.7906973424405107
2600401,13900,Água Preta (PE),26461,B,1.2510927372491487e-4,0.7908224517142356
3137700,13899,Lajinha (MG),20835,B,1.251002730577404e-4,0.7909475519872934
2923605,13893,Paramirim (BA),20351,B,1.2504626905469367e-4,0.7910725982563481
5220207,13892,São Miguel do Araguaia (GO),21900,B,1.2503726838751923e-4,0.7911976355247357
2613404,13879,São José da Coroa Grande (PE),18825,B,1.2492025971425132e-4,0.7913225557844499
2801405,13877,Carira (SE),19939,B,1.249022583799024e-4,0.7914474580428298
2927507,13856,Santa Bárbara (BA),20952,B,1.2471324436923886e-4,0.791572171287199
2109502,13824,Riachão (MA),22145,B,1.2442522301965632e-4,0.7916965965102187
2905404,13817,Cairu (BA),17761,B,1.2436221834943514e-4,0.7918209587285682
2910404,13816,Encruzilhada (BA),19107,B,1.243532176822607e-4,0.7919453119462504
2904100,13790,Boquira (BA),19322,B,1.2411920033572488e-4,0.7920694311465861
2112407,13788,Turiaçu (MA),37491,B,1.2410119900137598e-4,0.7921935323455875
3529203,13787,Martinópolis (SP),24881,B,1.240921983342015e-4,0.7923176245439217
2921104,13785,Medeiros Neto (BA),22194,B,1.240741969998526e-4,0.7924416987409216
3509403,13769,Cajuru (SP),23830,B,1.2393018632506135e-4,0.7925656289272467
3202207,13768,Fundão (ES),18014,B,1.2392118565788689e-4,0.7926895501129045
2304004,13760,Coreaú (CE),20953,B,0.00012384918032049124,0.792813399293225
3113008,13756,Caraí (MG),19548,B,1.2381317765179344e-4,0.7929372124708768
2912400,13744,Ibipeba (BA),16603,B,1.237051696457e-4,0.7930609176405224
3117306,13735,Conceição das Alagoas (MG),28381,B,1.236241636411299e-4,0.7931845418041635
3129509,13734,Ibiá (MG),22229,B,1.2361516297395545e-4,0.7933081569671375
3512209,13733,Conchal (SP),28101,B,1.2360616230678098e-4,0.7934317631294443
2600203,13731,Afrânio (PE),18674,B,1.2358816097243208e-4,0.7935553512904168
3137809,13683,Lambari (MG),20414,B,1.2315612894805828e-4,0.7936785074193649
2205805,13667,Luzilândia (PI),25375,B,1.23012118273267e-4,0.7938015195376381
3147303,13655,Paraisópolis (MG),20445,B,1.2290411026717355e-4,0.7939244236479053
2507002,13652,Itaporanga (PB),23940,B,1.2287710826565018e-4,0.7940473007561709
1709302,13648,Guaraí (TO),24775,B,1.2284110559695238e-4,0.7941701418617678
3147402,13641,Paraopeba (MG),24107,B,1.227781009267312e-4,0.7942929199626946
4102109,13639,Astorga (PR),25475,B,1.227600995923823e-4,0.7944156800622869
3301405,13630,Conceição de Macabu (RJ),21104,B,1.226790935878122e-4,0.7945383591558747
2303808,13613,Cedro (CE),22344,B,1.2252608224584647e-4,0.7946608852381205
3125705,13599,Felixlândia (MG),13978,B,1.2240007290540412e-4,0.7947832853110259
2702355,13593,Craíbas (AL),25397,B,1.2234606890235738e-4,0.7949056313799283
2211308,13590,Valença do Piauí (PI),22279,B,1.22319066900834e-4,0.7950279504468292
1505700,13562,Ponta de Pedras (PA),24984,B,1.2206704821994931e-4,0.7951500174950491
3203700,13559,Muniz Freire (ES),18153,B,1.2204004621842594e-4,0.7952720575412675
2918357,13556,João Dourado (BA),24854,B,1.2201304421690257e-4,0.7953940705854844
5000708,13548,Anastácio (MS),24114,B,1.2194103887950694e-4,0.7955160116243639
4126603,13542,Siqueira Campos (PR),22811,B,1.2188703487646022e-4,0.7956378986592404
3122009,13541,Divino (MG),20706,B,1.2187803420928577e-4,0.7957597766934497
2605152,13535,Dormentes (PE),17188,B,1.2182403020623903e-4,0.7958816007236559
4321709,13527,Três Coroas (RS),24425,B,1.217520248688434e-4,0.7960033527485247
5002902,13518,Cassilândia (MS),20988,B,1.2167101886427331e-4,0.796125023767389
1504307,13513,Maracanã (PA),25971,B,1.2162601552840104e-4,0.7962466497829175
4101606,13498,Arapoti (PR),25777,B,1.2149100552078423e-4,0.7963681407884383
3143203,13494,Monte Santo de Minas (MG),20890,B,1.2145500285208641e-4,0.7964895957912904
5001904,13488,Bataguassu (MS),23031,B,1.2140099884903969e-4,0.7966109967901395
3531407,13486,Monte Aprazível (SP),22280,B,1.2138299751469077e-4,0.7967323797876542
1100809,13481,Candeias do Jamari (RO),22310,B,1.213379941788185e-4,0.796853717781833
1100254,13480,Presidente Médici (RO),19327,B,1.2132899351164405e-4,0.7969750467753447
2608750,13478,Lagoa Grande (PE),24088,B,1.2131099217729515e-4,0.797096357767522
3124005,13475,Ervália (MG),20255,B,1.2128399017577178e-4,0.7972176417576977
4322202,13448,Tupanciretã (RS),20005,B,1.2104097216206151e-4,0.7973386827298597
2614006,13437,Serrita (PE),18207,B,1.2094196482314252e-4,0.7974596246946829
2800209,13436,Aquidabã (SE),20131,B,1.2093296415596806e-4,0.7975805576588388
2210003,13428,São João do Piauí (PI),21421,B,1.2086095881857242e-4,0.7977014186176574
2915809,13426,Itambé (BA),24394,B,1.2084295748422352e-4,0.7978222615751417
1301407,13425,Eirunepé (AM),33170,B,1.2083395681704907e-4,0.7979430955319587
3502705,13397,Apiaí (SP),24585,B,1.2058193813616434e-4,0.7980636774700949
2807600,13362,Umbaúba (SE),23917,B,1.2026691478505844e-4,0.7981839443848799
2706406,13358,Pão de Açúcar (AL),23823,B,1.2023091211636062e-4,0.7983041752969963
3135803,13334,Jequitinhonha (MG),24007,B,1.2001489610417373e-4,0.7984241901931004
2911600,13305,Governador Mangabeira (BA),20605,B,1.1975387675611454e-4,0.7985439440698565
4128005,13304,Ubiratã (PR),24749,B,1.1974487608894009e-4,0.7986636889459454
2202307,13302,Canto do Buriti (PI),19365,B,1.1972687475459119e-4,0.7987834158207
1506609,13298,Santa Maria do Pará (PA),24624,B,1.1969087208589337e-4,0.7989031066927859
2603108,13298,Cachoeirinha (PE),19899,B,1.1969087208589337e-4,0.7990227975648717
2910750,13294,Fátima (BA),17895,B,1.1965486941719555e-4,0.7991424524342889
2704203,13281,Limoeiro de Anadia (AL),24740,B,1.1953786074392765e-4,0.7992619902950329
3539202,13275,Pirapozinho (SP),25348,B,1.1948385674088092e-4,0.7993814741517737
2408904,13261,Parelhas (RN),21499,B,1.1935784740043856e-4,0.7995008319991742
2906907,13246,Caravelas (BA),20580,B,1.1922283739282174e-4,0.7996200548365671
2704005,13244,Junqueiro (AL),23907,B,1.1920483605847284e-4,0.7997392596726255
1502756,13239,Concórdia do Pará (PA),26881,B,1.1915983272260057e-4,0.7998584195053481
4106605,13226,Cruzeiro do Oeste (PR),23831,B,1.1904282404933265e-4,0.7999774623293974
2102804,13225,Carolina (MA),24062,B,1.190338233821582e-4,0.8000964961527796
2108504,13223,Pindaré-Mirim (MA),31429,B,1.190158220478093e-4,0.8002155119748273
2924801,13215,Piritiba (BA),17566,B,1.1894381671041366e-4,0.8003344557915377
2512309,13213,Princesa Isabel (PB),21114,B,1.1892581537606475e-4,0.8004533816069138
1300607,13211,Benjamin Constant (AM),37648,B,1.1890781404171584e-4,0.8005722894209555
3205069,13200,Venda Nova do Imigrante (ES),23831,B,1.1880880670279684e-4,0.8006910982276583
4106506,13199,Coronel Vivida (PR),23331,B,1.1879980603562239e-4,0.8008098980336938
2930808,13197,Souto Soares (BA),17054,B,1.1878180470127348e-4,0.8009286798383951
5107875,13177,Sapezal (MT),28944,B,1.186017913577844e-4,0.8010472816297529
1300508,13174,Barreirinha (AM),31051,B,1.1857478935626104e-4,0.8011658564191092
4211702,13166,Orleans (SC),23661,B,1.185027840188654e-4,0.801284359203128
2616209,13163,Vertentes (PE),21959,B,1.1847578201734203e-4,0.8014028349851453
5102702,13148,Canarana (MT),25858,B,1.1834077200972523e-4,0.801521175757155
2912202,13147,Ibicoara (BA),20785,B,1.1833177134255076e-4,0.8016395075284976
3529906,13142,Miracatu (SP),18553,B,1.1828676800667849e-4,0.8017577942965042
3167608,13141,Simonésia (MG),19750,B,1.1827776733950404e-4,0.8018760720638437
3305158,13123,São José do Vale do Rio Preto (RJ),22080,B,1.1811575533036386e-4,0.8019941878191741
4315305,13121,Quaraí (RS),23500,B,1.1809775399601496e-4,0.80211228557317
2610400,13118,Parnamirim (PE),18612,B,1.1807075199449159e-4,0.8022303563251645
2310852,13104,Pindoretama (CE),23391,B,1.1794474265404923e-4,0.8023483010678185
4318101,13102,São Francisco de Assis (RS),17618,B,1.1792674131970032e-4,0.8024662278091382
5205513,13102,Cocalzinho de Goiás (GO),25016,B,1.1792674131970032e-4,0.802584154550458
2211209,13094,Uruçuí (PI),25203,B,1.1785473598230468e-4,0.8027020092864403
5212204,13090,Jussara (GO),19620,B,1.1781873331360688e-4,0.8028198280197539
4216909,13086,São Lourenço do Oeste (SC),24791,B,1.1778273064490905e-4,0.8029376107503988
1501907,13082,Bujaru (PA),24383,B,1.1774672797621123e-4,0.8030553574783751
2930774,13082,Sobradinho (BA),25475,B,1.1774672797621123e-4,0.8031731042063514
3535804,13080,Paranapanema (SP),19395,B,1.1772872664186233e-4,0.8032908329329932
4119400,13080,Piraí do Sul (PR),23651,B,1.1772872664186233e-4,0.803408561659635
4320909,13076,Tapejara (RS),24557,B,1.1769272397316451e-4,0.8035262543836083
1507805,13069,Senador José Porfírio (PA),22576,B,1.1762971930294333e-4,0.8036438841029112
3303955,13061,Pinheiral (RJ),24298,B,1.1755771396554769e-4,0.8037614418168768
5005004,13057,Jardim (MS),23981,B,1.1752171129684987e-4,0.8038789635281737
1508035,13045,Tracuateua (PA),28595,B,1.1741370329075642e-4,0.8039963772314644
3115508,13030,Caxambu (MG),21056,B,1.1727869328313961e-4,0.8041136559247476
5006002,13024,Nova Alvorada do Sul (MS),21822,B,1.1722468928009288e-4,0.8042308806140277
3113206,13018,Carandaí (MG),23812,B,1.1717068527704616e-4,0.8043480512993048
4208104,13018,Itaiópolis (SC),22051,B,1.1717068527704616e-4,0.8044652219845818
2311504,13006,Quixeré (CE),20874,B,1.1706267727095271e-4,0.8045822846618528
2931806,13006,Tremedal (BA),16296,B,1.1706267727095271e-4,0.8046993473391237
2105005,12991,Humberto de Campos (MA),25680,B,1.169276672633359e-4,0.8048162750063871
2605400,12984,Feira Nova (PE),21427,B,1.1686466259311472e-4,0.8049331396689802
2908705,12977,Condeúba (BA),17053,B,1.1680165792289353e-4,0.8050499413269031
2603702,12975,Canhotinho (PE),24329,B,1.1678365658854463e-4,0.8051667249834916
3204104,12974,Pinheiros (ES),23915,B,1.1677465592137017e-4,0.805283499639413
1506302,12966,Salvaterra (PA),24129,B,1.1670265058397453e-4,0.805400202289997
2305308,12963,Ibiapina (CE),23965,B,1.1667564858245118e-4,0.8055168779385794
3132701,12958,Itambacuri (MG),21042,B,1.166306452465789e-4,0.805633508583826
3162955,12955,São José da Lapa (MG),26090,B,1.1660364324505554e-4,0.805750112227071
1501725,12951,Brasil Novo (PA),24718,B,1.1656764057635773e-4,0.8058666798676474
3147204,12942,Paraguaçu (MG),21723,B,1.1648663457178764e-4,0.8059831665022191
4202057,12932,Balneário Barra do Sul (SC),14912,B,1.1639662790004309e-4,0.8060995631301192
2105500,12919,João Lisboa (MA),24709,B,1.1627961922677518e-4,0.806215842749346
4306809,12914,Encantado (RS),22962,B,1.1623461589090292e-4,0.8063320773652369
2908101,12913,Cocos (BA),19151,B,1.1622561522372845e-4,0.8064483029804607
2702603,12906,Feira Grande (AL),22712,B,1.1616261055350728e-4,0.8065644655910141
2101004,12881,Arari (MA),29472,B,1.1593759387414592e-4,0.8066804031848883
5008008,12859,Terenos (MS),17652,B,1.1573957919630792e-4,0.8067961427640846
3141405,12856,Medina (MG),20156,B,1.1571257719478457e-4,0.8069118553412794
1503077,12851,Garrafão do Norte (PA),24703,B,1.156675738589123e-4,0.8070275229151384
2920106,12818,Mairi (BA),17674,B,1.153705518421553e-4,0.8071428934669805
2924603,12810,Pindobaçu (BA),19083,B,1.1529854650475967e-4,0.8072581920134853
2110609,12807,São Bernardo (MA),26943,B,1.152715445032363e-4,0.8073734635579884
2501104,12804,Areia (PB),22633,B,1.1524454250171294e-4,0.8074887081004901
3507803,12800,Brodowski (SP),25201,B,1.1520853983301512e-4,0.8076039166403232
5004601,12783,Itaquiraí (MS),19423,B,1.150555284910494e-4,0.8077189721688142
2506905,12781,Itabaiana (PB),23182,B,1.150375271567005e-4,0.8078340096959709
2301950,12766,Barreira (CE),22392,B,1.1490251714908368e-4,0.8079489122131199
2301307,12761,Araripe (CE),19783,B,1.1485751381321141e-4,0.8080637697269332
1507458,12743,São Geraldo do Araguaia (PA),24255,B,1.1469550180407122e-4,0.8081784652287373
3171006,12742,Vazante (MG),19975,B,1.1468650113689677e-4,0.8082931517298741
3138609,12715,Lima Duarte (MG),17221,B,1.144434831231865e-4,0.8084075952129973
2306108,12714,Irauçuba (CE),23915,B,1.1443448245601205e-4,0.8085220296954533
2307809,12699,Marco (CE),25799,B,1.1429947244839524e-4,0.8086363291679016
2708501,12698,São Luís do Quitunde (AL),30873,B,1.1429047178122078e-4,0.8087506196396829
3554300,12684,Teodoro Sampaio (SP),22173,B,1.1416446244077842e-4,0.8088647841021236
3205036,12682,Vargem Alta (ES),19563,B,1.1414646110642952e-4,0.80897893056323
4113502,12675,Loanda (PR),23225,B,1.1408345643620834e-4,0.8090930140196662
1504752,12674,Mojuí dos Campos (PA),23501,B,1.1407445576903387e-4,0.8092070884754352
5007406,12672,Rio Verde de Mato Grosso (MS),19818,B,1.1405645443468497e-4,0.8093211449298698
2308906,12671,Morrinhos (CE),22753,B,1.1404745376751052e-4,0.8094351923836374
2511400,12656,Picuí (PB),18333,B,1.139124437598937e-4,0.8095491048273973
4316006,12641,Rolante (RS),21253,B,1.1377743375227689e-4,0.8096628822611496
3131208,12638,Ipanema (MG),19522,B,1.1375043175075353e-4,0.8097766326929003
2925253,12630,Ponto Novo (BA),17938,B,1.1367842641335789e-4,0.8098903111193138
1600501,12628,Oiapoque (AP),27482,B,1.1366042507900899e-4,0.8100039715443927
1100148,12620,Nova Brasilândia D'Oeste (RO),15679,B,1.1358841974161334e-4,0.8101175599641344
5215306,12608,Orizona (GO),16399,B,1.134804117355199e-4,0.8102310403758699
3137502,12601,Lagoa Formosa (MG),18904,B,1.1341740706529872e-4,0.8103444577829352
5205406,12595,Ceres (GO),22046,B,1.1336340306225198e-4,0.8104578211859974
5203500,12594,Bom Jesus de Goiás (GO),23958,B,1.1335440239507753e-4,0.8105711755883925
5200100,12570,Abadiânia (GO),17232,B,1.1313838638289063e-4,0.8106843139747755
1505650,12565,Placas (PA),18668,B,1.1309338304701836e-4,0.8107974073578225
2109007,12558,Porto Franco (MA),23903,B,1.1303037837679719e-4,0.8109104377361993
3170909,12554,Varzelândia (MG),18840,B,1.1299437570809937e-4,0.8110234321119074
4318408,12554,São Jerônimo (RS),21028,B,1.1299437570809937e-4,0.8111364264876155
2904050,12549,Bonito (BA),15844,B,1.129493723722271e-4,0.8112493758599878
2929701,12544,Sátiro Dias (BA),16008,B,1.1290436903635482e-4,0.8113622802290241
1200450,12541,Senador Guiomard (AC),21454,B,1.1287736703483145e-4,0.8114751575960589
2901353,12538,Andorinha (BA),15012,B,1.128503650333081e-4,0.8115880079610922
3512407,12535,Cordeirópolis (SP),24514,B,1.1282336303178473e-4,0.811700831324124
5107065,12533,Querência (MT),26769,B,1.1280536169743582e-4,0.8118136366858214
5103502,12532,Diamantino (MT),21941,B,1.1279636103026137e-4,0.8119264330468516
2615805,12520,Tupanatinga (PE),26937,B,1.1268835302416791e-4,0.8120391213998758
2806008,12520,Ribeirópolis (SE),17033,B,1.1268835302416791e-4,0.8121518097528999
2604502,12507,Chã Grande (PE),20546,B,1.1257134435090001e-4,0.8122643810972509
2916005,12505,Itanhém (BA),17813,B,1.1255334301655111e-4,0.8123769344402674
1100403,12490,Alto Paraíso (RO),16320,B,1.1241833300893429e-4,0.8124893527732763
4301008,12485,Arroio do Meio (RS),21958,B,1.1237332967306202e-4,0.8126017261029493
3547601,12477,Santa Rosa de Viterbo (SP),23411,B,1.1230132433566638e-4,0.812714027427285
3139508,12474,Manhumirim (MG),20613,B,1.1227432233414302e-4,0.8128263017496192
3149903,12459,Perdões (MG),21384,B,1.121393123265262e-4,0.8129384410619458
2705705,12444,Olho d'Água das Flores (AL),20695,B,1.1200430231890939e-4,0.8130504453642647
3138807,12440,Luz (MG),17875,B,1.1196829965021157e-4,0.813162413663915
3507100,12428,Bom Jesus dos Perdões (SP),22006,B,1.1186029164411812e-4,0.8132742739555591
2100477,12416,Alto Alegre do Pindaré (MA),25710,B,1.1175228363802467e-4,0.8133860262391971
2614808,12404,Tacaratu (PE),23902,B,1.1164427563193122e-4,0.813497670514829
1303106,12403,Nova Olinda do Norte (AM),27062,B,1.1163527496475676e-4,0.8136093057897937
3204351,12399,Rio Bananal (ES),19274,B,1.1159927229605895e-4,0.8137209050620898
2912905,12385,Ibirataia (BA),18792,B,1.1147326295561659e-4,0.8138323783250454
2512903,12378,Rio Tinto (PB),24581,B,1.1141025828539541e-4,0.8139437885833308
2709400,12378,Viçosa (AL),24092,B,1.1141025828539541e-4,0.8140551988416163
2210409,12360,São Miguel do Tapuio (PI),17554,B,1.1124824627625522e-4,0.8141664470878925
1301001,12359,Carauari (AM),28742,B,1.1123924560908077e-4,0.8142776863335016
3113701,12359,Carlos Chagas (MG),18615,B,1.1123924560908077e-4,0.8143889255791107
1503044,12346,Floresta do Araguaia (PA),17898,B,1.1112223693581287e-4,0.8145000478160465
2202604,12328,Castelo do Piauí (PI),19288,B,1.1096022492667269e-4,0.8146110080409731
5005608,12326,Miranda (MS),25536,B,1.1094222359232378e-4,0.8147219502645654
3106309,12314,Belo Oriente (MG),23928,B,1.1083421558623034e-4,0.8148327844801516
3151701,12313,Poço Fundo (MG),16390,B,1.1082521491905587e-4,0.8149436096950706
2411502,12308,Santo Antônio (RN),22177,B,1.107802115831836e-4,0.8150543899066538
3115102,12286,Cássia (MG),17155,B,1.105821969053456e-4,0.8151649721035591
4112108,12286,Jandaia do Sul (PR),21408,B,1.105821969053456e-4,0.8152755543004644
2707107,12282,Piranhas (AL),22609,B,1.105461942366478e-4,0.8153861004947011
4203907,12279,Capinzal (SC),23314,B,1.1051919223512443e-4,0.8154966196869362
4103602,12274,Cambará (PR),23212,B,1.1047418889925216e-4,0.8156070938758354
2100956,12265,Arame (MA),25517,B,1.1039318289468206e-4,0.81571748705873
4105904,12261,Colorado (PR),22896,B,1.1035718022598426e-4,0.815827844238956
2902005,12259,Aracatu (BA),13936,B,1.1033917889163534e-4,0.8159381834178476
2927606,12248,Santa Brígida (BA),14965,B,1.1024017155271634e-4,0.8160484235894003
2929255,12242,São Gabriel (BA),18600,B,1.1018616754966962e-4,0.81615860975695
2913101,12225,Ibititá (BA),16969,B,1.100331562077039e-4,0.8162686429131577
5201306,12225,Anicuns (GO),18503,B,1.100331562077039e-4,0.8163786760693654
2407807,12222,Monte Alegre (RN),23031,B,1.1000615420618053e-4,0.8164886822235716
1506351,12218,Santa Bárbara do Pará (PA),21087,B,1.0997015153748272e-4,0.8165986523751091
3553807,12217,Taquarituba (SP),24350,B,1.0996115087030826e-4,0.8167086135259795
3535606,12210,Paraibuna (SP),17667,B,1.0989814620008708e-4,0.8168185116721796
1504604,12192,Mocajuba (PA),27198,B,1.0973613419094691e-4,0.8169282478063705
2304350,12190,Forquilha (CE),24173,B,1.0971813285659799e-4,0.8170379659392272
2501302,12180,Aroeiras (PB),18705,B,1.0962812618485345e-4,0.817147594065412
4301305,12141,Arroio Grande (RS),17558,B,1.0927710016504973e-4,0.8172568711655771
4310009,12141,Ibirubá (RS),21583,B,1.0927710016504973e-4,0.8173661482657422
4206306,12138,Guabiruba (SC),24543,B,1.0925009816352637e-4,0.8174753983639057
3500501,12134,Águas de Lindóia (SP),17930,B,1.0921409549482856e-4,0.8175846124594005
2919926,12109,Madre de Deus (BA),18504,B,1.089890788154672e-4,0.817693601538216
2801009,12101,Campo do Brito (SE),18149,B,1.0891707347807156e-4,0.8178025186116941
5106372,12100,Pedra Preta (MT),18066,B,1.089080728108971e-4,0.817911426684505
2905305,12085,Cafarnaum (BA),17466,B,1.0877306280328029e-4,0.8180201997473083
2306603,12078,Itatira (CE),20424,B,1.0871005813305911e-4,0.8181289098054414
5108600,12077,Vila Rica (MT),19888,B,1.0870105746588466e-4,0.8182376108629072
4121208,12051,Quitandinha (PR),18398,B,1.0846704011934885e-4,0.8183460779030266
2604601,12049,Condado (PE),24587,B,1.0844903878499994e-4,0.8184545269418116
2903607,12044,Biritinga (BA),15146,B,1.0840403544912767e-4,0.8185629309772607
2500403,12039,Alagoa Nova (PB),21013,B,1.083590321132554e-4,0.818671290009374
2313005,12010,Solonópole (CE),18179,B,1.0809801276519622e-4,0.8187793880221392
4116208,12006,Morretes (PR),18309,B,1.0806201009649841e-4,0.8188874500322357
2101509,12000,Barão de Grajaú (MA),18984,B,1.0800800609345167e-4,0.8189954580383292
2930303,11996,Serra Dourada (BA),17066,B,1.0797200342475386e-4,0.8191034300417539
5217708,11996,Pontalina (GO),18309,B,1.0797200342475386e-4,0.8192114020451786
2607703,11994,Itapetim (PE),13791,B,1.0795400209040495e-4,0.819319356047269
5204409,11970,Caiapônia (GO),16513,B,1.0773798607821805e-4,0.8194270940333472
2600906,11966,Amaraji (PE),18205,B,1.0770198340952023e-4,0.8195347960167567
4100509,11966,Altônia (PR),18742,B,1.0770198340952023e-4,0.8196424980001662
2926509,11964,Ribeira do Amparo (BA),13841,B,1.0768398207517133e-4,0.8197501819822414
2609006,11960,Macaparana (PE),23879,B,1.076479794064735e-4,0.8198578299616478
3510302,11959,Capela do Alto (SP),22866,B,1.0763897873929905e-4,0.8199654689403871
3203346,11957,Marechal Floriano (ES),17641,B,1.0762097740495014e-4,0.820073089917792
2105427,11952,Itinga do Maranhão (MA),22513,B,1.0757597406907786e-4,0.8201806658918611
2925600,11950,Presidente Dutra (BA),15130,B,1.0755797273472896e-4,0.8202882238645959
2906824,11948,Canudos (BA),16105,B,1.0753997140038006e-4,0.8203957638359962
1506583,11936,Santa Maria das Barreiras (PA),16548,B,1.074319633942866e-4,0.8205031957993905
5002100,11929,Bela Vista (MS),21613,B,1.0736895872406542e-4,0.8206105647581146
5103304,11921,Comodoro (MT),18238,B,1.0729695338666979e-4,0.8207178617115012
3204054,11917,Pedro Canário (ES),21522,B,1.0726095071797197e-4,0.8208251226622192
4105409,11917,Chopinzinho (PR),21085,B,1.0726095071797197e-4,0.8209323836129372
3508108,11914,Buritama (SP),17210,B,1.072339487164486e-4,0.8210396175616537
3204005,11907,Pancas (ES),18893,B,1.0717094404622743e-4,0.8211467885056999
2603801,11904,Capoeiras (PE),18338,B,1.0714394204470406e-4,0.8212539324477446
3104502,11903,Arinos (MG),17272,B,0.00010713494137752961,0.8213610673891221
5003801,11897,Fátima do Sul (MS),20609,B,1.0708093737448288e-4,0.8214681483264965
2106904,11893,Monção (MA),27751,B,1.0704493470578506e-4,0.8215751932612023
3161007,11880,São Domingos do Prata (MG),17392,B,1.0692792603251716e-4,0.8216821211872348
2909208,11873,Coronel João Sá (BA),17056,B,1.0686492136229599e-4,0.8217889861085971
2922052,11853,Mulungu do Morro (BA),13152,B,1.066849080188069e-4,0.8218956710166159
2112100,11849,Timbiras (MA),26484,B,1.0664890535010908e-4,0.8220023199219659
2932804,11845,Utinga (BA),16277,B,1.0661290268141126e-4,0.8221089328246474
2932200,11840,Ubaitaba (BA),17596,B,1.0656789934553898e-4,0.8222155007239929
3305406,11829,Sapucaia (RJ),17729,B,1.0646889200661999e-4,0.8223219696159995
4127601,11829,Tijucas do Sul (PR),17621,B,1.0646889200661999e-4,0.8224284385080061
2915502,11827,Itajuípe (BA),18781,B,1.0645089067227108e-4,0.8225348893986784
2707305,11813,Porto Calvo (AL),24071,B,1.0632488133182872e-4,0.8226412142800101
3502754,11812,Araçariguama (SP),21522,B,1.0631588066465427e-4,0.8227475301606748
2913002,11806,Ibitiara (BA),14637,B,1.0626187666160754e-4,0.8228537920373364
2404200,11802,Goianinha (RN),26741,B,1.0622587399290972e-4,0.8229600179113293
1507904,11800,Soure (PA),24204,B,1.0620787265856082e-4,0.8230662257839879
2100709,11800,Anajatuba (MA),25322,B,1.0620787265856082e-4,0.8231724336566465
3301108,11797,Cantagalo (RJ),19390,B,1.0618087065703745e-4,0.8232786145273036
4319000,11791,São Marcos (RS),21084,B,1.0612686665399073e-4,0.8233847413939576
4320107,11788,Sarandi (RS),22851,B,1.0609986465246737e-4,0.82349084125861
2302008,11779,Barro (CE),19381,B,1.0601885864789728e-4,0.823596860117258
2305209,11749,Hidrolândia (CE),17855,B,1.0574883863266364e-4,0.8237026089558906
2402303,11739,Caraúbas (RN),19727,B,1.056588319609191e-4,0.8238082677878515
5210901,11728,Itapaci (GO),21087,B,1.055598246220001e-4,0.8239138276124736
5218904,11727,Rubiataba (GO),19788,B,1.0555082395482565e-4,0.8240193784364284
5105507,11714,Vila Bela da Santíssima Trindade (MT),16774,B,1.0543381528155775e-4,0.82412481225171
5200134,11711,Acreúna (GO),21568,B,1.0540681328003438e-4,0.82423021906499
4310801,11710,Ivoti (RS),22983,C,1.0539781261285993e-4,0.8243356168776029
3145109,11707,Nova Resende (MG),16387,C,1.0537081061133656e-4,0.8244409876882143
1200708,11703,Xapuri (AC),18243,C,1.0533480794263875e-4,0.8245463224961569
2931053,11699,Tanque Novo (BA),17158,C,1.0529880527394093e-4,0.8246516213014309
5004502,11696,Itaporã (MS),24137,C,1.0527180327241757e-4,0.8247568931047033
2918506,11695,Jussara (BA),16354,C,1.0526280260524311e-4,0.8248621559073086
1301159,11692,Careiro da Várzea (AM),19637,C,1.0523580060371974e-4,0.8249673917079123
2908200,11690,Conceição da Feira (BA),20800,C,1.0521779926937084e-4,0.8250726095071818
2908002,11682,Coaraci (BA),17333,C,1.0514579393197521e-4,0.8251777553011137
3139201,11674,Malacacheta (MG),17516,C,1.0507378859457957e-4,0.8252828290897083
2900405,11652,Água Fria (BA),14497,C,1.0487577391674158e-4,0.825387704863625
4212254,11634,Passo de Torres (SC),12897,C,1.0471376190760141e-4,0.8254924186255326
3508702,11631,Caconde (SP),17101,C,1.0468675990607804e-4,0.8255971053854386
2613305,11617,São Joaquim do Monte (PE),20037,C,1.0456075056563567e-4,0.8257016661360043
2514503,11608,São José de Piranhas (PB),19067,C,1.044797445610656e-4,0.8258061458805653
3511409,11604,Cerqueira César (SP),21469,C,1.0444374189236777e-4,0.8259105896224577
2930402,11593,Serra Preta (BA),17996,C,1.0434473455344878e-4,0.8260149343570111
2903003,11587,Barra do Mendes (BA),13836,C,1.0429073055040205e-4,0.8261192250875615
3108305,11579,Borda da Mata (MG),17404,C,1.0421872521300641e-4,0.8262234438127746
2414209,11571,Tibau do Sul (RN),16929,C,1.0414671987561078e-4,0.8263275905326501
2929602,11543,Sapeaçu (BA),17963,C,1.0389470119472605e-4,0.8264314852338449
3553302,11542,Tambaú (SP),21435,C,1.038857005275516e-4,0.8265353709343725
3104908,11539,Baependi (MG),18366,C,1.0385869852602825e-4,0.8266392296328985
3148707,11527,Pedra Azul (MG),24410,C,1.0375069051993478e-4,0.8267429803234184
2903235,11525,Barro Alto (BA),13453,C,1.0373268918558588e-4,0.826846713012604
2608008,11523,Jataúba (PE),15843,C,1.0371468785123698e-4,0.8269504277004552
2509107,11522,Mari (PB),21512,C,1.0370568718406251e-4,0.8270541333876393
5107107,11518,São José dos Quatro Marcos (MT),17849,C,1.036696845153647e-4,0.8271578030721547
3301504,11508,Cordeiro (RJ),20783,C,1.0357967784362016e-4,0.8272613827499983
2607000,11500,Inajá (PE),25603,C,1.0350767250622452e-4,0.8273648904225045
3304409,11497,Rio Claro (RJ),17401,C,1.0348067050470116e-4,0.8274683710930092
2921401,11494,Mirangaba (BA),15734,C,1.034536685031778e-4,0.8275718247615124
3100906,11481,Águas Formosas (MG),18448,C,1.033366598299099e-4,0.8276751614213422
2303956,11476,Chorozinho (CE),20163,C,1.0329165649403762e-4,0.8277784530778363
2311702,11466,Reriutaba (CE),18606,C,1.0320164982229308e-4,0.8278816547276585
3154309,11456,Resplendor (MG),17226,C,1.0311164315054853e-4,0.8279847663708091
1100064,11449,Colorado do Oeste (RO),15663,C,1.0304863848032736e-4,0.8280878150092894
4106803,11448,Cruz Machado (PR),15978,C,1.030396378131529e-4,0.8281908546471025
3548005,11443,Santo Antônio de Posse (SP),23244,C,1.0299463447728063e-4,0.8282938492815798
2110039,11431,Santa Luzia do Paruá (MA),24307,C,1.0288662647118717e-4,0.828396735908051
4101200,11428,Antonina (PR),18091,C,1.0285962446966382e-4,0.8284995955325206
1507151,11424,São Domingos do Araguaia (PA),21092,C,1.02823621800966e-4,0.8286024191543215
2705507,11421,Murici (AL),25187,C,1.0279661979944263e-4,0.8287052157741209
4104501,11404,Capanema (PR),20481,C,1.0264360845747691e-4,0.8288078593825784
3538907,11384,Pirajuí (SP),22431,C,1.0246359511398782e-4,0.8289103229776924
4312500,11381,Mostardas (RS),12090,C,1.0243659311246446e-4,0.8290127595708049
3101904,11379,Alpinópolis (MG),18300,C,1.0241859177811556e-4,0.829115178162583
2917102,11377,Itororó (BA),16617,C,1.0240059044376664e-4,0.8292175787530267
2903508,11373,Belo Campo (BA),18412,C,1.0236458777506882e-4,0.8293199433408017
2904753,11372,Buritirama (BA),19589,C,1.0235558710789437e-4,0.8294222989279096
4124053,11366,Santa Terezinha de Itaipu (PR),24262,C,1.0230158310484765e-4,0.8295246005110145
3110301,11361,Caldas (MG),14217,C,1.0225657976897537e-4,0.8296268570907834
4104659,11350,Carambeí (PR),23283,C,1.0215757243005638e-4,0.8297290146632135
2516300,11347,Sumé (PB),17166,C,1.0213057042853302e-4,0.829831145233642
4120804,11344,Quatro Barras (PR),24191,C,1.0210356842700965e-4,0.829933248802069
4127502,11339,Tibagi (PR),19961,C,1.0205856509113738e-4,0.8300353073671601
3535309,11338,Palmital (SP),19594,C,1.0204956442396293e-4,0.8301373569315841
2609154,11336,Manari (PE),23763,C,1.0203156308961401e-4,0.8302393884946737
2112233,11332,Trizidela do Vale (MA),22484,C,1.019955604209162e-4,0.8303413840550946
2607752,11331,Itapissuma (PE),27749,C,1.0198655975374174e-4,0.8304433706148484
4124400,11330,Santo Antônio do Sudoeste (PR),23673,C,1.0197755908656729e-4,0.830545348173935
3114501,11328,Carmópolis de Minas (MG),18003,C,1.0195955775221838e-4,0.8306473077316873
2931202,11326,Taperoá (BA),18044,C,1.0194155641786948e-4,0.8307492492881051
3526100,11326,Juquiá (SP),17154,C,1.0194155641786948e-4,0.830851190844523
1600402,11325,Mazagão (AP),21924,C,1.0193255575069502e-4,0.8309531234002737
2100436,11320,Alto Alegre do Maranhão (MA),24048,C,1.0188755241482274e-4,0.8310550109526885
5107800,11298,Santo Antônio de Leverger (MT),15246,C,1.0168953773698475e-4,0.8311567004904256
2912509,11288,Ibipitanga (BA),13863,C,1.015995310652402e-4,0.8312583000214908
2604908,11286,Cumaru (PE),15920,C,1.015815297308913e-4,0.8313598815512218
3204500,11286,Santa Leopoldina (ES),13106,C,1.015815297308913e-4,0.8314614630809527
2927309,11278,Salinas da Margarida (BA),14987,C,1.0150952439349567e-4,0.8315629726053462
2304954,11275,Guaiúba (CE),24325,C,1.014825223919723e-4,0.8316644551277381
2202000,11274,Buriti dos Lopes (PI),19654,C,1.0147352172479785e-4,0.831765928649463
3544251,11262,Rosana (SP),17440,C,1.0136551371870439e-4,0.8318672941631817
2106706,11258,Mirador (MA),21030,C,1.0132951105000659e-4,0.8319686236742317
2500700,11252,São João do Rio do Peixe (PB),17964,C,1.0127550704695986e-4,0.8320698991812787
1400209,11246,Caracaraí (RR),20957,C,1.0122150304391312e-4,0.8321711206843226
3133303,11238,Itaobim (MG),19151,C,1.011494977065175e-4,0.8322722701820292
1502772,11228,Curionópolis (PA),19950,C,1.0105949103477295e-4,0.832373329673064
2304236,11219,Croatá (CE),17481,C,1.0097848503020286e-4,0.8324743081580942
2102309,11218,Buriti Bravo (MA),22455,C,1.009694843630284e-4,0.8325752776424572
1506161,11210,Rio Maria (PA),18384,C,1.0089747902563278e-4,0.8326761751214828
4219002,11206,Urussanga (SC),20919,C,1.0086147635693496e-4,0.8327770365978397
2103802,11196,Dom Pedro (MA),23053,C,1.0077146968519041e-4,0.832877808067525
2709103,11187,Taquarana (AL),19032,C,1.0069046368062032e-4,0.8329784985312056
2504405,11185,Conceição (PB),18260,C,1.0067246234627142e-4,0.8330791709935519
3538204,11185,Pinhalzinho (SP),15224,C,1.0067246234627142e-4,0.8331798434558981
2910859,11183,Filadélfia (BA),17897,C,1.0065446101192251e-4,0.8332804979169101
1708205,11167,Formoso do Araguaia (TO),18881,C,1.0051045033713125e-4,0.8333810083672472
4212205,11157,Papanduva (SC),19150,C,1.004204436653867e-4,0.8334814288109126
2917409,11149,Jacaraci (BA),14436,C,1.0034843832799106e-4,0.8335817772492405
2303303,11139,Cariús (CE),17015,C,1.0025843165624651e-4,0.8336820356808968
3150802,11130,Piranga (MG),17018,C,1.0017742565167644e-4,0.8337822131065485
2309508,11122,Orós (CE),19675,C,1.001054203142808e-4,0.8338823185268628
2705101,11121,Matriz de Camaragibe (AL),23857,C,1.0009641964710634e-4,0.8339824149465099
3529708,11115,Miguelópolis (SP),19441,C,1.0004241564405962e-4,0.834082457362154
1507474,11102,São João de Pirabas (PA),20689,C,9.99254069707917e-5,0.8341823827691248
2702553,11102,Estrela de Alagoas (AL),15429,C,9.99254069707917e-5,0.8342823081760956
3540002,11101,Pompéia (SP),20196,C,9.991640630361725e-5,0.8343822245823992
2500601,11099,Alhandra (PB),21730,C,9.989840496926835e-5,0.8344821229873685
4121406,11099,Realeza (PR),19247,C,9.989840496926835e-5,0.8345820213923377
3304102,11096,Porciúncula (RJ),17288,C,9.987140296774498e-5,0.8346818927953055
4311205,11095,Júlio de Castilhos (RS),18226,C,9.986240230057053e-5,0.834781755197606
2926806,11091,Rio do Antônio (BA),13146,C,9.982639963187271e-5,0.8348815815972379
4128500,11086,Wenceslau Braz (PR),19188,C,9.978139629600044e-5,0.8349813629935339
5209200,11078,Guapó (GO),19545,C,9.970939095860481e-5,0.8350810723844925
2901908,11070,Aporá (BA),15922,C,9.963738562120917e-5,0.8351807097701137
3508009,11066,Buri (SP),20250,C,9.960138295251136e-5,0.8352803111530662
2105104,11065,Icatu (MA),24794,C,9.95923822853369e-5,0.8353799035353515
2308609,11064,Monsenhor Tabosa (CE),17149,C,9.958338161816244e-5,0.8354794869169697
3155801,11061,Rio Pomba (MG),17443,C,9.955637961663909e-5,0.8355790432965864
2916807,11041,Itarantim (BA),17052,C,9.937636627315e-5,0.8356784196628595
1507706,11039,São Sebastião da Boa Vista (PA),25643,C,9.93583649388011e-5,0.8357777780277983
3128105,11038,Guapé (MG),13772,C,9.934936427162663e-5,0.8358771273920699
2406106,11032,Jucurutu (RN),17793,C,9.92953602685799e-5,0.8359764227523384
4217808,11032,Taió (SC),18310,C,9.92953602685799e-5,0.836075718112607
3105905,11027,Barroso (MG),20080,C,9.925035693270763e-5,0.8361749684695396
1503101,11023,Gurupá (PA),31786,C,9.921435426400981e-5,0.8362741828238036
4212908,11022,Pinhalzinho (SC),21972,C,9.920535359683536e-5,0.8363733881774005
2601607,11021,Belém do São Francisco (PE),18301,C,9.919635292966091e-5,0.8364725845303301
2924058,11020,Pé de Serra (BA),13243,C,9.918735226248646e-5,0.8365717718825926
2303105,11012,Cariré (CE),17632,C,9.911534692509082e-5,0.8366708872295177
4316600,11005,Sananduva (RS),16399,C,9.905234225486964e-5,0.8367699395717725
4203956,10999,Capivari de Baixo (SC),23975,C,9.899833825182292e-5,0.8368689379100243
2803609,10998,Laranjeiras (SE),23975,C,9.898933758464846e-5,0.8369679272476089
1101492,10976,São Francisco do Guaporé (RO),16286,C,9.879132290681047e-5,0.8370667185705157
4105201,10974,Cerro Azul (PR),16134,C,9.877332157246156e-5,0.8371654918920882
3505807,10963,Bastos (SP),21503,C,9.867431423354256e-5,0.8372641662063217
1504950,10962,Nova Esperança do Piriá (PA),20478,C,9.866531356636811e-5,0.8373628315198881
3203502,10958,Montanha (ES),18900,C,9.862931089767029e-5,0.8374614608307858
3127800,10954,Grão Mogol (MG),13901,C,9.859330822897248e-5,0.8375600541390147
3520004,10948,Igaraçu do Tietê (SP),23106,C,9.853930422592574e-5,0.8376585934432406
5206404,10937,Crixás (GO),17065,C,9.844029688700675e-5,0.8377570337401276
1200252,10919,Epitaciolândia (AC),18757,C,9.827828487786657e-5,0.8378553120250054
2611507,10910,Quipapá (PE),17928,C,9.819727887329648e-5,0.8379535093038787
3107802,10900,Bom Jesus do Galho (MG),14536,C,9.810727220155194e-5,0.8380516165760802
2106508,10897,Matinha (MA),22034,C,9.808027020002858e-5,0.8381496968462802
3542404,10896,Regente Feijó (SP),20145,C,9.807126953285413e-5,0.838247768115813
2304301,10894,Farias Brito (CE),18217,C,9.805326819850521e-5,0.8383458213840115
2924504,10874,Pindaí (BA),14731,C,9.787325485501612e-5,0.8384436946388665
2104552,10862,Governador Edison Lobão (MA),18411,C,9.776524684892267e-5,0.8385414598857154
2900355,10856,Adustina (BA),14201,C,9.771124284587595e-5,0.8386391711285612
2901155,10854,América Dourada (BA),15137,C,9.769324151152705e-5,0.8387368643700728
1506559,10853,Santa Luzia do Pará (PA),20370,C,9.768424084435258e-5,0.8388345486109171
2703205,10853,Igreja Nova (AL),21372,C,9.768424084435258e-5,0.8389322328517614
4101002,10845,Ampére (PR),19620,C,9.761223550695695e-5,0.8390298450872684
5106109,10845,Nossa Senhora do Livramento (MT),12940,C,9.761223550695695e-5,0.8391274573227754
3139300,10838,Manga (MG),18886,C,9.754923083673578e-5,0.8392250065536121
2200509,10836,Amarante (PI),17234,C,9.753122950238686e-5,0.8393225377831145
2311959,10835,Salitre (CE),16633,C,9.752222883521241e-5,0.8394200600119497
2920403,10828,Manoel Vitorino (BA),13860,C,9.745922416499123e-5,0.8395175192361147
2501005,10827,Araruna (PB),17189,C,9.745022349781678e-5,0.8396149694596126
2508604,10820,Lucena (PB),12560,C,9.738721882759559e-5,0.8397123566784401
3546702,10820,Santa Gertrudes (SP),23611,C,9.738721882759559e-5,0.8398097438972677
3128303,10814,Guaranésia (MG),19150,C,9.733321482454887e-5,0.8399070771120922
5005681,10812,Mundo Novo (MS),19193,C,9.731521349019996e-5,0.8400043923255824
3304110,10806,Porto Real (RJ),20373,C,9.726120948715324e-5,0.8401016535350696
2930600,10803,Serrolândia (BA),13335,C,9.723420748562987e-5,0.8401988877425552
2104677,10799,Governador Nunes Freire (MA),23128,C,9.719820481693205e-5,0.8402960859473722
2612406,10795,Sanharó (PE),18624,C,9.716220214823424e-5,0.8403932481495204
2932457,10794,Umburanas (BA),13642,C,9.715320148105978e-5,0.8404904013510015
2805802,10792,Riachão do Dantas (SE),18313,C,9.713520014671087e-5,0.8405875365511483
2707503,10771,Porto Real do Colégio (AL),20082,C,9.694618613604733e-5,0.8406844827372844
3530201,10765,Mirante do Paranapanema (SP),15917,C,9.689218213300061e-5,0.8407813749194174
2930766,10745,Sítio do Quinto (BA),14773,C,9.671216878951152e-5,0.8408780870882069
4309605,10745,Horizontina (RS),18851,C,9.671216878951152e-5,0.8409747992569964
3149804,10744,Perdizes (MG),17151,C,9.670316812233707e-5,0.8410715024251187
2503506,10729,Cacimba de Dentro (PB),16064,C,9.656815811472025e-5,0.8411680705832335
2311355,10722,Quixelô (CE),15910,C,9.650515344449908e-5,0.841264575736678
2606507,10719,Iati (PE),17165,C,9.647815144297571e-5,0.841361053888121
3543006,10716,Ribeirão Branco (SP),18627,C,9.645114944145235e-5,0.8414575050375624
1713205,10713,Miracema do Tocantins (TO),18566,C,9.642414743992898e-5,0.8415539291850024
3140902,10708,Matipó (MG),18552,C,9.637914410405671e-5,0.8416503083291065
2701605,10703,Canapi (AL),15559,C,9.633414076818444e-5,0.8417466424698746
1500958,10698,Aurora do Pará (PA),23774,C,9.628913743231217e-5,0.8418429316073069
3517505,10697,Guapiaçu (SP),21711,C,9.628013676513771e-5,0.841939211744072
2310803,10695,Pereiro (CE),15274,C,9.626213543078881e-5,0.8420354738795028
2900207,10693,Abaré (BA),17639,C,9.62441340964399e-5,0.8421317180135993
2909109,10692,Coribe (BA),13990,C,9.623513342926544e-5,0.8422279531470286
3533007,10688,Nova Granada (SP),19419,C,9.619913076056762e-5,0.8423241522777891
4302709,10683,Butiá (RS),19084,C,9.615412742469535e-5,0.8424203064052138
1100940,10674,Cujubim (RO),14863,C,9.607312142012527e-5,0.8425163795266339
2406502,10674,Lagoa Nova (RN),15573,C,9.607312142012527e-5,0.8426124526480541
3526001,10672,Junqueirópolis (SP),20448,C,9.605512008577635e-5,0.8427085077681399
4308904,10669,Getúlio Vargas (RS),16602,C,9.6028118084253e-5,0.8428045358862242
2605806,10656,Frei Miguelinho (PE),13636,C,9.591110941098508e-5,0.8429004469956352
4101101,10655,Andirá (PR),19878,C,9.590210874381063e-5,0.8429963491043789
2906600,10653,Candiba (BA),13016,C,9.588410740946173e-5,0.8430922332117884
4206702,10640,Herval d'Oeste (SC),21724,C,9.576709873619382e-5,0.8431880003105245
4104709,10639,Carlópolis (PR),16905,C,9.575809806901936e-5,0.8432837584085936
3521705,10635,Itaberá (SP),17983,C,9.572209540032154e-5,0.8433794805039939
3102001,10629,Alterosa (MG),13915,C,9.566809139727482e-5,0.8434751485953912
3108008,10627,Bom Sucesso (MG),17151,C,9.565009006292592e-5,0.8435707986854541
1400175,10590,Cantá (RR),18682,C,9.53170653774711e-5,0.8436661157508316
2101905,10586,Bequimão (MA),19584,C,9.528106270877328e-5,0.8437613968135403
2907905,10568,Cipó (BA),17230,C,9.511905069963311e-5,0.8438565158642399
4214003,10567,Presidente Getúlio (SC),20010,C,9.511005003245866e-5,0.8439516259142724
2312106,10562,Santana do Cariri (CE),16954,C,9.506504669658639e-5,0.844046690960969
2608503,10549,Lagoa de Itaenga (PE),19003,C,9.494803802331848e-5,0.8441416389989923
3556305,10527,Valparaíso (SP),24241,C,9.475002334548048e-5,0.8442363890223378
2933158,10525,Várzea Nova (BA),13377,C,9.473202201113158e-5,0.8443311210443489
1300144,10519,Apuí (AM),20647,C,9.467801800808485e-5,0.844425799062357
5204904,10518,Campos Belos (GO),18108,C,9.466901734091039e-5,0.8445204680796979
3522802,10517,Itaporanga (SP),14085,C,9.466001667373594e-5,0.8446151280963716
2922706,10515,Nova Canaã (BA),13715,C,9.464201533938703e-5,0.844709770111711
2102903,10513,Carutapera (MA),24238,C,9.462401400503812e-5,0.8448043941257161
2615706,10505,Triunfo (PE),14705,C,9.455200866764249e-5,0.8448989461343837
4127403,10505,Terra Roxa (PR),18119,C,9.455200866764249e-5,0.8449934981430512
2303402,10499,Carnaubal (CE),17210,C,9.449800466459577e-5,0.8450879961477158
2701001,10485,Boca da Mata (AL),21187,C,9.43719953241534e-5,0.8451823681430399
4319406,10478,São Pedro do Sul (RS),15577,C,9.430899065393222e-5,0.8452766771336938
4313060,10465,Nova Hartz (RS),20088,C,9.419198198066431e-5,0.8453708691156745
3302809,10459,Mendes (RJ),17502,C,9.413797797761759e-5,0.8454650070936521
3155504,10458,Rio Paranaíba (MG),14532,C,9.412897731044314e-5,0.8455591360709626
4306502,10454,Dom Feliciano (RS),13051,C,9.409297464174531e-5,0.8456532290456042
2100204,10447,Alcântara (MA),18467,C,9.402996997152414e-5,0.8457472590155758
5105606,10419,Matupá (MT),20091,C,9.377795129063942e-5,0.8458410369668664
4106209,10417,Contenda (PR),19128,C,9.37599499562905e-5,0.8459347969168227
3300902,10414,Cambuci (RJ),14616,C,9.373294795476715e-5,0.8460285298647775
3517604,10414,Guapiara (SP),17071,C,9.373294795476715e-5,0.8461222628127323
2903276,10410,Barrocas (BA),15203,C,9.369694528606933e-5,0.8462159597580183
5214838,10410,Nova Crixás (GO),12815,C,9.369694528606933e-5,0.8463096567033044
2512002,10383,Pocinhos (PB),17469,C,9.345392727235906e-5,0.8464031106305767
2108009,10381,Pastos Bons (MA),18802,C,9.343592593801016e-5,0.8464965465565147
3549953,10356,São Lourenço da Serra (SP),16067,C,9.32109092586488e-5,0.8465897574657734
1721208,10354,Tocantinópolis (TO),22615,C,9.31929079242999e-5,0.8466829503736977
3112000,10351,Candeias (MG),14001,C,9.316590592277653e-5,0.8467761162796205
3521408,10349,Iracemápolis (SP),21967,C,9.314790458842762e-5,0.8468692641842089
4315503,10349,Restinga Sêca (RS),14939,C,9.314790458842762e-5,0.8469624120887974
3547700,10344,Santo Anastácio (SP),17963,C,9.310290125255535e-5,0.8470555149900499
3536208,10340,Pariquera-Açu (SP),19233,C,9.306689858385753e-5,0.8471485818886338
1200336,10339,Mâncio Lima (AC),19294,C,9.305789791668308e-5,0.8472416397865505
4321105,10312,Tapes (RS),14695,C,9.281487990297281e-5,0.8473344546664535
2503001,10303,Caaporã (PB),21193,C,9.273387389840272e-5,0.8474271885403519
4206900,10302,Ibirama (SC),19862,C,9.272487323122827e-5,0.8475199134135831
3120805,10290,Cruzília (MG),15362,C,9.26168652251348e-5,0.8476125302788082
3143005,10286,Monte Belo (MG),13046,C,9.2580862556437e-5,0.8477051111413647
3523305,10278,Itariri (SP),15528,C,9.250885721904136e-5,0.8477976199985837
2904852,10267,Cabaceiras do Paraguaçu (BA),16559,C,9.240984988012236e-5,0.8478900298484638
5107701,10260,Rosário Oeste (MT),15453,C,9.234684520990119e-5,0.8479823766936737
4217501,10252,Seara (SC),18620,C,9.227483987250555e-5,0.8480746515335462
3301207,10244,Carmo (RJ),17198,C,9.220283453510992e-5,0.8481668543680814
2313807,10242,Uruburetama (CE),20189,C,9.2184833200761e-5,0.8482590392012821
2708907,10228,Satuba (AL),24278,C,9.205882386031865e-5,0.8483510980251424
2700102,10226,Água Branca (AL),19008,C,9.204082252596973e-5,0.8484431388476684
2909406,10226,Cotegipe (BA),13063,C,9.204082252596973e-5,0.8485351796701944
2512705,10223,Remígio (PB),17885,C,9.201382052444638e-5,0.8486271934907189
2603504,10213,Camocim de São Félix (PE),17419,C,9.192381385270183e-5,0.8487191173045716
2907608,10186,Central (BA),16348,C,9.168079583899157e-5,0.8488107981004106
3540804,10157,Potirendaba (SP),18496,C,9.141977649093238e-5,0.8489022178769016
3162807,10146,São João Evangelista (MG),15315,C,9.132076915201339e-5,0.8489935386460535
1600535,10141,Porto Grande (AP),17848,C,9.127576581614112e-5,0.8490848144118697
4309001,10133,Giruá (RS),16013,C,9.120376047874549e-5,0.8491760181723484
2608404,10131,Jurema (PE),13648,C,9.118575914439658e-5,0.8492672039314928
5220405,10128,São Simão (GO),17020,C,9.115875714287322e-5,0.8493583626886356
2108702,10126,Pio XII (MA),21886,C,9.114075580852431e-5,0.8494495034444441
4300109,10118,Agudo (RS),16041,C,9.106875047112867e-5,0.8495405721949153
4200705,10115,Alfredo Wagner (SC),10481,C,9.104174846960532e-5,0.8496316139433849
3100302,10113,Abre Campo (MG),13927,C,9.10237471352564e-5,0.8497226376905201
1200385,10100,Plácido de Castro (AC),16560,C,9.09067384619885e-5,0.8498135444289822
2104099,10097,Formosa da Serra Negra (MA),17719,C,9.087973646046513e-5,0.8499044241654427
3148608,10096,Peçanha (MG),17446,C,9.087073579329068e-5,0.8499952949012359
3146305,10095,Padre Paraíso (MG),17334,C,9.086173512611623e-5,0.850086156636362
3512308,10094,Conchas (SP),15232,C,9.085273445894177e-5,0.850177009370821
2100303,10092,Aldeias Altas (MA),23286,C,9.083473312459286e-5,0.8502678441039455
2311108,10086,Porteiras (CE),17050,C,9.078072912154613e-5,0.850358624833067
3305703,10078,Sumidouro (RJ),15206,C,9.07087237841505e-5,0.8504493335568512
2313351,10076,Tejuçuoca (CE),17154,C,9.069072244980159e-5,0.850540024279301
5106158,10073,Nova Bandeirantes (MT),13635,C,9.066372044827823e-5,0.8506306879997493
3515152,10063,Engenheiro Coelho (SP),19566,C,9.057371377653369e-5,0.8507212617135258
3200300,10061,Alfredo Chaves (ES),13836,C,9.055571244218477e-5,0.850811817425968
2920205,10045,Malhada (BA),15398,C,9.04117017673935e-5,0.8509022291277354
2110104,10031,Santa Quitéria do Maranhão (MA),23957,C,9.028569242695115e-5,0.8509925148201624
5200050,10018,Abadia de Goiás (GO),19128,C,9.016868375368324e-5,0.851082683503916
1302553,10016,Manaquiri (AM),17107,C,9.015068241933433e-5,0.8511728341863354
3524600,10014,Jacupiranga (SP),16097,C,9.013268108498543e-5,0.8512629668674203
1200807,10009,Porto Acre (AC),16693,C,9.008767774911316e-5,0.8513530545451694
2506806,10008,Ingá (PB),17692,C,9.00786770819387e-5,0.8514431332222513
2933059,10004,Várzea da Roça (BA),13800,C,9.004267441324089e-5,0.8515331758966646
3140506,10001,Martinho Campos (MG),14003,C,9.001567241171752e-5,0.8516231915690763
2502508,10000,Boqueirão (PB),17598,C,9.000667174454307e-5,0.8517131982408208
3511607,9995,Cesário Lange (SP),19048,C,8.99616684086708e-5,0.8518031599092295
4212106,9995,Palmitos (SC),15626,C,8.99616684086708e-5,0.8518931215776382
3531506,9971,Monte Azul Paulista (SP),18151,C,8.974565239648388e-5,0.8519828672300347
4114401,9968,Mangueirinha (PR),16603,C,8.971865039496053e-5,0.8520725858804297
4317905,9967,Santo Cristo (RS),15320,C,8.970964972778608e-5,0.8521622955301574
4126504,9960,Sertanópolis (PR),15930,C,8.964664505756489e-5,0.852251942175215
3108404,9950,Botelhos (MG),14828,C,8.955663838582034e-5,0.8523414988136009
2706802,9948,Piaçabuçu (AL),15908,C,8.953863705147144e-5,0.8524310374506524
5101902,9944,Brasnorte (MT),17004,C,8.950263438277362e-5,0.8525205400850352
2204709,9939,Inhuma (PI),14958,C,8.945763104690135e-5,0.8526099977160821
4205803,9939,Garuva (SC),18545,C,8.945763104690135e-5,0.8526994553471291
4312658,9937,Não-Me-Toque (RS),17898,C,8.943962971255244e-5,0.8527888949768416
3507407,9898,Borborema (SP),14226,C,8.908860369274873e-5,0.8528779835805343
2918209,9883,Jiquiriçá (BA),13629,C,8.895359368513191e-5,0.8529669371742195
2516607,9868,Tavares (PB),14101,C,8.88185836775151e-5,0.8530557557578969
3108909,9864,Brazópolis (MG),14246,C,8.878258100881727e-5,0.8531445383389058
5100300,9864,Alto Araguaia (MT),17193,C,8.878258100881727e-5,0.8532333209199147
3133709,9860,Itatiaiuçu (MG),12966,C,8.874657834011947e-5,0.8533220674982548
2919702,9859,Macarani (BA),21599,C,8.8737577672945e-5,0.8534108050759277
3132206,9857,Itaguara (MG),13846,C,8.87195763385961e-5,0.8534995246522663
2304459,9850,Fortim (CE),17294,C,8.865657166837492e-5,0.85358818122393465
2608453,9841,Lagoa do Carro (PE),17981,C,8.857556566380483e-5,0.8536767567895984
3545001,9839,Salesópolis (SP),15202,C,8.855756432945593e-5,0.8537653143539279
1503754,9834,Jacareacanga (PA),24042,C,8.851256099358365e-5,0.8538538269149215
2926103,9815,Retirolândia (BA),13651,C,8.834154831726902e-5,0.8539421684632388
2208809,9811,Regeneração (PI),17133,C,8.83055456485712e-5,0.8540304740088873
2708303,9809,São José da Laje (AL),20813,C,8.828754431422229e-5,0.8541187615532015
2904001,9798,Boninal (BA),13622,C,8.81885369753033e-5,0.8542069500901769
2932606,9788,Urandi (BA),15355,C,8.809853030355875e-5,0.8542950486204804
3123908,9786,Entre Rios de Minas (MG),14746,C,8.808052896920985e-5,0.8543831291494497
4104402,9786,Cândido de Abreu (PR),15244,C,8.808052896920985e-5,0.8544712096784189
2912301,9777,Ibicuí (BA),13934,C,8.799952296463976e-5,0.8545592092013836
3517703,9777,Guará (SP),18606,C,8.799952296463976e-5,0.8546472087243483
3515400,9775,Fartura (SP),16641,C,8.798152163029085e-5,0.8547351902459785
2908309,9773,Conceição do Almeida (BA),15794,C,8.796352029594193e-5,0.8548231537662745
1500701,9772,Anajás (PA),28011,C,8.795451962876748e-5,0.8549111082859032
3303104,9766,Natividade (RJ),15074,C,8.790051562572076e-5,0.8549990088015289
3521903,9766,Itajobi (SP),16989,C,8.790051562572076e-5,0.8550869093171546
2108108,9765,Paulo Ramos (MA),20341,C,8.789151495854631e-5,0.8551748008321132
2310902,9733,Piquet Carneiro (CE),16616,C,8.760349360896377e-5,0.8552624043257221
4126306,9731,Sengés (PR),17270,C,8.758549227461485e-5,0.8553499898179967
2911402,9730,Glória (BA),15524,C,8.75764916074404e-5,0.8554375663096041
2916856,9726,Itatim (BA),15737,C,8.754048893874258e-5,0.8555251067985429
2915007,9725,Itaeté (BA),13472,C,8.753148827156813e-5,0.8556126382868144
2107902,9724,Passagem Franca (MA),17220,C,8.752248760439368e-5,0.8557001607744188
2932408,9717,Uibaí (BA),13432,C,8.74594829341725e-5,0.855787620257353
2107704,9716,Paraibano (MA),18274,C,8.745048226699804e-5,0.85587507073962
2611903,9710,Rio Formoso (PE),20009,C,8.739647826395131e-5,0.8559624672178839
2704104,9706,Lagoa da Canoa (AL),18457,C,8.73604755952535e-5,0.8560498276934791
2112456,9699,Turilândia (MA),31638,C,8.729747092503232e-5,0.8561371251644042
4102901,9699,Bituruna (PR),15533,C,8.729747092503232e-5,0.8562244226353293
2608701,9695,Lagoa dos Gatos (PE),14076,C,8.72614682563345e-5,0.8563116841035856
2313955,9692,Varjota (CE),18105,C,8.723446625481114e-5,0.8563989185698404
2516508,9691,Taperoá (PB),14068,C,8.722546558763669e-5,0.856486144035428
2704401,9687,Major Isidoro (AL),17700,C,8.718946291893887e-5,0.856573333498347
2612455,9679,Santa Cruz (PE),13841,C,8.711745758154323e-5,0.8566604509559285
2915205,9679,Itagibá (BA),15310,C,8.711745758154323e-5,0.85674756841351
3133006,9679,Itamonte (MG),14786,C,8.711745758154323e-5,0.8568346858710915
2922607,9671,Nilo Peçanha (BA),12063,C,8.70454522441476e-5,0.8569217313233356
2507101,9670,Itapororoca (PB),18382,C,8.703645157697315e-5,0.8570087677749125
5201702,9668,Aragarças (GO),18390,C,8.701845024262423e-5,0.8570957862251551
2203305,9666,Demerval Lobão (PI),16352,C,8.700044890827533e-5,0.8571827866740634
3169000,9665,Tocantins (MG),16185,C,8.699144824110087e-5,0.8572697781223045
2111706,9664,São Vicente Ferrer (MA),19498,C,8.698244757392642e-5,0.8573567605698784
2801702,9664,Cristinápolis (SE),17100,C,8.698244757392642e-5,0.8574437430174523
2804409,9663,Neópolis (SE),16426,C,8.697344690675196e-5,0.8575307164643591
3204302,9662,Presidente Kennedy (ES),13696,C,8.69644462395775e-5,0.8576176809105986
1501451,9644,Belterra (PA),18099,C,8.680243423043733e-5,0.8577044833448291
3527405,9644,Lucélia (SP),20061,C,8.680243423043733e-5,0.8577912857790595
2913457,9641,Igrapiúna (BA),13151,C,8.677543222891396e-5,0.8578780612112884
4109302,9629,Guaraniaçu (PR),13735,C,8.666742422282052e-5,0.8579647286355112
2932309,9626,Ubatã (BA),16094,C,8.664042222129715e-5,0.8580513690577325
2500809,9625,Araçagi (PB),16646,C,8.66314215541227e-5,0.8581380004792866
2608305,9621,Jupi (PE),15329,C,8.659541888542489e-5,0.858224595898172
2313757,9618,Umirim (CE),17470,C,8.656841688390152e-5,0.8583111643150559
4117800,9609,Palmital (PR),13033,C,8.648741087933143e-5,0.8583976517259353
1303908,9608,São Paulo de Olivença (AM),32967,C,8.647841021215698e-5,0.8584841301361474
3157906,9599,Santa Margarida (MG),16395,C,8.639740420758688e-5,0.858570527540355
3508801,9594,Cafelândia (SP),16654,C,8.635240087171461e-5,0.8586568799412267
2516904,9585,Uiraúna (PB),14930,C,8.627139486714453e-5,0.8587431513360939
2309003,9582,Mucambo (CE),13666,C,8.624439286562116e-5,0.8588293957289596
4200101,9568,Abelardo Luz (SC),17392,C,8.611838352517881e-5,0.8589155141124847
3104304,9564,Areado (MG),13881,C,8.608238085648099e-5,0.8590015964933412
2111805,9559,Sítio Novo (MA),17074,C,8.603737752060872e-5,0.8590876338708617
2300408,9559,Aiuaba (CE),14076,C,8.603737752060872e-5,0.8591736712483823
2931608,9555,Teolândia (BA),15332,C,8.60013748519109e-5,0.8592596726232342
2904704,9533,Buerarema (BA),14804,C,8.58033601740729e-5,0.8593454759834083
2108900,9528,Poção de Pedras (MA),17161,C,8.575835683820063e-5,0.8594312343402465
2111607,9526,São Raimundo das Mangabeiras (MA),18672,C,8.574035550385173e-5,0.8595169746957504
1707009,9522,Dianópolis (TO),17739,C,8.570435283515391e-5,0.8596026790485856
2902500,9512,Baianópolis (BA),13614,C,8.561434616340936e-5,0.859688293394749
2412609,9507,São Paulo do Potengi (RN),16786,C,8.556934282753709e-5,0.8597738627375765
2302909,9491,Capistrano (CE),17254,C,8.542533215274582e-5,0.8598592880697292
2922656,9490,Nordestina (BA),18523,C,8.541633148557137e-5,0.8599447044012148
3501004,9481,Altinópolis (SP),16818,C,8.533532548100128e-5,0.8600300397266959
1501956,9472,Cachoeira do Piriá (PA),19630,C,8.525431947643118e-5,0.8601152940461724
2104008,9472,Esperantinópolis (MA),18311,C,8.525431947643118e-5,0.8602005483656489
2904308,9471,Brejões (BA),12943,C,8.524531880925673e-5,0.8602857936844581
4110607,9467,Iporã (PR),15746,C,8.520931614055893e-5,0.8603710030005987
2108256,9460,Pedro do Rosário (MA),24320,C,8.514631147033774e-5,0.860456149312069
2612703,9457,Santa Maria do Cambucá (PE),14013,C,8.511930946881438e-5,0.8605412686215379
5002605,9437,Camapuã (MS),13583,C,8.493929612532529e-5,0.8606262079176632
2800506,9432,Areia Branca (SE),18081,C,8.489429278945302e-5,0.8607111022104527
4211207,9432,Morro da Fumaça (SC),18537,C,8.489429278945302e-5,0.8607959965032421
2903706,9429,Boa Nova (BA),13690,C,8.486729078792965e-5,0.8608808637940301
2303006,9426,Caridade (CE),16377,C,8.48402887864063e-5,0.8609657040828165
3546009,9419,Santa Branca (SP),13975,C,8.47772841161851e-5,0.8610504813669326
3104700,9414,Ataléia (MG),13736,C,8.473228078031285e-5,0.861135213647713
2901304,9403,Andaraí (BA),13080,C,8.463327344139384e-5,0.8612198469211544
2311900,9398,Saboeiro (CE),13854,C,8.458827010552158e-5,0.8613044351912599
2501906,9397,Belém (PB),16401,C,8.457926943834711e-5,0.8613890144606983
3535408,9395,Panorama (SP),14964,C,8.456126810399821e-5,0.8614735757288022
2605905,9394,Gameleira (PE),18214,C,8.455226743682376e-5,0.8615581279962391
3152402,9394,Poté (MG),13666,C,8.455226743682376e-5,0.861642680263676
2507705,9370,Juazeirinho (PB),17007,C,8.433625142463685e-5,0.8617270165151006
2926707,9365,Rio de Contas (BA),13184,C,8.429124808876458e-5,0.8618113077631894
2604700,9363,Correntes (PE),17131,C,8.427324675441567e-5,0.8618955810099438
2921906,9363,Mucugê (BA),12137,C,8.427324675441567e-5,0.8619798542566982
1508357,9357,Vitória do Xingu (PA),15607,C,8.421924275136895e-5,0.8620640734994496
3110905,9355,Campanha (MG),15935,C,8.420124141702003e-5,0.8621482747408666
2929057,9354,São Félix do Coribe (BA),15194,C,8.419224074984558e-5,0.8622324669816165
2612554,9337,Santa Filomena (PE),12106,C,8.403922940787986e-5,0.8623165062110244
3512001,9337,Colina (SP),18486,C,8.403922940787986e-5,0.8624005454404323
3159902,9332,Santo Antônio do Amparo (MG),17285,C,8.399422607200759e-5,0.8624845396665043
2511301,9329,Piancó (PB),16441,C,8.396722407048423e-5,0.8625685068905747
3127008,9325,Fronteira (MG),14540,C,8.393122140178641e-5,0.8626524381119766
2906857,9323,Capela do Alto Alegre (BA),10744,C,8.39132200674375e-5,0.862736351332044
5000203,9321,Água Clara (MS),16741,C,8.389521873308859e-5,0.862820246550777
2909703,9317,Cristópolis (BA),13993,C,8.385921606439077e-5,0.8629041057668414
1500347,9308,Água Azul do Norte (PA),18080,C,8.377821005982069e-5,0.8629878839769012
3100609,9304,Água Boa (MG),12589,C,8.374220739112287e-5,0.8630716261842923
3202702,9303,Itaguaçu (ES),13589,C,8.373320672394842e-5,0.8631553593910163
4115606,9303,Matelândia (PR),18450,C,8.373320672394842e-5,0.8632390925977402
3539103,9299,Pirapora do Bom Jesus (SP),18370,C,8.36972040552506e-5,0.8633227898017954
2918308,9298,Jitaúna (BA),14355,C,8.368820338807615e-5,0.8634064780051836
2107605,9290,Palmeirândia (MA),21059,C,8.36161980506805e-5,0.8634900942032342
3156809,9286,Sabinópolis (MG),14240,C,8.358019538198268e-5,0.8635736743986162
5209952,9275,Indiara (GO),17061,C,8.348118804306369e-5,0.8636571555866592
2515500,9273,Serra Branca (PB),13614,C,8.346318670871478e-5,0.8637406187733679
3556800,9271,Viradouro (SP),17414,C,8.344518537436588e-5,0.8638240639587423
5005806,9267,Nioaque (MS),13220,C,8.340918270566806e-5,0.863907473141448
2306504,9263,Itapiúna (CE),17841,C,8.337318003697024e-5,0.8639908463214849
2802809,9260,Indiaroba (SE),16549,C,8.334617803544688e-5,0.8640741924995203
4207205,9258,Imaruí (SC),11881,C,8.332817670109797e-5,0.8641575206762214
2904506,9254,Brotas de Macaúbas (BA),11765,C,8.329217403240015e-5,0.8642408128502538
3135506,9247,Jequeri (MG),12419,C,8.322916936217897e-5,0.864324042019616
3123205,9245,Dores do Indaiá (MG),12630,C,8.321116802783007e-5,0.8644072531876438
2107100,9244,Morros (MA),18554,C,8.320216736065561e-5,0.8644904553550045
2307635,9244,Madalena (CE),16896,C,8.320216736065561e-5,0.8645736575223651
2614709,9238,Tacaimbó (PE),13738,C,8.314816335760888e-5,0.8646568056857228
3142700,9236,Montalvânia (MG),14060,C,8.313016202325997e-5,0.864739935847746
4127205,9234,Terra Boa (PR),17568,C,8.311216068891107e-5,0.8648230480084349
2803302,9233,Japaratuba (SE),16209,C,8.31031600217366e-5,0.8649061511684566
2925709,9232,Presidente Jânio Quadros (BA),12621,C,8.309415935456215e-5,0.8649892453278112
2616001,9229,Venturosa (PE),17251,C,8.30671573530388e-5,0.8650723124851643
1507409,9225,São Francisco do Pará (PA),14894,C,8.303115468434098e-5,0.8651553436398486
4210605,9224,Massaranduba (SC),17162,C,8.302215401716653e-5,0.8652383657938657
4213708,9223,Pouso Redondo (SC),17123,C,8.301315334999207e-5,0.8653213789472157
3141009,9218,Mato Verde (MG),12038,C,8.29681500141198e-5,0.8654043470972298
3102308,9210,Alvinópolis (MG),15059,C,8.289614467672416e-5,0.8654872432419065
4104428,9208,Candói (PR),14973,C,8.287814334237526e-5,0.8655701213852489
2600609,9201,Alagoinha (PE),13542,C,8.281513867215407e-5,0.8656529365239211
2106326,9192,Maracaçumé (MA),21149,C,8.273413266758399e-5,0.8657356706565886
2913804,9191,Ipecaetá (BA),13709,C,8.272513200040954e-5,0.865818395788589
3205176,9190,Vila Valério (ES),13728,C,8.271613133323507e-5,0.8659011119199223
2504801,9181,Coremas (PB),14683,C,8.263512532866499e-5,0.8659837470452509
1100056,9178,Cerejeiras (RO),15890,C,8.260812332714162e-5,0.8660663551685781
3168408,9178,Tarumirim (MG),14709,C,8.260812332714162e-5,0.8661489632919053
1501105,9174,Bagre (PA),31892,C,8.25721206584438e-5,0.8662315354125637
5204300,9165,Caçu (GO),13774,C,8.249111465387372e-5,0.8663140265272176
2924207,9150,Pedro Alexandre (BA),13954,C,8.23561046462569e-5,0.8663963826318638
3523602,9145,Itirapina (SP),16148,C,8.231110131038463e-5,0.8664786937331742
4122008,9144,Rio Azul (PR),14025,C,8.230210064321018e-5,0.8665609958338174
2700508,9143,Barra de Santo Antônio (AL),16365,C,8.229309997603573e-5,0.8666432889337934
3202652,9142,Irupi (ES),13710,C,8.228409930886126e-5,0.8667255730331023
3133402,9133,Itapagipe (MG),13690,C,8.220309330429119e-5,0.8668077761264066
1505403,9128,Ourém (PA),17855,C,8.215808996841891e-5,0.866889934216375
1702554,9126,Augustinópolis (TO),17484,C,8.214008863407e-5,0.866972074305009
2200202,9119,Água Branca (PI),17573,C,8.207708396384882e-5,0.8670541513889728
2613800,9115,São Vicente Férrer (PE),16677,C,8.2041081295151e-5,0.867136192470268
2108454,9108,Peritoró (MA),20479,C,8.197807662492982e-5,0.8672181705468929
3132107,9095,Itacarambi (MG),17208,C,8.186106795166191e-5,0.8673000316148446
3147600,9092,Passa Quatro (MG),15515,C,8.183406595013856e-5,0.8673818656807948
3523503,9092,Itatinga (SP),19070,C,8.183406595013856e-5,0.867463699746745
4106308,9082,Corbélia (PR),17470,C,8.174405927839401e-5,0.8675454438060234
4218301,9082,Três Barras (SC),19746,C,8.174405927839401e-5,0.8676271878653018
4217402,9080,Schroeder (SC),20061,C,8.172605794404511e-5,0.8677089139232459
3514908,9077,Elias Fausto (SP),17699,C,8.169905594252174e-5,0.8677906129791885
3144706,9074,Nova Era (MG),17438,C,8.167205394099838e-5,0.8678722850331295
4107603,9061,Faxinal (PR),16389,C,8.155504526773047e-5,0.8679538400783973
3203304,9059,Mantenópolis (ES),12770,C,8.153704393338157e-5,0.8680353771223307
2802304,9049,Frei Paulo (SE),14530,C,8.144703726163702e-5,0.8681168241595923
1301308,9037,Codajás (AM),23549,C,8.133902925554357e-5,0.8681981631888479
2918753,9037,Lagoa Real (BA),14105,C,8.133902925554357e-5,0.8682795022181035
2309201,9035,Nova Olinda (CE),15399,C,8.132102792119466e-5,0.8683608232460247
4211751,9032,Otacílio Costa (SC),17312,C,8.12940259196713e-5,0.8684421172719444
4103453,9024,Cafelândia (PR),18997,C,8.122202058227566e-5,0.8685233392925267
4205001,9014,Dionísio Cerqueira (SC),15008,C,8.113201391053112e-5,0.8686044713064373
3300936,9003,Carapebus (RJ),13847,C,8.103300657161212e-5,0.8686855043130088
5002308,9001,Brasilândia (MS),11579,C,8.101500523726322e-5,0.8687665193182461
2203503,8992,Elesbão Veloso (PI),13607,C,8.093399923269312e-5,0.8688474533174788
2913408,8989,Igaporã (BA),15527,C,8.090699723116977e-5,0.86892836031471
3555109,8981,Tupi Paulista (SP),15854,C,8.083499189377413e-5,0.8690091953066038
1400308,8977,Mucajaí (RR),18095,C,8.07989892250763e-5,0.8690899942958289
2306702,8976,Jaguaretama (CE),17232,C,8.078998855790185e-5,0.8691707842843868
2700706,8974,Batalha (AL),16448,C,8.077198722355295e-5,0.8692515562716103
2111409,8972,São Luís Gonzaga do Maranhão (MA),17818,C,8.075398588920403e-5,0.8693323102574996
2921807,8972,Mortugaba (BA),11143,C,8.075398588920403e-5,0.8694130642433888
2606903,8971,Iguaracy (PE),11081,C,8.074498522202958e-5,0.8694938092286109
3142007,8971,Mirabela (MG),13651,C,8.074498522202958e-5,0.8695745542138329
2210706,8969,Simões (PI),14350,C,8.072698388768068e-5,0.8696552811977206
2101251,8965,Bacabeira (MA),16966,C,8.069098121898286e-5,0.8697359721789396
1502004,8935,Cachoeira do Arari (PA),23981,C,8.042096120374922e-5,0.8698163931401434
2301851,8933,Banabuiú (CE),17195,C,8.040295986940032e-5,0.8698967961000128
2933455,8933,Wanderley (BA),12968,C,8.040295986940032e-5,0.8699771990598822
3102803,8933,Andrelândia (MG),11927,C,8.040295986940032e-5,0.8700576020197517
4126801,8921,Tapejara (PR),15869,C,8.029495186330687e-5,0.870137896971615
3537008,8915,Pedregulho (SP),15525,C,8.024094786026015e-5,0.8702181379194753
3137007,8912,Ladainha (MG),14383,C,8.021394585873678e-5,0.8702983518653341
2911857,8911,Heliópolis (BA),12309,C,8.020494519156233e-5,0.8703785568105257
2102606,8899,Cândido Mendes (MA),19932,C,8.009693718546888e-5,0.8704586537477111
3540507,8895,Porangaba (SP),10451,C,8.006093451677106e-5,0.8705387146822279
2200301,8894,Alto Longá (PI),13479,C,8.00519338495966e-5,0.8706187666160775
4314506,8893,Pinheiro Machado (RS),11214,C,8.004293318242214e-5,0.8706988095492599
4204509,8892,Corupá (SC),15267,C,8.003393251524769e-5,0.8707788434817751
3302056,8891,Italva (RJ),14073,C,8.002493184807324e-5,0.8708588684136233
2304509,8887,Frecheirinha (CE),15657,C,7.998892917937542e-5,0.8709388573428026
4127304,8886,Terra Rica (PR),14842,C,7.997992851220097e-5,0.8710188372713148
3539400,8882,Piratininga (SP),15108,C,7.994392584350314e-5,0.8710987811971583
2300705,8877,Alto Santo (CE),14155,C,7.989892250763087e-5,0.8711786801196659
5105903,8875,Nobres (MT),15492,C,7.988092117328197e-5,0.8712585610408392
1507979,8867,Terra Santa (PA),18782,C,7.980891583588634e-5,0.8713383699566751
2804201,8867,Monte Alegre de Sergipe (SE),14336,C,7.980891583588634e-5,0.871418178872511
3556008,8863,Urupês (SP),13744,C,7.977291316718852e-5,0.8714979517856782
5222005,8861,Vianópolis (GO),14956,C,7.97549118328396e-5,0.8715777066975111
4306007,8856,Crissiumal (RS),12886,C,7.970990849696733e-5,0.871657416606008
2300903,8854,Apuiarés (CE),12928,C,7.969190716261843e-5,0.8717371085131707
3131158,8854,Ipaba (MG),17136,C,7.969190716261843e-5,0.8718168004203333
4307500,8853,Espumoso (RS),15173,C,7.968290649544398e-5,0.8718964833268287
2111003,8846,São João Batista (MA),18544,C,7.96199018252228e-5,0.8719761032286539
2302057,8841,Barroquinha (CE),14567,C,7.957489848935053e-5,0.8720556781271432
2915353,8840,Itaguaçu da Bahia (BA),12311,C,7.956589782217606e-5,0.8721352440249655
1504976,8834,Nova Ipixuna (PA),13955,C,7.951189381912934e-5,0.8722147559187846
3501152,8832,Alumínio (SP),17301,C,7.949389248478043e-5,0.8722942498112694
5221700,8804,Uruana (GO),13729,C,7.924187380389572e-5,0.8723734916850733
4105706,8801,Clevelândia (PR),15070,C,7.921487180237235e-5,0.8724527065568757
3541208,8799,Presidente Bernardes (SP),14490,C,7.919687046802345e-5,0.8725319034273437
4122156,8799,Rio Bonito do Iguaçu (PR),13929,C,7.919687046802345e-5,0.8726111002978116
4104600,8789,Capitão Leônidas Marques (PR),14648,C,7.91068637962789e-5,0.872690207161608
2304657,8787,Graça (CE),13801,C,7.908886246192998e-5,0.8727692960240698
4125100,8781,São João do Triunfo (PR),13726,C,7.903485845888326e-5,0.8728483308825287
3171600,8778,Virgem da Lapa (MG),11804,C,7.90078564573599e-5,0.872927338738986
2308203,8774,Meruoca (CE),15157,C,7.897185378866208e-5,0.8730063105927747
1101401,8763,Monte Negro (RO),11548,C,7.887284644974309e-5,0.8730851834392244
3149705,8761,Perdigão (MG),12268,C,7.885484511539418e-5,0.8731640382843397
2516102,8753,Soledade (PB),13968,C,7.878283977799854e-5,0.8732428211241178
2509206,8750,Massaranduba (PB),14139,C,7.875583777647519e-5,0.8733215769618943
5105200,8749,Juscimeira (MT),11480,C,7.874683710930072e-5,0.8734003237990036
3112703,8746,Capitão Enéas (MG),14108,C,7.871983510777737e-5,0.8734790436341113
2612307,8729,Saloá (PE),13836,C,7.856682376581165e-5,0.8735576104578772
2807501,8729,Tomar do Geru (SE),12012,C,7.856682376581165e-5,0.873636177281643
2411403,8727,Santana do Matos (RN),12456,C,7.854882243146273e-5,0.8737147261040744
2501609,8716,Barra de Santa Rosa (PB),12904,C,7.844981509254373e-5,0.8737931759191669
3108552,8709,Brasilândia de Minas (MG),15020,C,7.838681042232256e-5,0.8738715627295892
2313559,8704,Tururu (CE),15412,C,7.834180708645029e-5,0.8739499045366756
1720903,8703,Taguatinga (TO),14011,C,7.833280641927583e-5,0.8740282373430949
4208401,8703,Itapiranga (SC),16638,C,7.833280641927583e-5,0.8741065701495141
2902401,8700,Aurelino Leal (BA),11179,C,7.830580441775246e-5,0.8741848759539318
2609303,8691,Mirandiba (PE),14166,C,7.822479841318237e-5,0.8742631007523449
4103909,8689,Campina da Lagoa (PR),15723,C,7.820679707883347e-5,0.8743413075494237
3106903,8687,Bicas (MG),13978,C,7.818879574448456e-5,0.8744194963451682
4115408,8675,Marmeleiro (PR),15901,C,7.80807877383911e-5,0.8744975771329067
2906899,8667,Caraíbas (BA),9940,C,7.800878240099548e-5,0.8745755859153076
1300904,8663,Canutama (AM),16869,C,7.797277973229765e-5,0.8746535586950399
2601052,8659,Araçoiaba (PE),19243,C,7.793677706359983e-5,0.8747314954721035
2703304,8656,Inhapi (AL),15167,C,7.790977506207648e-5,0.8748094052471656
2905503,8653,Caldeirão Grande (BA),13080,C,7.788277306055311e-5,0.8748872880202261
5103379,8649,Cotriguaçu (MT),11011,C,7.78467703918553e-5,0.874965134790618
2902252,8648,Arataca (BA),10191,C,7.783776972468084e-5,0.8750429725603427
2931301,8647,Tapiramutá (BA),15818,C,7.782876905750639e-5,0.8751208013294002
2205409,8641,Joaquim Pires (PI),13886,C,7.777476505445966e-5,0.8751985760944546
3142205,8640,Miraí (MG),13633,C,7.776576438728521e-5,0.875276341858842
2706448,8635,Paripueira (AL),13835,C,7.772076105141294e-5,0.8753540626198933
3116100,8632,Chapada do Norte (MG),10337,C,7.769375904988957e-5,0.8754317563789432
2106409,8625,Mata Roma (MA),17090,C,7.763075437966839e-5,0.8755093871333229
1303700,8622,Santo Antônio do Içá (AM),28211,C,7.760375237814502e-5,0.8755869908857011
2516706,8618,Teixeira (PB),14631,C,7.756774970944722e-5,0.8756645586354106
2105609,8613,Joselândia (MA),14924,C,7.752274637357494e-5,0.8757420813817842
3109105,8604,Bueno Brandão (MG),10911,C,7.744174036900485e-5,0.8758195231221533
4111407,8598,Ivaí (PR),13229,C,7.738773636595813e-5,0.8758969108585193
4207106,8597,Ilhota (SC),17046,C,7.737873569878368e-5,0.8759742895942181
3158201,8596,Santa Maria do Suaçuí (MG),12788,C,7.736973503160922e-5,0.8760516593292497
3540903,8594,Pradópolis (SP),17078,C,7.735173369726031e-5,0.8761290110629469
1501006,8592,Aveiro (PA),18290,C,7.73337323629114e-5,0.8762063447953099
2612471,8587,Santa Cruz da Baixa Verde (PE),11567,C,7.728872902703913e-5,0.8762836335243369
4204558,8578,Correia Pinto (SC),15727,C,7.720772302246904e-5,0.8763608412473594
3154200,8573,Resende Costa (MG),11230,C,7.716271968659677e-5,0.876438003967046
1100346,8572,Alvorada D'Oeste (RO),13117,C,7.715371901942231e-5,0.8765151576860654
3130507,8568,Ilicínea (MG),12741,C,7.71177163507245e-5,0.8765922754024161
3140159,8552,Mário Campos (MG),15900,C,7.697370567593323e-5,0.8766692491080921
4320404,8550,Serafina Corrêa (RS),16961,C,7.695570434158432e-5,0.8767462048124337
2928059,8549,Santa Luzia (BA),13896,C,7.694670367440987e-5,0.8768231515161081
4123006,8545,Salto do Lontra (PR),15223,C,7.691070100571205e-5,0.8769000622171138
2104404,8544,Gonçalves Dias (MA),17206,C,7.69017003385376e-5,0.8769769639174524
1507102,8539,São Caetano de Odivelas (PA),16666,C,7.685669700266533e-5,0.877053820614455
1501576,8533,Bom Jesus do Tocantins (PA),18005,C,7.68026929996186e-5,0.8771306233074546
5101258,8530,Araputanga (MT),14786,C,7.677569099809523e-5,0.8772073989984527
5207907,8530,Flores de Goiás (GO),13744,C,7.677569099809523e-5,0.8772841746894507
3514809,8524,Eldorado (SP),13069,C,7.672168699504851e-5,0.8773608963764458
1301605,8511,Fonte Boa (AM),25871,C,7.660467832178061e-5,0.8774375010547676
1400050,8510,Alto Alegre (RR),21096,C,7.659567765460614e-5,0.8775140967324222
3504206,8503,Auriflama (SP),13692,C,7.653267298438497e-5,0.8775906294054066
3136009,8482,Joaíma (MG),13888,C,7.634365897372143e-5,0.8776669730643802
4204251,8471,Cocal do Sul (SC),17240,C,7.624465163480243e-5,0.877743217716015
3104601,8458,Astolfo Dutra (MG),14138,C,7.612764296153453e-5,0.8778193453589765
3156007,8451,Rio Vermelho (MG),12641,C,7.606463829131334e-5,0.8778954099972679
1505635,8443,Piçarra (PA),12832,C,7.599263295391771e-5,0.8779714026302218
4121505,8442,Rebouças (PR),14514,C,7.598363228674326e-5,0.8780473862625086
5214002,8442,Mozarlândia (GO),14750,C,7.598363228674326e-5,0.8781233698947953
3134004,8440,Itinga (MG),13745,C,7.596563095239434e-5,0.8781993355257477
3102100,8439,Alto Rio Doce (MG),10891,C,7.595663028521989e-5,0.878275292156033
3509908,8439,Cananéia (SP),12289,C,7.595663028521989e-5,0.8783512487863182
2507309,8438,Jacaraú (PB),14477,C,7.594762961804544e-5,0.8784271964159363
5004304,8434,Iguatemi (MS),13808,C,7.591162694934762e-5,0.8785031080428856
2107407,8430,Olho d'Água das Cunhãs (MA),17919,C,7.58756242806498e-5,0.8785789836671662
3200169,8422,Água Doce do Norte (ES),12042,C,7.580361894325417e-5,0.8786547872861095
2900306,8419,Acajutiba (BA),13795,C,7.57766169417308e-5,0.8787305639030512
4110508,8416,Ipiranga (PR),14142,C,7.574961494020745e-5,0.8788063135179913
3155702,8412,Rio Piracicaba (MG),14631,C,7.571361227150963e-5,0.8788820271302629
5106216,8402,Nova Canaã do Norte (MT),11707,C,7.562360559976508e-5,0.8789576507358626
2612000,8396,Sairé (PE),10887,C,7.556960159671836e-5,0.8790332203374593
2703809,8393,Joaquim Gomes (AL),17150,C,7.554259959519499e-5,0.8791087629370545
2919405,8392,Licínio de Almeida (BA),11834,C,7.553359892802054e-5,0.8791842965359825
4102802,8392,Bela Vista do Paraíso (PR),14833,C,7.553359892802054e-5,0.8792598301349105
3301157,8387,Cardoso Moreira (RJ),12958,C,7.548859559214827e-5,0.8793353187305026
3133105,8385,Itanhandu (MG),15236,C,7.547059425779936e-5,0.8794107893247605
2109270,8380,Presidente Sarney (MA),17511,C,7.542559092192709e-5,0.8794862149156824
5003454,8380,Deodápolis (MS),13663,C,7.542559092192709e-5,0.8795616405066042
4308102,8375,Feliz (RS),13764,C,7.538058758605482e-5,0.8796370210941903
2102705,8373,Cantanhede (MA),24303,C,7.536258625170591e-5,0.879712383680442
3202603,8371,Iconha (ES),12326,C,7.5344584917357e-5,0.8797877282653593
4127965,8353,Turvo (PR),14231,C,7.518257290821682e-5,0.8798629108382675
3124500,8351,Estiva (MG),11502,C,7.516457157386791e-5,0.8799380754098414
2106755,8350,Miranda do Norte (MA),23864,C,7.515557090669346e-5,0.880013230980748
4300802,8350,Antônio Prado (RS),13045,C,7.515557090669346e-5,0.8800883865516547
4320701,8349,Sobradinho (RS),14226,C,7.5146570239519e-5,0.8801635331218942
2512408,8344,Puxinanã (PB),14277,C,7.510156690364673e-5,0.8802386346887978
1200013,8339,Acrelândia (AC),14021,C,7.505656356777446e-5,0.8803136912523656
2901403,8334,Angical (BA),13732,C,7.501156023190219e-5,0.8803887028125975
5005202,8333,Ladário (MS),21522,C,7.500255956472774e-5,0.8804637053721622
2804904,8321,Pacatuba (SE),12502,C,7.489455155863429e-5,0.8805385999237209
3133600,8314,Itapeva (MG),12692,C,7.48315468884131e-5,0.8806134314706092
2930907,8309,Tabocas do Brejo Velho (BA),11979,C,7.478654355254083e-5,0.88068821801416175
4101705,8309,Araruna (PR),14485,C,7.478654355254083e-5,0.8807630045577143
2313906,8304,Uruoca (CE),13746,C,7.474154021666857e-5,0.880837746097931
4101903,8293,Assaí (PR),13797,C,7.464253287774956e-5,0.8809123886308087
5007935,8285,Sonora (MS),14516,C,7.457052754035393e-5,0.880986959158349
3506904,8278,Bofete (SP),10460,C,7.450752287013275e-5,0.8810614666812191
2111078,8276,São João do Soter (MA),16889,C,7.448952153578384e-5,0.8811359562027549
2802403,8268,Gararu (SE),11096,C,7.441751619838821e-5,0.8812103737189533
3552700,8257,Tabatinga (SP),14769,C,7.431850885946921e-5,0.8812846922278127
3170057,8253,Ubaporanga (MG),13017,C,7.428250619077139e-5,0.8813589747340035
1304104,8251,Tapauá (AM),19599,C,7.426450485642249e-5,0.8814332392388599
4107009,8248,Curiúva (PR),13647,C,7.423750285489912e-5,0.8815074767417147
2608602,8245,Lagoa do Ouro (PE),11933,C,7.421050085337575e-5,0.881581687242568
3109501,8243,Cabo Verde (MG),11410,C,7.419249951902685e-5,0.881655879742087
5107305,8237,São José do Rio Claro (MT),14911,C,7.413849551598012e-5,0.881730018237603
2608057,8222,Jatobá (PE),14020,C,7.40034855083633e-5,0.8818040217231113
3536307,8220,Patrocínio Paulista (SP),14512,C,7.39854841740144e-5,0.8818780072072854
4305207,8216,Cerro Largo (RS),13705,C,7.394948150531658e-5,0.8819519566887907
3520202,8214,Igaratá (SP),10605,C,7.393148017096768e-5,0.8820258881689617
3112604,8213,Capinópolis (MG),14655,C,7.392247950379321e-5,0.8820998106484654
3537206,8213,Pedro de Toledo (SP),11281,C,7.392247950379321e-5,0.8821737331279692
3551801,8212,Sete Barras (SP),12730,C,7.391347883661876e-5,0.8822476466068059
2928505,8211,Santa Terezinha (BA),10441,C,7.390447816944431e-5,0.8823215510849753
2400505,8204,Alexandria (RN),13640,C,7.384147349922313e-5,0.8823953925584745
1716208,8185,Paranã (TO),10542,C,7.36704608229085e-5,0.8824690630192975
2513406,8184,Santa Luzia (PB),14959,C,7.366146015573404e-5,0.8825427244794533
2110401,8177,São Benedito do Rio Preto (MA),18364,C,7.359845548551287e-5,0.8826163229349387
5104609,8176,Itiquira (MT),12236,C,7.35894548183384e-5,0.8826899123897571
4216701,8165,São José do Cedro (SC),14167,C,7.349044747941941e-5,0.8827634028372365
2405603,8162,Jardim de Piranhas (RN),13977,C,7.346344547789605e-5,0.8828368662827144
3528007,8161,Macatuba (SP),16829,C,7.34544448107216e-5,0.8829103207275252
1508050,8160,Trairão (PA),15242,C,7.344544414354713e-5,0.8829837661716687
3510708,8159,Cardoso (SP),11345,C,7.343644347637268e-5,0.8830572026151451
2509404,8149,Mogeiro (PB),13899,C,7.334643680462814e-5,0.8831305490519498
2308351,8140,Milhã (CE),14123,C,7.326543080005806e-5,0.8832038144827499
4111902,8139,Jaguapitã (PR),15122,C,7.32564301328836e-5,0.8832770709128828
2605509,8131,Ferreiros (PE),15026,C,7.318442479548797e-5,0.8833502553376783
3203809,8115,Muqui (ES),13745,C,7.30404141206967e-5,0.883423295751799
3511706,8115,Charqueada (SP),15535,C,7.30404141206967e-5,0.8834963361659197
2305704,8104,Ipaumirim (CE),12083,C,7.29414067817777e-5,0.8835692775727015
2311009,8092,Poranga (CE),12065,C,7.283339877568425e-5,0.8836421109714773
3161809,8081,São Gonçalo do Pará (MG),11770,C,7.273439143676526e-5,0.883714845362914
2207504,8080,Palmeirais (PI),13264,C,7.272539076959079e-5,0.8837875707536836
5106232,8078,Nova Olímpia (MT),16352,C,7.270738943524189e-5,0.8838602781431188
3120201,8076,Cristais (MG),12197,C,7.268938810089298e-5,0.8839329675312197
4211504,8076,Nova Trento (SC),13727,C,7.268938810089298e-5,0.8840056569193206
3140803,8075,Matias Barbosa (MG),14121,C,7.268038743371852e-5,0.8840783373067543
2108058,8074,Paulino Neves (MA),17056,C,7.267138676654407e-5,0.8841510086935209
2929800,8074,Saúde (BA),10478,C,7.267138676654407e-5,0.8842236800802875
2929370,8070,São José do Jacuípe (BA),10187,C,7.263538409784625e-5,0.8842963154643854
4121802,8067,Ribeirão Claro (PR),12364,C,7.260838209632289e-5,0.8843689238464817
3154903,8062,Rio Casca (MG),12789,C,7.256337876045062e-5,0.8844414872252422
2203206,8056,Curimatá (PI),11270,C,7.25093747574039e-5,0.8845139965999996
4301107,8049,Arroio dos Ratos (RS),14601,C,7.244637008718272e-5,0.8845864429700868
1504505,8040,Melgaço (PA),27881,C,7.236536408261263e-5,0.8846588083341694
2104206,8038,Fortuna (MA),16976,C,7.234736274826371e-5,0.8847311556969177
3133758,8018,Itaú de Minas (MG),14406,C,7.216734940477463e-5,0.8848033230463225
1100080,8013,Costa Marques (RO),12627,C,7.212234606890236e-5,0.8848754453923914
3201159,8009,Brejetuba (ES),12985,C,7.208634340020454e-5,0.8849475317357915
1507508,8007,São João do Araguaia (PA),13664,C,7.206834206585564e-5,0.8850196000778574
1304302,8004,Urucará (AM),18631,C,7.204134006433227e-5,0.8850916414179217
3139805,8002,Mar de Espanha (MG),12721,C,7.202333872998336e-5,0.8851636647566518
2702108,7994,Colônia Leopoldina (AL),15816,C,7.195133339258772e-5,0.8852356160900443
1303304,7984,Novo Aripuanã (AM),23818,C,7.186132672084318e-5,0.8853074774167652
2414001,7983,Tangará (RN),13281,C,7.185232605366873e-5,0.8853793297428189
5106299,7983,Paranaíta (MT),11671,C,7.185232605366873e-5,0.8854511820688725
3525508,7980,Joanópolis (SP),12815,C,7.182532405214537e-5,0.8855230073929247
2601805,7979,Betânia (PE),11232,C,7.18163233849709e-5,0.8855948237163096
3165008,7979,São Tiago (MG),11192,C,7.18163233849709e-5,0.8856666400396945
2306009,7978,Iracema (CE),14001,C,7.180732271779645e-5,0.8857384473624124
3548609,7976,São Bento do Sapucaí (SP),11674,C,7.178932138344755e-5,0.8858102366837958
2404507,7971,Guamaré (RN),15295,C,7.174431804757528e-5,0.8858819810018433
3107901,7971,Bom Repouso (MG),12649,C,7.174431804757528e-5,0.8859537253198909
4119103,7969,Piên (PR),13655,C,7.172631671322636e-5,0.8860254516366042
4321402,7966,Tenente Portela (RS),14497,C,7.1699314711703e-5,0.8860971509513159
3305901,7965,Trajano de Moraes (RJ),10302,C,7.169031404452855e-5,0.8861688412653604
4114005,7953,Mamborê (PR),13452,C,7.158230603843509e-5,0.8862404235713989
4312708,7949,Nonoai (RS),13719,C,7.154630336973729e-5,0.8863119698747686
2804102,7948,Moita Bonita (SE),11050,C,7.153730270256283e-5,0.8863835071774712
3168507,7944,Teixeiras (MG),12255,C,7.150130003386501e-5,0.886455008477505
3134707,7939,Jacinto (MG),11042,C,7.145629669799274e-5,0.886526464774203
4218905,7935,Urubici (SC),10834,C,7.142029402929492e-5,0.8865978850682323
2929404,7926,São Miguel das Matas (BA),10334,C,7.133928802472483e-5,0.8866692243562571
4117057,7925,Nova Laranjeiras (PR),12074,C,7.133028735755038e-5,0.8867405546436146
3109709,7924,Cachoeira de Minas (MG),11883,C,7.132128669037592e-5,0.886811875930305
2925931,7918,Quixabeira (BA),9461,C,7.12672826873292e-5,0.8868831432129923
2612802,7917,Santa Terezinha (PE),10244,C,7.125828202015475e-5,0.8869544014950125
4100806,7917,Alvorada do Sul (PR),10326,C,7.125828202015475e-5,0.8870256597770326
3145000,7916,Nova Ponte (MG),14598,C,7.124928135298028e-5,0.8870969090583856
4203709,7915,Canelinha (SC),12821,C,7.124028068580583e-5,0.8871681493390714
3112802,7914,Capitólio (MG),10380,C,7.123128001863138e-5,0.88723938061909
1200351,7913,Marechal Thaumaturgo (AC),17093,C,7.122227935145693e-5,0.8873106028984414
2205003,7909,Itainópolis (PI),10790,C,7.118627668275911e-5,0.8873817891751242
3540754,7908,Potim (SP),20392,C,7.117727601558466e-5,0.8874529664511398
3201001,7903,Boa Esperança (ES),13608,C,7.113227267971238e-5,0.8875240987238195
3521309,7902,Ipuã (SP),14454,C,7.112327201253793e-5,0.8875952219958321
2912004,7900,Ibiassucê (BA),10429,C,7.110527067818901e-5,0.8876663272665103
2920908,7894,Mascote (BA),13544,C,7.105126667514229e-5,0.8877373785331855
3149150,7886,Pedras de Maria da Cruz (MG),10433,C,7.097926133774666e-5,0.8878083577945232
3117108,7884,Conceição da Aparecida (MG),10371,C,7.096126000339775e-5,0.8878793190545266
2100832,7883,Apicum-Açu (MA),17519,C,7.09522593362233e-5,0.8879502713138627
2101301,7882,Bacuri (MA),16290,C,7.094325866904884e-5,0.8880212145725318
2103257,7882,Cidelândia (MA),12878,C,7.094325866904884e-5,0.8880921578312009
1300631,7879,Beruri (AM),20718,C,7.091625666752549e-5,0.8881630740878684
2110302,7879,Santo Antônio dos Lopes (MA),14304,C,7.091625666752549e-5,0.888233990344536
3157708,7876,Santa Juliana (MG),15734,C,7.088925466600212e-5,0.888304879599202
1100379,7869,Alto Alegre dos Parecis (RO),11479,C,7.082624999578094e-5,0.8883757058491978
2208106,7863,Pimenteiras (PI),11341,C,7.077224599273422e-5,0.8884464780951905
3153905,7841,Raposos (MG),16279,C,7.057423131489621e-5,0.8885170523265054
5107859,7840,São Félix do Araguaia (MT),13621,C,7.056523064772176e-5,0.8885876175571531
4209607,7834,Lauro Müller (SC),14381,C,7.051122664467504e-5,0.8886581287837978
4317806,7826,Santo Augusto (RS),13902,C,7.043922130727941e-5,0.888728568005105
3106507,7813,Berilo (MG),9826,C,7.03222126340115e-5,0.8887988902177391
3111309,7811,Campo do Meio (MG),11377,C,7.030421129966259e-5,0.8888691944290387
3117900,7810,Congonhal (MG),11083,C,7.029521063248814e-5,0.8889394896396712
1501600,7808,Bonito (PA),12622,C,7.027720929813922e-5,0.8890097668489693
2919306,7805,Lençóis (BA),10774,C,7.025020729661587e-5,0.8890800170562658
4113908,7799,Mallet (PR),13428,C,7.019620329356913e-5,0.8891502132595593
2706109,7794,Ouro Branco (AL),11446,C,7.015119995769687e-5,0.889220364459517
3550001,7792,São Luiz do Paraitinga (SP),10337,C,7.013319862334795e-5,0.8892904976581404
3538105,7788,Pindorama (SP),14542,C,7.009719595465013e-5,0.889360594854095
2907558,7786,Caturama (BA),8841,C,7.007919462030123e-5,0.8894306740487153
4321436,7783,Terra de Areia (RS),10334,C,7.005219261877786e-5,0.8895007262413341
3129707,7780,Ibiraci (MG),10948,C,7.00251906172545e-5,0.8895707514319514
2924652,7774,Pintadas (BA),10325,C,6.997118661420778e-5,0.8896407226185656
1502509,7761,Chaves (PA),20757,C,6.985417794093987e-5,0.8897105767965066
4103107,7760,Bocaiúva do Sul (PR),13299,C,6.984517727376542e-5,0.8897804219737804
4100608,7759,Alto Paraná (PR),13909,C,6.983617660659096e-5,0.889850258150387
2919603,7757,Macajuba (BA),10454,C,6.981817527224206e-5,0.8899200763256593
3203353,7755,Marilândia (ES),12387,C,6.980017393789314e-5,0.8899898764995972
3301801,7755,Engenheiro Paulo de Frontin (RJ),12242,C,6.980017393789314e-5,0.890059676673535
3550902,7748,São Simão (SP),13442,C,6.973716926767197e-5,0.8901294138428028
1200427,7743,Rodrigues Alves (AC),14938,C,6.96921659317997e-5,0.8901991060087345
2923506,7738,Palmeiras (BA),10339,C,6.964716259592742e-5,0.8902687531713305
5104203,7737,Guiratinga (MT),10966,C,6.963816192875297e-5,0.8903383913332592
5201801,7727,Aragoiânia (GO),11890,C,6.954815525700843e-5,0.8904079394885163
2210805,7726,Simplício Mendes (PI),13870,C,6.953915458983398e-5,0.8904774786431061
3518503,7722,Guareí (SP),15013,C,6.950315192113615e-5,0.8905469817950272
2111763,7720,Senador La Rocque (MA),14700,C,6.948515058678725e-5,0.890616466945614
2607802,7719,Itaquitinga (PE),16554,C,6.947614991961279e-5,0.8906859430955336
2500908,7718,Arara (PB),12212,C,6.946714925243833e-5,0.8907554102447861
2914307,7710,Iramaia (BA),10752,C,6.93951439150427e-5,0.8908248053887011
2915106,7705,Itagi (BA),13803,C,6.935014057917043e-5,0.8908941555292803
3124906,7704,Eugenópolis (MG),10801,C,6.934113991199598e-5,0.8909634966691923
3532306,7703,Natividade da Serra (SP),6999,C,6.933213924482152e-5,0.8910328288084371
2803401,7696,Japoatã (SE),13407,C,6.926913457460034e-5,0.8911020979430118
2911303,7688,Gentio do Ouro (BA),10884,C,6.919712923720471e-5,0.891171295072249
3204807,7686,São José do Calçado (ES),10878,C,6.91791279028558e-5,0.8912404742001518
2102358,7685,Buritirana (MA),12918,C,6.917012723568134e-5,0.8913096443273876
4302352,7671,Bom Princípio (RS),13142,C,6.904411789523898e-5,0.8913786884452828
2603306,7660,Calçado (PE),11093,C,6.894511055631998e-5,0.8914476335558391
5205307,7660,Cavalcante (GO),9583,C,6.894511055631998e-5,0.8915165786663954
2904209,7657,Botuporã (BA),11024,C,6.891810855479663e-5,0.8915854967749502
2103174,7656,Centro Novo do Maranhão (MA),16267,C,6.890910788762218e-5,0.8916544058828378
1101302,7655,Mirante da Serra (RO),9235,C,6.890010722044771e-5,0.8917233059900583
2901700,7653,Antônio Cardoso (BA),11146,C,6.888210588609881e-5,0.8917921880959444
1302306,7649,Jutaí (AM),25172,C,6.884610321740099e-5,0.8918610341991619
2608255,7648,Jucati (PE),11517,C,6.883710255022654e-5,0.8919298713017121
2905107,7647,Caém (BA),10384,C,6.882810188305208e-5,0.8919986994035951
2700201,7646,Anadia (AL),13966,C,6.881910121587763e-5,0.892067518504811
4114500,7643,Manoel Ribas (PR),14240,C,6.879209921435426e-5,0.8921363106040254
3139904,7641,Maria da Fé (MG),14247,C,6.877409788000536e-5,0.8922050847019054
4107504,7641,Engenheiro Beltrão (PR),12454,C,6.877409788000536e-5,0.8922738587997854
4301909,7639,Barra do Ribeiro (RS),12225,C,6.875609654565644e-5,0.892342614896331
3201704,7637,Conceição do Castelo (ES),11937,C,6.873809521130754e-5,0.8924113529915424
2918456,7629,Jucuruçu (BA),9655,C,6.86660898739119e-5,0.8924800190814163
1711902,7628,Lagoa da Confusão (TO),15288,C,6.865708920673745e-5,0.8925486761706231
5102793,7625,Carlinda (MT),10332,C,6.863008720521409e-5,0.8926173062578283
3109907,7623,Caetanópolis (MG),11435,C,6.861208587086517e-5,0.8926859183436991
4317707,7623,Santo Antônio das Missões (RS),10300,C,6.861208587086517e-5,0.89275453042957
2900504,7620,Érico Cardoso (BA),10604,C,6.858508386934182e-5,0.8928231155134393
2914109,7615,Ipupiara (BA),9935,C,6.854008053346955e-5,0.8928916555939728
1505007,7610,Nova Timboteua (PA),12806,C,6.849507719759727e-5,0.8929601506711704
2926657,7609,Ribeirão do Largo (BA),9740,C,6.848607653042282e-5,0.8930286367477008
2300507,7605,Alcântaras (CE),11369,C,6.8450073861725e-5,0.8930970868215625
3117702,7602,Conceição do Rio Verde (MG),12541,C,6.842307186020163e-5,0.8931655098934227
2504900,7595,Cruz do Espírito Santo (PB),17095,C,6.836006718998046e-5,0.8932338699606127
5217203,7594,Piranhas (GO),11712,C,6.8351066522806e-5,0.8933022210271355
3108107,7591,Bonfim (MG),7434,C,6.832406452128264e-5,0.8933705450916568
4121901,7589,Ribeirão do Pinhal (PR),13060,C,6.830606318693373e-5,0.8934388511548438
5105580,7586,Marcelândia (MT),11396,C,6.827906118541036e-5,0.8935071302160292
4119806,7582,Planalto (PR),14374,C,6.824305851671256e-5,0.893575373274546
2414605,7581,Upanema (RN),13577,C,6.823405784953809e-5,0.8936436073323955
5106828,7581,Porto Esperidião (MT),10204,C,6.823405784953809e-5,0.893711841390245
4203303,7580,Campo Alegre (SC),12501,C,6.822505718236364e-5,0.8937800664474274
2610301,7567,Paranatama (PE),12199,C,6.810804850909574e-5,0.8938481744959365
3304128,7558,Quatis (RJ),13682,C,6.802704250452565e-5,0.893916201538441
1200138,7557,Bujari (AC),12917,C,6.80180418373512e-5,0.8939842195802783
1300409,7547,Barcelos (AM),18834,C,6.792803516560665e-5,0.8940521476154439
2203453,7544,Dom Inocêncio (PI),9159,C,6.790103316408328e-5,0.8941200486486081
1101500,7542,Seringueiras (RO),11171,C,6.788303182973438e-5,0.8941879316804378
2706000,7540,Olivença (AL),10812,C,6.786503049538547e-5,0.8942557967109331
4217600,7540,Siderópolis (SC),13714,C,6.786503049538547e-5,0.8943236617414285
3203130,7537,João Neiva (ES),14079,C,6.78380284938621e-5,0.8943914997699224
1716505,7536,Pedro Afonso (TO),14055,C,6.782902782668765e-5,0.894459328797749
2707206,7532,Poço das Trincheiras (AL),12518,C,6.779302515798983e-5,0.8945271218229071
4215505,7532,Santa Cecília (SC),15546,C,6.779302515798983e-5,0.8945949148480651
5203906,7530,Buriti Alegre (GO),10495,C,6.777502382364093e-5,0.8946626898718887
3137403,7527,Lagoa Dourada (MG),12769,C,6.774802182211756e-5,0.8947304378937108
2201150,7526,Baixa Grande do Ribeiro (PI),13272,C,6.773902115494311e-5,0.8947981769148657
2920452,7522,Mansidão (BA),13919,C,6.770301848624529e-5,0.894865879933352
3545605,7520,Santa Adélia (SP),14018,C,6.768501715189639e-5,0.8949335649505039
2201101,7516,Avelino Lopes (PI),10866,C,6.764901448319856e-5,0.8950012139649871
5204102,7515,Cachoeira Alta (GO),11513,C,6.764001381602411e-5,0.8950688539788031
3170008,7513,Ubaí (MG),11708,C,6.762201248167521e-5,0.8951364759912848
2910008,7510,Dário Meira (BA),10820,C,6.759501048015184e-5,0.8952040710017649
3111507,7509,Campos Altos (MG),12979,C,6.758600981297739e-5,0.8952716570115778
2924678,7500,Piraí do Norte (BA),10974,C,6.75050038084073e-5,0.8953391620153862
2930006,7498,Sebastião Laranjeiras (BA),9360,C,6.748700247405839e-5,0.8954066490178603
3556107,7497,Valentim Gentil (SP),14098,C,6.747800180688394e-5,0.8954741270196671
1100700,7495,Campo Novo de Rondônia (RO),8844,C,6.746000047253502e-5,0.8955415870201396
2801504,7493,Carmópolis (SE),13853,C,6.744199913818612e-5,0.8956090290192779
3146909,7492,Papagaios (MG),13920,C,6.743299847101167e-5,0.8956764620177489
4127858,7487,Três Barras do Paraná (PR),11135,C,6.73879951351394e-5,0.895743850012884
3133204,7486,Itanhomi (MG),11128,C,6.737899446796494e-5,0.895811229007352
1301803,7481,Ipixuna (AM),24311,C,6.733399113209267e-5,0.8958785629984841
4218806,7481,Turvo (SC),13043,C,6.733399113209267e-5,0.8959458969896162
3110707,7469,Cambuquira (MG),12313,C,6.722598312599921e-5,0.8960131229727423
2500502,7467,Alagoinha (PB),13725,C,6.720798179165031e-5,0.8960803309545339
2929008,7467,São Félix (BA),11026,C,6.720798179165031e-5,0.8961475389363255
2611200,7460,Poção (PE),10500,C,6.714497712142913e-5,0.8962146839134469
3514502,7459,Duartina (SP),12328,C,6.713597645425467e-5,0.8962818198899012
4123808,7459,Santa Izabel do Oeste (PR),14070,C,6.713597645425467e-5,0.8963489558663554
4211603,7455,Nova Veneza (SC),13664,C,6.709997378555686e-5,0.896416055840141
4118907,7452,Pérola (PR),11878,C,6.707297178403349e-5,0.8964831288119249
2917359,7446,Jaborandi (BA),9275,C,6.701896778098677e-5,0.8965501477797059
2804458,7445,Nossa Senhora Aparecida (SE),9232,C,6.700996711381231e-5,0.8966171577468197
2615508,7443,Tracunhaém (PE),13867,C,6.69919657794634e-5,0.8966841497125991
2703007,7434,Ibateguara (AL),13731,C,6.691095977489332e-5,0.896751060672374
4320206,7431,Seberi (RS),11950,C,6.688395777336995e-5,0.8968179446301473
2806305,7430,Santa Luzia do Itanhy (SE),13616,C,6.68749571061955e-5,0.8968848195872535
2905156,7427,Caetanos (BA),11266,C,6.684795510467213e-5,0.8969516675423582
2901601,7424,Antas (BA),14206,C,6.682095310314877e-5,0.8970184884954614
1304401,7423,Urucurituba (AM),23945,C,6.681195243597432e-5,0.8970853004478974
3203163,7421,Laranja da Terra (ES),11094,C,6.67939511016254e-5,0.897152094398999
2906105,7400,Canápolis (BA),10225,C,6.660493709096186e-5,0.89721869933609
3519055,7396,Holambra (SP),15094,C,6.656893442226406e-5,0.8972852682705122
5220009,7393,São João d'Aliança (GO),14041,C,6.654193242074069e-5,0.897351810202933
3127602,7391,Gouveia (MG),11331,C,6.652393108639178e-5,0.8974183341340194
3304607,7390,Santa Maria Madalena (RJ),10232,C,6.651493041921732e-5,0.8974848490644386
2804003,7385,Maruim (SE),15719,C,6.646992708334506e-5,0.897551318991522
4306205,7381,Cruzeiro do Sul (RS),11600,C,6.643392441464724e-5,0.8976177529159366
3161908,7380,São Gonçalo do Rio Abaixo (MG),11850,C,6.642492374747279e-5,0.897684177839684
2705200,7377,Messias (AL),15405,C,6.639792174594942e-5,0.8977505757614299
5108006,7376,Tapurah (MT),14370,C,6.638892107877497e-5,0.8978169646825087
4209904,7369,Lontras (SC),12873,C,6.632591640855378e-5,0.8978832905989172
2921450,7366,Mirante (BA),10187,C,6.629891440703042e-5,0.8979495895133243
2305332,7353,Ibicuitinga (CE),11611,C,6.618190573376251e-5,0.898015771419058
1702406,7343,Arraias (TO),10287,C,6.609189906201798e-5,0.89808186331812
4118808,7332,Peabiru (PR),13346,C,6.599289172309898e-5,0.8981478562098432
3203106,7323,Jerônimo Monteiro (ES),11575,C,6.591188571852889e-5,0.8982137680955617
2102507,7320,Cajari (MA),16412,C,6.588488371700552e-5,0.8982796529792788
2708956,7317,Senador Rui Palmeira (AL),12303,C,6.585788171548216e-5,0.8983455108609943
5200605,7309,Alto Paraíso de Goiás (GO),10306,C,6.578587637808652e-5,0.8984112967373724
4116109,7308,Moreira Sales (PR),11175,C,6.577687571091207e-5,0.8984770736130834
4311106,7303,Jaguari (RS),10579,C,6.57318723750398e-5,0.8985428054854584
5207402,7302,Edéia (GO),11747,C,6.572287170786535e-5,0.8986085283571663
3511300,7301,Cedral (SP),12618,C,6.57138710406909e-5,0.898674242228207
2923035,7297,Novo Horizonte (BA),11162,C,6.567786837199307e-5,0.898739920096579
3114105,7297,Carmo de Minas (MG),13797,C,6.567786837199307e-5,0.898805597964951
1502608,7296,Colares (PA),12868,C,6.566886770481862e-5,0.8988712668326558
3528809,7290,Maracaí (SP),12673,C,6.56148637017719e-5,0.8989368816963577
4112504,7290,Jardim Alegre (PR),12004,C,6.56148637017719e-5,0.8990024965600595
2106805,7287,Mirinzal (MA),13978,C,6.558786170024853e-5,0.8990680844217598
3151305,7282,Piraúba (MG),11610,C,6.554285836437626e-5,0.8991336272801241
3166808,7278,Serra do Salitre (MG),11801,C,6.550685569567844e-5,0.8991991341358199
2515104,7276,São Sebastião de Lagoa de Roça (PB),11040,C,6.548885436132953e-5,0.8992646229901812
1303007,7268,Nhamundá (AM),20136,C,6.541684902393389e-5,0.8993300398392051
4301206,7268,Arroio do Tigre (RS),12058,C,6.541684902393389e-5,0.8993954566882291
2103752,7266,Davinópolis (MA),14404,C,6.539884768958499e-5,0.8994608555359187
5108055,7265,Terra Nova do Norte (MT),10616,C,6.538984702241054e-5,0.8995262453829411
2930758,7260,Sítio do Mato (BA),13408,C,6.534484368653827e-5,0.8995915902266277
3551900,7260,Severínia (SP),14576,C,6.534484368653827e-5,0.8996569350703143
5213707,7258,Montes Claros de Goiás (GO),8756,C,6.532684235218936e-5,0.8997222619126665
3553955,7256,Tarumã (SP),14882,C,6.530884101784044e-5,0.8997875707536843
2921054,7255,Matina (BA),10330,C,6.529984035066599e-5,0.899852870594035
4302402,7246,Bom Retiro do Sul (RS),12294,C,6.52188343460959e-5,0.899918089428381
3301603,7238,Duas Barras (RJ),10980,C,6.514682900870027e-5,0.8999832362573897
2413359,7234,Serra do Mel (RN),13091,C,6.511082634000245e-5,0.9000483470837297
4121000,7233,Querência do Norte (PR),10685,C,6.5101825672828e-5,0.9001134489094026
2902658,7229,Banzaê (BA),11958,C,6.506582300413018e-5,0.9001785147324067
2609808,7219,Orocó (PE),13613,C,6.497581633238563e-5,0.9002434905487391
2706505,7218,Passo de Camaragibe (AL),13804,C,6.496681566521118e-5,0.9003084573644043
2924702,7216,Piripá (BA),9152,C,6.494881433086228e-5,0.9003734061787352
1101708,7206,Urupá (RO),10725,C,6.485880765911773e-5,0.9004382649863943
1101609,7191,Theobroma (RO),8113,C,6.472379765150092e-5,0.9005029887840459
3306156,7191,Varre-Sai (RJ),10207,C,6.472379765150092e-5,0.9005677125816974
3101003,7186,Águas Vermelhas (MG),14037,C,6.467879431562865e-5,0.900632391376013
3160306,7183,Santo Antônio do Jacinto (MG),10327,C,6.465179231410528e-5,0.9006970431683271
3114006,7178,Carmo da Mata (MG),11019,C,6.460678897823302e-5,0.9007616499573053
2922250,7177,Muquém do São Francisco (BA),10443,C,6.459778831105855e-5,0.9008262477456164
2923902,7169,Pau Brasil (BA),9370,C,6.452578297366292e-5,0.90089077352859
2204303,7159,Fronteiras (PI),10259,C,6.443577630191838e-5,0.9009552093048919
2409803,7149,Pedro Velho (RN),13824,C,6.434576963017384e-5,0.9010195550745221
4208708,7149,Jacinto Machado (SC),10624,C,6.434576963017384e-5,0.9010839008441524
5212303,7147,Leopoldo de Bulhões (GO),8745,C,6.432776829582493e-5,0.9011482286124481
3300225,7144,Areal (RJ),11828,C,6.430076629430156e-5,0.9012125293787424
2601508,7143,Belém de Maria (PE),10378,C,6.429176562712711e-5,0.9012768211443696
3108255,7143,Bonito de Minas (MG),10204,C,6.429176562712711e-5,0.9013411129099967
2502805,7136,Brejo do Cruz (PB),13613,C,6.422876095690594e-5,0.9014053416709537
3519402,7134,Ibirá (SP),11690,C,6.421075962255702e-5,0.9014695524305762
4302303,7134,Bom Jesus (RS),11202,C,6.421075962255702e-5,0.9015337631901988
3522901,7126,Itapuí (SP),13659,C,6.413875428516139e-5,0.901597901944484
2510907,7120,Paulista (PB),11834,C,6.408475028211467e-5,0.901661986694766
2612901,7118,São Benedito do Sul (PE),13113,C,6.406674894776575e-5,0.9017260534437138
2105476,7117,Jenipapo dos Vieiras (MA),17076,C,6.40577482805913e-5,0.9017901111919944
5006903,7115,Porto Murtinho (MS),12859,C,6.40397469462424e-5,0.9018541509389406
2700607,7104,Barra de São Miguel (AL),7944,C,6.39407396073234e-5,0.901918091678548
2108801,7102,Pirapemas (MA),17714,C,6.392273827297448e-5,0.9019820144168209
1300680,7091,Boa Vista do Ramos (AM),23785,C,6.382373093405548e-5,0.902045838147755
4125001,7091,São João do Ivaí (PR),10667,C,6.382373093405548e-5,0.902109661878689
2806800,7084,São Domingos (SE),10327,C,6.376072626383431e-5,0.9021734226049528
2614303,7078,Moreilândia (PE),10540,C,6.370672226078758e-5,0.9022371293272136
3116159,7069,Chapada Gaúcha (MG),12355,C,6.362571625621749e-5,0.9023007550434697
5204706,7068,Campinorte (GO),12510,C,6.361671558904304e-5,0.9023643717590588
4102505,7066,Barbosa Ferraz (PR),10795,C,6.359871425469412e-5,0.9024279704733135
4102307,7063,Balsa Nova (PR),13395,C,6.357171225317077e-5,0.9024915421855666
2603926,7060,Carnaubeira da Penha (PE),12239,C,6.35447102516474e-5,0.9025550868958182
4112801,7058,Joaquim Távora (PR),11945,C,6.35267089172985e-5,0.9026186136047355
5004007,7058,Glória de Dourados (MS),10444,C,6.35267089172985e-5,0.9026821403136528
3152303,7052,Porto Firme (MG),10569,C,6.347270491425177e-5,0.902745613018567
3532603,7052,Nhandeara (SP),9852,C,6.347270491425177e-5,0.9028090857234813
3123700,7049,Engenheiro Caldas (MG),13622,C,6.34457029127284e-5,0.902872531426394
4321667,7044,Três Cachoeiras (RS),10962,C,6.340069957685613e-5,0.9029359321259709
2926905,7040,Rio do Pires (BA),10497,C,6.336469690815832e-5,0.902999296822879
2305654,7039,Ipaporanga (CE),11575,C,6.335569624098386e-5,0.90306265251912
2110906,7031,São Francisco do Maranhão (MA),12064,C,6.328369090358823e-5,0.9031259362100236
3513900,7027,Divinolândia (SP),11158,C,6.324768823489041e-5,0.9031891838982584
2205102,7026,Itaueira (PI),10323,C,6.323868756771596e-5,0.9032524225858262
3136900,7019,Juruaia (MG),11084,C,6.317568289749478e-5,0.9033155982687237
2400703,7018,Alto do Rodrigues (RN),12484,C,6.316668223032032e-5,0.9033787649509539
2701308,7016,Cajueiro (AL),16024,C,6.314868089597141e-5,0.9034419136318499
4116703,7015,Nova Aurora (PR),13765,C,6.313968022879696e-5,0.9035050533120786
1502855,7010,Curuá (PA),14117,C,6.309467689292469e-5,0.9035681479889716
2506400,7010,Gurinhém (PB),13766,C,6.309467689292469e-5,0.9036312426658645
3551108,7009,Sarapuí (SP),10369,C,6.308567622575024e-5,0.9036943283420902
1300102,7005,Anori (AM),17194,C,6.304967355705242e-5,0.9037573780156473
5216403,7003,Paraúna (GO),10659,C,6.303167222270351e-5,0.9038204096878699
4216800,7001,São José do Cerrito (SC),8708,C,6.30136708883546e-5,0.9038834233587583
3548054,6999,Santo Antônio do Aracanguá (SP),8379,C,6.299566955400569e-5,0.9039464190283123
3164605,6993,São Sebastião do Oeste (MG),8815,C,6.294166555095897e-5,0.9040093606938633
4110805,6990,Iretama (PR),10684,C,6.29146635494356e-5,0.9040722753574127
5212808,6990,Mara Rosa (GO),10700,C,6.29146635494356e-5,0.9041351900209622
3535002,6989,Palestina (SP),11476,C,6.290566288226115e-5,0.9041980956838445
3517901,6982,Guaraci (SP),10350,C,6.284265821203997e-5,0.9042609383420565
4124707,6978,São Jerônimo da Serra (PR),10830,C,6.280665554334215e-5,0.9043237449975998
3102902,6974,Antônio Carlos (MG),11095,C,6.277065287464433e-5,0.9043865156504745
3151602,6974,Planura (MG),11145,C,6.277065287464433e-5,0.9044492863033491
3166204,6972,Senhora dos Remédios (MG),10384,C,6.275265154029543e-5,0.9045120389548894
2931707,6971,Terra Nova (BA),10798,C,6.274365087312098e-5,0.9045747826057625
4214706,6969,Rio dos Cedros (SC),10865,C,6.272564953877206e-5,0.9046375082553013
2602704,6968,Buenos Aires (PE),12808,C,6.271664887159761e-5,0.9047002249041729
3300159,6964,Aperibé (RJ),11034,C,6.268064620289979e-5,0.9047629055503758
1502764,6963,Cumaru do Norte (PA),14036,C,6.267164553572533e-5,0.9048255771959115
3170529,6956,Urucuia (MG),17479,C,6.260864086550416e-5,0.904888185836777
2310407,6950,Paramoti (CE),10384,C,6.255463686245744e-5,0.9049507404736394
2402709,6949,Cerro Corá (RN),11000,C,6.254563619528297e-5,0.9050132861098347
1303205,6944,Novo Airão (AM),15761,C,6.25006328594107e-5,0.9050757867426941
1716604,6940,Peixe (TO),9317,C,6.246463019071289e-5,0.9051382513728847
2405702,6940,Jardim do Seridó (RN),11655,C,6.246463019071289e-5,0.9052007160030754
2105963,6938,Lagoa Grande do Maranhão (MA),11411,C,6.244662885636397e-5,0.9052631626319317
2900108,6935,Abaíra (BA),7301,C,6.241962685484062e-5,0.9053255822587866
3506706,6935,Boa Esperança do Sul (SP),12978,C,6.241962685484062e-5,0.9053880018856414
2506103,6932,Fagundes (PB),11049,C,6.239262485331725e-5,0.9054503945104947
3141603,6927,Mercês (MG),10373,C,6.234762151744498e-5,0.9055127421320122
3202256,6924,Governador Lindenberg (ES),11009,C,6.232061951592162e-5,0.9055750627515281
3520905,6924,Ipaussu (SP),13712,C,6.232061951592162e-5,0.905637383371044
2404705,6923,Ipanguaçu (RN),14131,C,6.231161884874717e-5,0.9056996949898928
4111209,6923,Itapejara d'Oeste (PR),12344,C,6.231161884874717e-5,0.9057620066087415
2921302,6914,Milagres (BA),11071,C,6.223061284417708e-5,0.9058242372215857
4317004,6913,Santana da Boa Vista (RS),7024,C,6.222161217700263e-5,0.9058864588337626
2404309,6911,Governador Dix-Sept Rosado (RN),11938,C,6.220361084265371e-5,0.9059486624446053
2933109,6908,Várzea do Poço (BA),8101,C,6.217660884113035e-5,0.9060108390534464
5208400,6907,Goianápolis (GO),13967,C,6.21676081739559e-5,0.9060730066616203
3113503,6906,Carbonita (MG),8512,C,6.215860750678144e-5,0.9061351652691271
2803906,6904,Malhador (SE),11533,C,6.214060617243253e-5,0.9061973058752995
5213756,6902,Montividiu (GO),12521,C,6.212260483808363e-5,0.9062594284801375
3149101,6895,Pedralva (MG),10760,C,6.205960016786244e-5,0.9063214880803053
2107357,6893,Nova Olinda do Maranhão (MA),14314,C,6.204159883351354e-5,0.9063835296791388
3529807,6880,Mineiros do Tietê (SP),11230,C,6.192459016024562e-5,0.9064454542692991
1720200,6879,São Miguel do Tocantins (TO),13241,C,6.191558949307117e-5,0.9065073698587922
4116059,6879,Missal (PR),11064,C,6.191558949307117e-5,0.9065692854482853
2902054,6875,Araçás (BA),11557,C,6.187958682437335e-5,0.9066311650351097
2513109,6874,Salgado de São Félix (PB),11505,C,6.18705861571989e-5,0.9066930356212669
2922730,6874,Nova Fátima (BA),7967,C,6.18705861571989e-5,0.9067549062074242
1714880,6859,Nova Olinda (TO),10367,C,6.173557614958208e-5,0.9068166417835738
3125903,6859,Ferros (MG),9590,C,6.173557614958208e-5,0.9068783773597234
3541703,6859,Quatá (SP),13163,C,6.173557614958208e-5,0.9069401129358731
2104602,6855,Governador Eugênio Barros (MA),13930,C,6.169957348088427e-5,0.907001812509354
3130200,6855,Igaratinga (MG),10830,C,6.169957348088427e-5,0.9070635120828349
5106240,6849,Nova Ubiratã (MT),11530,C,6.164556947783755e-5,0.9071251576523127
5216809,6847,Petrolina de Goiás (GO),9573,C,6.162756814348863e-5,0.9071867852204563
2210656,6846,Sigefredo Pacheco (PI),9460,C,6.161856747631418e-5,0.9072484037879326
2704609,6844,Maravilha (AL),9534,C,6.160056614196528e-5,0.9073100043540746
3114550,6833,Carneirinho (MG),9422,C,6.150155880304628e-5,0.9073715059128776
3202553,6831,Ibitirama (ES),9520,C,6.148355746869736e-5,0.9074329894703463
2401800,6829,Brejinho (RN),12202,C,6.146555613434846e-5,0.9074944550264807
3535200,6825,Palmeira d'Oeste (SP),8903,C,6.142955346565064e-5,0.9075558845799464
2303600,6822,Catarina (CE),10243,C,6.140255146412729e-5,0.9076172871314105
4124020,6821,Santa Tereza do Oeste (PR),13174,C,6.139355079695282e-5,0.9076786806822075
4123857,6819,Santa Maria do Oeste (PR),9934,C,6.137554946260392e-5,0.9077400562316701
1301506,6817,Envira (AM),17186,C,6.135754812825501e-5,0.9078014137797984
2916906,6815,Itiruçu (BA),10999,C,6.13395467939061e-5,0.9078627533265923
3121209,6813,Delfinópolis (MG),8393,C,6.132154545955719e-5,0.9079240748720518
5202502,6812,Aruanã (GO),8300,C,6.131254479238274e-5,0.9079853874168442
4206207,6810,Gravatal (SC),12435,C,6.129454345803382e-5,0.9080466819603022
3128204,6804,Guaraciaba (MG),9753,C,6.12405394549871e-5,0.9081079224997572
2509008,6799,Manaíra (PB),10434,C,6.119553611911483e-5,0.9081691180358764
5003488,6799,Dois Irmãos do Buriti (MS),11100,C,6.119553611911483e-5,0.9082303135719956
5205802,6797,Corumbá de Goiás (GO),10562,C,6.117753478476592e-5,0.9082914911067803
3538501,6796,Piquete (SP),12490,C,6.116853411759147e-5,0.908352659640898
4122503,6792,Roncador (PR),11251,C,6.113253144889365e-5,0.9084137921723469
5219803,6792,São Domingos (GO),9711,C,6.113253144889365e-5,0.9084749247037958
2305266,6791,Ibaretama (CE),11956,C,6.11235307817192e-5,0.9085360482345775
2407500,6790,Maxaranguape (RN),10255,C,6.111453011454473e-5,0.908597162764692
3113909,6784,Carmo da Cachoeira (MG),11547,C,6.106052611149801e-5,0.9086582232908036
3532009,6775,Morungaba (SP),13720,C,6.0979520106927924e-5,0.9087192028109106
5219704,6767,Santa Terezinha de Goiás (GO),10645,C,6.090751476953229e-5,0.9087801103256801
2702009,6760,Coité do Nóia (AL),10810,C,6.0844510099311114e-5,0.9088409548357794
4301404,6759,Arvorezinha (RS),10322,C,6.0835509432136655e-5,0.9089017903452116
1101005,6758,Governador Jorge Teixeira (RO),8001,C,6.0826508764962203e-5,0.9089626168539765
2708105,6753,Santana do Mundaú (AL),11323,C,6.078150542908993e-5,0.9090233983594056
3116506,6753,Claro dos Poções (MG),7166,C,6.078150542908993e-5,0.9090841798648347
4306932,6753,Entre-Ijuís (RS),9158,C,6.078150542908993e-5,0.9091449613702638
3131802,6752,Itabirinha (MG),10362,C,6.077250476191548e-5,0.9092057338750257
4118006,6745,Paraíso do Norte (PR),13245,C,6.07095000916943e-5,0.9092664433751174
3162559,6741,São João do Manhuaçu (MG),11246,C,6.0673497422996476e-5,0.9093271168725404
4124806,6740,São João (PR),11886,C,6.0664496755822024e-5,0.9093877813692962
2204204,6736,Francisco Santos (PI),8237,C,6.062849408712421e-5,0.9094484098633834
3202900,6736,Itarana (ES),10597,C,6.062849408712421e-5,0.9095090383574705
2806602,6735,Santo Amaro das Brotas (SE),11092,C,6.061949341994975e-5,0.9095696578508905
4210001,6734,Luiz Alves (SC),11684,C,6.06104927527753e-5,0.9096302683436432
4105102,6726,Centenário do Sul (PR),10832,C,6.0538487415379666e-5,0.9096908068310586
1713304,6718,Miranorte (TO),12701,C,6.046648207798403e-5,0.9097512733131367
2210508,6718,São Pedro do Piauí (PI),13755,C,6.046648207798403e-5,0.9098117397952147
2303931,6718,Choró (CE),12113,C,6.046648207798403e-5,0.9098722062772927
2106300,6717,Magalhães de Almeida (MA),13807,C,6.045748141080957e-5,0.9099326637587035
5205901,6715,Corumbaíba (GO),9164,C,6.043948007646067e-5,0.90999310323878
2601300,6708,Barra de Guabiraba (PE),12263,C,6.037647540623949e-5,0.9100534797141863
2109403,6707,Primeira Cruz (MA),13614,C,6.0367474739065035e-5,0.9101138471889253
2408953,6707,Rio do Fogo (RN),10351,C,6.0367474739065035e-5,0.9101742146636643
4304689,6698,Capela de Santana (RS),11159,C,6.028646873449494e-5,0.9102345011323988
2304905,6697,Groaíras (CE),10910,C,6.027746806732049e-5,0.9102947786004661
3129301,6697,Iapu (MG),12030,C,6.027746806732049e-5,0.9103550560685335
2100808,6693,Anapurus (MA),13793,C,6.024146539862267e-5,0.9104152975339321
4117255,6692,Nova Prata do Iguaçu (PR),12699,C,6.023246473144822e-5,0.9104755299986635
4117107,6691,Nova Londrina (PR),12923,C,6.0223464064273767e-5,0.9105357534627279
4209706,6691,Lebon Régis (SC),11472,C,6.0223464064273767e-5,0.9105959769267922
1400159,6686,Bonfim (RR),13923,C,6.0178460728401494e-5,0.9106561553875205
3536000,6685,Parapuã (SP),10580,C,6.0169460061227036e-5,0.9107163248475818
2904407,6681,Brejolândia (BA),9108,C,6.013345739252922e-5,0.9107764583049743
5207808,6681,Firminópolis (GO),10419,C,6.013345739252922e-5,0.9108365917623669
2104107,6679,Fortaleza dos Nogueiras (MA),12640,C,6.011545605818031e-5,0.9108967072184251
3204401,6677,Rio Novo do Sul (ES),11069,C,6.00974547238314e-5,0.9109568046731489
4204707,6675,Cunha Porã (SC),10953,C,6.00794533894825e-5,0.9110168841265384
2105351,6672,Itaipava do Grajaú (MA),13828,C,6.0052451387959136e-5,0.9110769365779263
3132909,6668,Itamogi (MG),10770,C,6.0016448719261315e-5,0.9111369530266455
3552601,6666,Tabapuã (SP),11323,C,5.9998447384912405e-5,0.9111969514740305
4322533,6664,Vale do Sol (RS),9897,C,5.99804460505635e-5,0.9112569319200811
2701704,6657,Capela (AL),15032,C,5.991744138034232e-5,0.9113168493614614
3158508,6653,Santana de Pirapama (MG),7030,C,5.98814387116445e-5,0.911376730800173
4315107,6648,Porto Xavier (RS),9938,C,5.9836435375772226e-5,0.9114365672355488
4120507,6645,Primeiro de Maio (PR),10082,C,5.9809433374248864e-5,0.911496376668923
4304713,6645,Caraá (RS),7394,C,5.9809433374248864e-5,0.9115561861022973
5101605,6639,Barão de Melgaço (MT),7253,C,5.975542937120214e-5,0.9116159415316685
4110078,6636,Imbaú (PR),14249,C,5.972842736967878e-5,0.9116756699590381
2412302,6624,São José do Campestre (RN),11121,C,5.962041936358532e-5,0.9117352903784017
3550803,6623,São Sebastião da Grama (SP),10441,C,5.961141869641087e-5,0.9117949017970981
3100500,6611,Açucena (MG),8943,C,5.950341069031742e-5,0.9118544052077884
2411056,6608,Tibau (RN),5382,C,5.9476408688794054e-5,0.9119138816164771
3117801,6606,Conceição dos Ouros (MG),10880,C,5.945840735444515e-5,0.9119733400238316
3121407,6605,Desterro de Entre Rios (MG),7653,C,5.944940668727069e-5,0.9120327894305188
3132305,6604,Itaipé (MG),10463,C,5.944040602009624e-5,0.9120922298365389
2413904,6599,Taipu (RN),11422,C,5.939540268422397e-5,0.9121516252392231
4123402,6597,Santa Fé (PR),11378,C,5.937740134987506e-5,0.912211002640573
2105906,6596,Lago Verde (MA),14769,C,5.9368400682700606e-5,0.9122703710412556
5218607,6588,Rialma (GO),12165,C,5.929639534530497e-5,0.9123296674366009
3154804,6580,Rio Acima (MG),10261,C,5.922439000790934e-5,0.9123888918266089
4217006,6577,São Ludgero (SC),13509,C,5.9197388006385975e-5,0.9124480892146153
2303907,6565,Chaval (CE),12462,C,5.908938000029252e-5,0.9125071785946156
2933174,6560,Varzedo (BA),9913,C,5.904437666442025e-5,0.91256622297128
3205150,6553,Vila Pavão (ES),8911,C,5.898137199419907e-5,0.9126252043432742
2409308,6549,Patu (RN),11007,C,5.894536932550125e-5,0.9126841497125997
3161502,6549,São Geraldo (MG),10282,C,5.894536932550125e-5,0.9127430950819252
3125952,6548,Fervedouro (MG),10445,C,5.89363686583268e-5,0.9128020314505835
1100072,6545,Corumbiara (RO),7519,C,5.890936665680344e-5,0.9128609408172402
2400802,6544,Angicos (RN),11632,C,5.890036598962898e-5,0.9129198411832299
2920809,6543,Marcionílio Souza (BA),9267,C,5.889136532245453e-5,0.9129787325485523
3145356,6543,Novo Oriente de Minas (MG),10275,C,5.889136532245453e-5,0.9130376239138748
3164506,6542,São Sebastião do Maranhão (MG),10079,C,5.8882364655280076e-5,0.91309650627853
4302907,6541,Cacequi (RS),11157,C,5.887336398810562e-5,0.9131553796425181
3126505,6539,Francisco Badaró (MG),7366,C,5.885536265375671e-5,0.9132142350051718
5100409,6534,Alto Garças (MT),13052,C,5.881035931788444e-5,0.9132730453644897
4305306,6530,Chapada (RS),9540,C,5.877435664918662e-5,0.9133318197211389
3130051,6527,Icaraí de Minas (MG),10677,C,5.874735464766326e-5,0.9133905670757865
3556354,6526,Vargem (SP),10512,C,5.873835398048881e-5,0.913449305429767
3171709,6524,Virgínia (MG),8908,C,5.8720352646139897e-5,0.9135080257824131
2910305,6519,Elísio Medrado (BA),7808,C,5.8675349310267624e-5,0.9135667011317233
3105004,6519,Baldim (MG),7492,C,5.8675349310267624e-5,0.9136253764810336
5004908,6509,Jaraguari (MS),7139,C,5.858534263852308e-5,0.9136839618236721
3103009,6503,Antônio Dias (MG),9219,C,5.8531338635476356e-5,0.9137424931623075
3143500,6502,Morada Nova de Minas (MG),9067,C,5.85223379683019e-5,0.9138010155002758
3536406,6500,Paulicéia (SP),7955,C,5.8504336633952993e-05,0.9138595198369097
2206605,6497,Monte Alegre do Piauí (PI),10660,C,5.847733463242963e-5,0.9139179971715421
4206405,6496,Guaraciaba (SC),10796,C,5.846833396525517e-5,0.9139764655055074
1400456,6495,Pacaraima (RR),19305,C,5.845933329808072e-5,0.9140349248388054
3517208,6492,Guaiçara (SP),11239,C,5.843233129655736e-5,0.914093357170102
5000856,6489,Angélica (MS),10729,C,5.8405329295034e-5,0.914151762499397
3204955,6488,São Roque do Canaã (ES),10886,C,5.839632862785954e-5,0.9142101588280248
5106778,6488,Porto Alegre do Norte (MT),12127,C,5.839632862785954e-5,0.9142685551566526
5108501,6488,Vera (MT),12800,C,5.839632862785954e-5,0.9143269514852804
2604304,6487,Cedro (PE),10518,C,5.838732796068509e-5,0.9143853388132411
5107180,6484,Ribeirão Cascalheira (MT),10089,C,5.8360325959161725e-5,0.9144436991392003
2511509,6478,Pilar (PB),12311,C,5.8306321956114994e-5,0.9145020054611565
3542909,6477,Ribeirão Bonito (SP),10989,C,5.829732128894054e-5,0.9145603027824454
2604403,6471,Chã de Alegria (PE),12984,C,5.824331728589382e-5,0.9146185460997313
4100301,6469,Agudos do Sul (PR),10233,C,5.822531595154491e-5,0.9146767714156828
5004106,6468,Guia Lopes da Laguna (MS),9940,C,5.8216315284370456e-5,0.9147349877309672
2917334,6466,Iuiu (BA),11118,C,5.8198313950021546e-5,0.9147931860449172
3202504,6464,Ibiraçu (ES),11723,C,5.8180312615672635e-5,0.9148513663575328
3118700,6463,Coqueiral (MG),9023,C,5.8171311948498184e-5,0.9149095376694814
2927903,6462,Santa Inês (BA),10300,C,5.8162311281323725e-5,0.9149676999807627
1709005,6461,Goiatins (TO),12433,C,5.8153310614149273e-5,0.9150258532913768
3519105,6456,Iacanga (SP),10437,C,5.8108307278277e-5,0.915083961598655
2412559,6454,São Miguel do Gostoso (RN),10221,C,5.809030594392809e-5,0.915142051904599
2611408,6454,Primavera (PE),13838,C,5.809030594392809e-5,0.9152001422105429
4123907,6453,Santa Mariana (PR),11066,C,5.808130527675364e-5,0.9152582235158196
3516903,6452,General Salgado (SP),10312,C,5.807230460957919e-5,0.9153162958204292
2208650,6451,Queimada Nova (PI),8738,C,5.806330394240473e-5,0.9153743591243716
3171808,6451,Virginópolis (MG),10314,C,5.806330394240473e-5,0.915432422428314
4311775,6444,Maquiné (RS),7418,C,5.800029927218355e-5,0.9154904227275862
2204402,6440,Gilbués (PI),10892,C,5.796429660348573e-5,0.9155483870241897
2202406,6439,Capitão de Campos (PI),11100,C,5.795529593631128e-5,0.915606342320126
2300150,6434,Acarape (CE),14027,C,5.791029260043901e-5,0.9156642526127265
1303502,6432,Pauini (AM),19373,C,5.78922912660901e-5,0.9157221449039926
2704807,6429,Maribondo (AL),13679,C,5.7865289264566736e-5,0.9157800101932572
2404606,6426,Ielmo Marinho (RN),11615,C,5.7838287263043374e-5,0.9158378484805202
2902203,6426,Aramari (BA),9833,C,5.7838287263043374e-5,0.9158956867677832
2501401,6423,Baía da Traição (PB),9224,C,5.781128526152001e-5,0.9159534980530447
3151107,6422,Pirapetinga (MG),11077,C,5.780228459434555e-5,0.9160113003376391
3516002,6422,Flórida Paulista (SP),12958,C,5.780228459434555e-5,0.9160691026222335
5003751,6419,Eldorado (MS),11386,C,5.777528259282219e-5,0.9161268779048264
2919108,6414,Lamarão (BA),9015,C,5.773027925694992e-5,0.9161846081840833
2922854,6414,Nova Redenção (BA),7538,C,5.773027925694992e-5,0.9162423384633402
3553609,6414,Tapiratiba (SP),11816,C,5.773027925694992e-5,0.9163000687425972
4216404,6413,São João do Sul (SC),8668,C,5.772127858977547e-5,0.916357790021187
2506707,6412,Imaculada (PB),10392,C,5.7712277922601015e-5,0.9164155022991096
2604155,6409,Casinhas (PE),12967,C,5.768527592107765e-5,0.9164731875750307
3534906,6409,Pacaembu (SP),14877,C,5.768527592107765e-5,0.9165308728509518
3557204,6408,Chavantes (SP),12211,C,5.7676275253903195e-5,0.9165885491262057
2800407,6403,Arauá (SE),10318,C,5.763127191803092e-5,0.9166461803981237
3503406,6401,Arealva (SP),8130,C,5.761327058368201e-5,0.9167037936687075
1722107,6400,Xambioá (TO),10517,C,5.760426991650756e-5,0.916761397938624
4204400,6400,Coronel Freitas (SC),10388,C,5.760426991650756e-5,0.9168190022085405
3135357,6396,Japonvar (MG),8127,C,5.756826724780975e-5,0.9168765704757883
2414506,6394,Umarizal (RN),10078,C,5.7550265913460836e-5,0.9169341207417018
2107456,6392,Olinda Nova do Maranhão (MA),13577,C,5.7532264579111926e-5,0.9169916530062809
2409100,6391,Passa e Fica (RN),10896,C,5.7523263911937474e-5,0.9170491762701929
1100502,6389,Novo Horizonte do Oeste (RO),7667,C,5.7505262577588564e-5,0.9171066815327705
2110278,6388,Santo Amaro do Maranhão (MA),13949,C,5.749626191041411e-5,0.917164177794681
2409902,6388,Pendências (RN),12278,C,5.749626191041411e-5,0.9172216740565914
2500106,6388,Água Branca (PB),9335,C,5.749626191041411e-5,0.9172791703185018
1301654,6386,Guajará (AM),13815,C,5.74782605760652e-5,0.9173366485790779
2308377,6384,Miraíma (CE),14196,C,5.746025924171629e-5,0.9173941088383196
4108502,6378,General Carneiro (PR),11062,C,5.740625523866957e-5,0.9174515150935583
4112702,6375,Jataizinho (PR),11813,C,5.7379253237146206e-5,0.9175088943467954
2602506,6367,Brejinho (PE),7720,C,5.730724789975057e-5,0.9175662015946952
2706422,6367,Pariconha (AL),10573,C,5.730724789975057e-5,0.9176235088425949
3158003,6364,Santa Maria de Itabira (MG),10485,C,5.728024589822721e-5,0.9176807890884932
5003157,6354,Coronel Sapucaia (MS),14289,C,5.7190239226482665e-5,0.9177379793277196
3506805,6350,Bocaina (SP),11259,C,5.7154236557784844e-5,0.9177951335642774
3152709,6347,Prados (MG),9048,C,5.712723455626148e-5,0.9178522607988338
1200179,6344,Capixaba (AC),10392,C,5.710023255473812e-5,0.9179093610313885
5209903,6342,Iaciara (GO),10584,C,5.708223122038921e-5,0.9179664432626089
2111052,6340,São João do Paraíso (MA),9904,C,5.70642298860403e-5,0.918023507492495
3162450,6340,São João das Missões (MG),13024,C,5.70642298860403e-5,0.918080571722381
2901809,6336,Antônio Gonçalves (BA),10862,C,5.7028227217342486e-5,0.9181375999495983
2616506,6333,Xexéu (PE),11611,C,5.7001225215819124e-5,0.9181946011748141
3504909,6329,Bananal (SP),9969,C,5.69652225471213e-5,0.9182515663973613
5205471,6327,Chapadão do Céu (GO),12870,C,5.69472212127724e-5,0.918308513618574
3168903,6324,Tiros (MG),7883,C,5.692021921124903e-5,0.9183654338377852
4128401,6324,Uraí (PR),10406,C,5.692021921124903e-5,0.9184223540569965
2916203,6323,Itapé (BA),10341,C,5.691121854407458e-5,0.9184792652755406
3200136,6323,Águia Branca (ES),9711,C,5.691121854407458e-5,0.9185361764940847
2608206,6320,Joaquim Nabuco (PE),13269,C,5.688421654255122e-5,0.9185930607106273
2210201,6311,São José do Piauí (PI),6597,C,5.680321053798113e-5,0.9186498639211653
2920304,6311,Malhada de Pedras (BA),8670,C,5.680321053798113e-5,0.9187066671317033
4207908,6301,Irineópolis (SC),10285,C,5.6713203866236586e-5,0.9187633803355696
1600154,6296,Pedra Branca do Amapari (AP),12847,C,5.6668200530364314e-5,0.9188200485361
2102556,6294,Campestre do Maranhão (MA),12301,C,5.6650199196015403e-5,0.918876698735296
3544905,6294,Sales Oliveira (SP),11411,C,5.6650199196015403e-5,0.918933348934492
4304358,6293,Candiota (RS),10710,C,5.664119852884095e-5,0.9189899901330209
4315800,6293,Roca Sales (RS),10418,C,5.664119852884095e-5,0.9190466313315497
2911006,6287,Floresta Azul (BA),11059,C,5.658719452579423e-5,0.9191032185260756
2401206,6286,Arês (RN),13251,C,5.657819385861977e-5,0.9191597967199342
2312601,6284,São Luís do Curu (CE),10822,C,5.656019252427086e-5,0.9192163569124585
5105176,6279,Juruena (MT),10213,C,5.651518918839859e-5,0.9192728721016469
4202206,6276,Benedito Novo (SC),10520,C,5.6488187186875224e-5,0.9193293602888337
2206720,6274,Nazária (PI),10262,C,5.647018585252632e-5,0.9193858304746862
2201606,6266,Beneditinos (PI),9929,C,5.6398180515130687e-5,0.9194422286552014
2911659,6265,Guajeru (BA),8050,C,5.638917984795623e-5,0.9194986178350494
4215109,6262,Rodeio (SC),12757,C,5.6362177846432866e-5,0.9195549800128958
4104451,6259,Cantagalo (PR),10933,C,5.6335175844909504e-5,0.9196113151887407
3134806,6258,Jacuí (MG),7495,C,5.632617517773505e-5,0.9196676413639184
1507961,6256,Terra Alta (PA),10400,C,5.630817384338614e-5,0.9197239495377618
3159209,6255,Santa Rita de Caldas (MG),8460,C,5.6299173176211683e-5,0.919780248710938
4127809,6255,Tomazina (PR),8426,C,5.6299173176211683e-5,0.9198365478841142
2309805,6252,Pacoti (CE),11186,C,5.627217117468832e-5,0.9198928200552888
2907707,6252,Chorrochó (BA),10579,C,5.627217117468832e-5,0.9199490922264635
2200707,6249,Anísio de Abreu (PI),9407,C,5.624516917316496e-5,0.9200053373956366
2805307,6245,Pirambu (SE),7913,C,5.6209166504467146e-5,0.9200615465621411
2301257,6240,Ararendá (CE),11096,C,5.616416316859487e-5,0.9201177107253097
2505709,6234,Dona Inês (PB),10380,C,5.611015916554815e-5,0.9201738208844752
2903953,6231,Bom Jesus da Serra (BA),9730,C,5.608315716402478e-5,0.9202299040416392
3106408,6227,Belo Vale (MG),8627,C,5.6047154495326967e-5,0.9202859511961345
3164308,6222,São Roque de Minas (MG),7129,C,5.6002151159454694e-5,0.920341953347294
3201100,6219,Bom Jesus do Norte (ES),10254,C,5.597514915793133e-5,0.9203979284964519
2510105,6217,Nova Floresta (PB),9724,C,5.595714782358242e-5,0.9204538856442754
4120002,6217,Porecatu (PR),11624,C,5.595714782358242e-5,0.920509842792099
4105300,6216,Céu Azul (PR),11087,C,5.594814715640797e-5,0.9205657909392554
2916302,6215,Itapebi (BA),9174,C,5.593914648923351e-5,0.9206217300857447
3539004,6214,Pirangi (SP),10885,C,5.593014582205906e-5,0.9206776602315667
2301406,6210,Aratuba (CE),11224,C,5.5894143153361246e-5,0.92073355437472
3527603,6210,Luís Antônio (SP),12265,C,5.5894143153361246e-5,0.9207894485178734
4103057,6208,Boa Vista da Aparecida (PR),7924,C,5.5876141819012336e-5,0.9208453246596924
5002001,6208,Batayporã (MS),10712,C,5.5876141819012336e-5,0.9209012008015114
3148301,6207,Paula Cândido (MG),8659,C,5.586714115183788e-5,0.9209570679426632
1300201,6205,Atalaia do Norte (AM),15314,C,5.5849139817488974e-5,0.9210129170824807
2616100,6205,Verdejante (PE),9169,C,5.5849139817488974e-5,0.9210687662222982
3151909,6205,Pocrane (MG),8350,C,5.5849139817488974e-5,0.9211246153621157
2928950,6204,São Domingos (BA),8426,C,5.5840139150314515e-5,0.9211804555012659
5007554,6203,Santa Rita do Pardo (MS),7027,C,5.5831138483140063e-5,0.9212362866397491
3120508,6201,Cristina (MG),10374,C,5.581313714879115e-5,0.9212920997768979
3150505,6201,Pimenta (MG),8563,C,5.581313714879115e-5,0.9213479129140466
2202505,6200,Caracol (PI),10318,C,5.58041364816167e-5,0.9214037170505283
2307908,6187,Martinópole (CE),10846,C,5.5687127808348795e-5,0.9214594041783366
2701209,6184,Cacimbinhas (AL),10482,C,5.566012580682543e-5,0.9215150643041434
4125209,6180,São Jorge d'Oeste (PR),9378,C,5.562412313812761e-5,0.9215706884272815
4126678,6177,Tamarana (PR),10707,C,5.559712113660425e-5,0.9216262855484181
5108956,6177,Nova Monte Verde (MT),8313,C,5.559712113660425e-5,0.9216818826695546
5107941,6176,Tabaporã (MT),9818,C,5.55881204694298e-5,0.9217374707900241
3138658,6175,Lontra (MG),8790,C,5.557911980225534e-5,0.9217930499098264
4308300,6165,Fontoura Xavier (RS),9550,C,5.54891131305108e-5,0.9218485390229568
2609105,6164,Machados (PE),11333,C,5.548011246333634e-5,0.9219040191354202
2103554,6162,Conceição do Lago-Açu (MA),14915,C,5.546211112898743e-5,0.9219594812465491
3168804,6160,Tiradentes (MG),7744,C,5.544410979463853e-5,0.9220149253563438
3111804,6159,Canápolis (MG),10608,C,5.543510912746407e-5,0.9220703604654712
4314704,6159,Planalto (RS),10406,C,5.543510912746407e-5,0.9221257955745986
3142106,6157,Miradouro (MG),8968,C,5.541710779311517e-5,0.9221812126823917
5205000,6155,Carmo do Rio Verde (GO),9710,C,5.539910645876626e-5,0.9222366117888505
2707602,6153,Quebrangulo (AL),11080,C,5.538110512441735e-5,0.9222919928939749
3152170,6151,Ponto dos Volantes (MG),10883,C,5.536310379006844e-5,0.922347355997765
3553005,6145,Taguaí (SP),12669,C,5.530909978702171e-5,0.922402665097552
4105607,6144,Cidade Gaúcha (PR),11467,C,5.530009911984726e-5,0.9224579651966718
2601003,6139,Angelim (PE),10241,C,5.525509578397499e-5,0.9225132202924557
3123007,6134,Dores de Campos (MG),10007,C,5.5210092448102716e-5,0.9225684303849039
3506300,6130,Bernardino de Campos (SP),11607,C,5.5174089779404896e-5,0.9226236044746833
3156601,6128,Rubim (MG),10298,C,5.515608844505599e-5,0.9226787605631284
1300029,6125,Alvarães (AM),15866,C,5.512908644353263e-5,0.9227338896495719
4214201,6125,Quilombo (SC),11022,C,5.512908644353263e-5,0.9227890187360155
2502409,6124,Bonito de Santa Fé (PB),10252,C,5.512008577635817e-5,0.9228441388217918
4314159,6122,Paverama (RS),7978,C,5.510208444200926e-5,0.9228992409062339
4305173,6120,Cerro Grande do Sul (RS),9178,C,5.508408310766036e-5,0.9229543249893415
5103056,6120,Cláudia (MT),9593,C,5.508408310766036e-5,0.9230094090724491
2917904,6119,Jandaíra (BA),9285,C,5.50750824404859e-5,0.9230644841548896
3200706,6119,Atílio Vivácqua (ES),10540,C,5.50750824404859e-5,0.9231195592373301
2702504,6117,Dois Riachos (AL),9805,C,5.5057081106136996e-5,0.9231746163184362
2300101,6113,Abaiara (CE),10038,C,5.5021078437439175e-5,0.9232296373968737
2303659,6107,Catunda (CE),10444,C,5.496707443439245e-5,0.9232846044713081
3117009,6091,Comercinho (MG),6660,C,5.482306375960118e-5,0.9233394275350677
2918605,6090,Jussiape (BA),7379,C,5.4814063092426724e-5,0.9233942415981601
5102603,6090,Campinápolis (MT),15347,C,5.4814063092426724e-5,0.9234490556612525
4302006,6089,Barros Cassal (RS),9296,C,5.480506242525227e-5,0.9235038607236777
4304903,6087,Casca (RS),9465,C,5.478706109090336e-5,0.9235586477847686
2402105,6082,Campo Redondo (RN),10215,C,5.474205775503109e-5,0.9236133898425236
2928307,6071,Santanópolis (BA),8716,C,5.464305041611209e-5,0.9236680328929397
5105002,6071,Jauru (MT),8367,C,5.464305041611209e-5,0.9237226759433559
2206407,6068,Monsenhor Gil (PI),10255,C,5.461604841458873e-5,0.9237772919917705
2106003,6067,Lima Campos (MA),11297,C,5.460704774741428e-5,0.9238318990395179
3109204,6067,Buenópolis (MG),9150,C,5.460704774741428e-5,0.9238865060872653
3165206,6067,São Tomé das Letras (MG),6904,C,5.460704774741428e-5,0.9239411131350127
2111532,6064,São Pedro da Água Branca (MA),14338,C,5.458004574589092e-5,0.9239956931807586
2508000,6064,Juru (PB),9234,C,5.458004574589092e-5,0.9240502732265045
5211008,6064,Itapirapuã (GO),8007,C,5.458004574589092e-5,0.9241048532722503
2924900,6060,Planaltino (BA),8022,C,5.4544043077193097e-5,0.9241593973153275
4316451,6056,Salto do Jacuí (RS),10203,C,5.450804040849528e-5,0.924213905355736
1101757,6049,Vale do Anari (RO),7788,C,5.44450357382741e-5,0.9242683503914743
3144656,6048,Ninheira (MG),10588,C,5.443603507109965e-5,0.9243227864265453
3534757,6040,Ouroeste (SP),10294,C,5.4364029733704014e-5,0.924377150456279
4216008,6037,São Carlos (SC),10282,C,5.4337027732180645e-5,0.9244314874840112
3147709,6036,Passa Tempo (MG),8473,C,5.4328027065006193e-05,0.9244858155110761
5004403,6034,Inocência (MS),8404,C,5.431002573065728e-5,0.9245401255368068
2100501,6027,Alto Parnaíba (MA),11109,C,5.424702106043611e-5,0.9245943725578671
3154101,6027,Recreio (MG),11007,C,5.424702106043611e-5,0.9246486195789275
4108007,6026,Florestópolis (PR),11446,C,5.423802039326165e-5,0.9247028575993208
2410108,6017,Poço Branco (RN),12390,C,5.415701438869156e-5,0.9247570146137095
3107208,6013,Bocaina de Minas (MG),5348,C,5.412101171999374e-5,0.9248111356254295
2208502,6012,Porto (PI),12052,C,5.411201105281929e-5,0.9248652476364823
2412906,6009,São Tomé (RN),9972,C,5.408500905129593e-5,0.9249193326455335
4211009,6009,Mondaí (SC),10066,C,5.408500905129593e-5,0.9249734176545847
4201000,6008,Anita Garibaldi (SC),8285,C,5.407600838412147e-5,0.9250274936629689
4320677,6008,Sinimbu (RS),8578,C,5.407600838412147e-5,0.925081569671353
3151008,6002,Piranguinho (MG),9120,C,5.4022004381074746e-5,0.9251355916757341
5215009,5998,Nova Veneza (GO),9481,C,5.398600171237693e-5,0.9251895776774465
1100924,5996,Chupinguaia (RO),9324,C,5.396800037802802e-5,0.9252435456778245
3129004,5996,Guiricema (MG),7778,C,5.396800037802802e-5,0.9252975136782026
2202059,5994,Cabeceiras do Piauí (PI),10212,C,5.394999904367911e-5,0.9253514636772463
2925402,5991,Potiraguá (BA),10274,C,5.392299704215575e-5,0.9254053866742885
3513207,5989,Cristais Paulista (SP),9272,C,5.390499570780684e-5,0.9254592916699963
2407708,5981,Montanhas (RN),11444,C,5.3832990370411205e-5,0.9255131246603667
4202602,5976,Bom Retiro (SC),8418,C,5.378798703453893e-5,0.9255669126474013
4312906,5968,Nova Bassano (RS),9649,C,5.37159816971433e-5,0.9256206286290984
5203401,5963,Bom Jardim de Goiás (GO),7826,C,5.367097836127103e-5,0.9256742996074597
2100154,5961,Água Doce do Maranhão (MA),12142,C,5.365297702692212e-5,0.9257279525844867
1702000,5951,Araguaçu (TO),8133,C,5.356297035517758e-5,0.9257815155548419
2310001,5951,Palhano (CE),9346,C,5.356297035517758e-5,0.9258350785251971
2910107,5941,Dom Basílio (BA),11884,C,5.347296368343303e-5,0.9258885514888805
1722081,5935,Wanderlândia (TO),10522,C,5.341895968038631e-5,0.9259419704485609
2602407,5930,Brejão (PE),9079,C,5.3373956344514036e-5,0.9259953444049054
3504800,5928,Bálsamo (SP),9596,C,5.3355955010165126e-5,0.9260487003599156
5000807,5921,Anaurilândia (MS),7653,C,5.329295033994395e-5,0.9261019933102556
4110953,5917,Itaipulândia (PR),11485,C,5.325694767124613e-5,0.9261552502579268
4212304,5917,Paulo Lopes (SC),9063,C,5.325694767124613e-5,0.926208507205598
5001508,5915,Bandeirantes (MS),7940,C,5.323894633689722e-5,0.9262617461519349
3135704,5910,Jequitibá (MG),5883,C,5.3193943001024954e-5,0.926314940094936
3531209,5910,Monte Alegre do Sul (SP),8627,C,5.3193943001024954e-5,0.926368134037937
2501575,5908,Barra de Santana (PB),8059,C,5.3175941666676044e-5,0.9264213099796037
2112852,5906,Vila Nova dos Martírios (MA),10362,C,5.315794033232713e-5,0.926474467919936
3118908,5904,Cordisburgo (MG),7547,C,5.313993899797822e-5,0.9265276078589341
3153608,5902,Prudente de Morais (MG),11466,C,5.312193766362932e-5,0.9265807297965977
2206506,5899,Monsenhor Hipólito (PI),7577,C,5.309493566210595e-5,0.9266338247322597
2204808,5898,Ipiranga do Piauí (PI),9420,C,5.30859349949315e-5,0.9266869106672547
4309050,5897,Glorinha (RS),7658,C,5.307693432775705e-5,0.9267399876015825
5101308,5893,Arenápolis (MT),10576,C,5.304093165905923e-5,0.9267930285332415
4311502,5889,Lavras do Sul (RS),7157,C,5.300492899036141e-5,0.9268460334622319
5220504,5889,Serranópolis (GO),8027,C,5.300492899036141e-5,0.9268990383912223
2200251,5885,Alagoinha do Piauí (PI),6819,C,5.296892632166359e-5,0.926952007317544
3103900,5885,Araújos (MG),9199,C,5.296892632166359e-5,0.9270049762438657
2207603,5881,Parnaguá (PI),10103,C,5.293292365296578e-5,0.9270579091675186
2909000,5879,Cordeiros (BA),7546,C,5.291492231861687e-5,0.9271108240898372
4205308,5877,Faxinal dos Guedes (SC),11192,C,5.289692098426796e-5,0.9271637210108216
2604809,5872,Cortês (PE),10198,C,5.2851917648395686e-5,0.9272165729284699
5203559,5865,Bonfinópolis (GO),10296,C,5.278891297817451e-5,0.9272693618414481
5207253,5863,Doverlândia (GO),6956,C,5.27709116438256e-5,0.9273221327530919
3121100,5860,Delfim Moreira (MG),7952,C,5.274390964230224e-5,0.9273748766627342
2105153,5852,Igarapé do Meio (MA),13974,C,5.26719043049066e-5,0.9274275485670391
2505402,5852,Desterro (PB),8067,C,5.26719043049066e-5,0.927480220471344
3517000,5851,Getulina (SP),10232,C,5.2662903637732145e-5,0.9275328833749817
3555604,5851,Uchoa (SP),10394,C,5.2662903637732145e-5,0.9275855462786194
2400109,5849,Acari (RN),10597,C,5.264490230338324e-5,0.9276381911809228
2615904,5849,Tuparetama (PE),8005,C,5.264490230338324e-5,0.9276908360832262
2201051,5847,Assunção do Piauí (PI),7452,C,5.262690096903433e-5,0.9277434629841953
2912806,5845,Ibirapuã (BA),8896,C,5.260889963468542e-5,0.92779607188383
4201208,5845,Antônio Carlos (SC),11224,C,5.260889963468542e-5,0.9278486807834646
5214861,5844,Nova Glória (GO),8310,C,5.259989896751097e-5,0.9279012806824322
2921609,5836,Morpará (BA),7996,C,5.2527893630115334e-5,0.9279538085760622
2906402,5834,Candeal (BA),7772,C,5.2509892295766424e-5,0.928006318468358
2703601,5832,Japaratinga (AL),9219,C,5.2491890961417514e-5,0.9280588103593195
5102850,5819,Castanheira (MT),7506,C,5.237488228814961e-5,0.9281111852416076
4215653,5810,Santa Rosa do Sul (SC),9792,C,5.229387628357952e-5,0.9281634791178912
4200200,5806,Agrolândia (SC),10990,C,5.22578736148817e-5,0.9282157369915061
4207809,5806,Irani (SC),10195,C,5.22578736148817e-5,0.9282679948651209
5203203,5805,Barro Alto (GO),10371,C,5.224887294770725e-5,0.9283202437380687
2923308,5794,Ouriçangas (BA),7716,C,5.214986560878825e-5,0.9283723936036774
2203107,5793,Cristino Castro (PI),10503,C,5.21408649416138e-5,0.9284245344686191
4109906,5793,Icaraíma (PR),8991,C,5.21408649416138e-5,0.9284766753335607
3112505,5790,Capim Branco (MG),10663,C,5.211386294009043e-5,0.9285287891965008
3144508,5790,Nazareno (MG),8179,C,5.211386294009043e-5,0.928580903059441
4118105,5777,Paranacity (PR),9557,C,5.1996854266822525e-5,0.9286328999137078
4321006,5777,Tapera (RS),10592,C,5.1996854266822525e-5,0.9286848967679746
2311207,5776,Potengi (CE),8833,C,5.198785359964807e-5,0.9287368846215742
3150158,5767,Piedade de Caratinga (MG),8529,C,5.190684759507799e-5,0.9287887914691693
2403806,5766,Florânia (RN),10196,C,5.189784692790353e-5,0.9288406893160972
4215455,5764,Sangão (SC),12882,C,5.1879845593554625e-5,0.9288925691616907
2104909,5762,Guimarães (MA),10290,C,5.1861844259205715e-5,0.9289444310059499
3554706,5756,Torrinha (SP),9335,C,5.180784025615899e-5,0.9289962388462061
4301750,5755,Barão do Triunfo (RS),5889,C,5.179883958898453e-5,0.929048037685795
2111904,5747,Sucupira do Norte (MA),10238,C,5.17268342515889e-5,0.9290997645200466
4107900,5747,Floresta (PR),10458,C,5.17268342515889e-5,0.9291514913542982
4313953,5746,Pantano Grande (RS),10212,C,5.1717833584414446e-5,0.9292032091878826
5205455,5743,Cezarina (GO),8090,C,5.1690831582891084e-5,0.9292549000194654
3528601,5742,Manduri (SP),9871,C,5.1681830915716625e-5,0.9293065818503812
3169208,5740,Tombos (MG),8609,C,5.166382958136772e-5,0.9293582456799625
3136504,5737,Jordânia (MG),10304,C,5.163682757984435e-5,0.9294098825075423
2919959,5732,Maetinga (BA),6973,C,5.159182424397209e-5,0.9294614743317863
3122454,5727,Divisópolis (MG),10213,C,5.1546820908099815e-5,0.9295130211526944
3131505,5726,Ipuiúna (MG),9135,C,5.153782024092536e-5,0.9295645589729353
3153509,5724,Alto Jequitibá (MG),8397,C,5.151981890657645e-5,0.9296160787918419
3544806,5724,Sales (SP),6437,C,5.151981890657645e-5,0.9296675986107485
4109500,5714,Guaraqueçaba (PR),7430,C,5.142981223483191e-5,0.9297190284229834
3512902,5713,Cosmorama (SP),8719,C,5.142081156765745e-5,0.929770449234551
5002159,5712,Bodoquena (MS),8567,C,5.1411810900483e-5,0.9298218610454515
5207535,5712,Faina (GO),7070,C,5.1411810900483e-5,0.929873272856352
5001243,5705,Aral Moreira (MS),10748,C,5.1348806230261816e-5,0.9299246216625823
2933406,5703,Wagner (BA),9503,C,5.133080489591291e-5,0.9299759524674782
3145877,5702,Orizânia (MG),8437,C,5.1321804228738454e-5,0.930027274271707
3126208,5701,Formoso (MG),7949,C,5.1312803561564e-5,0.9300785870752685
2108405,5700,Peri Mirim (MA),11108,C,5.130380289438954e-5,0.9301298908781629
4308805,5700,General Câmara (RS),7612,C,5.130380289438954e-5,0.9301811946810573
2306801,5693,Jaguaribara (CE),10356,C,5.124079822416837e-5,0.9302324354792815
2401701,5692,Bom Jesus (RN),9952,C,5.123179755699391e-5,0.9302836672768384
2407005,5686,Luís Gomes (RN),9070,C,5.1177793553947185e-5,0.9303348450703923
3126000,5684,Florestal (MG),8045,C,5.1159792219598275e-5,0.9303860048626119
4217303,5684,Saudades (SC),10265,C,5.1159792219598275e-5,0.9304371646548315
3543709,5682,Rincão (SP),9098,C,5.114179088524937e-5,0.9304883064457168
2503308,5681,Cachoeira dos Índios (PB),9151,C,5.113279021807491e-5,0.9305394392359349
2919900,5675,Macururé (BA),7256,C,5.107878621502819e-5,0.9305905180221499
1200344,5666,Manoel Urbano (AC),11996,C,5.09977802104581e-5,0.9306415158023603
4305801,5665,Constantina (RS),10385,C,5.0988779543283644e-5,0.9306925045819036
1506104,5663,Primavera (PA),10851,C,5.097077820893474e-5,0.9307434753601125
3137106,5663,Lagamar (MG),6631,C,5.097077820893474e-5,0.9307944461383214
3119203,5652,Coroaci (MG),10884,C,5.087177087001574e-5,0.9308453179091914
3129103,5652,Gurinhatã (MG),5192,C,5.087177087001574e-5,0.9308961896800615
4316105,5649,Ronda Alta (RS),9777,C,5.0844768868492375e-5,0.93094703444893
1304260,5647,Uarini (AM),14431,C,5.082676753414347e-5,0.9309978612164641
3536109,5647,Pardinho (SP),7153,C,5.082676753414347e-5,0.9310486879839982
1716703,5646,Colméia (TO),8941,C,5.081776686696901e-5,0.9310995057508652
4319802,5646,São Vicente do Sul (RS),8097,C,5.081776686696901e-5,0.9311503235177322
3158904,5642,Santana do Manhuaçu (MG),8987,C,5.07817641982712e-5,0.9312011052819305
3161700,5639,São Gonçalo do Abaeté (MG),7375,C,5.075476219674784e-5,0.9312518600441272
2309102,5638,Mulungu (CE),10569,C,5.074576152957338e-5,0.9313026058056567
1304005,5631,Silves (AM),11559,C,5.0682756859352196e-5,0.9313532885625161
3532504,5629,Neves Paulista (SP),9699,C,5.066475552500329e-5,0.931403953318041
4112751,5624,Jesuítas (PR),10506,C,5.061975218913102e-5,0.9314545730702302
4319158,5622,São Miguel das Missões (RS),7056,C,5.060175085478211e-5,0.931505174821085
1720804,5620,Sítio Novo do Tocantins (TO),10830,C,5.05837495204332e-5,0.9315557585706054
2509800,5614,Mulungu (PB),8791,C,5.0529745517386476e-5,0.9316062883161227
3154507,5609,Riacho dos Machados (MG),8756,C,5.04847421815142e-5,0.9316567730583042
2105922,5601,Lagoa do Mato (MA),10572,C,5.041273684411857e-5,0.9317071857951483
3150604,5600,Piracema (MG),6700,C,5.040373617694412e-5,0.9317575895313253
4307104,5599,Herval (RS),6191,C,5.039473550976966e-5,0.931807984266835
2509909,5598,Natuba (PB),8945,C,5.038573484259521e-5,0.9318583700016776
2209906,5591,São João da Serra (PI),6114,C,5.0322730172374024e-5,0.93190869273185
2414803,5589,Vera Cruz (RN),10735,C,5.030472883802512e-5,0.931958997460688
2406700,5585,Lajes (RN),9866,C,5.02687261693273e-5,0.9320092661868573
2304269,5582,Deputado Irapuan Pinheiro (CE),8932,C,5.024172416780394e-5,0.9320595079110251
2707404,5582,Porto de Pedras (AL),9295,C,5.024172416780394e-5,0.9321097496351929
2414100,5576,Tenente Ananias (RN),10262,C,5.0187720164757214e-5,0.9321599373553576
2609204,5572,Maraial (PE),9359,C,5.0151717496059393e-5,0.9322100890728536
3152907,5572,Pratápolis (MG),8406,C,5.0151717496059393e-5,0.9322602407903496
3500550,5566,Águas de Santa Bárbara (SP),7177,C,5.009771349301267e-5,0.9323103385038426
3162948,5563,São José da Barra (MG),7793,C,5.007071149148931e-5,0.932360409215334
1302801,5562,Maraã (AM),15529,C,5.0061710824314856e-5,0.9324104709261584
3137536,5561,Lagoa Grande (MG),8969,C,5.00527101571404e-5,0.9324605236363155
2205151,5557,Jacobina do Piauí (PI),5613,C,5.001670748844258e-5,0.9325105403438039
2404408,5557,Grossos (RN),9924,C,5.001670748844258e-5,0.9325605570512923
2901502,5557,Anguera (BA),11031,C,5.001670748844258e-5,0.9326105737587806
2310605,5556,Penaforte (CE),8972,C,5.0007706821268125e-5,0.9326605814656019
1506112,5552,Quatipuru (PA),11524,C,4.997170415257031e-5,0.9327105531697545
3140852,5552,Matias Cardoso (MG),8895,C,4.997170415257031e-5,0.932760524873907
4213807,5550,Praia Grande (SC),8270,C,4.99537028182214e-5,0.9328104785767253
3102704,5546,Cachoeira de Pajeú (MG),9110,C,4.991770014952358e-5,0.9328603962768748
4102604,5546,Barracão (PR),9759,C,4.991770014952358e-5,0.9329103139770243
2202026,5541,Buriti dos Montes (PI),7434,C,4.9872696813651315e-5,0.932960186673838
4207650,5539,Iporã do Oeste (SC),9335,C,4.9854695479302404e-5,0.9330100413693173
2507200,5536,Itatuba (PB),10499,C,4.982769347777904e-5,0.9330598690627951
4128559,5530,Vera Cruz do Oeste (PR),8215,C,4.977368947473231e-5,0.9331096427522699
4213401,5526,Ponte Serrada (SC),10649,C,4.97376868060345e-5,0.933159380439076
4322301,5526,Tuparendi (RS),8363,C,4.97376868060345e-5,0.933209118125882
3142601,5524,Monsenhor Paulo (MG),8340,C,4.971968547168559e-5,0.9332588378113538
4127007,5524,Teixeira Soares (PR),9547,C,4.971968547168559e-5,0.9333085574968255
3130606,5523,Inconfidentes (MG),7301,C,4.9710684804511136e-5,0.93335826818163
3305307,5518,São Sebastião do Alto (RJ),7750,C,4.966568146863886e-5,0.9334079338630987
5103601,5513,Dom Aquino (MT),7872,C,4.962067813276659e-5,0.9334575545412315
2922805,5511,Nova Itarana (BA),7780,C,4.960267679841768e-5,0.9335071572180299
3165552,5511,Setubinha (MG),9917,C,4.960267679841768e-5,0.9335567598948283
2920007,5508,Maiquinique (BA),8731,C,4.957567479689432e-5,0.9336063355696252
2102754,5507,Capinzal do Norte (MA),11374,C,4.956667412971987e-5,0.9336559022437549
2923050,5486,Novo Triunfo (BA),10660,C,4.9377660119056326e-5,0.933705279903874
4100707,5486,Alto Piquiri (PR),9727,C,4.9377660119056326e-5,0.933754657563993
3551405,5475,Serra Azul (SP),12746,C,4.927865278013733e-5,0.9338039362167732
2103158,5473,Centro do Guilherme (MA),12342,C,4.926065144578842e-5,0.933853196868219
4203501,5473,Campo Erê (SC),9623,C,4.926065144578842e-5,0.9339024575196648
2902302,5472,Aratuípe (BA),8677,C,4.925165077861397e-5,0.9339517091704435
3143450,5469,Montezuma (MG),6888,C,4.92246487770906e-5,0.9340009338192206
2400307,5468,Afonso Bezerra (RN),10839,C,4.921564810991615e-5,0.9340501494673304
1505601,5466,Peixe-Boi (PA),8285,C,4.9197646775567236e-5,0.934099347114106
2308807,5464,Moraújo (CE),8254,C,4.917964544121833e-5,0.9341485267595473
2402501,5461,Carnaubais (RN),9714,C,4.9152643439694964e-5,0.934197679402987
3112901,5461,Caputira (MG),8936,C,4.9152643439694964e-5,0.9342468320464268
4305009,5460,Catuípe (RS),8674,C,4.914364277252051e-5,0.9342959756891993
3557303,5459,Estiva Gerbi (SP),11295,C,4.913464210534606e-5,0.9343451103313046
3103702,5458,Araponga (MG),8048,C,4.91256414381716e-5,0.9343942359727428
5101852,5458,Bom Jesus do Araguaia (MT),7280,C,4.91256414381716e-5,0.9344433616141811
2205953,5457,Marcolândia (PI),8533,C,4.911664077099715e-5,0.9344924782549521
3515202,5456,Estrela d'Oeste (SP),9417,C,4.91076401038227e-5,0.9345415858950559
3107505,5455,Bom Jardim de Minas (MG),6783,C,4.909863943664824e-5,0.9345906845344926
1100296,5451,Santa Luzia D'Oeste (RO),7419,C,4.9062636767950426e-5,0.9346397471712605
4314027,5449,Paraíso do Sul (RS),6519,C,4.9044635433601516e-5,0.9346887918066942
2106102,5448,Loreto (MA),11597,C,4.9035634766427064e-5,0.9347378274414606
2401305,5447,Campo Grande (RN),9730,C,4.9026634099252606e-5,0.9347868540755598
3157252,5443,Santa Bárbara do Leste (MG),8458,C,4.899063143055479e-5,0.9348358447069904
3115805,5437,Centralina (MG),10207,C,4.893662742750806e-5,0.934884781334418
2919058,5435,Lajedo do Tabocal (BA),7494,C,4.891862609315916e-5,0.9349336999605111
1101104,5434,Itapuã do Oeste (RO),8548,C,4.89096254259847e-5,0.9349826095859372
5103700,5430,Feliz Natal (MT),10521,C,4.8873622757286885e-5,0.9350314832086944
3138625,5426,Limeira do Oeste (MG),8687,C,4.8837620088589065e-5,0.935080320828783
4115101,5426,Mariluz (PR),9847,C,4.8837620088589065e-5,0.9351291584488716
5106281,5422,Novo São Joaquim (MT),6919,C,4.880161741989125e-5,0.9351779600662915
3537503,5421,Pereiras (SP),8737,C,4.879261675271679e-5,0.9352267526830442
3543808,5415,Rinópolis (SP),9259,C,4.873861274967007e-5,0.9352754912957939
4311155,5413,Jóia (RS),7184,C,4.872061141532116e-5,0.9353242119072093
3100104,5412,Abadia dos Dourados (MG),6272,C,4.8711610748146706e-5,0.9353729235179574
3555802,5412,Urânia (SP),8833,C,4.8711610748146706e-5,0.9354216351287056
5213004,5410,Maurilândia (GO),10304,C,4.8693609413797796e-5,0.9354703287381194
5207600,5403,Fazenda Nova (GO),5877,C,4.863060474357662e-5,0.935518959342863
3548203,5401,Santo Antônio do Pinhal (SP),7133,C,4.861260340922771e-5,0.9355675719462723
2506251,5399,Gado Bravo (PB),8179,C,4.85946020748788e-5,0.9356161665483471
4216107,5393,São Domingos (SC),9226,C,4.8540598071832075e-5,0.9356647071464189
2101103,5392,Axixá (MA),11790,C,4.853159740465762e-5,0.9357132387438236
4300505,5389,Alpestre (RS),7117,C,4.8504595403134255e-5,0.9357617433392268
3545407,5388,Salto Grande (SP),9050,C,4.84955947359598e-5,0.9358102389339628
4117222,5386,Nova Santa Rosa (PR),8322,C,4.847759340161089e-5,0.9358587165273644
2200053,5380,Acauã (PI),6420,C,4.842358939856417e-5,0.935907140116763
2206696,5380,Murici dos Portelas (PI),9797,C,4.842358939856417e-5,0.9359555637061616
3139250,5377,Mamonas (MG),5997,C,4.839658739704081e-5,0.9360039602935587
4110201,5373,Inácio Martins (PR),9670,C,4.8360584728342986e-5,0.936052320878287
4103800,5371,Cambira (PR),9460,C,4.834258339399408e-5,0.9361006634616811
1400233,5370,Caroebe (RR),10656,C,4.8333582726819624e-5,0.9361489970444079
2105203,5369,Igarapé Grande (MA),10231,C,4.832458205964517e-5,0.9361973216264675
2516805,5362,Triunfo (PB),9892,C,4.826157738942399e-5,0.936245583203857
4300851,5359,Arambaré (RS),4112,C,4.823457538790063e-5,0.9362938177792449
2410306,5358,Serra Caiada (RN),10125,C,4.8225574720726176e-5,0.9363420433539656
2927101,5358,Rodelas (BA),10308,C,4.8225574720726176e-5,0.9363902689286864
5006358,5351,Paranhos (MS),12921,C,4.816257005050499e-5,0.9364384314987368
3130309,5349,Iguatama (MG),6826,C,4.814456871615608e-5,0.936486576067453
3517802,5345,Guaraçaí (SP),7441,C,4.810856604745827e-5,0.9365346846335004
3128808,5344,Guidoval (MG),7131,C,4.809956538028381e-5,0.9365827841988807
2403509,5340,Espírito Santo (RN),10620,C,4.8063562711586e-5,0.9366308477615923
3142403,5340,Moema (MG),7548,C,4.8063562711586e-5,0.9366789113243039
3170503,5340,Urucânia (MG),10600,C,4.8063562711586e-5,0.9367269748870155
3169109,5338,Toledo (MG),7214,C,4.8045561377237087e-5,0.9367750204483928
4201257,5336,Apiúna (SC),9811,C,4.8027560042888176e-5,0.9368230480084356
3117836,5335,Cônego Marinho (MG),7237,C,4.8018559375713725e-5,0.9368710665678114
2606705,5330,Ibirajuba (PE),7140,C,4.797355603984145e-5,0.9369190401238512
2204501,5319,Guadalupe (PI),10270,C,4.7874548700922456e-5,0.9369669146725521
4128534,5310,Ventania (PR),9681,C,4.779354269635237e-5,0.9370147082152485
2207207,5307,Padre Marcos (PI),6382,C,4.7766540694829e-5,0.9370624747559433
1701002,5306,Ananás (TO),10325,C,4.775754002765455e-5,0.9371102322959709
4106001,5304,Congonhinhas (PR),8320,C,4.773953869330564e-5,0.9371579718346642
1600808,5299,Vitória do Jari (AP),11291,C,4.7694535357433367e-5,0.9372056663700217
2701100,5297,Branquinha (AL),9603,C,4.767653402308446e-5,0.9372533429040447
4123709,5292,Santa Isabel do Ivaí (PR),8912,C,4.763153068721219e-5,0.9373009744347319
2111029,5291,São João do Carú (MA),12251,C,4.762253002003773e-5,0.9373485969647519
2708709,5289,São Miguel dos Milagres (AL),8482,C,4.760452868568883e-5,0.9373962014934376
2410405,5287,Pureza (RN),9362,C,4.758652735133992e-5,0.937443788020789
4300901,5287,Aratiba (RS),6483,C,4.758652735133992e-5,0.9374913745481404
3116803,5286,Coluna (MG),8163,C,4.7577526684165467e-5,0.9375389520748245
3167400,5285,Silvianópolis (MG),6179,C,4.756852601699101e-5,0.9375865206008415
2102077,5282,Bom Lugar (MA),12212,C,4.7541524015467646e-5,0.9376340621248569
3130655,5281,Indaiabira (MG),6346,C,4.7532523348293194e-5,0.9376815946482052
5219001,5277,Sanclerlândia (GO),7918,C,4.7496520679595374e-5,0.9377290911688848
2107001,5274,Montes Altos (MA),9106,C,4.746951867807201e-5,0.9377765606875629
5103106,5273,Cocalinho (MT),6220,C,4.746051801089756e-5,0.9378240212055737
2203354,5271,Dirceu Arcoverde (PI),7054,C,4.744251667654865e-5,0.9378714637222503
2515401,5270,São Vicente do Seridó (PB),10291,C,4.74335160093742e-5,0.9379188972382596
3143807,5267,Munhoz (MG),7451,C,4.740651400785083e-5,0.9379663037522674
5202155,5262,Araguapaz (GO),7153,C,4.7361510671978564e-5,0.9380136652629394
4204905,5258,Descanso (SC),8530,C,4.732550800328074e-5,0.9380609907709426
2705606,5254,Novo Lino (AL),10020,C,4.728950533458293e-5,0.9381082802762772
2101772,5253,Bela Vista do Maranhão (MA),11750,C,4.728050466740847e-5,0.9381555607809446
3127305,5252,Galiléia (MG),6222,C,4.727150400023402e-5,0.9382028322849448
3128402,5252,Guarani (MG),7714,C,4.727150400023402e-5,0.938250103788945
2805109,5247,Pedrinhas (SE),7396,C,4.7226500664361747e-5,0.9382973302896094
3519006,5242,Herculândia (SP),9125,C,4.7181497328489474e-5,0.9383445117869379
1400027,5240,Amajari (RR),13927,C,4.7163495994140564e-5,0.938391675282932
1703008,5237,Babaçulândia (TO),7880,C,4.71364939926172e-5,0.9384388117769246
2206357,5234,Milton Brandão (PI),6542,C,4.710949199109384e-5,0.9384859212689156
3130556,5233,Imbé de Minas (MG),6986,C,4.710049132391939e-5,0.9385330217602396
1304237,5231,Tonantins (AM),19247,C,4.708248998957048e-5,0.9385801042502291
3544301,5229,Roseira (SP),10832,C,4.706448865522157e-5,0.9386271687388843
3124807,5228,Estrela do Sul (MG),6840,C,4.7055487988047116e-5,0.9386742242268723
1600709,5226,Tartarugalzinho (AP),12945,C,4.7037486653698205e-5,0.938721261713526
3204658,5224,São Domingos do Norte (ES),8589,C,4.7019485319349295e-5,0.9387682811988454
4201505,5224,Armazém (SC),8834,C,4.7019485319349295e-5,0.9388153006841647
4103503,5217,Califórnia (PR),8710,C,4.695648064912812e-5,0.9388622571648139
3509304,5216,Cajobi (SP),9133,C,4.694747998195366e-5,0.9389092046447958
4212650,5216,Pescaria Brava (SC),10190,C,4.694747998195366e-5,0.9389561521247777
5213509,5215,Monte Alegre de Goiás (GO),6692,C,4.693847931477921e-5,0.9390030906040925
2508208,5214,Lagoa de Dentro (PB),7819,C,4.692947864760475e-5,0.9390500200827401
3155306,5213,Rio Manso (MG),5568,C,4.69204779804303e-5,0.9390969405607205
2405306,5212,Januário Cicco (RN),9051,C,4.691147731325585e-5,0.9391438520380337
2611533,5202,Quixaba (PE),6554,C,4.68214706415113e-5,0.9391906735086752
4204004,5198,Catanduvas (SC),10566,C,4.678546797281348e-5,0.939237458976648
4203402,5195,Campo Belo do Sul (SC),7257,C,4.675846597129012e-5,0.9392842174426193
3119500,5189,Coronel Murta (MG),8200,C,4.6704461968243396e-5,0.9393309219045874
5006408,5187,Pedro Gomes (MS),6941,C,4.6686460633894485e-5,0.9393776083652213
2111748,5184,Senador Alexandre Costa (MA),10207,C,4.665945863237112e-5,0.9394242678238537
4105003,5181,Catanduvas (PR),10446,C,4.663245663084776e-5,0.9394709002804845
2513158,5180,Santa Cecília (PB),7670,C,4.662345596367331e-5,0.9395175237364481
4101309,5175,Antônio Olinto (PR),7018,C,4.657845262780104e-5,0.9395641021890759
1101203,5168,Ministro Andreazza (RO),6466,C,4.6515447957579855e-5,0.9396106176370335
3126901,5159,Frei Inocêncio (MG),8226,C,4.643444195300977e-5,0.9396570520789864
2310951,5158,Pires Ferreira (CE),10606,C,4.642544128583531e-5,0.9397034775202723
5100607,5158,Alto Taquari (MT),10904,C,4.642544128583531e-5,0.9397499029615581
3128600,5150,Guarda-Mor (MG),6539,C,4.6353435948439676e-5,0.9397962563975065
3165701,5150,Senador Firmino (MG),7716,C,4.6353435948439676e-5,0.9398426098334549
4315404,5150,Redentora (RS),9738,C,4.6353435948439676e-5,0.9398889632694033
2201739,5149,Betânia do Piauí (PI),6220,C,4.6344435281265224e-5,0.9399353077046846
4107256,5147,Douradina (PR),9161,C,4.6326433946916314e-5,0.93998163413863145
1715754,5146,Palmeirópolis (TO),6975,C,4.631743327974186e-5,0.9400279515719112
2103109,5144,Cedral (MA),10208,C,4.629943194539295e-5,0.9400742510038566
3146503,5139,Pains (MG),8142,C,4.625442860952068e-5,0.9401205054324661
3154457,5138,Riachinho (MG),6863,C,4.624542794234623e-5,0.9401667508604084
2407401,5135,Martins (RN),8179,C,4.6218425940822865e-5,0.9402129692863491
1503408,5134,Inhangapi (PA),10325,C,4.620942527364841e-5,0.9402591787116228
2111789,5132,Serrano do Maranhão (MA),10202,C,4.61914239392995e-5,0.940305370135562
2916708,5130,Itaquara (BA),8153,C,4.617342260495059e-5,0.940351543558167
3202009,5130,Dores do Rio Preto (ES),6596,C,4.617342260495059e-5,0.9403977169807719
3109451,5129,Cabeceira Grande (MG),6627,C,4.6164421937776135e-5,0.9404438814027096
4123303,5125,Santa Cruz de Monte Castelo (PR),8613,C,4.612841926907832e-5,0.9404900098219787
3164209,5118,São Romão (MG),10315,C,4.606541459885714e-5,0.9405360752365776
2616183,5116,Vertente do Lério (PE),7558,C,4.6047413264508235e-5,0.9405821226498421
5000906,5113,Antônio João (MS),9303,C,4.6020411262984866e-5,0.9406281430611051
2207777,5106,Patos do Piauí (PI),5425,C,4.595740659276369e-5,0.9406741004676978
2701803,5105,Carneiros (AL),8999,C,4.594840592558923e-5,0.9407200488736235
3131109,5101,Inimutaba (MG),7371,C,4.591240325689142e-5,0.9407659612768804
2209971,5099,São João do Arraial (PI),8186,C,4.589440192254251e-5,0.940811855678803
2508505,5097,Livramento (PB),6877,C,4.58764005881936e-5,0.9408577320793912
2915700,5095,Itamari (BA),7051,C,4.5858399253844694e-5,0.940903590478645
4301701,5095,Barão de Cotegipe (RS),7144,C,4.5858399253844694e-5,0.9409494488778989
5106265,5095,Novo Mundo (MT),6520,C,4.5858399253844694e-5,0.9409953072771527
3515350,5091,Euclides da Cunha Paulista (SP),7924,C,4.582239658514687e-5,0.9410411296737379
2607950,5077,Jaqueira (PE),10247,C,4.5696387244704515e-5,0.9410868260609826
3135605,5077,Jequitaí (MG),6484,C,4.5696387244704515e-5,0.9411325224482273
3154150,5077,Reduto (MG),7848,C,4.5696387244704515e-5,0.941178218835472
4122701,5077,Sabáudia (PR),8822,C,4.5696387244704515e-5,0.9412239152227168
2201960,5075,Brasileira (PI),8436,C,4.5678385910355604e-5,0.9412695936086272
2511806,5073,Pirpirituba (PB),9340,C,4.5660384576006694e-5,0.9413152539932031
3155405,5071,Rio Novo (MG),8518,C,4.564238324165779e-5,0.9413608963764448
3200359,5068,Alto Rio Novo (ES),7434,C,4.561538124013442e-5,0.941406511757685
2931400,5065,Teodoro Sampaio (BA),7110,C,4.558837923861106e-5,0.9414521001369236
4103305,5064,Borrazópolis (PR),7735,C,4.557937857143661e-5,0.941497679515495
2517001,5063,Umbuzeiro (PB),9124,C,4.5570377904262156e-5,0.9415432498933993
2916609,5062,Itapitanga (BA),10279,C,4.55613772370877e-5,0.9415888112706364
3528106,5057,Macaubal (SP),7481,C,4.5516373901215425e-5,0.9416343276445377
2109205,5056,Presidente Juscelino (MA),11356,C,4.5507373234040974e-05,0.9416798350177717
2310100,5056,Palmácia (CE),10242,C,4.5507373234040974e-05,0.9417253423910058
2110856,5054,São Francisco do Brejão (MA),9051,C,4.548937189969206e-5,0.9417708317629055
3156502,5053,Rubelita (MG),5679,C,4.548037123251761e-5,0.9418163121341381
3556602,5049,Vera Cruz (SP),10176,C,4.544436856381979e-5,0.9418617565027019
4108957,5049,Guamiranga (PR),7856,C,4.544436856381979e-5,0.9419072008712657
5007950,5047,Tacuru (MS),10808,C,4.542636722947089e-5,0.9419526272384952
4300646,5046,Ametista do Sul (RS),7650,C,4.541736656229643e-5,0.9419980446050574
5100805,5046,Apiacás (MT),8590,C,4.541736656229643e-5,0.9420434619716197
2106375,5045,Maranhãozinho (MA),13761,C,4.540836589512198e-5,0.9420888703375149
2402402,5043,Carnaúba dos Dantas (RN),7992,C,4.539036456077307e-5,0.9421342607020756
2512804,5043,Riacho dos Cavalos (PB),8493,C,4.539036456077307e-5,0.9421796510666364
3101805,5043,Alpercata (MG),6903,C,4.539036456077307e-5,0.9422250414311971
5007703,5039,Sete Quedas (MS),10994,C,4.535436189207525e-5,0.9422703957930892
5216304,5039,Paranaiguara (GO),7607,C,4.535436189207525e-5,0.9423157501549814
3101201,5037,Aiuruoca (MG),6233,C,4.533636055772634e-5,0.9423610865155391
4316303,5037,Roque Gonzales (RS),6576,C,4.533636055772634e-5,0.9424064228760968
2206100,5033,Matias Olímpio (PI),10641,C,4.530035788902852e-5,0.9424517232339858
1707108,5031,Divinópolis do Tocantins (TO),7024,C,4.528235655467962e-5,0.9424970055905405
3117603,5029,Conceição do Pará (MG),5415,C,4.526435522033071e-5,0.9425422699457608
2204907,5028,Isaías Coelho (PI),7774,C,4.525535455315625e-5,0.942587525300314
2405009,5028,Jaçanã (RN),7834,C,4.525535455315625e-5,0.9426327806548671
3504404,5027,Avanhandava (SP),11263,C,4.52463538859818e-5,0.9426780270087531
2104305,5024,Godofredo Viana (MA),10186,C,4.5219351884458436e-5,0.9427232463606376
1717909,5020,Ponte Alta do Tocantins (TO),7586,C,4.5183349215760615e-5,0.9427684297098534
2106631,5019,Matões do Norte (MA),17432,C,4.5174348548586164e-5,0.942813604058402
3553500,5019,Tapiraí (SP),7996,C,4.5174348548586164e-5,0.9428587784069505
2306207,5013,Itaiçaba (CE),7536,C,4.512034454553944e-5,0.942903898751496
2907004,5013,Cardeal da Silva (BA),8365,C,4.512034454553944e-5,0.9429490190960416
3200508,5013,Apiacá (ES),7223,C,4.512034454553944e-5,0.9429941394405871
4122602,5011,Rondon (PR),9097,C,4.510234321119053e-5,0.9430392417837983
1101807,5005,Vale do Paraíso (RO),6479,C,4.5048339208143805e-5,0.9430842901230064
2703759,5004,Jequiá da Praia (AL),9470,C,4.503933854096935e-5,0.9431293294615474
3140530,4999,Martins Soares (MG),8396,C,4.499433520509708e-5,0.9431743237967525
3115458,4997,Catuji (MG),7030,C,4.497633387074817e-5,0.9432193001306233
2301505,4993,Arneiroz (CE),7429,C,4.494033120205035e-5,0.9432642404618253
4115002,4992,Marilena (PR),7253,C,4.49313305348759e-5,0.9433091717923602
3505401,4988,Barra do Turvo (SP),6876,C,4.489532786617808e-5,0.9433540671202264
4128609,4984,Verê (PR),7932,C,4.4859325197480264e-5,0.9433989264454239
3116704,4981,Coimbra (MG),7117,C,4.48323231959569e-5,0.9434437587686199
3162609,4981,São João do Oriente (MG),7070,C,4.48323231959569e-5,0.9434885910918158
4217907,4976,Tangará (SC),8143,C,4.478731986008463e-5,0.943533378411676
5200803,4976,Alvorada do Norte (GO),8446,C,4.478731986008463e-5,0.9435781657315361
3171030,4974,Verdelândia (MG),7672,C,4.476931852573572e-5,0.9436229350500618
4108205,4972,Formosa do Oeste (PR),7635,C,4.475131719138681e-5,0.9436676863672532
2205557,4970,Lagoa Alegre (PI),8256,C,4.4733315857037906e-5,0.9437124196831103
3162203,4970,São João Batista do Glória (MG),7652,C,4.4733315857037906e-5,0.9437571529989673
3104106,4968,Arceburgo (MG),9177,C,4.4715314522688995e-5,0.94380186831349
4200606,4966,Águas Mornas (SC),6743,C,4.4697313188340085e-5,0.9438465656266783
1714203,4965,Natividade (TO),8754,C,4.4688312521165633e-5,0.9438912539391995
5100508,4965,Alto Paraguai (MT),8009,C,4.4688312521165633e-5,0.9439359422517206
4128708,4963,Vitorino (PR),9706,C,4.467031118681672e-5,0.9439806125629074
4115754,4962,Mauá da Serra (PR),9383,C,4.466131051964227e-5,0.944025273873427
3106002,4961,Bela Vista de Minas (MG),10167,C,4.465230985246781e-5,0.9440699261832796
3121258,4961,Delta (MG),10494,C,4.465230985246781e-5,0.9441145784931321
3305133,4959,São José de Ubá (RJ),7070,C,4.46343085181189e-5,0.9441592128016502
1101435,4958,Nova União (RO),6200,C,4.462530785094445e-5,0.9442038381095011
3102852,4955,Angelândia (MG),7718,C,4.459830584942109e-5,0.9442484364153506
2701506,4952,Campo Grande (AL),8143,C,4.457130384789773e-5,0.9442930077191986
4313805,4944,Palmitinho (RS),7839,C,4.449929851050209e-5,0.944337507017709
3514304,4942,Dourado (SP),8096,C,4.448129717615318e-5,0.9443819883148852
4319307,4942,São Paulo das Missões (RS),5846,C,4.448129717615318e-5,0.9444264696120613
3160454,4941,Santo Antônio do Retiro (MG),6629,C,4.447229650897873e-5,0.9444709419085703
2100873,4940,Araguanã (MA),11181,C,4.446329584180427e-5,0.9445154052044121
2503555,4940,Cacimbas (PB),7223,C,4.446329584180427e-5,0.944559868500254
5107776,4939,Santa Terezinha (MT),7596,C,4.445429517462982e-5,0.9446043227954286
4310504,4935,Iraí (RS),7482,C,4.4418292505932e-5,0.9446487410879345
1700707,4932,Alvorada (TO),8802,C,4.439129050440864e-5,0.9446931323784389
2806107,4928,Rosário do Catete (SE),9295,C,4.4355287835710824e-5,0.9447374876662746
2110237,4921,Santana do Maranhão (MA),10567,C,4.429228316548964e-5,0.9447817799494401
2922201,4915,Muniz Ferreira (BA),7190,C,4.423827916244292e-5,0.9448260182286026
4302501,4912,Bossoroca (RS),5890,C,4.4211277160919555e-5,0.9448702295057635
2105807,4911,Lago do Junco (MA),9506,C,4.4202276493745096e-5,0.9449144317822572
5007802,4909,Selvíria (MS),8142,C,4.418427515939619e-5,0.9449586160574166
1600204,4906,Calçoene (AP),10612,C,4.4157273157872824e-5,0.9450027733305745
4125803,4905,São Pedro do Ivaí (PR),8690,C,4.414827249069837e-5,0.9450469216030651
4219200,4904,Vidal Ramos (SC),6189,C,4.413927182352392e-5,0.9450910608748887
2705804,4899,Olho d'Água do Casado (AL),8349,C,4.409426848765165e-5,0.9451351551433763
2507903,4893,Juripiranga (PB),10012,C,4.4040264484604924e-5,0.9451791954078609
4215679,4892,Santa Terezinha (SC),8066,C,4.4031263817430466e-5,0.9452232266716784
5222054,4885,Vicentinópolis (GO),8768,C,4.396825914720929e-5,0.9452671949308256
4300307,4884,Alecrim (RS),6123,C,4.395925848003483e-5,0.9453111541893056
3500402,4883,Águas da Prata (SP),7369,C,4.395025781286038e-5,0.9453551044471185
3148509,4880,Pavão (MG),8047,C,4.392325581133702e-5,0.9453990277029298
3165404,4876,Sapucaí-Mirim (MG),6311,C,4.38872531426392e-5,0.9454429149560725
4127908,4866,Tuneiras do Oeste (PR),8067,C,4.379724647089465e-5,0.9454867122025433
5214408,4865,Nazário (GO),8189,C,4.37882458037202e-5,0.9455305004483471
3304508,4860,Rio das Flores (RJ),8954,C,4.374324246784793e-5,0.9455742436908149
4321956,4860,Trindade do Sul (RS),7556,C,4.374324246784793e-5,0.9456179869332827
4316709,4856,Santa Bárbara do Sul (RS),8122,C,4.3707239799150114e-5,0.9456616941730819
4320263,4854,Segredo (RS),6009,C,4.3689238464801204e-5,0.9457053834115466
5222302,4852,Vila Propício (GO),5815,C,4.3671237130452294e-5,0.9457490546486771
3155207,4851,Rio Espera (MG),5429,C,4.366223646327784e-5,0.9457927168851403
3111408,4849,Campo Florido (MG),8466,C,4.364423512892893e-5,0.9458363611202693
3123809,4849,Engenheiro Navarro (MG),6354,C,4.364423512892893e-5,0.9458800053553982
3131604,4848,Iraí de Minas (MG),7180,C,4.363523446175448e-5,0.9459236405898599
2504157,4845,Casserengue (PB),6889,C,4.360823246023112e-5,0.9459672488223201
4206652,4845,Guatambú (SC),8425,C,4.360823246023112e-5,0.9460108570547803
2410207,4832,Portalegre (RN),7601,C,4.349122378696321e-5,0.9460543482785673
4309506,4829,Guarani das Missões (RS),7415,C,4.346422178543984e-5,0.9460978125003527
2202083,4824,Cajueiro da Praia (PI),7957,C,4.341921844956758e-5,0.9461412317188023
1302009,4823,Itapiranga (AM),10162,C,4.341021778239312e-5,0.9461846419365847
1707207,4823,Dois Irmãos do Tocantins (TO),6327,C,4.341021778239312e-5,0.9462280521543671
3115706,4823,Central de Minas (MG),6171,C,4.341021778239312e-5,0.9462714623721495
4114906,4821,Marilândia do Sul (PR),8677,C,4.339221644804421e-5,0.9463148545885975
5218789,4821,Rio Quente (GO),3864,C,4.339221644804421e-5,0.9463582468050455
3162252,4819,São João da Lagoa (MG),4822,C,4.3374215113695305e-5,0.9464016210201592
5204003,4816,Cabeceiras (GO),7560,C,4.334721311217194e-5,0.9464449682332714
5215504,4815,Ouvidor (GO),7200,C,4.3338212444997484e-5,0.9464883064457164
3519907,4814,Iepê (SP),7619,C,4.332921177782303e-5,0.9465316356574942
2202778,4811,Colônia do Piauí (PI),6994,C,4.330220977629967e-5,0.9465749378672705
2702801,4810,Flexeiras (AL),9618,C,4.329320910912521e-5,0.9466182310763797
5211305,4810,Itarumã (GO),6101,C,4.329320910912521e-5,0.9466615242854888
5103858,4804,Gaúcha do Norte (MT),8642,C,4.323920510607849e-5,0.9467047634905948
5204250,4802,Cachoeira Dourada (GO),7782,C,4.322120377172958e-5,0.9467479846943666
3116001,4796,Chalé (MG),6075,C,4.316719976868285e-5,0.9467911518941353
2501708,4795,Barra de São Miguel (PB),5906,C,4.31581991015084e-5,0.9468343100932368
4112405,4794,Japurá (PR),9144,C,4.314919843433394e-5,0.9468774592916711
3514601,4793,Dumont (SP),9471,C,4.314019776715949e-5,0.9469205994894383
1400407,4792,Normandia (RR),13986,C,4.313119709998504e-5,0.9469637306865383
3168309,4791,Taquaraçu de Minas (MG),4224,C,4.312219643281058e-5,0.947006852882971
2313252,4789,Tarrafas (CE),7529,C,4.310419509846167e-5,0.9470499570780695
2901957,4783,Apuarema (BA),6913,C,4.3050191095414947e-5,0.9470930072691649
2931103,4781,Tanquinho (BA),7717,C,4.3032189761066036e-5,0.947136039458926
2615201,4780,Terra Nova (PE),8920,C,4.3023189093891584e-5,0.9471790626480199
3138906,4780,Machacalis (MG),6487,C,4.3023189093891584e-5,0.9472220858371138
4107751,4780,Figueira (PR),8062,C,4.3023189093891584e-5,0.9472651090262076
3138005,4779,Laranjal (MG),5963,C,4.301418842671713e-5,0.9473081232146343
3541901,4777,Queluz (SP),9159,C,4.299618709236822e-5,0.9473511194017267
3535101,4774,Palmares Paulista (SP),9650,C,4.296918509084486e-5,0.9473940885868175
3300951,4770,Comendador Levy Gasparian (RJ),8741,C,4.293318242214704e-5,0.9474370217692396
3554953,4767,Tuiuti (SP),6778,C,4.290618042062368e-5,0.9474799279496602
5212709,4765,Mambaí (GO),8124,C,4.288817908627477e-5,0.9475228161287464
4200408,4764,Água Doce (SC),6508,C,4.2879178419100316e-5,0.9475656953071655
3302304,4761,Laje do Muriaé (RJ),7336,C,4.2852176417576954e-5,0.947608547483583
2514909,4759,São Mamede (PB),7470,C,4.2834175083228043e-5,0.9476513816586662
4200903,4759,Angelina (SC),5358,C,4.2834175083228043e-5,0.9476942158337495
2311231,4757,Potiretama (CE),5974,C,4.281617374887913e-5,0.9477370320074984
2516409,4754,Tacima (PB),8010,C,4.278917174735577e-5,0.9477798211792458
3138104,4752,Lassance (MG),7124,C,4.277117041300686e-5,0.9478225923496587
4213104,4751,Piratuba (SC),5769,C,4.276216974583241e-5,0.9478653545194046
4212700,4750,Petrolândia (SC),6716,C,4.275316907865796e-5,0.9479081076884832
2403004,4746,Cruzeta (RN),8005,C,4.271716640996014e-5,0.9479508248548931
5211404,4739,Itauçu (GO),7736,C,4.265416173973896e-5,0.9479934790166329
1302207,4737,Juruá (AM),10742,C,4.263616040539005e-5,0.9480361151770382
3164407,4736,São Sebastião da Bela Vista (MG),6387,C,4.262715973821559e-5,0.9480787423367765
5204805,4736,Campo Alegre de Goiás (GO),7422,C,4.262715973821559e-5,0.9481213694965147
4218400,4734,Treze de Maio (SC),7362,C,4.260915840386669e-5,0.9481639786549185
4307302,4734,Erval Seco (RS),6787,C,4.260915840386669e-5,0.9482065878133223
3547908,4731,Santo Antônio da Alegria (SP),6775,C,4.2582156402343327e-5,0.9482491699697246
2503902,4728,Camalaú (PB),6085,C,4.255515440081996e-5,0.9482917251241254
4315156,4728,Progresso (RS),5340,C,4.255515440081996e-5,0.9483342802785262
2910776,4724,Feira da Mata (BA),5631,C,4.2519151732122144e-5,0.9483767994302583
2206803,4723,Nossa Senhora dos Remédios (PI),8525,C,4.251015106494769e-5,0.9484193095813233
2202729,4719,Cocal dos Alves (PI),6386,C,4.247414839624987e-5,0.9484617837297195
4301503,4719,Augusto Pestana (RS),7149,C,4.247414839624987e-5,0.9485042578781157
5102686,4717,Campos de Júlio (MT),8822,C,4.245614706190096e-5,0.9485467140251775
4218509,4716,Treze Tílias (SC),8787,C,4.244714639472651e-5,0.9485891611715722
3532900,4713,Nova Europa (SP),9311,C,4.242014439320315e-5,0.9486315813159654
2606309,4709,Granito (PE),6967,C,4.238414172450533e-5,0.9486739654576899
4314209,4703,Pedro Osório (RS),7484,C,4.23301377214586e-5,0.9487162955954114
2307205,4688,Jati (CE),7861,C,4.2195127713841786e-5,0.9487584907231252
2915908,4687,Itanagra (BA),5914,C,4.2186127046667334e-5,0.9488006768501719
2610103,4686,Palmeirina (PE),7031,C,4.217712637949288e-5,0.9488428539765513
2105948,4685,Lago dos Rodrigues (MA),8758,C,4.2168125712318424e-5,0.9488850221022637
4311759,4685,Manoel Viana (RS),6801,C,4.2168125712318424e-5,0.948927190227976
1303957,4684,São Sebastião do Uatumã (AM),11670,C,4.215912504514397e-5,0.9489693493530211
4321352,4684,Tavares (RS),5212,C,4.215912504514397e-5,0.9490115084780663
3120870,4683,Curral de Dentro (MG),7406,C,4.215012437796952e-5,0.9490536586024442
2208700,4681,Redenção do Gurguéia (PI),8394,C,4.213212304362061e-5,0.9490957907254878
5211701,4681,Jandaia (GO),6272,C,4.213212304362061e-5,0.9491379228485314
2209005,4673,Rio Grande do Piauí (PI),5801,C,4.2060117706224976e-5,0.9491799829662376
3121803,4671,Dionísio (MG),6847,C,4.2042116371876065e-5,0.9492220250826094
3166303,4658,Sericita (MG),7345,C,4.192510769860816e-5,0.9492639501903081
2209401,4646,Santo Antônio de Lisboa (PI),5839,C,4.181709969251471e-5,0.9493057672900006
3536802,4643,Pedra Bela (SP),6557,C,4.179009769099134e-5,0.9493475573876916
3127339,4642,Gameleiras (MG),4793,C,4.178109702381689e-5,0.9493893384847154
2313708,4639,Umari (CE),6871,C,4.175409502229353e-5,0.9494310925797377
3550506,4637,São Pedro do Turvo (SP),7217,C,4.173609368794462e-5,0.9494728286734256
3128907,4636,Guimarânia (MG),8478,C,4.1727093020770166e-5,0.9495145557664464
3138674,4634,Luisburgo (MG),6956,C,4.1709091686421256e-5,0.9495562648581328
4318606,4634,São José do Ouro (RS),6834,C,4.1709091686421256e-5,0.9495979739498193
3156304,4633,Rodeiro (MG),8664,C,4.1700091019246804e-5,0.9496396740408385
3529500,4630,Mendonça (SP),6159,C,4.167308901772344e-5,0.9496813471298562
3163805,4629,São Miguel do Anta (MG),6334,C,4.166408835054898e-5,0.9497230112182068
3152600,4626,Pouso Alto (MG),6566,C,4.163708634902562e-5,0.9497646483045559
3544202,4622,Riolândia (SP),10309,C,4.160108368032781e-5,0.9498062493882362
3503604,4619,Areiópolis (SP),10130,C,4.157408167880444e-5,0.949847823469915
3130705,4617,Indianópolis (MG),6171,C,4.1556080344455535e-5,0.9498893795502595
4112959,4616,Juranda (PR),7771,C,4.1547079677281077e-5,0.9499309266299368
4308409,4614,Formigueiro (RS),6413,C,4.152907834293217e-5,0.9499724557082798
3159001,4610,Santana do Riacho (MG),5313,C,4.149307567423435e-5,0.9500139487839541
3159506,4610,Santa Rita do Itueto (MG),5826,C,4.149307567423435e-5,0.9500554418596283
4120705,4609,Quatiguá (PR),8099,C,4.14840750070599e-5,0.9500969259346354
2804300,4607,Muribeca (SE),7822,C,4.146607367271099e-5,0.9501383920083081
4306056,4606,Cristal (RS),7299,C,4.145707300553654e-5,0.9501798490813136
5106182,4600,Nova Lacerda (MT),6670,C,4.140306900248981e-5,0.950221252150316
2102408,4599,Cajapió (MA),10121,C,4.1394068335315356e-5,0.9502626462186514
2104503,4596,Governador Archer (MA),10231,C,4.1367066333791994e-5,0.9503040132849853
3127404,4594,Gonçalves (MG),4727,C,4.1349064999443084e-5,0.9503453623499847
2412807,4592,São Rafael (RN),7711,C,4.1331063665094173e-05,0.9503866934136498
2514206,4587,São José da Lagoa Tapada (PB),7126,C,4.12860603292219e-5,0.9504279794739791
3150406,4587,Piedade dos Gerais (MG),5019,C,4.12860603292219e-5,0.9504692655343083
4303707,4587,Campina das Missões (RS),5882,C,4.12860603292219e-5,0.9505105515946376
3542107,4585,Rafard (SP),8965,C,4.1268058994873e-5,0.9505518196536324
3140555,4583,Mata Verde (MG),9112,C,4.125005766052409e-5,0.950593069711293
2922755,4581,Nova Ibiá (BA),6501,C,4.123205632617518e-5,0.9506343017676192
2515971,4579,Sobrado (PB),8236,C,4.121405499182627e-5,0.950675515822611
3150570,4577,Pintópolis (MG),7084,C,4.119605365747736e-5,0.9507167118762685
2312502,4575,São João do Jaguaribe (CE),5855,C,4.117805232312845e-5,0.9507578899285917
1717503,4573,Pium (TO),7128,C,4.116005098877954e-5,0.9507990499795804
2210300,4573,São Julião (PI),6025,C,4.116005098877954e-5,0.9508402100305692
2300804,4571,Antonina do Norte (CE),7245,C,4.114204965443063e-5,0.9508813520802236
3141702,4562,Mesquita (MG),5040,C,4.1061043649860546e-5,0.9509224131238735
4100103,4560,Abatiá (PR),7241,C,4.1043042315511636e-5,0.950963456166189
4302451,4558,Boqueirão do Leão (RS),6247,C,4.1025040981162726e-5,0.9510044812071702
1400282,4557,Iracema (RR),10023,C,4.1016040313988274e-5,0.9510454972474842
4108320,4556,Francisco Alves (PR),8116,C,4.100703964681382e-5,0.951086504287131
4212007,4554,Palma Sola (SC),7605,C,4.098903831246491e-5,0.9511274933254436
5004809,4550,Japorã (MS),8148,C,4.095303564376709e-5,0.9511684463610873
2401404,4549,Baía Formosa (RN),8825,C,4.094403497659264e-5,0.9512093903960639
2102374,4548,Cachoeira Grande (MA),9732,C,4.093503430941819e-5,0.9512503254303734
4215307,4545,Salete (SC),7489,C,4.0908032307894826e-5,0.9512912334626813
5003108,4545,Corguinho (MS),4783,C,4.0908032307894826e-5,0.9513321414949892
4214607,4542,Rio do Oeste (SC),7747,C,4.088103030637146e-5,0.9513730225252957
3146750,4541,Palmópolis (MG),6301,C,4.0872029639197005e-5,0.9514138945549349
3145455,4540,Olhos-d'Água (MG),5385,C,4.0863028972022554e-5,0.9514547575839069
4117271,4538,Nova Tebas (PR),6848,C,4.084502763767364e-5,0.9514956026115445
2509396,4537,Maturéia (PB),6433,C,4.083602697049919e-5,0.951536438638515
2510006,4537,Nazarezinho (PB),7203,C,4.083602697049919e-5,0.9515772746654855
3534807,4532,Ouro Verde (SP),7779,C,4.079102363462692e-5,0.9516180656891201
1400704,4526,Uiramutã (RR),13751,C,4.073701963158019e-5,0.9516588027087517
1504109,4525,Magalhães Barata (PA),8115,C,4.0728018964405737e-5,0.9516995307277161
1701903,4525,Araguacema (TO),5927,C,4.0728018964405737e-5,0.9517402587466804
2802601,4519,Graccho Cardoso (SE),5834,C,4.067401496135901e-5,0.9517809327616418
2104081,4518,Fernando Falcão (MA),10873,C,4.0665014294184554e-5,0.951821597775936
4210308,4518,Major Vieira (SC),7425,C,4.0665014294184554e-5,0.9518622627902302
5104542,4517,Itanhangá (MT),7539,C,4.06560136270101e-5,0.9519029188038572
2104073,4516,Feira Nova do Maranhão (MA),8048,C,4.064701295983565e-5,0.951943565816817
2112001,4516,Tasso Fragoso (MA),8862,C,4.064701295983565e-5,0.9519842128297769
2202133,4516,Campo Grande do Piauí (PI),6020,C,4.064701295983565e-5,0.9520248598427367
3125606,4514,Felisburgo (MG),6489,C,4.062901162548674e-5,0.9520654888543622
2509057,4508,Marcação (PB),8999,C,4.0575007622440016e-5,0.9521060638619846
3514007,4500,Dobrada (SP),8759,C,4.050300228504438e-5,0.9521465668642697
3163904,4499,São Pedro da União (MG),4885,C,4.049400161786992e-5,0.9521870608658876
5219902,4496,São Francisco de Goiás (GO),6378,C,4.046699961634656e-5,0.9522275278655039
2407302,4495,Marcelino Vieira (RN),7896,C,4.045799894917211e-5,0.952267985864453
3171071,4495,Veredinha (MG),5181,C,4.045799894917211e-5,0.9523084438634022
3503109,4495,Arandu (SP),6885,C,4.045799894917211e-5,0.9523489018623513
4127957,4494,Tupãssi (PR),8077,C,4.044899828199765e-5,0.9523893508606334
1707405,4492,Esperantina (TO),7530,C,4.043099694764875e-5,0.952429781857581
2105989,4492,Lajeado Novo (MA),7057,C,4.043099694764875e-5,0.9524702128545286
3120607,4491,Crucilândia (MG),5434,C,4.042199628047429e-5,0.9525106348508091
3543253,4490,Ribeirão Grande (SP),7450,C,4.041299561329984e-5,0.9525510478464224
1200393,4488,Porto Walter (AC),10735,C,4.039499427895093e-5,0.9525914428407014
2406601,4483,Lagoa Salgada (RN),8319,C,4.0349990943078654e-5,0.9526317928316445
3204252,4483,Ponto Belo (ES),6497,C,4.0349990943078654e-5,0.9526721428225875
3527009,4482,Lindóia (SP),7014,C,4.03409902759042e-5,0.9527124838128634
2500775,4480,Aparecida (PB),7960,C,4.032298894155529e-5,0.952752806801805
3533601,4480,Nuporanga (SP),7391,C,4.032298894155529e-5,0.9527931297907465
3148756,4475,Pedra Bonita (MG),7320,C,4.027798560568302e-5,0.9528334077763522
4103040,4471,Boa Ventura de São Roque (PR),6378,C,4.0241982936985206e-5,0.9528736497592891
3123528,4469,Durandé (MG),7817,C,4.0223981602636296e-5,0.9529138737408918
2203008,4468,Cristalândia do Piauí (PI),7356,C,4.0214980935461844e-5,0.9529540887218272
3136603,4467,Nova União (MG),5909,C,4.0205980268287386e-5,0.9529942947020955
5221197,4467,Terezópolis de Goiás (GO),7944,C,4.0205980268287386e-5,0.9530345006823638
2800704,4466,Brejo Grande (SE),7841,C,4.0196979601112934e-5,0.953074697661965
2803708,4466,Macambira (SE),6838,C,4.0196979601112934e-5,0.9531148946415661
1300839,4464,Caapiranga (AM),13469,C,4.0178978266764024e-5,0.9531550736198329
3532827,4463,Nova Campina (SP),8497,C,4.016997759958957e-5,0.9531952435974325
3146552,4458,Pai Pedro (MG),5551,C,4.01249742637173e-5,0.9532353685716962
4309654,4457,Hulha Negra (RS),5976,C,4.011597359654284e-5,0.9532754845452928
2914208,4454,Irajuba (BA),6101,C,4.008897159501948e-5,0.9533155735168878
4128633,4452,Doutor Ulysses (PR),5697,C,4.0070970260670575e-5,0.9533556444871485
2507606,4451,Juarez Távora (PB),7796,C,4.006196959349612e-5,0.953395706456742
3166907,4450,Serrania (MG),7621,C,4.0052968926321665e-5,0.9534357594256683
4304309,4442,Cândido Godói (RS),6294,C,3.998096358892603e-5,0.9534757403892572
1505551,4438,Pau D'Arco (PA),6931,C,3.994496092022821e-5,0.9535156853501774
3136959,4433,Juvenília (MG),5789,C,3.989995758435594e-5,0.9535555853077617
4305124,4429,Cerrito (RS),5808,C,3.9863954915658124e-5,0.9535954492626774
4309902,4427,Ibiraiaras (RS),6776,C,3.9845953581309214e-5,0.9536352952162587
3509452,4426,Campina do Monte Alegre (SP),5954,C,3.983695291413476e-5,0.9536751321691728
3545159,4425,Saltinho (SP),8161,C,3.9827952246960304e-5,0.9537149601214198
3552007,4425,Silveiras (SP),6186,C,3.9827952246960304e-5,0.9537547880736668
2505006,4420,Cubati (PB),7580,C,3.978294891108803e-5,0.9537945710225778
2708204,4419,São Brás (AL),6555,C,3.977394824391358e-5,0.9538343449708218
4125407,4419,São José da Boa Vista (PR),6040,C,3.977394824391358e-5,0.9538741189190657
3506409,4417,Bilac (SP),7319,C,3.975594690956467e-5,0.9539138748659752
3554904,4416,Três Fronteiras (SP),6804,C,3.974694624239022e-5,0.9539536218122177
2501203,4415,Areial (PB),7128,C,3.9737945575215766e-5,0.9539933597577929
3118205,4414,Conquista (MG),6694,C,3.972894490804131e-5,0.9540330887027009
3157336,4414,Santa Cruz de Minas (MG),8109,C,3.972894490804131e-5,0.9540728176476089
3169505,4410,Tumiritinga (MG),5886,C,3.969294223934349e-5,0.9541125105898483
3523800,4408,Itobi (SP),8046,C,3.967494090499458e-5,0.9541521855307532
4118857,4408,Perobal (PR),7189,C,3.967494090499458e-5,0.9541918604716582
3552304,4407,Sud Mennucci (SP),7355,C,3.966594023782013e-5,0.954231526411896
3161205,4405,São Francisco de Paula (MG),6187,C,3.964793890347122e-5,0.9542711743507994
2304277,4398,Ereré (CE),6474,C,3.958493423325004e-5,0.9543107592850327
3108503,4398,Botumirim (MG),5790,C,3.958493423325004e-5,0.954350344219266
1718758,4397,Rio Sono (TO),4841,C,3.957593356607559e-5,0.9543899201528321
3502309,4391,Anhembi (SP),5674,C,3.952192956302886e-5,0.9544294420823951
4214508,4391,Rio do Campo (SC),6452,C,3.952192956302886e-5,0.9544689640119581
1303601,4388,Santa Isabel do Rio Negro (AM),14164,C,3.9494927561505494e-5,0.9545084589395196
2802700,4383,Ilha das Flores (SE),8321,C,3.944992422563323e-5,0.9545479088637453
4302204,4382,Boa Vista do Buricá (RS),6966,C,3.944092355845877e-5,0.9545873497873038
4118709,4380,Paulo Frontin (PR),6343,C,3.942292222410986e-5,0.9546267727095279
4312450,4376,Morro Redondo (RS),6046,C,3.9386919555412046e-5,0.9546661596290833
4210803,4375,Meleiro (SC),7006,C,3.9377918888237594e-5,0.9547055375479715
5219738,4373,Santo Antônio de Goiás (GO),7386,C,3.9359917553888684e-5,0.9547448974655254
3129608,4370,Ibiaí (MG),6286,C,3.933291555236532e-5,0.9547842303810777
1100031,4369,Cabixi (RO),5351,C,3.932391488519086e-5,0.9548235542959629
2107209,4361,Nina Rodrigues (MA),14176,C,3.925190954779523e-5,0.9548628062055107
3101631,4354,Alfredo Vasconcelos (MG),6931,C,3.918890487757405e-5,0.9549019951103882
1300086,4353,Anamã (AM),9962,C,3.9179904210399594e-5,0.9549411750145986
3108206,4352,Bonfinópolis de Minas (MG),5528,C,3.917090354322514e-5,0.9549803459181418
3536604,4352,Paulo de Faria (SP),7400,C,3.917090354322514e-5,0.9550195168216851
4300638,4348,Amaral Ferrador (RS),5310,C,3.913490087452732e-5,0.9550586517225595
2104651,4347,Governador Newton Bello (MA),10713,C,3.912590020735287e-5,0.9550977776227669
3164001,4346,São Pedro dos Ferros (MG),7166,C,3.911689954017842e-5,0.9551368945223071
4211801,4345,Ouro (SC),7032,C,3.910789887300396e-5,0.9551760024211801
3159308,4342,Santa Rita de Jacutinga (MG),4755,C,3.90808968714806e-5,0.9552150833180515
4208005,4340,Itá (SC),7067,C,3.906289553713169e-5,0.9552541462135886
5219407,4336,Santa Rita do Araguaia (GO),5924,C,3.9026892868433874e-5,0.955293173106457
3164472,4334,São Sebastião do Anta (MG),6194,C,3.9008891534084964e-05,0.9553321819979911
2413003,4330,São Vicente (RN),6310,C,3.897288886538715e-5,0.9553711548868564
3554409,4330,Terra Roxa (SP),7904,C,3.897288886538715e-5,0.9554101277757218
2205524,4326,Júlio Borges (PI),5388,C,3.893688619668933e-5,0.9554490646619185
4314001,4326,Paraí (RS),7194,C,3.893688619668933e-5,0.9554880015481152
2807204,4321,Siriri (SE),7834,C,3.889188286081706e-5,0.955526893430976
3545704,4320,Santa Albertina (SP),6393,C,3.8882882193642605e-5,0.9555657763131696
2933257,4319,Vereda (BA),6003,C,3.8873881526468147e-5,0.9556046501946961
1707702,4316,Filadélfia (TO),7712,C,3.8846879524944784e-5,0.955643497074221
4111555,4316,Ivaté (PR),6831,C,3.8846879524944784e-5,0.955682343953746
4303608,4313,Cambará do Sul (RS),6361,C,3.881987752342142e-5,0.9557211638312694
4308003,4313,Faxinal do Soturno (RS),6702,C,3.881987752342142e-5,0.9557599837087928
2913309,4310,Ichu (BA),6190,C,3.879287552189806e-5,0.9557987765843147
4300703,4310,Anta Gorda (RS),5957,C,3.879287552189806e-5,0.9558375694598366
4201901,4309,Aurora (SC),6780,C,3.878387485472361e-5,0.9558763533346912
3542305,4308,Redenção da Serra (SP),4494,C,3.877487418754915e-5,0.9559151282088788
3112406,4304,Capetinga (MG),6562,C,3.8738871518851336e-5,0.9559538670803976
2200608,4294,Angical do Piauí (PI),6827,C,3.864886484710679e-5,0.9559925159452447
5212105,4291,Joviânia (GO),7159,C,3.862186284558343e-5,0.9560311378080902
4207700,4287,Ipumirim (SC),7816,C,3.858586017688561e-5,0.9560697236682671
4126009,4286,São Sebastião da Amoreira (PR),8063,C,3.857685950971116e-5,0.9561083005277768
1703842,4279,Campos Lindos (TO),8653,C,3.8513854839489975e-5,0.9561468143826163
4100202,4278,Adrianópolis (PR),6256,C,3.850485417231552e-5,0.9561853192367886
4302659,4276,Brochier (RS),4966,C,3.848685283796661e-5,0.9562238060896265
3130408,4272,Ijaci (MG),7003,C,3.84508501692688e-5,0.9562622569397958
4314076,4272,Passo do Sobrado (RS),6025,C,3.84508501692688e-5,0.9563007077899651
3159357,4271,Santa Rita de Minas (MG),6773,C,3.844184950209434e-5,0.9563391496394672
1702901,4270,Axixá do Tocantins (TO),10262,C,3.843284883491989e-5,0.9563775824883021
2102150,4266,Brejo de Areia (MA),9218,C,3.839684616622207e-5,0.9564159793344683
2201929,4265,Bonfim do Piauí (PI),5913,C,3.8387845499047616e-5,0.9564543671799673
3165305,4264,São Vicente de Minas (MG),6804,C,3.8378844831873164e-5,0.9564927460247992
4125357,4264,São Jorge do Patrocínio (PR),6504,C,3.8378844831873164e-5,0.956531124869631
3122207,4260,Divinolândia de Minas (MG),6516,C,3.8342842163175344e-5,0.9565694677117942
4107306,4260,Doutor Camargo (PR),6327,C,3.8342842163175344e-5,0.9566078105539574
4310439,4255,Ipê (RS),5399,C,3.829783882730307e-5,0.9566461083927846
3526308,4254,Lagoinha (SP),5083,C,3.828883816012862e-5,0.9566843972309448
3134301,4252,Itumirim (MG),6638,C,3.827083682577971e-5,0.9567226680677705
4300877,4252,Araricá (RS),8525,C,3.827083682577971e-5,0.9567609389045962
4300208,4250,Ajuricaba (RS),6720,C,3.82528354914308e-5,0.9567991917400877
5204854,4249,Campo Limpo de Goiás (GO),8081,C,3.824383482425635e-5,0.9568374355749119
4315008,4248,Porto Lucena (RS),4360,C,3.8234834157081896e-5,0.956875670409069
3103751,4245,Araporã (MG),8479,C,3.8207832155558534e-5,0.9569138782412245
3518859,4243,Guatapará (SP),7320,C,3.8189830821209623e-5,0.9569520680720457
4201703,4243,Ascurra (SC),8319,C,3.8189830821209623e-5,0.9569902579028668
2903300,4242,Barro Preto (BA),5833,C,3.8180830154035165e-5,0.9570284387330209
3556909,4240,Vista Alegre do Alto (SP),8109,C,3.816282881968626e-5,0.9570666015618405
4207403,4234,Imbuia (SC),5982,C,3.810882481663953e-5,0.9571047103866571
2312809,4230,Senador Sá (CE),7262,C,3.807282214794172e-5,0.9571427832088051
3166709,4229,Serra dos Aimorés (MG),6944,C,3.8063821480767265e-5,0.9571808470302858
3146701,4225,Palma (MG),5707,C,3.8027818812069444e-5,0.9572188748490978
4211058,4225,Monte Carlo (SC),9117,C,3.8027818812069444e-5,0.9572569026679099
2515807,4224,Serra Redonda (PB),6828,C,3.801881814489499e-5,0.9572949214860548
2402808,4219,Coronel Ezequiel (RN),5117,C,3.797381480902272e-5,0.9573328953008639
5214051,4219,Mundo Novo (GO),6189,C,3.797381480902272e-5,0.9573708691156729
4301651,4214,Barão (RS),6461,C,3.792881147315045e-5,0.9574087979271461
2615102,4213,Terezinha (PE),6513,C,3.7919810805975996e-5,0.9574467177379521
3145059,4208,Nova Porteirinha (MG),6706,C,3.7874807470103724e-5,0.9574845925454222
3134103,4207,Itueta (MG),6055,C,3.7865806802929265e-5,0.9575224583522252
3500758,4206,Alambari (SP),6141,C,3.7856806135754814e-5,0.9575603151583609
4211108,4206,Monte Castelo (SC),7736,C,3.7856806135754814e-5,0.9575981719644967
4214409,4206,Rio das Antas (SC),6253,C,3.7856806135754814e-5,0.9576360287706325
5106653,4206,Pontal do Araguaia (MT),6932,C,3.7856806135754814e-5,0.9576738855767682
3138500,4204,Liberdade (MG),4737,C,3.78388048014059e-5,0.9577117243815697
2915403,4200,Itaju do Colônia (BA),6037,C,3.780280213270809e-5,0.9577495271837024
3124401,4193,Espírito Santo do Dourado (MG),6611,C,3.773979746248691e-5,0.9577872669811649
2109551,4191,Ribamar Fiquene (MA),7420,C,3.7721796128138e-5,0.957824988777293
3111903,4191,Cana Verde (MG),5272,C,3.7721796128138e-5,0.9578627105734212
2109304,4185,Presidente Vargas (MA),10549,C,3.766779212509127e-5,0.9579003783655463
2205516,4185,Juazeiro do Piauí (PI),5214,C,3.766779212509127e-5,0.9579380461576714
3131000,4184,Inhaúma (MG),6239,C,3.765879145791682e-5,0.9579757049491293
2915304,4181,Itagimirim (BA),6347,C,3.763178945639345e-5,0.9580133367385857
2904803,4180,Caatiba (BA),6205,C,3.7622788789219e-5,0.958050959527375
4311700,4180,Machadinho (RS),5735,C,3.7622788789219e-5,0.9580885823161642
2406304,4178,Lagoa de Pedras (RN),7338,C,3.760478745487009e-5,0.9581261871036191
5203807,4178,Britânia (GO),5695,C,3.760478745487009e-5,0.9581637918910739
3165107,4176,São Tomás de Aquino (MG),6740,C,3.7586786120521186e-5,0.9582013786771945
4108650,4174,Goioxim (PR),6566,C,3.7568784786172276e-5,0.9582389474619807
2305100,4170,Guaramiranga (CE),5654,C,3.7532782117474456e-5,0.9582764802440982
2406205,4169,Lagoa d'Anta (RN),6654,C,3.7523781450300004e-5,0.9583140040255484
2805901,4169,Riachuelo (SE),8748,C,3.7523781450300004e-5,0.9583515278069987
2202539,4165,Caraúbas do Piauí (PI),5630,C,3.748777878160218e-5,0.9583890155857804
3116308,4165,Cipotânea (MG),5581,C,3.748777878160218e-5,0.958426503364562
3549508,4162,São José da Bela Vista (SP),7626,C,3.746077678007882e-5,0.9584639641413422
2413300,4161,Serra de São Bento (RN),5703,C,3.745177611290437e-5,0.9585014159174551
2502151,4161,Boa Vista (PB),6377,C,3.745177611290437e-5,0.958538867693568
2802205,4161,Feira Nova (SE),5975,C,3.745177611290437e-5,0.9585763194696809
3139706,4160,Maravilhas (MG),7333,C,3.744277544572992e-5,0.9586137622451266
2206902,4158,Novo Oriente do Piauí (PI),6097,C,3.742477411138101e-5,0.958651187019238
2507408,4156,Jericó (PB),7516,C,3.74067727770321e-5,0.9586885937920151
3543501,4156,Riversul (SP),5599,C,3.74067727770321e-5,0.9587260005647922
3548104,4156,Santo Antônio do Jardim (SP),6126,C,3.74067727770321e-5,0.9587634073375693
3120300,4152,Cristália (MG),5121,C,3.737077010833428e-5,0.9588007781076776
3135407,4152,Jeceaba (MG),6197,C,3.737077010833428e-5,0.958838148877786
2603603,4147,Camutanga (PE),7750,C,3.732576677246201e-5,0.9588754746445585
4218251,4146,Timbó Grande (SC),7342,C,3.731676610528755e-5,0.9589127914106638
2509305,4137,Mataraca (PB),8244,C,3.7235760100717466e-5,0.9589500271707645
4209508,4137,Laurentino (SC),7932,C,3.7235760100717466e-5,0.9589872629308652
2300606,4136,Altaneira (CE),6782,C,3.7226759433543015e-5,0.9590244896902987
2209658,4133,São Francisco de Assis do Piauí (PI),5572,C,3.7199757432019646e-5,0.9590616894477307
3521101,4131,Ipeúna (SP),6831,C,3.718175609767074e-5,0.9590988712038284
4206108,4130,Grão-Pará (SC),6277,C,3.7172755430496284e-5,0.9591360439592589
1706100,4126,Cristalândia (TO),6371,C,3.713675276179847e-5,0.9591731807120207
1200054,4125,Assis Brasil (AC),8100,C,3.712775209462401e-5,0.9592103084641154
3167806,4123,Soledade de Minas (MG),5613,C,3.710975076027511e-5,0.9592474182148757
4119004,4118,Pérola d'Oeste (PR),6221,C,3.7064747424402836e-5,0.9592844829623001
2304608,4117,General Sampaio (CE),6734,C,3.705574675722838e-5,0.9593215387090573
2918555,4114,Jussari (BA),5888,C,3.7028744755705015e-5,0.9593585674538131
3515608,4114,Fernando Prestes (SP),5942,C,3.7028744755705015e-5,0.9593955961985688
3102050,4113,Alto Caparaó (MG),5795,C,3.701974408853056e-5,0.9594326159426574
3138682,4110,Luislândia (MG),6210,C,3.69927420870072e-5,0.9594696086847444
2511103,4109,Pedra Lavrada (PB),6859,C,3.698374141983274e-5,0.9595065924261642
2513604,4108,Santana dos Garrotes (PB),6569,C,3.697474075265829e-5,0.9595435671669169
4305702,4107,Condor (RS),6406,C,3.696574008548384e-5,0.9595805329070024
3141504,4105,Mendes Pimentel (MG),5606,C,3.694773875113493e-5,0.9596174806457536
4117453,4105,Ouro Verde do Oeste (PR),6785,C,3.694773875113493e-5,0.9596544283845048
4126207,4104,Sapopema (PR),6695,C,3.693873808396047e-5,0.9596913671225887
5200175,4104,Água Fria de Goiás (GO),4954,C,3.693873808396047e-5,0.9597283058606727
4310405,4098,Independência (RS),6427,C,3.6884734080913746e-5,0.9597651905947536
2911253,4096,Gavião (BA),4360,C,3.6866732746564836e-5,0.9598020573275002
4119202,4096,Pinhalão (PR),6566,C,3.6866732746564836e-5,0.9598389240602468
4114708,4094,Maria Helena (PR),5865,C,3.684873141221593e-5,0.959875772791659
3117876,4091,Confins (MG),7350,C,3.682172941069257e-5,0.9599125945210697
2911501,4088,Gongogi (BA),5555,C,3.67947274091692e-5,0.9599493892484788
3107703,4087,Bom Jesus do Amparo (MG),5631,C,3.678572674199475e-5,0.9599861749752209
3148202,4087,Patrocínio do Muriaé (MG),5576,C,3.678572674199475e-5,0.9600229607019629
2206050,4085,Massapê do Piauí (PI),5218,C,3.676772540764584e-5,0.9600597284273705
2515005,4083,São Miguel de Taipu (PB),7066,C,3.6749724073296936e-5,0.9600964781514438
4316956,4083,Santa Maria do Herval (RS),6340,C,3.6749724073296936e-5,0.9601332278755171
5008404,4083,Vicentina (MS),6336,C,3.6749724073296936e-5,0.9601699775995904
2412104,4081,São João do Sabugi (RN),5956,C,3.6731722738948026e-5,0.9602067093223294
3158300,4081,Santana da Vargem (MG),6691,C,3.6731722738948026e-5,0.9602434410450684
2502607,4078,Igaracy (PB),5648,C,3.6704720737424664e-5,0.9602801457658059
2413409,4077,Serra Negra do Norte (RN),7597,C,3.6695720070250205e-5,0.9603168414858761
3170750,4077,Varjão de Minas (MG),6969,C,3.6695720070250205e-5,0.9603535372059464
5006275,4077,Paraíso das Águas (MS),5510,C,3.6695720070250205e-5,0.9603902329260167
3128253,4070,Guaraciama (MG),5051,C,3.663271540002903e-5,0.9604268656414167
4121752,4069,Reserva do Iguaçu (PR),6553,C,3.662371473285457e-5,0.9604634893561496
4316501,4066,Salvador do Sul (RS),6879,C,3.659671273133121e-5,0.9605000860688809
4311254,4062,Lagoão (RS),5341,C,3.6560710062633395e-5,0.9605366467789436
4308706,4059,Gaurama (RS),5665,C,3.653370806111003e-5,0.9605731804870047
3519808,4058,Icém (SP),7819,C,3.6524707393935574e-5,0.9606097051943986
4316758,4058,Santa Clara do Sul (RS),6887,C,3.6524707393935574e-5,0.9606462299017925
2202174,4054,Campo Largo do Piauí (PI),7419,C,3.648870472523776e-5,0.9606827186065178
2106672,4052,Milagres do Maranhão (MA),8818,C,3.647070339088885e-5,0.9607191893099086
4117008,4051,Nova Fátima (PR),7225,C,3.64617027237144e-5,0.9607556510126324
2400901,4050,Antônio Martins (RN),6577,C,3.645270205653994e-5,0.9607921037146889
3532801,4049,Nova Aliança (SP),6693,C,3.644370138936549e-5,0.9608285474160783
3157377,4048,Santa Cruz de Salinas (MG),3910,C,3.643470072219103e-5,0.9608649821168005
4115358,4045,Maripá (PR),6555,C,3.640769872066767e-5,0.9609013898155212
1501758,4042,Brejo Grande do Araguaia (PA),6783,C,3.6380696719144306e-5,0.9609377705122404
2403202,4039,Doutor Severiano (RN),7044,C,3.6353694717620944e-5,0.960974124206958
3113602,4039,Careaçu (MG),6816,C,3.6353694717620944e-5,0.9610104779016757
3129202,4038,Heliodora (MG),6134,C,3.634469405044649e-5,0.9610468225957262
3516606,4038,Gália (SP),6380,C,3.634469405044649e-5,0.9610831672897766
4305439,4036,Chuí (RS),6262,C,3.632669271609758e-5,0.9611194939824927
3112109,4033,Caparaó (MG),5048,C,3.629969071457422e-5,0.9611557936732074
3135456,4033,Jenipapo de Minas (MG),6100,C,3.629969071457422e-5,0.961192093363922
4107405,4033,Enéas Marques (PR),5999,C,3.629969071457422e-5,0.9612283930546366
4311908,4033,Marcelino Ramos (RS),4320,C,3.629969071457422e-5,0.9612646927453512
2309904,4024,Pacujá (CE),6175,C,3.621868471000413e-5,0.9613009114300612
4305900,4024,Coronel Bicaco (RS),6144,C,3.621868471000413e-5,0.9613371301147713
3503703,4022,Ariranha (SP),7602,C,3.620068337565522e-5,0.9613733307981469
3155900,4021,Rio Preto (MG),5141,C,3.6191682708480765e-5,0.9614095224808554
3149952,4018,Periquito (MG),6553,C,3.61646807069574e-5,0.9614456871615624
3126802,4016,Frei Gaspar (MG),5640,C,3.614667937260849e-5,0.961481833840935
3150901,4012,Piranguçu (MG),6041,C,3.611067670391068e-5,0.961517944517639
2206704,4011,Nazaré do Piauí (PI),6665,C,3.610167603673622e-5,0.9615540461936757
3167707,4010,Sobrália (MG),5137,C,3.609267536956177e-5,0.9615901388690452
2413508,4007,Serrinha (RN),6436,C,3.6065673368038406e-5,0.9616262045424132
3133907,4006,Itaverava (MG),5642,C,3.6056672700863954e-05,0.9616622612151141
3203601,4004,Mucurici (ES),5466,C,3.6038671366515044e-5,0.9616982998864806
3524907,4004,Jambeiro (SP),6397,C,3.6038671366515044e-5,0.9617343385578471
4307203,4000,Erval Grande (RS),4930,C,3.6002668697817224e-5,0.9617703412265449
4124509,3992,Santo Inácio (PR),6181,C,3.593066336042159e-5,0.9618062718899053
2500536,3991,Alcantil (PB),5578,C,3.592166269324714e-5,0.9618421935525986
2804706,3991,Nossa Senhora de Lourdes (SE),6268,C,3.592166269324714e-5,0.9618781152152919
3142304,3991,Moeda (MG),5125,C,3.592166269324714e-5,0.9619140368779852
4106456,3991,Coronel Domingos Soares (PR),5649,C,3.592166269324714e-5,0.9619499585406784
4116802,3991,Nova Cantu (PR),6790,C,3.592166269324714e-5,0.9619858802033717
4320552,3988,Sertão Santana (RS),5863,C,3.5894660691723775e-5,0.9620217748640635
1713601,3986,Monte do Carmo (TO),5694,C,3.5876659357374865e-5,0.9620576515234208
4301800,3986,Barracão (RS),4831,C,3.5876659357374865e-5,0.9620935281827782
2614402,3982,Solidão (PE),5210,C,3.584065668867705e-5,0.9621293688394669
3163508,3981,São José do Jacuri (MG),6197,C,3.583165602150259e-5,0.9621652004954884
2805208,3977,Pinhão (SE),5677,C,3.579565335280478e-5,0.9622009961488411
3139102,3975,Madre de Deus de Minas (MG),5191,C,3.577765201845587e-5,0.9622367738008596
4310538,3973,Itaara (RS),5572,C,3.575965068410696e-5,0.9622725334515437
2202091,3972,Caldeirão Grande do Piauí (PI),5503,C,3.575065001693251e-5,0.9623082841015607
3127206,3971,Funilândia (MG),4686,C,3.574164934975805e-5,0.9623440257509104
3156106,3970,Ritápolis (MG),4994,C,3.5732648682583596e-5,0.962379758399593
4311601,3968,Liberato Salzano (RS),4781,C,3.5714647348234686e-5,0.9624154730469412
2209708,3966,São Francisco do Piauí (PI),5392,C,3.569664601388578e-5,0.9624511696929551
2106359,3965,Marajá do Sena (MA),7027,C,3.5687645346711324e-5,0.9624868573383017
2204659,3965,Ilha Grande (PI),9274,C,3.5687645346711324e-5,0.9625225449836484
3119955,3964,Córrego Fundo (MG),6133,C,3.567864467953687e-5,0.962558223628328
5005152,3963,Juti (MS),6729,C,3.5669644012362414e-5,0.9625938932723404
2406007,3961,José da Penha (RN),5803,C,3.565164267801351e-5,0.9626295449150184
4218608,3961,Trombudo Central (SC),7274,C,3.565164267801351e-5,0.9626651965576964
2110658,3958,São Domingos do Azeitão (MA),7992,C,3.562464067649014e-5,0.962700821198373
2806404,3958,Santana do São Francisco (SE),7346,C,3.562464067649014e-5,0.9627364458390495
2603405,3954,Calumbi (PE),5228,C,3.558863800779233e-5,0.9627720344770573
4216255,3953,São João do Oeste (SC),6295,C,3.5579637340617876e-5,0.9628076141143979
4113734,3952,Luiziana (PR),6690,C,3.557063667344342e-5,0.9628431847510713
2103901,3940,Duque Bacelar (MA),10223,C,3.546262866734997e-5,0.9628786473797387
4200804,3938,Anchieta (SC),5943,C,3.544462733300106e-5,0.9629140920070717
3169802,3936,Turvolândia (MG),4935,C,3.542662599865215e-5,0.9629495186330703
2510402,3933,Olho d'Água (PB),6060,C,3.539962399712879e-5,0.9629849182570674
3161304,3933,São Francisco de Sales (MG),5732,C,3.539962399712879e-5,0.9630203178810646
4121604,3933,Renascença (PR),6845,C,3.539962399712879e-5,0.9630557175050617
3524501,3932,Jaci (SP),7613,C,3.5390623329954335e-5,0.9630911081283916
5104526,3931,Ipiranga do Norte (MT),7815,C,3.5381622662779876e-5,0.9631264897510544
4320503,3928,Sertão (RS),5541,C,3.5354620661256514e-5,0.9631618443717157
3136108,3925,Joanésia (MG),4329,C,3.532761865973315e-5,0.9631971719903755
4312252,3924,Minas do Leão (RS),7505,C,3.53186179925587e-5,0.963232490608368
2705408,3923,Monteirópolis (AL),7184,C,3.530961732538424e-5,0.9632678002256934
4320354,3917,Sentinela do Sul (RS),5306,C,3.525561332233752e-5,0.9633030558390157
3512100,3916,Colômbia (SP),6629,C,3.5246612655163066e-5,0.9633383024516708
3518107,3916,Guarantã (SP),6427,C,3.5246612655163066e-5,0.963373549064326
1700400,3915,Almas (TO),6499,C,3.523761198798861e-5,0.963408786676314
2203750,3913,Fartura do Piauí (PI),5284,C,3.5219610653639704e-5,0.9634440062869677
3511904,3907,Clementina (SP),6982,C,3.516560665059297e-5,0.9634791718936183
1710508,3905,Itacajá (TO),6819,C,3.514760531624407e-5,0.9635143194989345
2504504,3905,Condado (PB),6451,C,3.514760531624407e-5,0.9635494671042507
3521150,3903,Ipiguá (SP),6761,C,3.512960398189516e-5,0.9635845967082326
1506906,3902,Santarém Novo (PA),6116,C,3.51206033147207e-5,0.9636197173115473
2607109,3902,Ingazeira (PE),4765,C,3.51206033147207e-5,0.963654837914862
4104105,3901,Campo do Tenente (PR),7508,C,3.511160264754625e-5,0.9636899495175095
3125408,3900,Felício dos Santos (MG),5133,C,3.51026019803718e-5,0.9637250521194899
4115853,3897,Mercedes (PR),5931,C,3.5075599978848435e-5,0.9637601277194687
5103452,3897,Denise (MT),7014,C,3.5075599978848435e-5,0.9637952033194476
2111722,3895,Satubinha (MA),8784,C,3.5057598644499525e-5,0.9638302609180921
5104906,3895,Jangada (MT),7426,C,3.5057598644499525e-5,0.9638653185167366
2409704,3890,Pedro Avelino (RN),6242,C,3.501259530862725e-5,0.9639003311120452
4202503,3887,Bom Jardim da Serra (SC),4026,C,3.498559330710389e-5,0.9639353167053523
1301951,3885,Itamarati (AM),10937,C,3.496759197275498e-5,0.963970284297325
2404853,3884,Itajá (RN),7292,C,3.495859130558053e-5,0.9640052428886305
2700904,3883,Belo Monte (AL),5936,C,3.494959063840607e-5,0.964040192479269
3160959,3883,São Domingos das Dores (MG),5626,C,3.494959063840607e-5,0.9640751420699074
4200507,3880,Águas de Chapecó (SC),6036,C,3.492258863688271e-5,0.9641100646585443
1715705,3879,Palmeirante (TO),4798,C,3.4913587969708256e-5,0.964144978246514
4126900,3877,Tapira (PR),5745,C,3.4895586635359346e-5,0.9641798738331494
3170578,3876,Vargem Alegre (MG),5780,C,3.4886585968184894e-5,0.9642147604191176
3501806,3876,Américo de Campos (SP),5870,C,3.4886585968184894e-5,0.9642496470050858
4128807,3876,Xambrê (PR),5798,C,3.4886585968184894e-5,0.9642845335910539
2203404,3874,Dom Expedito Lopes (PI),6320,C,3.4868584633835984e-5,0.9643194021756878
3519501,3873,Ibirarema (SP),6385,C,3.4859583966661526e-5,0.9643542617596544
2507804,3872,Junco do Seridó (PB),6793,C,3.4850583299487074e-5,0.9643891123429539
3521507,3867,Irapuã (SP),6867,C,3.48055799636148e-5,0.9644239179229175
2410900,3863,Riachuelo (RN),7389,C,3.476957729491699e-5,0.9644586875002124
4120200,3862,Porto Rico (PR),3182,C,3.476057662774253e-5,0.9644934480768401
4315909,3862,Rodeio Bonito (RS),6654,C,3.476057662774253e-5,0.9645282086534679
2202117,3861,Campo Alegre do Fidalgo (PI),4616,C,3.475157596056808e-5,0.9645629602294284
1703800,3854,Buriti do Tocantins (TO),10307,C,3.4688571290346895e-5,0.9645976488007187
1300060,3853,Amaturá (AM),10819,C,3.467957062317244e-5,0.9646323283713419
5007505,3846,Rochedo (MS),5199,C,3.461656595295126e-5,0.9646669449372949
2205854,3840,Madeiro (PI),8032,C,3.4562561949904536e-5,0.9647015074992448
4207684,3840,Ipuaçu (SC),7730,C,3.4562561949904536e-5,0.9647360700611947
5103908,3833,General Carneiro (MT),6037,C,3.4499557279683354e-5,0.9647705696184743
4126405,3832,Sertaneja (PR),5616,C,3.44905566125089e-5,0.9648050601750868
2209104,3827,Santa Cruz do Piauí (PI),5831,C,3.444555327663663e-5,0.9648395057283634
4203105,3826,Caibi (SC),6304,C,3.443655260946218e-5,0.9648739422809729
3118106,3824,Congonhas do Norte (MG),4831,C,3.441855127511327e-5,0.964908360832248
2201945,3823,Boqueirão do Piauí (PI),6545,C,3.4409550607938816e-5,0.9649427703828559
3162575,3822,São João do Manteninha (MG),5331,C,3.440054994076436e-5,0.9649771709327967
4107736,3821,Fernandes Pinheiro (PR),6255,C,3.4391549273589906e-5,0.9650115624820702
2205565,3814,Lagoa do Barro do Piauí (PI),4995,C,3.432854460336872e-5,0.9650458910266736
3165578,3814,Senador Amaral (MG),6206,C,3.432854460336872e-5,0.965080219571277
2201770,3813,Boa Hora (PI),6902,C,3.431954393619427e-5,0.9651145391152132
3127073,3813,Fruta de Leite (MG),4647,C,3.431954393619427e-5,0.9651488586591493
5205208,3809,Caturaí (GO),5184,C,3.428354126749645e-5,0.9651831422004168
4306734,3807,Doutor Maurício Cardoso (RS),4470,C,3.426553993314755e-5,0.9652174077403499
3138708,3804,Luminárias (MG),5586,C,3.423853793162418e-5,0.9652516462782815
3201803,3802,Divino de São Lourenço (ES),5083,C,3.4220536597275275e-5,0.9652858668148788
4108700,3802,Grandes Rios (PR),5641,C,3.4220536597275275e-5,0.9653200873514761
4124004,3798,Santana do Itararé (PR),5514,C,3.4184533928577454e-5,0.9653542718854047
2413607,3796,Severiano Melo (RN),5487,C,3.4166532594228544e-5,0.9653884384179989
1706001,3794,Couto Magalhães (TO),5331,C,3.414853125987964e-5,0.9654225869492588
3514700,3794,Echaporã (SP),6205,C,3.414853125987964e-5,0.9654567354805186
3122900,3793,Dona Euzébia (MG),6093,C,3.413953059270518e-5,0.9654908750111113
2900900,3792,Almadina (BA),5218,C,3.413052992553073e-5,0.9655250055410368
2509156,3781,Marizópolis (PB),6705,C,3.4031522586611734e-5,0.9655590370636234
2803104,3781,Itabi (SE),4745,C,3.4031522586611734e-5,0.9655930685862101
2929354,3778,São José da Vitória (BA),5315,C,3.400452058508837e-5,0.9656270731067952
2201919,3776,Bom Princípio do Piauí (PI),5636,C,3.398651925073946e-5,0.965661059626046
3120151,3774,Crisólita (MG),5265,C,3.396851791639055e-5,0.9656950281439624
4218103,3772,Timbé do Sul (SC),5386,C,3.395051658204164e-5,0.9657289786605444
2414159,3769,Tenente Laurentino Cruz (RN),5891,C,3.392351458051828e-5,0.965762902175125
3105509,3768,Barão do Monte Alto (MG),4964,C,3.391451391334383e-5,0.9657968166890383
1718303,3765,Praia Norte (TO),9044,C,3.3887511911820465e-5,0.9658307042009501
3147956,3765,Patis (MG),4837,C,3.3887511911820465e-5,0.9658645917128619
2413102,3763,Senador Elói de Souza (RN),5965,C,3.3869510577471555e-5,0.9658984612234394
4118600,3763,Paula Freitas (PR),5666,C,3.3869510577471555e-5,0.9659323307340169
2924108,3761,Pedrão (BA),6235,C,3.3851509243122644e-5,0.96596618224326
2503605,3758,Caiçara (PB),6602,C,3.382450724159928e-5,0.9660000067505017
4210407,3758,Maracajá (SC),7815,C,3.382450724159928e-5,0.9660338312577433
5007307,3758,Rio Negro (MS),4841,C,3.382450724159928e-5,0.966067655764985
3552908,3757,Taciba (SP),6260,C,3.381550657442483e-5,0.9661014712715594
5100102,3756,Acorizal (MT),5014,C,3.380650590725037e-5,0.9661352777774667
5106000,3754,Nortelândia (MT),5956,C,3.378850457290147e-5,0.9661690662820396
2500205,3752,Aguiar (PB),5003,C,3.377050323855256e-5,0.9662028367852782
2206670,3748,Morro do Chapéu do Piauí (PI),6425,C,3.373450056985474e-5,0.9662365712858481
2504702,3746,Congo (PB),4933,C,3.3716499235505834e-5,0.9662702877850836
2513307,3744,Santa Helena (PB),5865,C,3.3698497901156924e-5,0.9663039862829848
4125753,3739,São Pedro do Iguaçu (PR),5784,C,3.365349456528465e-5,0.96633763977755
4319208,3737,São Nicolau (RS),5118,C,3.363549323093574e-5,0.966371275270781
1400506,3733,São João da Baliza (RR),8858,C,3.359949056223793e-5,0.9664048747613433
1710706,3732,Itaguatins (TO),5172,C,3.359048989506347e-5,0.9664384652512383
4122651,3728,Rosário do Ivaí (PR),5435,C,3.3554487226365655e-5,0.9664720197384647
2514107,3719,São João do Tigre (PB),4263,C,3.347348122179556e-5,0.9665054932196866
3519204,3719,Iacri (SP),6131,C,3.347348122179556e-5,0.9665389667009084
4115309,3719,Mariópolis (PR),6371,C,3.347348122179556e-5,0.9665724401821303
3166006,3717,Senhora de Oliveira (MG),5483,C,3.345547988744666e-5,0.9666058956620177
3150307,3711,Piedade do Rio Grande (MG),4604,C,3.340147588439993e-5,0.9666392971379021
3105707,3710,Barra Longa (MG),5666,C,3.3392475217225476e-5,0.9666726896131194
2202752,3705,Colônia do Gurguéia (PI),6150,C,3.3347471881353204e-5,0.9667060370850007
4322905,3702,Viadutos (RS),4769,C,3.332046987982984e-5,0.9667393575548805
2202554,3700,Caridade do Piauí (PI),5033,C,3.330246854548093e-5,0.966772660023426
2208908,3692,Ribeiro Gonçalves (PI),6164,C,3.32304632080853e-5,0.9668058904866341
1718865,3689,Santa Fé do Araguaia (TO),7216,C,3.3203461206561935e-5,0.9668390939478407
3126604,3684,Francisco Dumont (MG),4503,C,3.315845787068966e-5,0.9668722524057114
4322103,3684,Tucunduva (RS),5542,C,3.315845787068966e-5,0.9669054108635821
4202131,3682,Bela Vista do Toldo (SC),5872,C,3.314045653634076e-5,0.9669385513201184
4126272,3680,Saudade do Iguaçu (PR),6108,C,3.312245520199185e-5,0.9669716737753205
3521606,3679,Irapuru (SP),7085,C,3.311345453481739e-5,0.9670047872298553
4122909,3678,Salto do Itararé (PR),5192,C,3.310445386764294e-5,0.9670378916837229
4300034,3675,Aceguá (RS),4170,C,3.307745186611958e-5,0.967070969135589
2405405,3674,Japi (RN),5117,C,3.3068451198945125e-5,0.967104037586788
2201408,3673,Barro Duro (PI),6640,C,3.3059450531770666e-5,0.9671370970373198
2205573,3672,Lagoa de São Francisco (PI),6331,C,3.3050449864596215e-5,0.9671701474871843
2211357,3670,Várzea Branca (PI),5055,C,3.3032448530247304e-5,0.9672031799357146
3553856,3670,Taquarivaí (SP),6876,C,3.3032448530247304e-5,0.9672362123842448
3542008,3669,Quintana (SP),7038,C,3.302344786307285e-5,0.9672692358321079
2101970,3667,Boa Vista do Gurupi (MA),7574,C,3.300544652872394e-5,0.9673022412786366
1505494,3666,Palestina do Pará (PA),6885,C,3.299644586154949e-5,0.9673352377244981
2104628,3666,Governador Luiz Rocha (MA),7063,C,3.299644586154949e-5,0.9673682341703597
2612109,3666,Salgadinho (PE),5727,C,3.299644586154949e-5,0.9674012306162212
4313490,3661,Novo Barreiro (RS),4272,C,3.295144252567722e-5,0.9674341820587469
5107354,3659,São José do Xingu (MT),5964,C,3.293344119132831e-5,0.9674671154999382
5000252,3653,Alcinópolis (MS),4537,C,3.2879437188281584e-5,0.9674999949371266
1706506,3648,Darcinópolis (TO),5827,C,3.283443385240931e-5,0.967532829370979
2202653,3648,Caxingó (PI),5496,C,3.283443385240931e-5,0.9675656638048313
3129657,3648,Ibiracatu (MG),5081,C,3.283443385240931e-5,0.9675984982386837
4124608,3646,São Carlos do Ivaí (PR),6587,C,3.28164325180604e-5,0.9676313146712018
4321477,3646,Tiradentes do Sul (RS),5129,C,3.28164325180604e-5,0.9676641311037198
2205607,3645,Landri Sales (PI),5213,C,3.280743185088595e-5,0.9676969385355707
5005251,3643,Laguna Carapã (MS),6799,C,3.278943051653704e-5,0.9677297279660872
2109700,3641,Sambaíba (MA),5568,C,3.277142918218813e-5,0.9677624993952695
3543600,3641,Rifaina (SP),4049,C,3.277142918218813e-5,0.9677952708244517
2403301,3637,Encanto (RN),6016,C,3.2735426513490315e-5,0.9678280062509652
3146404,3637,Paineiras (MG),4224,C,3.2735426513490315e-5,0.9678607416774787
5213905,3637,Mossâmedes (GO),4654,C,3.2735426513490315e-5,0.9678934771039922
2706604,3634,Paulo Jacinto (AL),6576,C,3.2708424511966946e-5,0.9679261855285042
4108908,3634,Guairaçá (PR),6587,C,3.2708424511966946e-5,0.9679588939530162
5220686,3633,Simolândia (GO),5742,C,3.2699423844792495e-5,0.9679915933768609
2511608,3630,Pilões (PB),6815,C,3.267242184326913e-5,0.9680242657987042
4115457,3628,Marquinho (PR),4504,C,3.265442050892022e-5,0.9680569202192131
2503100,3626,Cabaceiras (PB),5335,C,3.263641917457131e-5,0.9680895566383877
4313102,3624,Nova Palma (RS),5586,C,3.261841784022241e-5,0.9681221750562279
2209872,3623,São João da Fronteira (PI),5522,C,3.260941717304795e-5,0.968154784473401
2202802,3621,Conceição do Canindé (PI),4932,C,3.2591415838699046e-5,0.9681873758892396
5200852,3620,Americano do Brasil (GO),5259,C,3.258241517152459e-5,0.9682199583044112
3105301,3619,Bandeira do Sul (MG),5943,C,3.2573414504350136e-5,0.9682525317189156
4312476,3613,Morro Reuter (RS),6029,C,3.251941050130341e-5,0.9682850511294169
4113254,3612,Laranjal (PR),5600,C,3.2510409834128954e-5,0.968317561539251
2405108,3608,Jandaíra (RN),6562,C,3.247440716543114e-5,0.9683500359464164
1101450,3600,Parecis (RO),4125,C,3.2402401828035505e-5,0.9683824383482444
1101484,3600,São Felipe D'Oeste (RO),5258,C,3.2402401828035505e-5,0.9684148407500724
4111100,3599,Itambé (PR),6111,C,3.239340116086105e-5,0.9684472341512333
3117405,3596,Conceição de Ipanema (MG),4409,C,3.2366399159337685e-5,0.9684796005503927
3122504,3592,Dom Cavati (MG),4904,C,3.233039649063987e-5,0.9685119309468834
1400605,3590,São Luiz (RR),7315,C,3.231239515629096e-5,0.9685442433420397
2111250,3589,São José dos Basílios (MA),6957,C,3.230339448911651e-5,0.9685765467365288
3163409,3588,São José do Goiabal (MG),5396,C,3.229439382194205e-5,0.9686088411303507
1707306,3584,Dueré (TO),4248,C,3.2258391153244237e-05,0.968641099521504
2513208,3583,Santa Cruz (PB),5947,C,3.224939048606978e-5,0.9686733489119901
4112207,3582,Janiópolis (PR),5870,C,3.2240389818895326e-5,0.968705589301809
4103206,3579,Bom Sucesso (PR),6581,C,3.2213387817371964e-5,0.9687378026896263
2105450,3577,Jatobá (MA),7471,C,3.2195386483023054e-5,0.9687699980761093
3115474,3575,Catuti (MG),4739,C,3.2177385148674144e-5,0.968802175461258
3100807,3571,Aguanil (MG),4357,C,3.214138247997633e-5,0.968834316843738
3114808,3571,Carvalhos (MG),4422,C,3.214138247997633e-5,0.968866458226218
3517109,3565,Glicério (SP),4138,C,3.20873784769296e-5,0.9688985456046949
3526506,3565,Lavínia (SP),9689,C,3.20873784769296e-5,0.9689306329831718
5209937,3563,Inaciolândia (GO),5954,C,3.2069377142580696e-5,0.9689627023603145
4309704,3561,Humaitá (RS),4681,C,3.2051375808231785e-5,0.9689947537361226
2510204,3560,Nova Olinda (PB),5787,C,3.2042375141057334e-5,0.9690267961112637
4111704,3559,Jaboti (PR),5427,C,3.2033374473882875e-5,0.9690588294857376
2403400,3555,Equador (RN),5360,C,3.199737180518506e-5,0.9690908268575428
4200309,3553,Agronômica (SC),6055,C,3.197937047083615e-5,0.9691228062280136
5208103,3553,Formoso (GO),4660,C,3.197937047083615e-5,0.9691547855984844
2202109,3552,Campinas do Piauí (PI),4938,C,3.19703698036617e-5,0.9691867559682881
2505600,3548,Diamante (PB),6299,C,3.193436713496388e-5,0.9692186903354231
2203271,3546,Curral Novo do Piauí (PI),5073,C,3.191636580061497e-5,0.9692506067012236
4120358,3546,Pranchita (PR),5737,C,3.191636580061497e-5,0.9692825230670242
2202851,3542,Coronel José Dias (PI),4250,C,3.1880363131917154e-05,0.9693144034301562
5200555,3541,Alto Horizonte (GO),6072,C,3.1871362464742696e-5,0.9693462747926209
2210938,3539,Sussuapara (PI),6220,C,3.185336113039379e-5,0.9693781281537514
4113007,3539,Jussara (PR),6690,C,3.185336113039379e-5,0.9694099815148818
4322541,3539,Vale Real (RS),6058,C,3.185336113039379e-5,0.9694418348760122
5210604,3537,Itaguaru (GO),4904,C,3.183535979604488e-5,0.9694736702358082
4111001,3536,Itambaracá (PR),5908,C,3.182635912887043e-5,0.9695054965949371
5219100,3527,Santa Bárbara de Goiás (GO),6149,C,3.174535312430034e-5,0.9695372419480615
4312054,3526,Marques de Souza (RS),3969,C,3.1736352457125886e-5,0.9695689783005186
5208509,3522,Goiandira (GO),4973,C,3.1700349788428065e-5,0.969600678650307
3553906,3516,Tarabai (SP),6536,C,3.164634578538134e-5,0.9696323249960923
3121001,3513,Datas (MG),5465,C,3.161934378385798e-5,0.9696639443398761
3122405,3513,Divisa Nova (MG),5851,C,3.161934378385798e-5,0.96969556368366
2502003,3512,Belém do Brejo do Cruz (PB),6268,C,3.161034311668353e-5,0.9697271740267767
3511201,3511,Catiguá (SP),7003,C,3.160134244950907e-5,0.9697587753692262
4202701,3511,Botuverá (SC),5363,C,3.160134244950907e-5,0.9697903767116757
2204006,3508,Francinópolis (PI),4505,C,3.157434044798571e-5,0.9698219510521237
3121308,3508,Descoberto (MG),4928,C,3.157434044798571e-5,0.9698535253925716
3544608,3507,Sabino (SP),5112,C,3.1565339780811255e-5,0.9698850907323524
2403707,3506,Felipe Guerra (RN),5944,C,3.1556339113636796e-5,0.9699166470714661
3104452,3506,Aricanduva (MG),4719,C,3.1556339113636796e-5,0.9699482034105797
1600238,3505,Ferreira Gomes (AP),6666,C,3.1547338446462345e-5,0.9699797507490262
5204557,3503,Caldazinha (GO),4507,C,3.1529337112113434e-5,0.97001128008613835
4319109,3501,São Martinho (RS),5481,C,3.1511335777764524e-5,0.9700427914219161
3542701,3499,Restinga (SP),6404,C,3.149333444341562e-5,0.9700742847563595
3547007,3499,Santa Maria da Serra (SP),5243,C,3.149333444341562e-5,0.9701057780908029
3153103,3497,Presidente Bernardes (MG),4850,C,3.147533310906671e-5,0.970137253423912
1721109,3491,Tocantínia (TO),7459,C,3.1421329106019986e-5,0.970168674753018
3112653,3491,Capitão Andrade (MG),4585,C,3.1421329106019986e-5,0.9702000960821241
4116950,3489,Nova Esperança do Sudoeste (PR),5597,C,3.1403327771671076e-5,0.9702314994098957
4113452,3487,Lindoeste (PR),5175,C,3.1385326437322166e-5,0.970262884736333
3539905,3486,Poloni (SP),5592,C,3.1376325770147714e-5,0.9702942610621031
5106802,3486,Porto dos Gaúchos (MT),5593,C,3.1376325770147714e-5,0.9703256373878733
2210359,3484,São Lourenço do Piauí (PI),4410,C,3.1358324435798804e-5,0.970356995712309
3144409,3484,Natércia (MG),4691,C,3.1358324435798804e-5,0.9703883540367448
2109759,3483,Santa Filomena do Maranhão (MA),6697,C,3.134932376862435e-5,0.9704197033605134
3505104,3483,Barbosa (SP),5640,C,3.134932376862435e-5,0.970451052684282
1100601,3480,Cacaulândia (RO),4150,C,3.132232176710098e-5,0.9704823750060491
3112208,3479,Capela Nova (MG),4362,C,3.131332109992653e-5,0.970513688327149
4312104,3474,Mata (RS),4698,C,3.126831776405426e-5,0.970544956644913
3123304,3471,Dores do Turvo (MG),4987,C,3.12413157625309e-5,0.9705761979606755
3529609,3471,Meridiano (SP),4572,C,3.12413157625309e-5,0.970607439276438
3119906,3468,Córrego do Bom Jesus (MG),4272,C,3.1214313761007535e-5,0.970638653590199
2205599,3464,Lagoa do Sítio (PI),4520,C,3.1178311092309714e-5,0.9706698319012913
2204352,3463,Geminiano (PI),5445,C,3.116931042513526e-5,0.9707010012117164
3145372,3463,Novorizonte (MG),4571,C,3.116931042513526e-5,0.9707321705221416
5108907,3462,Nova Maringá (MT),5846,C,3.116030975796081e-5,0.9707633308318995
2103125,3461,Central do Maranhão (MA),7094,C,3.115130909078635e-5,0.9707944821409903
2504033,3459,Capim (PB),6970,C,3.113330775643745e-5,0.9708256154487467
3140308,3459,Marliéria (MG),4592,C,3.113330775643745e-5,0.9708567487565031
4313391,3459,Novo Cabrais (RS),3568,C,3.113330775643745e-5,0.9708878820642595
1600105,3456,Amapá (AP),7943,C,3.110630575491408e-5,0.9709189883700143
2910909,3456,Firmino Alves (BA),4873,C,3.110630575491408e-5,0.9709500946757692
3146206,3455,Ouro Verde de Minas (MG),5757,C,3.109730508773963e-5,0.970981191980857
1707652,3452,Figueirópolis (TO),5211,C,3.1070303086216266e-5,0.9710122622839432
3542503,3451,Reginópolis (SP),7662,C,3.1061302419041814e-5,0.9710433235863623
3526605,3450,Lavrinhas (SP),7171,C,3.1052301751867356e-5,0.9710743758881141
4303806,3449,Campinas do Sul (RS),5284,C,3.1043301084692904e-5,0.9711054191891988
3157658,3445,Santa Helena de Minas (MG),5938,C,3.1007298415995084e-5,0.9711364264876148
3535705,3443,Paraíso (SP),6099,C,3.098929708164618e-5,0.9711674157846965
4109658,3443,Honório Serpa (PR),4941,C,3.098929708164618e-5,0.9711984050817781
2505204,3442,Cuitegi (PB),6730,C,3.098029641447172e-5,0.9712293853781926
3110103,3440,Caiana (MG),5304,C,3.096229508012281e-5,0.9712603476732727
3122702,3439,Dom Silvério (MG),5228,C,3.095329441294836e-5,0.9712913009676857
2400604,3437,Almino Afonso (RN),4687,C,3.093529307859945e-5,0.9713222362607643
4303400,3436,Caiçara (RS),4836,C,3.0926292411425e-5,0.9713531625531757
2209302,3434,Santa Luz (PI),5336,C,3.090829107707609e-5,0.9713840708442528
3171154,3433,Vermelho Novo (MG),4899,C,3.0899290409901635e-5,0.9714149701346627
4117206,3432,Nova Olímpia (PR),5833,C,3.089028974272718e-5,0.9714458604244054
2412708,3431,São Pedro (RN),5776,C,3.0881289075552725e-5,0.971476741713481
2918704,3431,Lafaiete Coutinho (BA),4075,C,3.0881289075552725e-5,0.9715076230025566
3115359,3429,Catas Altas (MG),5473,C,3.0863287741203815e-5,0.9715384862902977
3531704,3429,Monteiro Lobato (SP),4138,C,3.0863287741203815e-5,0.9715693495780389
3156452,3423,Rosário da Limeira (MG),4734,C,3.080928373815709e-5,0.971600158861777
2111573,3420,São Pedro dos Crentes (MA),5783,C,3.078228173663373e-5,0.9716309411435136
3104809,3420,Augusto de Lima (MG),4538,C,3.078228173663373e-5,0.9716617234252501
3501202,3419,Álvares Florence (SP),3915,C,3.077328106945928e-5,0.9716924967063196
4305447,3416,Chuvisca (RS),4597,C,3.074627906793591e-5,0.9717232429853876
4110003,3415,Iguaraçu (PR),5338,C,3.0737278400761456e-5,0.9717539802637883
4210035,3414,Luzerna (SC),5794,C,3.0728277733587005e-5,0.9717847085415219
2505238,3413,Cuité de Mamanguape (PB),6251,C,3.0719277066412546e-5,0.9718154278185883
3144359,3413,Naque (MG),6303,C,3.0719277066412546e-5,0.9718461470956548
3553203,3411,Taiúva (SP),6548,C,3.070127573206364e-5,0.9718768483713868
4109757,3411,Ibema (PR),6218,C,3.070127573206364e-5,0.9719075496471188
3122355,3409,Divisa Alegre (MG),6321,C,3.068327439771473e-5,0.9719382329215165
3524204,3408,Jaborandi (SP),6221,C,3.0674273730540274e-5,0.971968907195247
2504355,3407,Caturité (PB),5254,C,3.066527306336582e-5,0.9719995724683104
3163102,3406,São José da Varginha (MG),4536,C,3.065627239619137e-5,0.9720302287407065
3158102,3405,Santa Maria do Salto (MG),4755,C,3.064727172901691e-5,0.9720608760124355
3116407,3401,Claraval (MG),4658,C,3.06112690603191e-5,0.9720914872814959
1703909,3400,Caseara (TO),4847,C,3.060226839314464e-5,0.972122089549889
1700350,3399,Aliança do Tocantins (TO),5147,C,3.059326772597019e-5,0.9721526828176149
2211407,3396,Várzea Grande (PI),4417,C,3.0566265724446826e-5,0.9721832490833393
4215208,3394,Romelândia (SC),4823,C,3.0548264390097915e-5,0.9722137973477294
1200328,3390,Jordão (AC),9222,C,3.0512261721400098e-5,0.9722443096094507
4320859,3389,Tabaí (RS),4461,C,3.0503261054225643e-5,0.972274812870505
5101001,3388,Araguaiana (MT),3795,C,3.049426038705119e-5,0.972305307130892
2209377,3387,Santa Rosa do Piauí (PI),4650,C,3.0485259719876736e-5,0.9723357923906119
2909505,3386,Cravolândia (BA),4415,C,3.047625905270228e-5,0.9723662686496646
2209203,3381,Santa Filomena (PI),6087,C,3.043125571683001e-5,0.9723966999053814
2509602,3381,Monte Horebe (PB),4338,C,3.043125571683001e-5,0.9724271311610981
4314423,3381,Picada Café (RS),5351,C,3.043125571683001e-5,0.9724575624168149
1718907,3380,Santa Rosa do Tocantins (TO),4653,C,3.0422255049655557e-5,0.9724879846718646
3123858,3379,Entre Folhas (MG),5179,C,3.0413254382481102e-5,0.9725183979262471
1716653,3378,Pequizeiro (TO),4921,C,3.0404253715306647e-5,0.9725488021799623
3509106,3377,Caiuá (SP),5466,C,3.039525304813219e-5,0.9725791974330105
2709004,3374,Tanque d'Arca (AL),5796,C,3.036825104660883e-5,0.9726095656840571
3157104,3374,Salto da Divisa (MG),6110,C,3.036825104660883e-5,0.9726399339351037
2514305,3373,São José de Caiana (PB),5034,C,3.0359250379434374e-5,0.9726702931854831
3111705,3372,Canaã (MG),4715,C,3.0350249712259923e-5,0.9727006434351954
3164100,3370,São Pedro do Suaçuí (MG),5103,C,3.0332248377911012e-5,0.9727309756835733
4127882,3370,Tunas do Paraná (PR),6219,C,3.0332248377911012e-5,0.9727613079319511
1500131,3369,Abel Figueiredo (PA),6136,C,3.0323247710736557e-5,0.9727916311796618
1503002,3369,Faro (PA),8728,C,3.0323247710736557e-5,0.9728219544273725
2401859,3368,Caiçara do Norte (RN),6293,C,3.0314247043562105e-5,0.9728522686744161
4303301,3365,Caibaté (RS),4704,C,3.028724504203874e-5,0.9728825559194582
3502002,3363,Analândia (SP),4589,C,3.0269243707689833e-5,0.9729128251631658
5212956,3363,Matrinchã (GO),4042,C,3.0269243707689833e-5,0.9729430944068734
2104701,3362,Graça Aranha (MA),6023,C,3.0260243040515378e-5,0.972973354649914
3134509,3362,Itutinga (MG),4217,C,3.0260243040515378e-5,0.9730036148929545
2206753,3359,Nossa Senhora de Nazaré (PI),5228,C,3.0233241038992016e-5,0.9730338481339935
2903102,3358,Barra do Rocha (BA),5775,C,3.022424037181756e-5,0.9730640723743653
5209606,3356,Heitoraí (GO),3354,C,3.0206239037468654e-5,0.9730942786134028
2502300,3355,Bom Sucesso (PB),4661,C,3.01972383702942e-5,0.9731244758517731
1708304,3354,Goianorte (TO),4738,C,3.0188237703119744e-5,0.9731546640894762
2505352,3354,Damião (PB),4982,C,3.0188237703119744e-5,0.9731848523271792
2100550,3353,Amapá do Maranhão (MA),7170,C,3.017923703594529e-5,0.9732150315642152
3126752,3353,Franciscópolis (MG),5034,C,3.017923703594529e-5,0.9732452108012511
4214300,3352,Rancho Queimado (SC),3279,C,3.0170236368770837e-5,0.9732753810376199
3544509,3349,Rubinéia (SP),3833,C,3.014323436724747e-5,0.9733055242719871
5002803,3348,Caracol (MS),5036,C,3.013423370007302e-5,0.9733356585056872
5219209,3347,Santa Cruz de Goiás (GO),3002,C,3.0125233032898564e-5,0.9733657837387201
3136520,3346,José Gonçalves de Minas (MG),3969,C,3.011623236572411e-5,0.9733958999710858
5103437,3342,Curvelândia (MT),4903,C,3.0080229697026292e-5,0.9734259802007827
3135902,3336,Jesuânia (MG),5138,C,3.0026225693979568e-5,0.9734560064264767
4323101,3334,Vicente Dutra (RS),4665,C,3.0008224359630658e-5,0.9734860146508363
2101731,3328,Belágua (MA),8460,C,2.995422035658393e-5,0.9735159688711928
2101806,3327,Benedito Leite (MA),5469,C,2.994521968940948e-5,0.9735459140908823
2512721,3327,Pedro Régis (PB),5766,C,2.994521968940948e-5,0.9735758593105718
3108701,3324,Brás Pires (MG),4260,C,2.9918217687886113e-5,0.9736057775282597
5221304,3324,Três Ranchos (GO),2921,C,2.9918217687886113e-5,0.9736356957459477
4205209,3323,Erval Velho (SC),4885,C,2.990921702071166e-5,0.9736656049629684
4118451,3321,Pato Bragado (PR),5733,C,2.989121568636275e-5,0.9736954961786548
2408508,3319,Ouro Branco (RN),4913,C,2.9873214352013844e-5,0.9737253693930068
3122603,3319,Dom Joaquim (MG),4899,C,2.9873214352013844e-5,0.9737552426073588
3165503,3319,Sardoá (MG),5104,C,2.9873214352013844e-5,0.9737851158217108
3505351,3317,Barra do Chapéu (SP),5179,C,2.9855213017664934e-5,0.9738149710347285
2701357,3313,Campestre (AL),6665,C,2.9819210348967117e-5,0.9738447902450774
3171907,3311,Virgolândia (MG),4552,C,2.980120901461821e-5,0.973874591454092
2410504,3310,Rafael Fernandes (RN),5432,C,2.9792208347443754e-5,0.9739043836624395
3553104,3303,Taiaçu (SP),5677,C,2.9729203677222575e-5,0.9739341128661168
2508802,3302,Malta (PB),6046,C,2.972020301004812e-5,0.9739638330691268
3512506,3302,Coroados (SP),5400,C,2.972020301004812e-5,0.9739935532721369
3520707,3300,Indiaporã (SP),4035,C,2.970220167569921e-5,0.9740232554738126
3114600,3299,Carrancas (MG),4049,C,2.9693201008524758e-5,0.9740529486748212
3504305,3299,Avaí (SP),4483,C,2.9693201008524758e-5,0.9740826418758297
4322251,3299,Tupandi (RS),5029,C,2.9693201008524758e-5,0.9741123350768383
5006259,3293,Novo Horizonte do Sul (MS),4721,C,2.963919700547803e-5,0.9741419742738437
5218391,3292,Professor Jamil (GO),3649,C,2.9630196338303575e-5,0.974171604470182
3546900,3291,Santa Lúcia (SP),7149,C,2.9621195671129124e-5,0.9742012256658532
2506608,3289,Ibiara (PB),5631,C,2.9603194336780213e-5,0.97423082886019
4309803,3289,Ibiaçá (RS),4527,C,2.9603194336780213e-5,0.9742604320545267
4318424,3289,São João da Urtiga (RS),4461,C,2.9603194336780213e-5,0.9742900352488635
2502904,3286,Brejo dos Santos (PB),5742,C,2.957619233525685e-5,0.9743196114411987
1701309,3284,Aragominas (TO),5290,C,2.955819100090794e-5,0.9743491696321996
4311130,3284,Jari (RS),3349,C,2.955819100090794e-5,0.9743787278232006
2801603,3279,Cedro de São João (SE),5391,C,2.9513187665035672e-5,0.97440824101086565
2504074,3278,Caraúbas (PB),3944,C,2.9504186997861217e-5,0.9744377451978635
5108204,3278,Torixoréu (MT),4164,C,2.9504186997861217e-5,0.9744672493848614
5221908,3276,Varjão (GO),3716,C,2.9486185663512307e-5,0.974496735570525
3127503,3266,Gonzaga (MG),5230,C,2.9396178991767765e-5,0.9745261317495167
4303202,3260,Cacique Doble (RS),4603,C,2.9342174988721038e-5,0.9745554739245055
4209151,3259,José Boiteux (SC),5985,C,2.9333174321546586e-5,0.974584807098827
3115904,3257,Chácara (MG),3075,C,2.9315172987197676e-5,0.9746141222718142
3161403,3256,São Francisco do Glória (MG),4800,C,2.930617232002322e-5,0.9746434284441342
3146255,3255,Padre Carvalho (MG),5058,C,2.929717165284877e-5,0.9746727256157871
2701902,3254,Chã Preta (AL),5910,C,2.9288170985674314e-5,0.9747020137867728
2910206,3254,Dom Macedo Costa (BA),4407,C,2.9288170985674314e-5,0.9747313019577585
2413706,3253,Sítio Novo (RN),4654,C,2.927917031849986e-5,0.974760581128077
2205532,3252,Jurema (PI),4425,C,2.9270169651325404e-5,0.9747898512977283
3157401,3252,Santa Cruz do Escalvado (MG),4673,C,2.9270169651325404e-5,0.9748191214673797
2200905,3251,Aroazes (PI),5369,C,2.926116898415095e-5,0.9748483826363639
2503803,3245,Caldas Brandão (PB),5753,C,2.9207164981104224e-5,0.974877589801345
2509503,3244,Montadas (PB),5812,C,2.919816431392977e-5,0.9749067879656589
2514008,3240,São João do Cariri (PB),4226,C,2.9162161645231952e-5,0.9749359501273042
2201988,3239,Brejo do Piauí (PI),3904,C,2.9153160978057497e-5,0.9749651032882822
3534203,3238,Orindiúva (SP),6024,C,2.9144160310883045e-5,0.9749942474485931
1702307,3236,Arapoema (TO),5550,C,2.9126158976534135e-5,0.9750233736075696
4112306,3235,Japira (PR),4972,C,2.911715830935968e-5,0.975052490765879
3165909,3233,Senador Modestino Gonçalves (MG),4008,C,2.9099156975010773e-5,0.975081589922854
1720101,3231,São Bento do Tocantins (TO),5654,C,2.9081155640661863e-5,0.9751106710784947
1720655,3229,Silvanópolis (TO),5108,C,2.9063154306312956e-5,0.975139734232801
2514453,3228,São José dos Ramos (PB),5891,C,2.90541536391385e-5,0.9751687883864402
3148905,3227,Pedra do Indaiá (MG),4112,C,2.9045152971964045e-5,0.9751978335394121
4312203,3227,Maximiliano de Almeida (RS),4191,C,2.9045152971964045e-5,0.9752268786923841
5209408,3227,Guarani de Goiás (GO),4085,C,2.9045152971964045e-5,0.9752559238453561
2413557,3222,Serrinha dos Pintos (RN),4659,C,2.9000149636091776e-5,0.9752849239949922
3108800,3221,Braúnas (MG),4441,C,2.899114896891732e-5,0.9753139151439612
3129400,3221,Ibertioga (MG),5198,C,2.899114896891732e-5,0.9753429062929301
3138351,3221,Leme do Prado (MG),4341,C,2.899114896891732e-5,0.975371897441899
5210562,3221,Itaguari (GO),4963,C,2.899114896891732e-5,0.9754008885908679
2301802,3218,Baixio (CE),5704,C,2.896414696739396e-5,0.9754298527378353
2203602,3217,Eliseu Martins (PI),4377,C,2.8955146300219504e-5,0.9754588078841355
3102209,3214,Alvarenga (MG),3975,C,2.8928144298696142e-5,0.9754877360284342
5219258,3211,Santa Fé de Goiás (GO),4951,C,2.8901142297172777e-5,0.9755166371707313
4311122,3207,Jaquirana (RS),3690,C,2.886513962847496e-5,0.9755455023103599
1703701,3201,Brejinho de Nazaré (TO),4725,C,2.8811135625428235e-5,0.9755743134459853
2517209,3201,Vieirópolis (PB),4864,C,2.8811135625428235e-5,0.9756031245816108
3546504,3201,Santa Ernestina (SP),6118,C,2.8811135625428235e-5,0.9756319357172363
4219358,3199,Vitor Meireles (SC),5370,C,2.8793134291079325e-5,0.9756607288515273
2209856,3198,São João da Canabrava (PI),4242,C,2.8784133623904873e-5,0.9756895129851513
3555505,3198,Ubirajara (SP),5132,C,2.8784133623904873e-5,0.9757182971187752
4305132,3198,Cerro Branco (RS),3802,C,2.8784133623904873e-5,0.9757470812523992
4207601,3197,Ipira (SC),4578,C,2.8775132956730418e-5,0.9757758563853559
2410256,3194,Porto do Mangue (RN),5228,C,2.8748130955207056e-5,0.9758046045163111
3523701,3193,Itirapuã (SP),5779,C,2.87391302880326e-5,0.9758333436465991
1713809,3191,Palmeiras do Tocantins (TO),4872,C,2.872112895368369e-5,0.9758620647755528
3162658,3191,São João do Pacuí (MG),3972,C,2.872112895368369e-5,0.9758907859045065
5220157,3186,São Luiz do Norte (GO),4837,C,2.8676125617811422e-5,0.9759194620301244
4313037,3184,Nova Esperança do Sul (RS),4865,C,2.865812428346251e-5,0.9759481201544078
4309555,3183,Harmonia (RS),5378,C,2.8649123616288056e-5,0.9759767692780241
2106201,3182,Luís Domingues (MA),7161,C,2.8640122949113605e-5,0.9760054094009732
4215075,3181,Riqueza (SC),4768,C,2.863112228193915e-5,0.9760340405232552
3141306,3177,Medeiros (MG),3900,C,2.8595119613241332e-5,0.9760626356428684
2207405,3168,Palmeira do Piauí (PI),4952,C,2.8514113608671243e-5,0.97609114975647715
3522000,3168,Itaju (SP),3618,C,2.8514113608671243e-5,0.9761196638700859
3170651,3165,Vargem Grande do Rio Pardo (MG),4633,C,2.848711160714788e-5,0.976148150981693
1302108,3163,Japurá (AM),8858,C,2.846911027279897e-5,0.9761766200919658
2202711,3162,Cocal de Telha (PI),4911,C,2.8460109605624515e-5,0.9762050802015715
4124905,3162,São João do Caiuá (PR),5586,C,2.8460109605624515e-5,0.9762335403111772
4312302,3158,Miraguaí (RS),4427,C,2.8424106936926698e-5,0.9762619644181141
4126108,3156,São Tomé (PR),5232,C,2.840610560257779e-5,0.9762903705237167
4315750,3155,Riozinho (RS),4473,C,2.8397104935403336e-5,0.9763187676286521
3155108,3152,Rio do Prado (MG),4639,C,2.8370102933879974e-5,0.976347137731586
1717008,3151,Pindorama do Tocantins (TO),4478,C,2.836110226670552e-5,0.9763754988338527
2202455,3151,Capitão Gervásio Oliveira (PI),3974,C,2.836110226670552e-5,0.9764038599361193
4201109,3151,Anitápolis (SC),3593,C,2.836110226670552e-5,0.976432221038386
4107157,3149,Diamante D'Oeste (PR),4557,C,2.8343100932356612e-5,0.9764605641393184
1507466,3144,São João da Ponta (PA),4430,C,2.829809759648434e-5,0.9764888622369149
2205276,3143,Jatobá do Piauí (PI),4494,C,2.8289096929309885e-5,0.9765171513338442
3537701,3143,Piacatu (SP),5519,C,2.8289096929309885e-5,0.9765454404307735
2205904,3137,Manoel Emídio (PI),5209,C,2.823509292626316e-5,0.9765736755236998
3123106,3136,Dores de Guanhães (MG),5029,C,2.8226092259088705e-5,0.9766019016159588
2513505,3135,Santana de Mangueira (PB),5010,C,2.821709159191425e-5,0.9766301187075508
3554201,3135,Tejupá (SP),4127,C,2.821709159191425e-5,0.9766583357991427
4306304,3133,David Canabarro (RS),4321,C,2.8199090257565343e-5,0.9766865348894003
3517307,3132,Guaimbê (SP),5512,C,2.8190089590390888e-5,0.9767147249789907
3519253,3132,Iaras (SP),8010,C,2.8190089590390888e-5,0.9767429150685811
2209559,3131,São Braz do Piauí (PI),4358,C,2.8181088923216433e-5,0.9767710961575043
3119807,3131,Córrego Danta (MG),2960,C,2.8181088923216433e-5,0.9767992772464276
5106208,3129,Nova Brasilândia (MT),3932,C,2.8163087588867526e-5,0.9768274403340165
2515930,3127,Sertãozinho (PB),5054,C,2.8145086254518616e-5,0.976855585420271
2919009,3124,Lajedinho (BA),3527,C,2.8118084252995254e-5,0.9768837035045239
4307559,3123,Estação (RS),5582,C,2.81090835858208e-5,0.9769118125881098
4121109,3122,Quinta do Sol (PR),5001,C,2.8100082918646344e-5,0.9769399126710284
3520608,3121,Indiana (SP),5090,C,2.8091082251471892e-5,0.9769680037532799
4316204,3121,Rondinha (RS),4991,C,2.8091082251471892e-5,0.9769960948355313
3149606,3120,Pequi (MG),4155,C,2.8082081584297437e-5,0.9770241769171156
4217253,3119,São Pedro de Alcântara (SC),5776,C,2.807308091712298e-5,0.9770522499980328
5208152,3119,Gameleira de Goiás (GO),3456,C,2.807308091712298e-5,0.9770803230789499
4307054,3117,Ernestina (RS),3034,C,2.8055079582774075e-5,0.9771083781585327
1717800,3116,Ponte Alta do Bom Jesus (TO),4220,C,2.804607891559962e-5,0.9771364242374483
3120839,3115,Cuparaque (MG),3983,C,2.8037078248425164e-5,0.9771644613156967
3546207,3114,Santa Cruz da Conceição (SP),4277,C,2.802807758125071e-5,0.977192489393278
5204656,3114,Campinaçu (GO),3708,C,2.802807758125071e-5,0.9772205174708593
2203800,3113,Flores do Piauí (PI),4414,C,2.8019076914076257e-5,0.9772485365477733
2208874,3113,Ribeira do Piauí (PI),4055,C,2.8019076914076257e-5,0.9772765556246874
3166956,3113,Serranópolis de Minas (MG),4399,C,2.8019076914076257e-5,0.9773045747016015
4113809,3112,Lupionópolis (PR),4813,C,2.8010076246901802e-5,0.9773325847778483
4320305,3111,Selbach (RS),5107,C,2.8001075579727347e-5,0.9773605858534281
2502102,3108,Boa Ventura (PB),5207,C,2.7974073578203985e-5,0.9773885599270064
1101559,3107,Teixeirópolis (RO),4256,C,2.796507291102953e-5,0.9774165249999174
2111631,3107,São Raimundo do Doca Bezerra (MA),5650,C,2.796507291102953e-5,0.9774444900728284
5221502,3103,Turvânia (GO),4480,C,2.7929070242331713e-5,0.9774724191430707
3105202,3101,Bandeira (MG),4741,C,2.7911068907982806e-5,0.9775003302119787
3532207,3100,Narandiba (SP),5713,C,2.790206824080835e-5,0.9775282322802195
5220264,3099,São Miguel do Passa Quatro (GO),4464,C,2.7893067573633896e-5,0.9775561253477931
5105234,3097,Lambari D'Oeste (MT),4790,C,2.787506623928499e-5,0.9775840004140324
5203104,3094,Baliza (GO),3351,C,2.7848064237761623e-5,0.9776118484782701
5201504,3093,Aporé (GO),4325,C,2.7839063570587168e-5,0.9776396875418407
2927804,3090,Santa Cruz da Vitória (BA),4681,C,2.7812061569063806e-5,0.9776674996034098
3534104,3090,Oriente (SP),6085,C,2.7812061569063806e-5,0.9776953116649789
2100402,3088,Altamira do Maranhão (MA),6447,C,2.77940602347149e-5,0.9777231057252136
5205521,3088,Colinas do Sul (GO),4030,C,2.77940602347149e-5,0.9777508997854483
2908804,3085,Contendas do Sincorá (BA),4333,C,2.7767058233191534e-5,0.9777786668436814
3507704,3078,Braúna (SP),5356,C,2.7704053562970354e-5,0.9778063708972444
5102694,3075,Canabrava do Norte (MT),4485,C,2.7677051561446992e-5,0.9778340479488059
3171105,3072,Veríssimo (MG),3411,C,2.765004955992363e-5,0.9778616979983659
3500808,3072,Alfredo Marcondes (SP),4445,C,2.765004955992363e-5,0.9778893480479258
4103354,3070,Braganey (PR),4854,C,2.763204822557472e-5,0.9779169800961514
5107750,3070,Salto do Céu (MT),3679,C,2.763204822557472e-5,0.9779446121443769
5003504,3069,Douradina (MS),5578,C,2.7623047558400265e-5,0.9779722351919353
5221809,3067,Urutaí (GO),3553,C,2.7605046224051358e-5,0.9779998402381593
4314498,3065,Pinheirinho do Vale (RS),4540,C,2.7587044889702448e-5,0.978027427283049
3136801,3063,Juramento (MG),3768,C,2.756904355535354e-5,0.9780549963266044
1712504,3062,Marianópolis do Tocantins (TO),4615,C,2.7560042888179086e-5,0.9780825563694926
3150703,3062,Pirajuba (MG),5537,C,2.7560042888179086e-5,0.9781101164123808
3503000,3059,Aramina (SP),5420,C,2.7533040886655724e-5,0.9781376494532674
2703403,3057,Jacaré dos Homens (AL),5083,C,2.7515039552306813e-5,0.9781651644928198
2406809,3056,Lajes Pintadas (RN),4787,C,2.750603888513236e-5,0.9781926705317049
4308458,3055,Fortaleza dos Valos (RS),4477,C,2.7497038217957907e-5,0.9782201675699228
4311627,3051,Lindolfo Collor (RS),6248,C,2.746103554926009e-5,0.9782476286054721
4126702,3050,Tamboara (PR),4880,C,2.7452034882085634e-5,0.9782750806403542
3126307,3048,Fortaleza de Minas (MG),3477,C,2.7434033547736727e-5,0.978302514673902
3530003,3047,Mira Estrela (SP),3126,C,2.7425032880562272e-5,0.9783299397067825
4201273,3044,Arabutã (SC),4378,C,2.739803087903891e-5,0.9783573377376615
4311981,3044,Mariana Pimentel (RS),3916,C,2.739803087903891e-5,0.9783847357685406
2101350,3043,Bacurituba (MA),5252,C,2.7389030211864455e-5,0.9784121247987524
2101939,3043,Bernardo do Mearim (MA),5840,C,2.7389030211864455e-5,0.9784395138289642
2206654,3043,Morro Cabeça no Tempo (PI),4377,C,2.7389030211864455e-5,0.978466902859176
3168101,3038,Tapira (MG),4118,C,2.7344026875992183e-5,0.978494246886052
3154408,3036,Ressaquinha (MG),4548,C,2.7326025541643276e-5,0.9785215729115937
4126355,3034,Serranópolis do Iguaçu (PR),5007,C,2.7308024207294365e-5,0.978548880935801
4214904,3033,Rio Fortuna (SC),4847,C,2.729902354011991e-5,0.9785761799593411
5207352,3033,Edealina (GO),4001,C,2.729902354011991e-5,0.9786034789828812
3512704,3032,Corumbataí (SP),4195,C,2.729002287294546e-5,0.9786307690057542
3510153,3031,Canitar (SP),6283,C,2.7281022205771003e-5,0.9786580500279599
5215405,3031,Ouro Verde de Goiás (GO),4057,C,2.7281022205771003e-5,0.9786853310501656
1703206,3028,Bernardo Sayão (TO),4229,C,2.725402020424764e-5,0.9787125850703698
2501534,3026,Baraúna (PB),4762,C,2.723601886989873e-5,0.9787398210892397
4204350,3025,Cordilheira Alta (SC),4781,C,2.7227018202724276e-5,0.9787670481074424
2404903,3024,Itaú (RN),5320,C,2.7218017535549824e-5,0.978794266124978
4312609,3024,Muçum (RS),4601,C,2.7218017535549824e-5,0.9788214841425136
3135076,3023,Jampruca (MG),4296,C,2.720901686837537e-5,0.9788486931593819
4204103,3023,Caxambu do Sul (SC),4614,C,2.720901686837537e-5,0.9788759021762503
5210802,3022,Itajá (GO),4380,C,2.7200016201200914e-5,0.9789031021924515
3171402,3021,Vieiras (MG),3700,C,2.719101553402646e-5,0.9789302932079855
4305504,3021,Ciríaco (RS),4149,C,2.719101553402646e-5,0.9789574842235196
5108808,3019,Nova Guarita (MT),4590,C,2.7173014199677552e-5,0.9789846572377192
2707909,3018,Santa Luzia do Norte (AL),6919,C,2.7164013532503097e-5,0.9790118212512517
3159100,3018,Santana dos Montes (MG),3469,C,2.7164013532503097e-5,0.9790389852647843
3136405,3017,Joaquim Felício (MG),3854,C,2.715501286532864e-5,0.9790661402776496
3157609,3015,Santa Fé de Minas (MG),3522,C,2.7137011530979735e-5,0.9790932772891806
2205581,3014,Lagoa do Piauí (PI),4810,C,2.712801086380528e-5,0.9791204053000444
4125308,3014,São Jorge do Ivaí (PR),5168,C,2.712801086380528e-5,0.9791475333109082
5221551,3013,Turvelândia (GO),4985,C,2.7119010196630824e-5,0.9791746523211048
3541653,3010,Quadra (SP),3405,C,2.7092008195107462e-5,0.9792017443292999
4202438,3010,Bocaina do Sul (SC),3515,C,2.7092008195107462e-5,0.9792288363374949
4206603,3010,Guarujá do Sul (SC),4829,C,2.7092008195107462e-5,0.97925592834569
1705557,3003,Combinado (TO),4756,C,2.7029003524886283e-5,0.9792829573492149
2505279,3003,Curral de Cima (PB),5254,C,2.7029003524886283e-5,0.9793099863527398
2111953,3001,Sucupira do Riachão (MA),4985,C,2.7011002190537373e-5,0.9793369973549303
2414704,2999,Várzea (RN),5233,C,2.6993000856188466e-5,0.9793639903557865
5219357,2999,Santa Isabel (GO),3538,C,2.6993000856188466e-5,0.9793909833566427
2807006,2997,São Miguel do Aleixo (SE),3434,C,2.6974999521839556e-5,0.9794179583561645
4110904,2997,Itaguajé (PR),4481,C,2.6974999521839556e-5,0.9794449333556864
2705309,2995,Minador do Negrão (AL),4845,C,2.695699818749065e-5,0.9794718903538738
3157302,2995,Santa Bárbara do Tugúrio (MG),4208,C,2.695699818749065e-5,0.9794988473520613
3167905,2992,Tabuleiro (MG),4014,C,2.6929996185967283e-5,0.9795257773482472
2200459,2991,Alvorada do Gurguéia (PI),5322,C,2.692099551879283e-5,0.979552698343766
1701101,2989,Aparecida do Rio Negro (TO),4856,C,2.690299418444392e-5,0.9795796013379504
3170438,2989,União de Minas (MG),3828,C,2.690299418444392e-5,0.9796065043321348
2703700,2988,Jaramataia (AL),4985,C,2.6893993517269466e-5,0.9796333983256521
4213302,2988,Ponte Alta (SC),4437,C,2.6893993517269466e-5,0.9796602923191694
3107604,2987,Bom Jesus da Penha (MG),4474,C,2.6884992850095014e-5,0.9796871773120195
2209955,2980,São João da Varjota (PI),4383,C,2.6821988179873832e-5,0.9797139993001993
2201804,2979,Bocaina (PI),4078,C,2.681298751269938e-5,0.979740812287712
3122108,2977,Divino das Laranjeiras (MG),4178,C,2.679498617835047e-5,0.9797676072738903
3121902,2975,Divinésia (MG),4226,C,2.6776984844001563e-5,0.9797943842587343
5104559,2973,Itaúba (MT),5020,C,2.6758983509652653e-5,0.979821143242244
4314472,2969,Pinhal Grande (RS),3805,C,2.6722980840954835e-5,0.979847866223085
2912608,2968,Ibiquera (BA),3725,C,2.671398017378038e-5,0.9798745802032587
4107546,2965,Espigão Alto do Iguaçu (PR),4797,C,2.6686978172257018e-5,0.9799012671814309
2203420,2964,Domingos Mourão (PI),4075,C,2.6677977505082563e-5,0.979927945158936
2508109,2960,Lagoa (PB),4415,C,2.6641974836384746e-5,0.9799545871337724
2201705,2959,Bertolínia (PI),5562,C,2.6632974169210294e-5,0.9799812201079415
2514800,2959,São José dos Cordeiros (PB),3411,C,2.6632974169210294e-5,0.9800078530821107
3169059,2959,Tocos do Moji (MG),3826,C,2.6632974169210294e-5,0.9800344860562799
3509809,2958,Campos Novos Paulista (SP),4888,C,2.662397350203584e-5,0.9800611100297819
4113106,2952,Kaloré (PR),4582,C,2.656996949898911e-5,0.9800876799992809
3127057,2949,Fronteira dos Vales (MG),4345,C,2.654296749746575e-5,0.9801142229667784
4108452,2947,Foz do Jordão (PR),4926,C,2.6524966163116843e-5,0.9801407479329415
4107850,2944,Flor da Serra do Sul (PR),4364,C,2.6497964161593477e-5,0.980167245897103
3302452,2943,Macuco (RJ),5415,C,2.6488963494419025e-5,0.9801937348605975
5107206,2943,Rio Branco (MT),4535,C,2.6488963494419025e-5,0.9802202238240919
2200277,2942,Alegrete do Piauí (PI),4634,C,2.647996282724457e-5,0.9802467037869191
4219408,2941,Witmarsum (SC),4255,C,2.6470962160070115e-5,0.9802731747490792
3127388,2938,Goianá (MG),4053,C,2.6443960158546753e-5,0.9802996187092377
4103479,2938,Cafezal do Sul (PR),4473,C,2.6443960158546753e-5,0.9803260626693961
3136553,2936,José Raydan (MG),4268,C,2.6425958824197843e-5,0.9803524886282203
4107801,2936,Floraí (PR),4792,C,2.6425958824197843e-5,0.9803789145870445
4318622,2936,São José dos Ausentes (RS),4172,C,2.6425958824197843e-5,0.9804053405458687
2510303,2935,Nova Palmeira (PB),4259,C,2.641695815702339e-5,0.9804317575040257
4113759,2934,Lunardelli (PR),4872,C,2.6407957489848936e-5,0.9804581654615155
4301552,2934,Áurea (RS),3396,C,2.6407957489848936e-5,0.9804845734190054
1703107,2933,Barrolândia (TO),4846,C,2.639895682267448e-5,0.9805109723758281
4300455,2933,Alegria (RS),3651,C,2.639895682267448e-5,0.9805373713326507
3172103,2926,Volta Grande (MG),4443,C,2.63359521524533e-5,0.9805637072848031
3115409,2924,Catas Altas da Noruega (MG),3110,C,2.631795081810439e-5,0.9805900252356212
3532702,2923,Nipoã (SP),4750,C,2.6308950150929936e-5,0.9806163341857721
4315354,2913,Quinze de Novembro (RS),3910,C,2.6218943479185395e-5,0.9806425531292513
2210052,2905,São José do Divino (PI),4841,C,2.614693814178976e-5,0.980668700067393
5100359,2902,Alto Boa Vista (MT),5715,C,2.61199361402664e-5,0.9806948200035333
2109056,2900,Porto Rico do Maranhão (MA),5954,C,2.6101934805917488e-5,0.9807209219383392
4323754,2898,Vitória das Missões (RS),3260,C,2.608393347156858e-5,0.9807470058718107
2207553,2896,Paquetá (PI),3813,C,2.606593213721967e-5,0.9807730718039479
2207306,2892,Paes Landim (PI),4088,C,2.6029929468521854e-5,0.9807991017334164
3157278,2892,Santa Bárbara do Monte Verde (MG),3095,C,2.6029929468521854e-5,0.980825131662885
4107108,2889,Diamante do Norte (PR),5142,C,2.6002927466998492e-5,0.980851134590352
3106606,2888,Bertópolis (MG),4451,C,2.5993926799824037e-5,0.9808771285171518
3555356,2888,Ubarana (SP),5365,C,2.5993926799824037e-5,0.9809031224439516
5209150,2888,Gouvelândia (GO),4390,C,2.5993926799824037e-5,0.9809291163707514
3142254,2885,Miravânia (MG),3985,C,2.5966924798300675e-5,0.9809550832955497
3500204,2885,Adolfo (SP),4351,C,2.5966924798300675e-5,0.980981050220348
3512605,2882,Coronel Macedo (SP),4280,C,2.5939922796777313e-5,0.9810069901431447
2206001,2880,Marcos Parente (PI),4724,C,2.5921921462428402e-5,0.9810329120646072
2409332,2880,Santa Maria (RN),4847,C,2.5921921462428402e-5,0.9810588339860696
3532108,2880,Murutinga do Sul (SP),3737,C,2.5921921462428402e-5,0.9810847559075321
4305959,2880,Cotiporã (RS),3846,C,2.5921921462428402e-5,0.9811106778289945
2210631,2879,Sebastião Leal (PI),4446,C,2.5912920795253947e-5,0.9811365907497898
4212239,2876,Paraíso (SC),4267,C,2.5885918793730585e-5,0.9811624766685835
5107248,2876,Santa Carmem (MT),5374,C,2.5885918793730585e-5,0.9811883625873772
3143153,2874,Monte Formoso (MG),4381,C,2.5867917459381678e-5,0.9812142305048366
3502606,2872,Aparecida d'Oeste (SP),4086,C,2.5849916125032768e-5,0.9812400804209617
4311718,2871,Maçambará (RS),4425,C,2.5840915457858313e-5,0.9812659213364195
4106571,2870,Cruzeiro do Iguaçu (PR),4133,C,2.583191479068386e-5,0.9812917532512102
5215207,2869,Novo Brasil (GO),3527,C,2.5822914123509406e-5,0.9813175761653338
5214101,2868,Mutunópolis (GO),3564,C,2.581391345633495e-5,0.9813433900787901
2703502,2867,Jacuípe (AL),5352,C,2.5804912789160496e-5,0.9813691949915793
3102506,2866,Amparo do Serra (MG),4541,C,2.5795912121986044e-5,0.9813949909037013
2707800,2865,Roteiro (AL),6474,C,2.578691145481159e-5,0.9814207778151561
4115507,2865,Marumbi (PR),4699,C,2.578691145481159e-5,0.981446564726611
4218756,2863,Tunápolis (SC),4916,C,2.576891012046268e-5,0.9814723336367315
5204953,2863,Campos Verdes (GO),4005,C,2.576891012046268e-5,0.981498102546852
5202353,2847,Arenópolis (GO),2946,C,2.562489944567141e-5,0.9815237274462977
3521200,2846,Iporanga (SP),4046,C,2.5615898778496954e-5,0.9815493433450762
2110807,2845,São Félix de Balsas (MA),4402,C,2.5606898111322503e-5,0.9815749502431875
4314068,2845,Passa Sete (RS),3983,C,2.5606898111322503e-5,0.9816005571412989
5221007,2844,Taquaral de Goiás (GO),4026,C,2.5597897444148048e-5,0.9816261550387431
3163300,2843,São José do Divino (MG),3464,C,2.5588896776973592e-5,0.98165174393552
4109005,2843,Guapirama (PR),4626,C,2.5588896776973592e-5,0.981677332832297
3135308,2841,Japaraíba (MG),4506,C,2.5570895442624686e-5,0.9817029037277396
3148400,2838,Paulistas (MG),4389,C,2.554389344110132e-5,0.9817284476211807
4321857,2837,Três Palmeiras (RS),4716,C,2.553489277392687e-5,0.9817539825139546
2105658,2831,Junco do Maranhão (MA),5146,C,2.548088877088014e-5,0.9817794634027255
5106273,2829,Novo Horizonte do Norte (MT),3349,C,2.5462887436531234e-5,0.981804926290162
2508703,2828,Mãe d'Água (PB),3583,C,2.545388676935678e-5,0.9818303801769314
4323408,2828,Vila Maria (RS),4413,C,2.545388676935678e-5,0.9818558340637007
1720499,2827,São Valério (TO),4422,C,2.5444886102182324e-5,0.9818812789498029
2201002,2826,Arraial (PI),4520,C,2.543588543500787e-5,0.981906714835238
2515906,2824,Serraria (PB),4885,C,2.541788410065896e-5,0.9819321327193387
4308078,2823,Fazenda Vilanova (RS),4291,C,2.5408883433484507e-5,0.9819575416027722
5201603,2820,Araçu (GO),3799,C,2.5381881431961144e-5,0.9819829234842041
3153004,2818,Pratinha (MG),3559,C,2.5363880097612234e-5,0.9820082873643018
5208301,2815,Divinópolis de Goiás (GO),4457,C,2.5336878096088872e-5,0.9820336242423979
3527702,2812,Luiziânia (SP),4701,C,2.530987609456551e-5,0.9820589341184925
4310702,2810,Itatiba do Sul (RS),3208,C,2.52918747602166e-5,0.9820842259932527
3549607,2809,São José do Barreiro (SP),3853,C,2.5282874093042148e-5,0.9821095088673458
3540408,2805,Populina (SP),4127,C,2.524687142434433e-5,0.9821347557387702
1507755,2803,Sapucaia (PA),5847,C,2.522887008999542e-5,0.9821599846088602
2207850,2803,Pavussu (PI),3628,C,2.522887008999542e-5,0.9821852134789503
5206701,2801,Damianópolis (GO),3770,C,2.5210868755646514e-5,0.9822104243477059
4304002,2799,Campo Novo (RS),4975,C,2.5192867421297603e-5,0.9822356172151272
4312617,2798,Muitos Capões (RS),2879,C,2.5183866754123148e-5,0.9822608010818813
4211454,2797,Nova Itaberaba (SC),4536,C,2.5174866086948697e-5,0.9822859759479683
4209805,2796,Leoberto Leal (SC),3330,C,2.516586541977424e-5,0.9823111418133881
4207759,2794,Iraceminha (SC),3986,C,2.514786408542533e-5,0.9823362896774736
3160900,2793,São Brás do Suaçuí (MG),3989,C,2.513886341825088e-5,0.9823614285408918
4100459,2791,Altamira do Paraná (PR),3590,C,2.512086208390197e-5,0.9823865494029758
3106804,2790,Bias Fortes (MG),3361,C,2.5111861416727514e-5,0.9824116612643925
4100905,2790,Amaporã (PR),4762,C,2.5111861416727514e-5,0.9824367731258092
2210904,2789,Socorro do Piauí (PI),4141,C,2.5102860749553062e-5,0.9824618759865588
2404002,2789,Frutuoso Gomes (RN),4122,C,2.5102860749553062e-5,0.9824869788473083
2200103,2788,Agricolândia (PI),4940,C,2.5093860082378607e-5,0.9825120727073907
4212403,2785,Pedras Grandes (SC),4245,C,2.5066858080855245e-5,0.9825371395654716
2405207,2782,Janduís (RN),4746,C,2.503985607933188e-5,0.982562179421551
1711506,2781,Jaú do Tocantins (TO),3334,C,2.5030855412157428e-5,0.9825872102769632
2700805,2778,Belém (AL),4722,C,2.5003853410634062e-5,0.9826122141303738
4120853,2778,Quatro Pontes (PR),4480,C,2.5003853410634062e-5,0.98263721798378445
3159407,2776,Santa Rita de Ibitipoca (MG),3301,C,2.4985852076285155e-5,0.9826622038358608
4312443,2776,Morrinhos do Sul (RS),3071,C,2.4985852076285155e-5,0.9826871896879371
5213772,2776,Montividiu do Norte (GO),3779,C,2.4985852076285155e-5,0.9827121755400134
3120409,2774,Cristiano Otoni (MG),4667,C,2.4967850741936245e-5,0.9827371433907554
3141207,2774,Matutina (MG),3814,C,2.4967850741936245e-5,0.9827621112414973
3543204,2770,Ribeirão do Sul (SP),4677,C,2.4931848073238428e-5,0.9827870430895705
2512077,2767,Poço de José de Moura (PB),4006,C,2.4904846071715066e-5,0.9828119479356423
2513802,2767,Santa Teresinha (PB),4402,C,2.4904846071715066e-5,0.9828368527817141
3132008,2762,Itacambira (MG),4252,C,2.4859842735842794e-5,0.9828617126244499
4322152,2761,Tunas (RS),3681,C,2.485084206866834e-5,0.9828865634665186
3140605,2760,Materlândia (MG),3963,C,2.4841841401493887e-5,0.9829114053079201
5206503,2760,Cromínia (GO),3883,C,2.4841841401493887e-5,0.9829362471493216
4303673,2758,Campestre da Serra (RS),3242,C,2.4823840067144976e-5,0.9829610709893888
2204105,2756,Francisco Ayres (PI),4412,C,2.480583873279607e-5,0.9829858768281216
4313425,2756,Novo Machado (RS),3198,C,2.480583873279607e-5,0.9830106826668543
5202601,2750,Aurilândia (GO),3284,C,2.4751834729749342e-5,0.983035434501584
4109203,2745,Guaraci (PR),4748,C,2.470683139387707e-5,0.9830601413329779
2801900,2739,Cumbe (SE),3824,C,2.4652827390830346e-5,0.9830847941603688
5005103,2738,Jateí (MS),3586,C,2.464382672365589e-5,0.9831094379870924
4313607,2737,Paim Filho (RS),3629,C,2.4634826056481435e-5,0.9831340728131489
3102407,2736,Alvorada de Minas (MG),4159,C,2.4625825389306984e-5,0.9831586986385382
3153202,2732,Presidente Juscelino (MG),3465,C,2.4589822720609166e-5,0.9831832884612588
3541059,2729,Pratânia (SP),5126,C,2.45628207190858e-5,0.9832078512819779
3153707,2728,Quartel Geral (MG),3179,C,2.455382005191135e-5,0.9832324051020298
3522653,2727,Itapirapuã Paulista (SP),4306,C,2.4544819384736894e-5,0.9832569499214145
4320602,2727,Severiano de Almeida (RS),3406,C,2.4544819384736894e-5,0.9832814947407993
2514404,2726,São José de Espinharas (PB),4083,C,2.453581871756244e-5,0.9833060305595168
4314035,2726,Pareci Novo (RS),4319,C,2.453581871756244e-5,0.9833305663782343
2203230,2725,Currais (PI),4854,C,2.4526818050387984e-5,0.9833550931962848
2205300,2725,Jerumenha (PI),4497,C,2.4526818050387984e-5,0.9833796200143352
3144904,2725,Nova Módica (MG),3663,C,2.4526818050387984e-5,0.9834041468323856
3523008,2725,Itapura (SP),3979,C,2.4526818050387984e-5,0.9834286736504361
1100908,2724,Castanheiras (RO),3233,C,2.4517817383213532e-5,0.9834531914678193
5203609,2723,Brazabrantes (GO),3992,C,2.4508816716039077e-5,0.9834777002845353
2209500,2722,Santo Inácio do Piauí (PI),3646,C,2.4499816048864622e-5,0.9835022001005842
3136579,2720,Josenópolis (MG),3630,C,2.4481814714515715e-5,0.9835266819152987
2511707,2718,Pilõezinhos (PB),5329,C,2.4463813380166805e-5,0.9835511457286789
5106190,2718,Nova Santa Helena (MT),4239,C,2.4463813380166805e-5,0.983575609542059
1716307,2717,Pau D'Arco (TO),4043,C,2.445481271299235e-5,0.983600064354772
4318481,2714,São José do Hortêncio (RS),4447,C,2.4427810711468987e-5,0.9836244921654834
3508900,2713,Caiabu (SP),3712,C,2.4418810044294532e-5,0.9836489109755278
3124708,2712,Estrela do Indaiá (MG),2772,C,2.440980937712008e-5,0.9836733207849049
3530409,2712,Mirassolândia (SP),4669,C,2.440980937712008e-5,0.983697730594282
2209153,2710,Santa Cruz dos Milagres (PI),3435,C,2.439180804277117e-5,0.9837221224023248
4204178,2709,Cerro Negro (SC),3317,C,2.4382807375596715e-5,0.9837465052097004
3122470,2708,Dom Bosco (MG),3697,C,2.4373806708422263e-5,0.9837708790164088
5215900,2708,Palminópolis (GO),3851,C,2.4373806708422263e-5,0.9837952528231172
4312807,2707,Nova Araçá (RS),4954,C,2.4364806041247808e-5,0.9838196176291585
4211405,2706,Nova Erechim (SC),5155,C,2.4355805374073353e-5,0.9838439734345326
2401602,2705,Bento Fernandes (RN),4807,C,2.4346804706898898e-5,0.9838683202392394
3132602,2697,Itamarati de Minas (MG),3690,C,2.4274799369503264e-5,0.9838925950386089
2509339,2694,Matinhas (PB),4571,C,2.42477973679799e-5,0.9839168428359769
2918902,2694,Lajedão (BA),3845,C,2.42477973679799e-5,0.9839410906333449
4203253,2694,Capão Alto (SC),2625,C,2.42477973679799e-5,0.9839653384307129
4205100,2694,Dona Emma (SC),4221,C,2.42477973679799e-5,0.9839895862280809
4315206,2694,Putinga (RS),3747,C,2.42477973679799e-5,0.9840138340254488
3121704,2693,Diogo de Vasconcelos (MG),3549,C,2.4238796700805446e-5,0.9840380728221496
2107258,2691,Nova Colinas (MA),5021,C,2.422079536645654e-5,0.9840622936175161
3138302,2691,Leandro Ferreira (MG),3199,C,2.422079536645654e-5,0.9840865144128825
4309951,2690,Ibirapuitã (RS),3723,C,2.4211794699282084e-5,0.9841107262075818
2411007,2689,Rodolfo Fernandes (RN),4242,C,2.420279403210763e-5,0.9841349290016139
4122800,2689,Salgado Filho (PR),4075,C,2.420279403210763e-5,0.9841591317956461
2702207,2688,Coqueiro Seco (AL),5581,C,2.4193793364933174e-5,0.984183325589011
4110409,2686,Indianópolis (PR),4448,C,2.4175792030584267e-5,0.9842075013810416
4323457,2686,Vila Nova do Sul (RS),3863,C,2.4175792030584267e-5,0.9842316771730723
2201556,2685,Bela Vista do Piauí (PI),4091,C,2.4166791363409812e-5,0.9842558439644357
3137304,2685,Lagoa dos Patos (MG),3313,C,2.4166791363409812e-5,0.9842800107557991
2512754,2684,Riachão do Bacamarte (PB),4690,C,2.4157790696235357e-5,0.9843041685464953
4310553,2684,Itacurubi (RS),2995,C,2.4157790696235357e-5,0.9843283263371915
4307401,2682,Esmeralda (RS),3195,C,2.413978936188645e-5,0.9843524661265534
1501253,2679,Bannach (PA),4031,C,2.4112787360363088e-5,0.9843765789139137
3545100,2679,Salmourão (SP),4808,C,2.4112787360363088e-5,0.9844006917012741
4209854,2678,Lindóia do Sul (SC),4549,C,2.4103786693188633e-5,0.9844247954879672
3518909,2677,Guzolândia (SP),4246,C,2.4094786026014178e-5,0.9844488902739933
2408805,2676,Parazinho (RN),4801,C,2.4085785358839723e-5,0.9844729760593521
2107308,2675,Nova Iorque (MA),4320,C,2.407678469166527e-5,0.9844970528440438
3158805,2670,Santana do Jacaré (MG),4214,C,2.4031781355793e-5,0.9845210846253996
2100105,2669,Afonso Cunha (MA),6144,C,2.4022780688618543e-5,0.9845451074060881
3543105,2667,Ribeirão Corrente (SP),4608,C,2.4004779354269636e-5,0.9845691121854424
2304806,2666,Granjeiro (CE),4841,C,2.399577868709518e-5,0.9845931079641295
3120102,2666,Couto de Magalhães de Minas (MG),4245,C,2.399577868709518e-5,0.9846171037428165
5007976,2666,Taquarussu (MS),3625,C,2.399577868709518e-5,0.9846410995215036
2208858,2665,Riacho Frio (PI),4165,C,2.3986778019920726e-5,0.9846650862995235
2510501,2665,Olivedos (PB),3580,C,2.3986778019920726e-5,0.9846890730775435
4113601,2664,Lobato (PR),4601,C,2.397777735274627e-5,0.9847130508548962
2900603,2663,Aiquara (BA),4447,C,2.396877668557182e-5,0.9847370196315818
3157500,2663,Santa Efigênia de Minas (MG),4039,C,2.396877668557182e-5,0.9847609884082673
2203255,2662,Curralinhos (PI),4413,C,2.3959776018397364e-5,0.9847849481842857
3152131,2662,Ponto Chique (MG),3747,C,2.3959776018397364e-5,0.9848089079603042
4121257,2662,Ramilândia (PR),4221,C,2.3959776018397364e-5,0.9848328677363226
4107702,2661,Fênix (PR),4492,C,2.395077535122291e-5,0.9848568185116738
4300059,2661,Água Santa (RS),3912,C,2.395077535122291e-5,0.9848807692870251
5200829,2659,Amaralina (GO),3268,C,2.3932774016874002e-5,0.984904702061042
3145851,2657,Oratórios (MG),4917,C,2.3914772682525092e-5,0.9849286168337245
3160009,2656,Santo Antônio do Aventureiro (MG),3769,C,2.3905772015350637e-5,0.9849525226057398
3528700,2656,Marabá Paulista (SP),4573,C,2.3905772015350637e-5,0.9849764283777552
3158409,2655,Santana de Cataguases (MG),3489,C,2.3896771348176185e-5,0.9850003251491034
3115201,2652,Conceição da Barra de Minas (MG),3560,C,2.386976934665282e-5,0.9850241949184501
2502706,2646,Borborema (PB),4214,C,2.3815765343606095e-5,0.9850480106837937
3106655,2646,Berizal (MG),4201,C,2.3815765343606095e-5,0.9850718264491373
4309753,2642,Ibarama (RS),3732,C,2.3779762674908278e-5,0.9850956062118121
4106704,2641,Cruzeiro do Sul (PR),4494,C,2.3770762007733823e-5,0.9851193769738199
2512200,2639,Prata (PB),3915,C,2.3752760673384916e-5,0.9851431297344933
5103809,2638,Figueirópolis D'Oeste (MT),3187,C,2.374376000621046e-5,0.9851668734944995
3531605,2636,Monte Castelo (SP),4222,C,2.372575867186155e-5,0.9851905992531713
3111150,2634,Campo Azul (MG),3714,C,2.3707757337512644e-5,0.9852143070105088
4103008,2633,Boa Esperança (PR),4558,C,2.369875667033819e-5,0.9852380057671791
3501103,2632,Alto Alegre (SP),3841,C,2.3689756003163734e-5,0.9852616955231823
2513927,2630,São Bentinho (PB),4327,C,2.3671754668814827e-5,0.9852853672778511
2515203,2628,São Sebastião do Umbuzeiro (PB),3279,C,2.3653753334465916e-5,0.9853090210311856
1718840,2626,Sandolândia (TO),3723,C,2.363575200011701e-5,0.9853326567831857
5211602,2624,Ivolândia (GO),2693,C,2.36177506657681e-5,0.9853562745338514
3539608,2623,Planalto (SP),4389,C,2.3608749998593647e-5,0.9853798832838501
2503407,2621,Cacimba de Areia (PB),3291,C,2.3590748664244737e-5,0.9854034740325143
4319125,2619,São Martinho da Serra (RS),2860,C,2.357274732989583e-5,0.9854270467798442
5003900,2618,Figueirão (MS),3539,C,2.3563746662721375e-5,0.9854506105265068
4322525,2616,Vale Verde (RS),3150,C,2.3545745328372465e-5,0.9854741562718352
4312153,2614,Mato Leitão (RS),4859,C,2.3527743994023558e-5,0.9854976840158293
1600253,2611,Itaubal (AP),5599,C,2.3500741992500192e-5,0.9855211847578218
3145802,2611,Onça de Pitangui (MG),2969,C,2.3500741992500192e-5,0.9855446854998143
4208609,2611,Jaborá (SC),4310,C,2.3500741992500192e-5,0.9855681862418069
5206602,2608,Cumari (GO),2927,C,2.347373999097683e-5,0.9855916599817979
3100401,2606,Acaiaca (MG),3909,C,2.3455738656627924e-5,0.9856151157204545
4215901,2606,São Bonifácio (SC),2946,C,2.3455738656627924e-5,0.985638571459111
3516853,2605,Gavião Peixoto (SP),4702,C,2.344673798945347e-5,0.9856620181971005
5103957,2603,Glória D'Oeste (MT),2905,C,2.3428736655104558e-5,0.9856854469337556
3507308,2601,Boracéia (SP),4715,C,2.341073532075565e-5,0.9857088576690763
4103958,2598,Campina do Simão (PR),3936,C,2.338373331923229e-5,0.9857322414023956
4312377,2597,Monte Alegre dos Campos (RS),3180,C,2.3374732652057834e-5,0.9857556161350476
5219712,2595,Santo Antônio da Barra (GO),4267,C,2.3356731317708924e-5,0.9857789728663653
1710904,2587,Itapiratins (TO),3577,C,2.328472598031329e-5,0.9858022575923456
5214903,2587,Nova Roma (GO),3076,C,2.328472598031329e-5,0.985825542318326
2504207,2586,Catingueira (PB),4491,C,2.3275725313138838e-5,0.9858488180436391
4219176,2581,Vargem Bonita (SC),4576,C,2.3230721977266565e-5,0.9858720487656164
4107124,2580,Diamante do Sul (PR),3171,C,2.322172131009211e-5,0.9858952704869265
3163201,2579,São José do Alegre (MG),4133,C,2.3212720642917655e-5,0.9859184832075694
4128658,2579,Virmond (PR),3811,C,2.3212720642917655e-5,0.9859416959282122
2201176,2576,Barra D'Alcântara (PI),3995,C,2.3185718641394293e-5,0.9859648816468536
3110202,2575,Cajuri (MG),4088,C,2.3176717974219838e-5,0.9859880583648278
3528205,2575,Macedônia (SP),3963,C,2.3176717974219838e-5,0.9860112350828021
3132800,2574,Itambé do Mato Dentro (MG),2142,C,2.3167717307045386e-5,0.9860344028001091
1506401,2573,Santa Cruz do Arari (PA),7445,C,2.315871663987093e-5,0.986057561516749
2112274,2569,Tufilândia (MA),5507,C,2.3122713971173114e-5,0.9860806842307202
5209804,2569,Hidrolina (GO),3545,C,2.3122713971173114e-5,0.9861038069446914
2501351,2568,Assunção (PB),4152,C,2.311371330399866e-5,0.9861269206579953
4304101,2564,Campos Borges (RS),3613,C,2.307771063530084e-5,0.9861499983686306
3170479,2563,Uruana de Minas (MG),3282,C,2.3068709968126386e-5,0.9861730670785988
4104055,2562,Campo Bonito (PR),4027,C,2.3059709300951935e-05,0.9861961267878997
5107297,2561,São José do Povo (MT),2875,C,2.305070863377748e-5,0.9862191774965334
5108105,2560,Tesouro (MT),3025,C,2.3041707966603024e-5,0.9862422192045001
2801108,2559,Canhoba (SE),3791,C,2.303270729942857e-5,0.9862652519117995
2210953,2555,Tamboril do Piauí (PI),2949,C,2.2996704630730752e-5,0.9862882486164302
5215256,2552,Novo Planalto (GO),3716,C,2.296970262920739e-5,0.9863112183190593
2411908,2550,São Francisco do Oeste (RN),4161,C,2.2951701294858483e-5,0.9863341700203542
3508207,2550,Buritizal (SP),4356,C,2.2951701294858483e-5,0.986357121721649
2211605,2548,Vila Nova do Piauí (PI),2935,C,2.2933699960509573e-5,0.9863800554216096
4106555,2547,Corumbataí do Sul (PR),3760,C,2.2924699293335118e-5,0.9864029801209029
4300570,2547,Alto Feliz (RS),3072,C,2.2924699293335118e-5,0.9864259048201962
4215406,2546,Salto Veloso (SC),4390,C,2.2915698626160666e-5,0.9864488205188223
2410801,2545,Riacho de Santana (RN),4127,C,2.290669795898621e-5,0.9864717272167813
3144672,2545,Nova Belém (MG),3151,C,2.290669795898621e-5,0.9864946339147403
4216354,2545,São João do Itaperiú (SC),4463,C,2.290669795898621e-5,0.9865175406126994
3533700,2544,Ocauçu (SP),4331,C,2.2897697291811755e-5,0.9865404383099912
5215652,2543,Palestina de Goiás (GO),3132,C,2.28886966246373e-5,0.9865633270066158
2209807,2542,São Gonçalo do Piauí (PI),4837,C,2.287969595746285e-5,0.9865862067025732
4306353,2541,Dezesseis de Novembro (RS),2507,C,2.2870695290288393e-5,0.9866090773978635
2206951,2540,Novo Santo Antônio (PI),2827,C,2.2861694623113938e-5,0.9866319390924866
3150109,2540,Piau (MG),2796,C,2.2861694623113938e-5,0.9866548007871097
2211506,2539,Vera Mendes (PI),3185,C,2.2852693955939483e-5,0.9866776534810656
3534005,2539,Onda Verde (SP),4771,C,2.2852693955939483e-5,0.9867005061750216
3131406,2538,Ipiaçu (MG),3775,C,2.2843693288765028e-5,0.9867233498683103
2508554,2534,Logradouro (PB),4797,C,2.280769062006721e-5,0.9867461575589304
4206801,2534,Ibicaré (SC),3269,C,2.280769062006721e-5,0.9867689652495504
5200902,2532,Amorinópolis (GO),3007,C,2.2789689285718304e-5,0.9867917549388361
2512762,2531,Riachão do Poço (PB),4738,C,2.278068861854385e-5,0.9868145356274546
4122172,2530,Rio Branco do Ivaí (PR),3808,C,2.2771687951369394e-5,0.986837307315406
3119708,2529,Coronel Xavier Chaves (MG),3486,C,2.2762687284194942e-5,0.9868600700026902
4210209,2529,Major Gercino (SC),3214,C,2.2762687284194942e-5,0.9868828326899743
3112059,2528,Cantagalo (MG),3974,C,2.2753686617020487e-5,0.9869055863765913
3168051,2524,Taparuba (MG),3387,C,2.271768394832267e-5,0.9869283040605397
1100262,2522,Rio Crespo (RO),3471,C,2.269968261397376e-5,0.9869510037431536
5221452,2522,Trombas (GO),3120,C,2.269968261397376e-5,0.9869737034257675
4310306,2519,Ilópolis (RS),4157,C,2.2672680612450397e-5,0.9869963761063799
3528908,2515,Mariápolis (SP),3513,C,2.263667794375258e-5,0.9870190127843237
3525607,2512,João Ramalho (SP),4371,C,2.2609675942229218e-5,0.9870416224602659
4113429,2512,Lidianópolis (PR),3938,C,2.2609675942229218e-5,0.9870642321362082
3150539,2511,Pingo-d'Água (MG),4706,C,2.2600675275054763e-5,0.9870868328114832
5220702,2508,Sítio d'Abadia (GO),2927,C,2.25736732735314e-5,0.9871094064847568
2411106,2506,Ruy Barbosa (RN),3206,C,2.255567193918249e-5,0.987131962156696
4107538,2501,Entre Rios do Oeste (PR),4575,C,2.251066860331022e-5,0.9871544728252992
5222203,2500,Vila Boa (GO),4215,C,2.2501667936135766e-5,0.9871769744932354
3502408,2499,Anhumas (SP),4023,C,2.249266726896131e-5,0.9871994671605043
2205458,2498,Joca Marques (PI),5394,C,2.2483666601786856e-5,0.9872219508271061
5219456,2495,Santa Rita do Novo Destino (GO),2689,C,2.2456664600263494e-5,0.9872444074917063
4319703,2493,São Valentim (RS),3264,C,2.2438663265914587e-5,0.9872668461549722
5107404,2490,São Pedro da Cipa (MT),4191,C,2.2411661264391222e-5,0.9872892578162366
4305405,2488,Chiapetta (RS),3913,C,2.2393659930042315e-5,0.9873116514761666
4321493,2486,Toropi (RS),2554,C,2.2375658595693405e-5,0.9873340271347623
5106851,2484,Porto Estrela (MT),3224,C,2.2357657261344498e-5,0.9873563847920236
4219606,2476,Xavantina (SC),3653,C,2.2285651923948863e-5,0.9873786704439476
2211704,2473,Wall Ferraz (PI),4059,C,2.22586499224255e-5,0.98740092909387
3161650,2473,São Geraldo do Baixio (MG),3143,C,2.22586499224255e-5,0.9874231877437925
5218706,2471,Rianápolis (GO),3980,C,2.224064858807659e-5,0.9874454283923805
4116307,2470,Munhoz de Melo (PR),3951,C,2.2231647920902136e-5,0.9874676600403014
3505005,2467,Barão de Antonina (SP),3531,C,2.2204645919378774e-5,0.9874898646862208
3509957,2467,Canas (SP),4931,C,2.2204645919378774e-5,0.9875120693321402
3160108,2464,Santo Antônio do Grama (MG),4229,C,2.2177643917855412e-5,0.9875342469760581
4120150,2462,Porto Barreiro (PR),3110,C,2.21596425835065e-5,0.9875564066186415
4212270,2462,Passos Maia (SC),4034,C,2.21596425835065e-5,0.987578566261225
3140100,2458,Marilac (MG),4224,C,2.2123639914808684e-5,0.9876006899011398
5204607,2457,Campestre de Goiás (GO),3755,C,2.211463924763423e-5,0.9876228045403874
2514602,2453,São José do Bonfim (PB),3242,C,2.2078636578936412e-5,0.9876448831769663
5219605,2453,Santa Tereza de Goiás (GO),3293,C,2.2078636578936412e-5,0.9876669618135452
3149200,2452,Pedrinópolis (MG),3344,C,2.206963591176196e-5,0.987689031449457
3148806,2450,Pedra do Anta (MG),3311,C,2.205163457741305e-5,0.9877110830840343
2408409,2448,Olho d'Água do Borges (RN),3905,C,2.2033633243064143e-5,0.9877331167172774
3141900,2448,Minduri (MG),3741,C,2.2033633243064143e-5,0.9877551503505204
3540259,2448,Pontalinda (SP),4127,C,2.2033633243064143e-5,0.9877771839837635
3140407,2446,Marmelópolis (MG),3200,C,2.2015631908715233e-5,0.9877991996156722
2111672,2444,São Roberto (MA),4544,C,2.1997630574366326e-5,0.9878211972462466
3159704,2443,Santa Rosa da Serra (MG),3382,C,2.198862990719187e-5,0.9878431858761538
2201572,2439,Belém do Piauí (PI),3423,C,2.1952627238494054e-5,0.9878651385033923
2205250,2437,Jardim do Mulato (PI),4180,C,2.1934625904145143e-5,0.9878870731292965
4103156,2437,Bom Jesus do Sul (PR),3980,C,2.1934625904145143e-5,0.9879090077552006
2511004,2436,Pedra Branca (PB),3739,C,2.192562523697069e-5,0.9879309333804376
3154705,2433,Ribeirão Vermelho (MG),4080,C,2.1898623235447326e-5,0.987952832003673
2407609,2432,Messias Targino (RN),4274,C,2.1889622568272874e-5,0.9879747216262413
3129905,2432,Ibitiúra de Minas (MG),3365,C,2.1889622568272874e-5,0.9879966112488097
3143708,2429,Morro do Pilar (MG),3133,C,2.186262056674951e-5,0.9880184738693765
1702158,2428,Araguanã (TO),4310,C,2.1853619899575057e-5,0.9880403274892761
5108303,2427,União do Sul (MT),3838,C,2.1844619232400602e-5,0.9880621721085084
3538303,2426,Piquerobi (SP),3264,C,2.1835618565226147e-5,0.9880840077270737
1712009,2425,Lajeado (TO),3357,C,2.1826617898051692e-5,0.9881058343449718
2907400,2425,Catolândia (BA),3434,C,2.1826617898051692e-5,0.9881276609628699
4120408,2424,Presidente Castelo Branco (PR),4336,C,2.181761723087724e-5,0.9881494785801007
1715101,2421,Novo Acordo (TO),3969,C,2.1790615229353875e-5,0.98817126919533
2210102,2420,São José do Peixe (PI),3297,C,2.1781614562179423e-5,0.9881930508098923
1200435,2419,Santa Rosa do Purus (AC),6723,C,2.1772613895004968e-5,0.9882148234237873
3160603,2419,Santo Hipólito (MG),2717,C,2.1772613895004968e-5,0.9882365960376823
3533254,2419,Novais (SP),4412,C,2.1772613895004968e-5,0.9882583686515773
4201604,2417,Arroio Trinta (SC),3556,C,2.1754612560656057e-5,0.988280123264138
4211892,2415,Painel (SC),2215,C,2.173661122630715e-5,0.9883018598753643
4314779,2415,Pontão (RS),3296,C,2.173661122630715e-5,0.9883235964865906
2204550,2414,Guaribas (PI),4276,C,2.1727610559132695e-5,0.9883453240971498
2207959,2414,Nova Santa Rita (PI),4076,C,2.1727610559132695e-5,0.988367051707709
3541109,2414,Presidente Alves (SP),3804,C,2.1727610559132695e-5,0.9883887793182682
3161056,2413,São Félix de Minas (MG),3200,C,2.171860989195824e-5,0.9884104979281602
3533205,2409,Nova Independência (SP),4609,C,2.1682607223260423e-5,0.9884321805353834
4311791,2408,Maratá (RS),2470,C,2.167360655608597e-5,0.9884538541419395
3546108,2406,Santa Clara d'Oeste (SP),2598,C,2.165560522173706e-5,0.9884755097471613
4305116,2406,Centenário (RS),2721,C,2.165560522173706e-5,0.988497165352383
2205359,2404,João Costa (PI),2970,C,2.1637603887388154e-5,0.9885188029562704
4215356,2404,Saltinho (SC),3632,C,2.1637603887388154e-5,0.9885404405601578
3156403,2401,Romaria (MG),3386,C,2.161060188586479e-5,0.9885620511620437
3125507,2400,São Gonçalo do Rio Preto (MG),3032,C,2.1601601218690337e-5,0.9885836527632623
2706208,2399,Palestina (AL),4325,C,2.1592600551515882e-5,0.9886052453638139
4125456,2399,São José das Palmeiras (PR),3957,C,2.1592600551515882e-5,0.9886268379643655
4315552,2399,Rio dos Índios (RS),2835,C,2.1592600551515882e-5,0.988648430564917
5218102,2398,Portelândia (GO),3280,C,2.1583599884341427e-5,0.9886700141648014
4113403,2396,Leópolis (PR),3752,C,2.156559854999252e-5,0.9886915797633514
1702703,2393,Aurora do Tocantins (TO),3342,C,2.1538596548469154e-5,0.9887131183599
5107578,2393,Rondolândia (MT),3505,C,2.1538596548469154e-5,0.9887346569564485
2401503,2391,Barcelona (RN),3986,C,2.1520595214120247e-5,0.9887561775516626
2702702,2389,Feliz Deserto (AL),3963,C,2.1502593879771337e-5,0.9887776801455423
3127354,2389,Glaucilândia (MG),2928,C,2.1502593879771337e-5,0.9887991827394221
3160207,2389,Santo Antônio do Itambé (MG),3915,C,2.1502593879771337e-5,0.9888206853333019
2703908,2386,Jundiá (AL),4092,C,2.1475591878247975e-5,0.9888421609251802
4304671,2385,Capivari do Sul (RS),3991,C,2.146659121107352e-5,0.9888636275163912
1703867,2383,Cariri do Tocantins (TO),4007,C,2.1448589876724613e-5,0.988885076106268
4119707,2383,Planaltina do Paraná (PR),4070,C,2.1448589876724613e-5,0.9889065246961447
4120655,2379,Quarto Centenário (PR),4201,C,2.1412587208026796e-5,0.9889279372833527
3508306,2378,Cabrália Paulista (SP),4299,C,2.140358654085234e-5,0.9889493408698936
5203575,2378,Bonópolis (GO),3299,C,2.140358654085234e-5,0.9889707444564345
2207793,2376,Pau D'Arco do Piauí (PI),3880,C,2.138558520650343e-5,0.988992130041641
4123824,2376,Santa Lúcia (PR),3644,C,2.138558520650343e-5,0.9890135156268475
3106101,2375,Belmiro Braga (MG),3244,C,2.137658453932898e-5,0.9890348922113869
3121506,2374,Desterro do Melo (MG),2994,C,2.1367583872154524e-5,0.989056259795259
4216057,2371,São Cristóvão do Sul (SC),6084,C,2.134058187063116e-5,0.9890776003771297
2209351,2370,Santana do Piauí (PI),4125,C,2.1331581203456706e-5,0.9890989319583331
4210902,2369,Modelo (SC),4080,C,2.132258053628225e-5,0.9891202545388694
4315149,2363,Presidente Lucena (RS),3077,C,2.1268576533235527e-5,0.9891415231154027
5103361,2363,Conquista D'Oeste (MT),3760,C,2.1268576533235527e-5,0.989162791691936
1718550,2362,Riachinho (TO),3960,C,2.1259575866061072e-5,0.9891840512678021
3115003,2362,Cascalho Rico (MG),2712,C,2.1259575866061072e-5,0.9892053108436681
2412401,2359,São José do Seridó (RN),4558,C,2.123257386453771e-5,0.9892265434175327
3109253,2356,Bugre (MG),4041,C,2.1205571863014344e-5,0.9892477489893957
2202737,2354,Coivaras (PI),4117,C,2.1187570528665438e-5,0.9892689365599244
3116902,2354,Comendador Gomes (MG),2773,C,2.1187570528665438e-5,0.9892901241304531
3166501,2351,Serra Azul de Minas (MG),3792,C,2.1160568527142076e-5,0.9893112846989803
3551207,2351,Sarutaiá (SP),3704,C,2.1160568527142076e-5,0.9893324452675075
4321469,2350,Tio Hugo (RS),3267,C,2.115156785996762e-5,0.9893535968353675
3125200,2348,Fama (MG),2578,C,2.113356652561871e-5,0.9893747304018932
3158607,2348,Santana do Deserto (MG),3747,C,2.113356652561871e-5,0.9893958639684188
4219853,2347,Zortéa (SC),3930,C,2.112456585844426e-5,0.9894169885342773
4307450,2347,Esperança do Sul (RS),3226,C,2.112456585844426e-5,0.9894381131001357
4310850,2347,Jaboticaba (RS),3779,C,2.112456585844426e-5,0.9894592376659942
4117214,2346,Nova Santa Bárbara (PR),4184,C,2.1115565191269803e-5,0.9894803532311854
3114709,2345,Carvalhópolis (MG),3341,C,2.1106564524095348e-5,0.9895014597957096
2402907,2344,Coronel João Pessoa (RN),4237,C,2.1097563856920893e-5,0.9895225573595665
2806503,2342,Santa Rosa de Lima (SE),3937,C,2.1079562522571986e-5,0.9895436369220891
1700301,2340,Aguiarnópolis (TO),4497,C,2.1061561188223076e-5,0.9895646984832773
4313003,2340,Nova Bréscia (RS),3044,C,2.1061561188223076e-5,0.9895857600444655
4114351,2337,Manfrinópolis (PR),2770,C,2.1034559186699714e-5,0.9896067946036522
4205159,2336,Doutor Pedrinho (SC),3637,C,2.102555851952526e-5,0.9896278201621718
4307815,2336,Estrela Velha (RS),3070,C,2.102555851952526e-5,0.9896488457206913
4102208,2335,Atalaia (PR),3980,C,2.1016557852350807e-5,0.9896698622785437
4128625,2335,Alto Paraíso (PR),3055,C,2.1016557852350807e-5,0.9896908788363961
4126652,2333,Sulina (PR),3440,C,2.0998556518001897e-5,0.9897118773929141
3516804,2332,Gastão Vidigal (SP),3252,C,2.098955585082744e-5,0.98973286694876494
1714302,2327,Nazaré (TO),4521,C,2.0944552514955172e-5,0.98975381150128
4314308,2327,Pejuçara (RS),3745,C,2.0944552514955172e-5,0.989774756053795
1705607,2324,Conceição do Tocantins (TO),3887,C,2.0917550513431807e-5,0.9897956736043084
4313359,2323,Nova Roma do Sul (RS),3466,C,2.0908549846257355e-5,0.9898165821541547
2207355,2322,Pajeú do Piauí (PI),3000,C,2.08995491790829e-5,0.9898374817033337
4108551,2320,Godoy Moreira (PR),2977,C,2.088154784473399e-5,0.9898583632511785
4313011,2320,Nova Candelária (RS),3061,C,2.088154784473399e-5,0.9898792447990232
5108857,2317,Nova Marilândia (MT),3529,C,2.0854545843210628e-5,0.9899000993448664
4309159,2310,Gramado Xavier (RS),3304,C,2.079154117298945e-5,0.9899208908860394
3137908,2306,Lamim (MG),3184,C,2.075553850429163e-5,0.9899416464245437
3160801,2304,São Bento Abade (MG),4713,C,2.073753716994272e-5,0.9899623839617137
3540101,2303,Pongaí (SP),3395,C,2.072853650276827e-5,0.9899831124982165
5210158,2297,Ipiranga de Goiás (GO),2919,C,2.0674532499721542e-5,0.9900037870307162
3161601,2295,São Geraldo da Piedade (MG),3305,C,2.065653116537263e-5,0.9900244435618816
4312757,2294,Nova Alvorada (RS),3163,C,2.064753049819818e-5,0.9900450910923798
2607406,2292,Itacuruba (PE),4284,C,2.062952916384927e-5,0.9900657206215436
3525805,2292,Júlio Mesquita (SP),4254,C,2.062952916384927e-5,0.9900863501507075
4301875,2291,Barra do Quaraí (RS),4241,C,2.0620528496674814e-5,0.9901069706792042
4217105,2290,São Martinho (SC),3405,C,2.0611527829500363e-5,0.9901275822070337
2207751,2287,Passagem Franca do Piauí (PI),4135,C,2.0584525827976997e-5,0.9901481667328617
3126406,2287,Fortuna de Minas (MG),3093,C,2.0584525827976997e-5,0.9901687512586896
3164431,2286,São Sebastião da Vargem Alegre (MG),3113,C,2.0575525160802545e-5,0.9901893267838504
4306379,2285,Dilermando de Aguiar (RS),2806,C,2.056652449362809e-5,0.9902098933083441
1703073,2283,Barra do Ouro (TO),4476,C,2.054852315927918e-5,0.9902304418315033
2411700,2283,São Bento do Trairí (RN),3792,C,2.054852315927918e-5,0.9902509903546626
3552551,2283,Suzanápolis (SP),3408,C,2.054852315927918e-5,0.9902715388778218
5206305,2281,Cristianópolis (GO),3504,C,2.0530521824930273e-5,0.9902920693996468
2406908,2277,Lucrécia (RN),3490,C,2.0494519156232456e-5,0.990312563918803
3500600,2277,Águas de São Pedro (SP),2780,C,2.0494519156232456e-5,0.9903330584379592
2109239,2274,Presidente Médici (MA),4696,C,2.0467517154709094e-5,0.9903535259551138
2514701,2272,São José do Sabugi (PB),4138,C,2.0449515820360184e-5,0.9903739754709342
5212600,2272,Mairipotaba (GO),2561,C,2.0449515820360184e-5,0.9903944249867546
4308656,2268,Garruchos (RS),2688,C,2.0413513151662366e-5,0.9904148384999062
3126950,2266,Frei Lagonegro (MG),3391,C,2.039551181731346e-5,0.9904352340117235
3510906,2266,Cássia dos Coqueiros (SP),2799,C,2.039551181731346e-5,0.9904556295235408
3535903,2266,Paranapuã (SP),4031,C,2.039551181731346e-5,0.9904760250353581
4218350,2265,Treviso (SC),3782,C,2.0386511150139004e-5,0.9904964115465082
3551306,2263,Sebastianópolis do Sul (SP),3130,C,2.0368509815790094e-5,0.990516780056324
1600055,2262,Serra do Navio (AP),4673,C,2.0359509148615642e-5,0.9905371395654726
4311734,2262,Mampituba (RS),3131,C,2.0359509148615642e-5,0.9905574990746212
1720309,2261,São Sebastião do Tocantins (TO),4100,C,2.0350508481441187e-5,0.9905778495831027
4115739,2258,Mato Rico (PR),3267,C,2.0323506479917825e-5,0.9905981730895826
2705903,2256,Olho d'Água Grande (AL),4330,C,2.0305505145568915e-5,0.9906184785947282
3144375,2256,Natalândia (MG),3520,C,2.0305505145568915e-5,0.9906387840998737
3162302,2252,São João da Mata (MG),2914,C,2.0269502476871098e-5,0.9906590536023506
4102752,2250,Bela Vista da Caroba (PR),4031,C,2.025150114252219e-5,0.9906793051034931
3109600,2249,Cachoeira da Prata (MG),3693,C,2.0242500475347736e-5,0.9906995476039685
4305603,2246,Colorado (RS),3258,C,2.0215498473824374e-5,0.9907197631024424
2406155,2245,Jundiá (RN),3739,C,2.020649780664992e-5,0.990739969600249
4120333,2241,Prado Ferreira (PR),3709,C,2.01704951379521e-5,0.9907601400953869
4310652,2240,Itati (RS),2638,C,2.0161494470777646e-5,0.9907803015898577
5218052,2240,Porteirão (GO),4070,C,2.0161494470777646e-5,0.9908004630843286
5108352,2237,Vale de São Domingos (MT),2904,C,2.0134492469254284e-5,0.9908205975767979
4321634,2236,Três Arroios (RS),2591,C,2.012549180207983e-5,0.9908407230685999
4323309,2235,Vila Flores (RS),3646,C,2.0116491134905374e-5,0.9908608395597348
3125002,2234,Ewbank da Câmara (MG),3875,C,2.0107490467730922e-5,0.9908809470502026
2210623,2231,Sebastião Barros (PI),3202,C,2.0080488466207557e-5,0.9909010275386688
3119005,2227,Cordislândia (MG),3200,C,2.004448579750974e-5,0.9909210720244663
3101300,2226,Alagoa (MG),2749,C,2.0035485130335288e-5,0.9909411075095966
4212056,2222,Palmeira (SC),2561,C,1.999948246163747e-5,0.9909611069920583
2202075,2217,Cajazeiras do Piauí (PI),3108,C,1.9954479125765198e-5,0.990981061471184
5205059,2217,Castelândia (GO),2985,C,1.9954479125765198e-5,0.9910010159503098
4120101,2216,Porto Amazonas (PR),4098,C,1.9945478458590743e-5,0.9910209614287684
3548302,2215,Santo Expedito (SP),3000,C,1.9936477791416288e-5,0.9910408979065598
5205703,2215,Córrego do Ouro (GO),2454,C,1.9936477791416288e-5,0.9910608343843512
2204154,2213,Francisco Macedo (PI),2929,C,1.991847645706738e-5,0.9910807528608083
2209757,2213,São Gonçalo do Gurguéia (PI),2947,C,1.991847645706738e-5,0.9911006713372654
3163003,2213,São José da Safira (MG),3806,C,1.991847645706738e-5,0.9911205898137225
3515194,2213,Espírito Santo do Turvo (SP),4157,C,1.991847645706738e-5,0.9911405082901796
2409506,2210,Pedra Grande (RN),3618,C,1.9891474455544016e-5,0.9911603997646352
2512036,2207,Poço Dantas (PB),3830,C,1.9864472454020654e-5,0.9911802642370893
3503505,2207,Areias (SP),3577,C,1.9864472454020654e-5,0.9912001287095433
4200051,2206,Abdon Batista (SC),2598,C,1.98554717868462e-5,0.9912199841813302
3532058,2205,Motuca (SP),4034,C,1.9846471119671747e-5,0.9912398306524498
3103603,2204,Arantina (MG),2915,C,1.983747045249729e-5,0.9912596681229023
2408607,2202,Paraná (RN),3934,C,1.981946911814838e-5,0.9912794875920204
1101476,2198,Primavera de Rondônia (RO),3076,C,1.9783466449450564e-5,0.9912992710584699
2802007,2198,Divina Pastora (SE),4340,C,1.9783466449450564e-5,0.9913190545249194
3542800,2196,Ribeira (SP),3132,C,1.9765465115101657e-5,0.9913388199900345
5106455,2196,Planalto da Serra (MT),3166,C,1.9765465115101657e-5,0.9913585854551495
3122801,2191,Dom Viçoso (MG),3095,C,1.9720461779229385e-5,0.9913783059169288
2209609,2190,São Félix do Piauí (PI),2842,C,1.971146111205493e-5,0.9913980173780408
3110806,2190,Campanário (MG),2923,C,1.971146111205493e-5,0.9914177288391528
2202251,2189,Canavieira (PI),3414,C,1.9702460444880478e-5,0.9914374312995977
4321832,2189,Três Forquilhas (RS),2760,C,1.9702460444880478e-5,0.9914571337600426
5221577,2187,Uirapuru (GO),2798,C,1.9684459110531568e-5,0.9914768182191531
3125309,2186,Faria Lemos (MG),3188,C,1.9675458443357113e-5,0.9914964936775965
3166105,2183,Senhora do Porto (MG),3067,C,1.964845644183375e-5,0.9915161421340384
5212006,2182,Jaupaci (GO),2924,C,1.9639455774659295e-5,0.991535781589813
3150000,2181,Pescador (MG),3570,C,1.9630455107484844e-5,0.9915554120449205
3522158,2181,Itaoca (SP),3422,C,1.9630455107484844e-5,0.9915750425000279
3135001,2180,Jaguaraçu (MG),3092,C,1.962145444031039e-5,0.9915946639544683
2408706,2179,Paraú (RN),3579,C,1.9612453773135933e-5,0.9916142764082414
5213855,2177,Morro Agudo de Goiás (GO),2456,C,1.9594452438787026e-5,0.9916338708606802
4322327,2176,Turuçu (RS),3419,C,1.958545177161257e-5,0.9916534563124518
1703305,2175,Bom Jesus do Tocantins (TO),4038,C,1.9576451104438116e-5,0.9916730327635562
2411809,2174,São Fernando (RN),3492,C,1.956745043726366e-5,0.9916926002139935
4310900,2174,Jacutinga (RS),3338,C,1.956745043726366e-5,0.9917121676644308
4123105,2173,Santa Amélia (PR),3394,C,1.955844977008921e-5,0.9917317261142009
4306452,2170,Dois Lajeados (RS),3097,C,1.9531447768565844e-5,0.9917512575619695
4103024,2168,Boa Esperança do Iguaçu (PR),2455,C,1.9513446434216937e-5,0.9917707710084037
2506202,2166,Frei Martinho (PB),2846,C,1.9495445099868027e-5,0.9917902664535035
4204152,2166,Celso Ramos (SC),2805,C,1.9495445099868027e-5,0.9918097618986034
4215059,2162,Rio Rufino (SC),2397,C,1.945944243117021e-5,0.9918292213410346
4121307,2161,Rancho Alegre (PR),3512,C,1.9450441763995758e-5,0.9918486717827986
3127370,2153,Goiabeira (MG),2830,C,1.9378436426600123e-5,0.9918680502192252
1720978,2151,Talismã (TO),2456,C,1.9360435092251213e-5,0.9918874106543174
3149507,2150,Pequeri (MG),3351,C,1.9351434425076758e-5,0.9919067620887425
5107792,2150,Santo Antônio do Leste (MT),4099,C,1.9351434425076758e-5,0.9919261135231676
3163607,2147,São José do Mantimento (MG),2753,C,1.9324432423553396e-5,0.9919454379555912
4101655,2145,Arapuã (PR),3527,C,1.930643108920449e-5,0.9919647443866804
1720259,2144,São Salvador do Tocantins (TO),2385,C,1.9297430422030034e-5,0.9919840418171024
2506509,2144,Gurjão (PB),3242,C,1.9297430422030034e-5,0.9920033392475245
4103370,2143,Brasilândia do Sul (PR),3708,C,1.928842975485558e-5,0.9920226276772793
4122107,2143,Rio Bom (PR),3197,C,1.928842975485558e-5,0.9920419161070342
4308052,2143,Faxinalzinho (RS),2520,C,1.928842975485558e-5,0.992061204536789
5213053,2141,Mimoso de Goiás (GO),2614,C,1.927042842050667e-5,0.9920804749652096
2403905,2139,Francisco Dantas (RN),2700,C,1.925242708615776e-5,0.9920997273922957
4318440,2137,São Jorge (RS),2912,C,1.923442575180885e-5,0.9921189618180475
4123956,2132,Santa Mônica (PR),3356,C,1.9189422415936582e-5,0.9921381512404635
2505808,2128,Duas Estradas (PB),3327,C,1.9153419747238765e-5,0.9921573046602107
5203962,2123,Buritinópolis (GO),3145,C,1.9108416411366493e-5,0.9921764130766221
4302253,2121,Boa Vista do Sul (RS),2779,C,1.9090415077017582e-5,0.992195503491699
4112900,2120,Jundiaí do Sul (PR),3333,C,1.908141440984313e-5,0.9922145849061089
3548401,2119,Santópolis do Aguapeí (SP),3899,C,1.9072413742668676e-5,0.9922336573198516
3104403,2116,Argirita (MG),2688,C,1.9045411741145314e-5,0.9922527027315927
4312138,2113,Mato Castelhano (RS),2553,C,1.9018409739621948e-5,0.9922717211413323
5106174,2112,Nova Nazaré (MT),4200,C,1.9009409072447496e-5,0.9922907305504047
3528858,2111,Marapoama (SP),3292,C,1.900040840527304e-5,0.99230973095881
3510104,2110,Cândido Rodrigues (SP),2889,C,1.8991407738098586e-5,0.9923287223665481
5214879,2109,Nova Iguaçu de Goiás (GO),3010,C,1.898240707092413e-5,0.992347704773619
4202859,2107,Braço do Trombudo (SC),4026,C,1.8964405736575224e-5,0.9923666691793556
5219506,2106,Santa Rosa de Goiás (GO),2820,C,1.895540506940077e-5,0.9923856245844249
4215687,2105,Santa Terezinha do Progresso (SC),2576,C,1.8946404402226314e-5,0.9924045709888272
4307831,2105,Eugênio de Castro (RS),2633,C,1.8946404402226314e-5,0.9924235173932294
4120309,2104,Porto Vitória (PR),3562,C,1.8937403735051862e-5,0.9924424547969645
5207501,2102,Estrela do Norte (GO),3205,C,1.891940240070295e-5,0.9924613741993652
3116209,2092,Chiador (MG),2800,C,1.882939572895841e-5,0.9924802035950941
4306700,2087,Dona Francisca (RS),3079,C,1.8784392393086138e-5,0.9924989879874873
4117297,2085,Novo Itacolomi (PR),3125,C,1.8766391058737228e-5,0.992517754378546
2204600,2083,Hugo Napoleão (PI),3518,C,1.874838972438832e-5,0.9925365027682703
3150208,2083,Piedade de Ponte Nova (MG),3976,C,1.874838972438832e-5,0.9925552511579947
5206800,2082,Damolândia (GO),2724,C,1.8739389057213866e-5,0.9925739905470519
3107000,2081,Biquinhas (MG),2383,C,1.873038839003941e-5,0.9925927209354419
3557154,2081,Zacarias (SP),2692,C,1.873038839003941e-5,0.992611451323832
4116406,2080,Nossa Senhora das Graças (PR),3669,C,1.872138772286496e-5,0.9926301727115548
2210979,2078,Tanque do Piauí (PI),2316,C,1.870338638851605e-5,0.9926488760979434
3120706,2078,Cruzeiro da Fortaleza (MG),3521,C,1.870338638851605e-5,0.9926675794843319
4111605,2078,Ivatuba (PR),2708,C,1.870338638851605e-5,0.9926862828707205
4315958,2078,Rolador (RS),2291,C,1.870338638851605e-5,0.992704986257109
2410603,2077,Rafael Godeiro (RN),2934,C,1.8694385721341593e-5,0.9927236806428303
4106100,2075,Conselheiro Mairinck (PR),3461,C,1.8676384386992687e-5,0.9927423570272174
4125902,2073,São Pedro do Paraná (PR),2661,C,1.8658383052643776e-5,0.99276101541027
4204194,2072,Chapadão do Lageado (SC),2950,C,1.8649382385469325e-5,0.9927796647926554
5203939,2068,Buriti de Goiás (GO),2732,C,1.8613379716771507e-5,0.9927982781723722
3165560,2067,Sem-Peixe (MG),2433,C,1.8604379049597052e-5,0.9928168825514218
3533809,2066,Óleo (SP),2512,C,1.8595378382422597e-5,0.9928354779298042
3527801,2065,Lupércio (SP),3981,C,1.8586377715248142e-5,0.9928540643075194
2806909,2058,São Francisco (SE),3243,C,1.8523373045026963e-5,0.9928725876805644
3530904,2056,Mombuca (SP),3722,C,1.8505371710678052e-5,0.9928910930522751
4207577,2051,Iomerê (SC),2877,C,1.8460368374805783e-5,0.9929095534206499
4201802,2050,Atalanta (SC),3227,C,1.8451367707631328e-5,0.9929280047883575
4323200,2048,Victor Graeff (RS),2780,C,1.8433366373282418e-5,0.9929464381547308
3536901,2047,Pedranópolis (SP),2787,C,1.8424365706107966e-5,0.9929648625204369
4202081,2047,Bandeirante (SC),3144,C,1.8424365706107966e-5,0.992983286886143
2407252,2046,Major Sales (RN),3924,C,1.841536503893351e-5,0.9930017022511819
1600212,2042,Cutias (AP),4461,C,1.8379362370235694e-5,0.9930200816135522
3545506,2038,Sandovalina (SP),3645,C,1.8343359701537877e-5,0.9930384249732537
4218954,2037,Urupema (SC),2656,C,1.833435903436342e-5,0.993056759332288
3515129,2035,Emilianópolis (SP),3014,C,1.8316357700014515e-5,0.993075075689988
5107263,2034,Santo Afonso (MT),2519,C,1.830735703284006e-5,0.9930933830470208
2203859,2033,Floresta do Piauí (PI),2333,C,1.8298356365665604e-5,0.9931116814033865
3167509,2033,Simão Pereira (MG),2947,C,1.8298356365665604e-5,0.9931299797597521
4304655,2031,Capão do Cipó (RS),3119,C,1.8280355031316698e-5,0.9931482601147834
1707553,2028,Fátima (TO),3467,C,1.8253353029793332e-5,0.9931665134678132
3119609,2027,Coronel Pacheco (MG),2762,C,1.824435236261888e-5,0.9931847578201758
3515905,2026,Floreal (SP),2733,C,1.8235351695444425e-5,0.9932029931718712
4111308,2026,Itaúna do Sul (PR),3572,C,1.8235351695444425e-5,0.9932212285235666
4211256,2023,Morro Grande (SC),3010,C,1.8208349693921063e-5,0.9932394368732606
1718808,2021,Sampaio (TO),4215,C,1.8190348359572153e-5,0.9932576272216201
4219101,2019,Vargeão (SC),3634,C,1.8172347025223246e-5,0.9932757995686453
2513356,2017,Santa Inês (PB),3227,C,1.8154345690874336e-5,0.9932939539143362
4219150,2015,Vargem (SC),2627,C,1.813634435652543e-5,0.9933120902586927
2514552,2014,São José de Princesa (PB),3416,C,1.8127343689350974e-5,0.993330217602382
3140209,2014,Maripá de Minas (MG),3387,C,1.8127343689350974e-5,0.9933483449460714
4312674,2014,Nicolau Vergueiro (RS),1932,C,1.8127343689350974e-5,0.9933664722897607
2500577,2013,Algodão de Jandaíra (PB),2953,C,1.811834302217652e-5,0.9933845906327828
3125804,2012,Fernandes Tourinho (MG),2789,C,1.8109342355002063e-5,0.9934026999751379
4316972,2011,Santa Margarida do Sul (RS),2596,C,1.810034168782761e-5,0.9934208003168257
3528304,2010,Magda (SP),3165,C,1.8091341020653156e-5,0.9934388916578463
3103801,2006,Arapuá (MG),2631,C,1.805533835195534e-5,0.9934569469961982
4320321,2006,Senador Salgado Filho (RS),2673,C,1.805533835195534e-5,0.9934750023345502
4306551,2005,Dom Pedro de Alcântara (RS),2562,C,1.8046337684780884e-5,0.993493048672235
3110400,2003,Camacho (MG),2838,C,1.8028336350431977e-5,0.9935110770085854
2803807,2002,Malhada dos Bois (SE),3579,C,1.8019335683257522e-5,0.9935290963442687
4212601,2001,Peritiba (SC),2992,C,1.8010335016083067e-5,0.9935471066792847
2516151,2000,Sossêgo (PB),3345,C,1.8001334348908612e-5,0.9935651080136336
4315321,2000,Quevedos (RS),2507,C,1.8001334348908612e-5,0.9935831093479826
3147808,1999,Passa Vinte (MG),2233,C,1.799233368173416e-5,0.9936011016816643
2513943,1995,São Domingos do Cariri (PB),2585,C,1.7956331013036343e-5,0.9936190580126774
1718501,1994,Recursolândia (TO),3421,C,1.7947330345861888e-5,0.9936370053430232
5209457,1994,Guarinos (GO),2161,C,1.7947330345861888e-5,0.9936549526733691
3525409,1991,Jeriquara (SP),3863,C,1.7920328344338526e-5,0.9936728730017135
4103222,1990,Bom Sucesso do Sul (PR),3202,C,1.791132767716407e-5,0.9936907843293906
3547403,1989,Santa Rita d'Oeste (SP),2733,C,1.7902327009989615e-5,0.9937086866564007
4312385,1987,Monte Belo do Sul (RS),2557,C,1.788432567564071e-5,0.9937265709820763
4305871,1986,Coronel Barros (RS),2822,C,1.7875325008466253e-5,0.9937444463070848
3554607,1985,Timburi (SP),2464,C,1.7866324341291798e-5,0.9937623126314261
2515708,1982,Serra Grande (PB),2942,C,1.7839322339768436e-5,0.9937801519537659
3113107,1982,Caranaíba (MG),2933,C,1.7839322339768436e-5,0.9937979912761057
2407906,1980,Monte das Gameleiras (RN),2276,C,1.7821321005419526e-5,0.9938158125971112
3101409,1979,Albertina (MG),2952,C,1.781232033824507e-5,0.9938336249174494
5209291,1978,Guaraíta (GO),2188,C,1.780331967107062e-5,0.9938514282371205
4316477,1974,Salvador das Missões (RS),2877,C,1.7767317002372802e-5,0.9938691955541229
2201309,1973,Barreiras do Piauí (PI),3264,C,1.7758316335198347e-5,0.9938869538704581
4315057,1973,Porto Mauá (RS),2142,C,1.7758316335198347e-5,0.9939047121867933
3533304,1971,Nova Luzitânia (SP),2837,C,1.7740315000849436e-5,0.9939224525017942
4123204,1970,Santa Cecília do Pavão (PR),3365,C,1.7731314333674985e-5,0.9939401838161279
3516101,1959,Florínea (SP),3851,C,1.7632306994755985e-5,0.9939578161231227
5210307,1959,Israelândia (GO),2560,C,1.7632306994755985e-5,0.9939754484301175
3103207,1958,Araçaí (MG),2181,C,1.7623306327581533e-5,0.9939930717364451
2208601,1956,Prata do Piauí (PI),3042,C,1.7605304993232623e-5,0.9940106770414384
2502052,1956,Bernardino Batista (PB),3504,C,1.7605304993232623e-5,0.9940282823464317
1718881,1955,Santa Maria do Tocantins (TO),2680,C,1.7596304326058168e-5,0.9940458786507578
5202809,1955,Avelinópolis (GO),2868,C,1.7596304326058168e-5,0.9940634749550838
4308250,1954,Floriano Peixoto (RS),1668,C,1.7587303658883716e-5,0.9940810622587427
4314548,1953,Pinto Bandeira (RS),2723,C,1.757830299170926e-5,0.9940986405617345
4314555,1949,Pirapó (RS),2260,C,1.7542300323011444e-5,0.9941161828620575
4217550,1947,Serra Alta (SC),3303,C,1.7524298988662533e-5,0.9941337071610462
2510600,1945,Ouro Velho (PB),2918,C,1.7506297654313626e-5,0.9941512134587005
3130804,1945,Ingaí (MG),2580,C,1.7506297654313626e-5,0.9941687197563548
4323705,1944,Vista Gaúcha (RS),2783,C,1.749729698713917e-5,0.994186217053342
4310363,1941,Imigrante (RS),3080,C,1.747029498561581e-5,0.9942036873483276
5216007,1938,Panamá (GO),2455,C,1.7443292984092447e-5,0.9942211306413118
5216908,1935,Pilar de Goiás (GO),2328,C,1.7416290982569082e-5,0.9942385469322944
2413201,1931,Senador Georgino Avelino (RN),4065,C,1.7380288313871265e-5,0.9942559272206083
3149002,1929,Pedra Dourada (MG),2757,C,1.7362286979522358e-5,0.9942732895075879
1703057,1926,Bandeirantes do Tocantins (TO),3407,C,1.7335284977998996e-5,0.9942906247925659
4302600,1925,Braga (RS),3268,C,1.732628431082454e-5,0.9943079510768768
4304952,1922,Caseiros (RS),3000,C,1.729928230930118e-5,0.9943252503591861
3520806,1921,Inúbia Paulista (SP),3615,C,1.7290281642126723e-5,0.9943425406408282
2410009,1920,Pilões (RN),2965,C,1.7281280974952268e-5,0.9943598219218032
4321329,1919,Taquaruçu do Sul (RS),3119,C,1.7272280307777813e-5,0.994377094202111
4303558,1917,Camargo (RS),2981,C,1.7254278973428906e-5,0.9943943484810844
2200806,1914,Antônio Almeida (PI),3152,C,1.7227276971905544e-5,0.9944115757580564
5201454,1913,Aparecida do Rio Doce (GO),2907,C,1.721827630473109e-5,0.9944287940343611
1712405,1912,Lizarda (TO),2999,C,1.7209275637556634e-5,0.9944460033099987
3128501,1912,Guarará (MG),3149,C,1.7209275637556634e-5,0.9944632125856362
3547106,1912,Santa Mercedes (SP),2956,C,1.7209275637556634e-5,0.9944804218612737
2414456,1910,Triunfo Potiguar (RN),3376,C,1.7191274303207727e-5,0.9944976131355769
1713957,1909,Muricilândia (TO),3367,C,1.7182273636033272e-5,0.994514795409213
4213153,1906,Planalto Alegre (SC),2946,C,1.715527163450991e-5,0.9945319506808474
4308433,1904,Forquetinha (RS),2393,C,1.7137270300161e-5,0.9945490879511476
3541802,1903,Queiroz (SP),3265,C,1.7128269632986544e-5,0.9945662162207806
3164902,1901,São Sebastião do Rio Verde (MG),2300,C,1.7110268298637637e-5,0.9945833264890792
4101150,1899,Ângulo (PR),3235,C,1.7092266964288727e-5,0.9946004187560435
4205175,1899,Entre Rios (SC),3402,C,1.7092266964288727e-5,0.9946175110230079
3514924,1895,Elisiário (SP),3138,C,1.705626429559091e-5,0.9946345672873035
4319372,1894,São Pedro do Butiá (RS),3070,C,1.7047263628416455e-5,0.9946516145509319
2513851,1890,Santo André (PB),2622,C,1.7011260959718638e-5,0.9946686258118916
4106852,1888,Cruzmaltina (PR),2892,C,1.699325962536973e-5,0.994685619071517
4202875,1885,Brunópolis (SC),2489,C,1.696625762384637e-5,0.9947025853291408
4218855,1885,União do Oeste (SC),2774,C,1.696625762384637e-5,0.9947195515867646
4306957,1883,Entre Rios do Sul (RS),2685,C,1.694825628949746e-5,0.9947364998430541
3170602,1882,Vargem Bonita (MG),2158,C,1.6939255622323003e-5,0.9947534390986764
3554656,1880,Torre de Pedra (SP),2046,C,1.6921254287974096e-5,0.9947703603529644
4203154,1865,Calmon (SC),3443,C,1.6786244280357283e-5,0.9947871465972448
2205540,1863,Lagoinha do Piauí (PI),2939,C,1.6768242946008372e-5,0.9948039148401908
4319356,1862,São Pedro da Serra (RS),3548,C,1.6759242278833917e-5,0.9948206740824697
4316436,1860,Saldanha Marinho (RS),2575,C,1.674124094448501e-5,0.9948374153234142
3539707,1859,Platina (SP),3025,C,1.6732240277310555e-5,0.9948541475636915
5206909,1859,Davinópolis (GO),1902,C,1.6732240277310555e-5,0.9948708798039688
4305371,1857,Charrua (RS),2768,C,1.671423894296165e-5,0.9948875940429118
4102703,1854,Barra do Jacaré (PR),2814,C,1.6687236941438283e-5,0.9949042812798533
4305975,1848,Coxilha (RS),2667,C,1.663323293839156e-5,0.9949209145127917
4323770,1848,Westfália (RS),3098,C,1.663323293839156e-5,0.9949375477457302
1713700,1847,Monte Santo do Tocantins (TO),2396,C,1.6624232271217104e-5,0.9949541719780014
2505501,1843,Vista Serrana (PB),3641,C,1.6588229602519287e-5,0.9949707602076039
4116604,1841,Nova América da Colina (PR),3280,C,1.657022826817038e-5,0.9949873304358721
4318051,1841,São Domingos do Sul (RS),2754,C,1.657022826817038e-5,0.9950039006641402
1708254,1840,Tabocão (TO),3455,C,1.6561227600995925e-5,0.9950204618917412
2517100,1839,Várzea (PB),2668,C,1.655222693382147e-5,0.9950370141186751
2805000,1839,Pedra Mole (SE),2778,C,1.655222693382147e-5,0.9950535663456089
3507159,1839,Bom Sucesso de Itararé (SP),3555,C,1.655222693382147e-5,0.9950701185725428
4117404,1839,Ourizona (PR),3187,C,1.655222693382147e-5,0.9950866707994767
4320230,1838,Sede Nova (RS),2704,C,1.6543226266647014e-5,0.9951032140257433
3500907,1836,Altair (SP),3451,C,1.6525224932298107e-5,0.99511973925067565
2512747,1833,Riachão (PB),2927,C,1.6498222930774745e-5,0.9951362374736065
2513000,1829,Salgadinho (PB),3355,C,1.6462220262076928e-5,0.9951526996938685
4107553,1829,Farol (PR),3039,C,1.6462220262076928e-5,0.9951691619141306
3117207,1828,Conceição das Pedras (MG),2772,C,1.6453219594902473e-5,0.9951856151337255
4318432,1828,São João do Polêsine (RS),2649,C,1.6453219594902473e-5,0.9952020683533204
4319711,1828,São Valentim do Sul (RS),2207,C,1.6453219594902473e-5,0.9952185215729152
2516755,1825,Tenório (PB),2966,C,1.642621759337911e-5,0.9952349477905086
1715002,1824,Nova Rosalândia (TO),3362,C,1.6417216926204656e-5,0.9952513650074348
1701051,1821,Angico (TO),2876,C,1.639021492468129e-5,0.9952677552223596
2401909,1818,Caiçara do Rio do Vento (RN),3268,C,1.6363212923157928e-5,0.9952841184352827
4313086,1814,Nova Pádua (RS),2343,C,1.632721025446011e-5,0.9953004456455372
4314175,1813,Pedras Altas (RS),2061,C,1.6318209587285656e-5,0.9953167638551245
4214102,1811,Presidente Nereu (SC),2301,C,1.630020825293675e-5,0.9953330640633774
2210391,1809,São Miguel do Fidalgo (PI),2829,C,1.628220691858784e-5,0.995349346270296
2515609,1809,Serra da Raiz (PB),3094,C,1.628220691858784e-5,0.9953656284772147
4214151,1809,Princesa (SC),2964,C,1.628220691858784e-5,0.9953819106841333
2409209,1808,Passagem (RN),3115,C,1.6273206251413387e-5,0.9953981838903847
4301859,1806,Barra do Guarita (RS),3161,C,1.6255204917064477e-5,0.9954144390953018
4306320,1806,Derrubadas (RS),2751,C,1.6255204917064477e-5,0.9954306943002189
1718899,1805,Santa Rita do Tocantins (TO),2219,C,1.624620424989002e-5,0.9954469405044688
3170305,1802,Umburatiba (MG),2684,C,1.621920224836666e-5,0.9954631597067172
1719004,1801,Santa Tereza do Tocantins (TO),2781,C,1.6210201581192204e-5,0.9954793699082983
5216452,1801,Perolândia (GO),2964,C,1.6210201581192204e-5,0.9954955801098795
3532843,1799,Nova Canaã Paulista (SP),2032,C,1.6192200246843298e-5,0.9955117723101263
3124609,1795,Estrela Dalva (MG),2186,C,1.615619757814548e-5,0.9955279285077044
1700251,1794,Abreulândia (TO),2576,C,1.6147196910971025e-5,0.9955440757046154
4201653,1793,Arvoredo (SC),2510,C,1.613819624379657e-5,0.9955602139008592
4307864,1791,Fagundes Varela (RS),2566,C,1.6120194909447663e-5,0.9955763340957687
4318499,1791,São José do Inhacorá (RS),2406,C,1.6120194909447663e-5,0.9955924542906782
3536257,1788,Parisi (SP),2892,C,1.60931929079243e-5,0.9956085474835862
2411429,1783,Santana do Seridó (RN),2696,C,1.604818957205203e-5,0.9956245956731582
1717206,1782,Piraquê (TO),2282,C,1.6039188904877574e-5,0.9956406348620631
2411601,1780,São Bento do Norte (RN),3304,C,1.6021187570528667e-5,0.9956566560496336
2704906,1777,Mar Vermelho (AL),3155,C,1.59941855690053e-5,0.9956726502352026
2210383,1776,São Miguel da Baixa Grande (PI),2269,C,1.598518490183085e-5,0.9956886354201044
4302220,1776,Boa Vista do Cadeado (RS),2229,C,1.598518490183085e-5,0.9957046206050063
3100708,1775,Água Comprida (MG),2108,C,1.5976184234656394e-5,0.995720596789241
1711951,1774,Lagoa do Tocantins (TO),3516,C,1.596718356748194e-5,0.9957365639728084
2513984,1774,São Francisco (PB),3137,C,1.596718356748194e-5,0.9957525311563759
3155009,1772,Rio Doce (MG),2484,C,1.5949182233133032e-5,0.995768480338609
5212907,1772,Marzagão (GO),2758,C,1.5949182233133032e-5,0.9957844295208421
3144201,1771,Nacip Raydan (MG),2459,C,1.5940181565958577e-5,0.995800369702408
2505907,1768,Emas (PB),3011,C,1.5913179564435215e-5,0.9958162828819724
3549003,1768,São Francisco (SP),2602,C,1.5913179564435215e-5,0.9958321960615368
5207105,1766,Diorama (GO),2062,C,1.5895178230086305e-5,0.9958480912397669
4217758,1764,Sul Brasil (SC),2832,C,1.5877176895737398e-5,0.9958639684166627
3168200,1761,Tapiraí (MG),1690,C,1.5850174894214033e-5,0.9958798185915569
2414753,1760,Venha-Ver (RN),3014,C,1.584117422703958e-5,0.995895659765784
2807303,1759,Telha (SE),3274,C,1.5832173559865126e-5,0.9959114919393438
3143609,1758,Morro da Garça (MG),2411,C,1.582317289269067e-5,0.9959273151122365
4211652,1756,Novo Horizonte (SC),2643,C,1.5805171558341764e-5,0.9959431202837948
4306072,1755,Cristal do Sul (RS),2692,C,1.579617089116731e-5,0.995958916454686
1600550,1753,Pracuúba (AP),3803,C,1.5778169556818398e-5,0.9959746946242428
3130002,1753,Ibituruna (MG),2698,C,1.5778169556818398e-5,0.9959904727937996
4304697,1752,Capitão (RS),2921,C,1.5769168889643946e-5,0.9960062419626893
2200954,1744,Aroeiras do Itaim (PI),2690,C,1.569716355224831e-5,0.9960219391262415
2210375,1739,São Luis do Piauí (PI),2309,C,1.565216021637604e-5,0.9960375912864579
3503158,1735,Arapeí (SP),2330,C,1.5616157547678223e-5,0.9960532074440055
3516507,1735,Gabriel Monteiro (SP),2763,C,1.5616157547678223e-5,0.9960688236015531
4213005,1735,Pinheiro Preto (SC),3473,C,1.5616157547678223e-5,0.9960844397591008
2802502,1732,General Maynard (SE),3037,C,1.5589155546154857e-5,0.9961000289146469
2508406,1730,Lastro (PB),3162,C,1.557115421180595e-5,0.9961156000688587
5200209,1730,Água Limpa (GO),1858,C,1.557115421180595e-5,0.9961311712230705
1718402,1729,Presidente Kennedy (TO),3047,C,1.5562153544631495e-5,0.9961467333766151
4215752,1722,São Bernardino (SC),2684,C,1.5499148874410316e-5,0.9961622325254895
4314456,1721,Pinhal (RS),2959,C,1.549014820723586e-5,0.9961777226736968
3120003,1720,Córrego Novo (MG),2875,C,1.5481147540061406e-5,0.9961932038212368
5221080,1720,Teresina de Goiás (GO),2701,C,1.5481147540061406e-5,0.9962086849687768
3171501,1717,Mathias Lobato (MG),3038,C,1.5454145538538044e-5,0.9962241391143153
3145505,1716,Olímpio Noronha (MG),2555,C,1.544514487136359e-5,0.9962395842591867
3525854,1716,Jumirim (SP),3056,C,1.544514487136359e-5,0.9962550294040581
4200556,1716,Águas Frias (SC),2839,C,1.544514487136359e-5,0.9962704745489295
4301073,1715,Arroio do Padre (RS),2599,C,1.5436144204189137e-5,0.9962859106931337
4305850,1711,Coqueiros do Sul (RS),2211,C,1.540014153549132e-5,0.9963013108346691
4311429,1711,Lajeado do Bugre (RS),2601,C,1.540014153549132e-5,0.9963167109762046
5107768,1709,Santa Rita do Trivelato (MT),3276,C,1.538214020114241e-5,0.9963320931164057
4309571,1707,Herveiras (RS),2565,C,1.5364138866793502e-5,0.9963474572552725
4306973,1701,Erebango (RS),3054,C,1.5310134863746775e-5,0.9963627673901363
4317954,1699,Santo Expedito do Sul (RS),2349,C,1.5292133529397868e-5,0.9963780595236656
2400406,1696,Água Nova (RN),2946,C,1.5265131527874503e-5,0.9963933246551935
4323507,1696,Vista Alegre (RS),2660,C,1.5265131527874503e-5,0.9964085897867213
2503753,1694,Cajazeirinhas (PB),2740,C,1.5247130193525596e-5,0.9964238369169148
2517407,1694,Zabelê (PB),2228,C,1.5247130193525596e-5,0.9964390840471083
1101468,1693,Pimenteiras do Oeste (RO),2156,C,1.523812952635114e-5,0.9964543221766347
1711100,1691,Itaporã do Tocantins (TO),2404,C,1.5220128192002232e-5,0.9964695423048266
3145406,1689,Olaria (MG),1945,C,1.5202126857653323e-5,0.9964847444316843
1712801,1684,Maurilândia do Tocantins (TO),3095,C,1.5157123521781053e-5,0.9964999015552061
2403756,1684,Fernando Pedroza (RN),2938,C,1.5157123521781053e-5,0.9965150586787278
3507753,1684,Brejo Alegre (SP),2565,C,1.5157123521781053e-5,0.9965302158022495
3532157,1684,Nantes (SP),2660,C,1.5157123521781053e-5,0.9965453729257713
4210852,1681,Mirim Doce (SC),2511,C,1.5130121520257689e-5,0.9965605030472915
3527900,1679,Lutécia (SP),2661,C,1.511212018590878e-5,0.9965756151674774
5107743,1678,Santa Cruz do Xingu (MT),2661,C,1.5103119518734327e-5,0.9965907182869961
4305157,1673,Cerro Grande (RS),2379,C,1.5058116182862055e-5,0.9966057764031789
5106315,1673,Novo Santo Antônio (MT),2015,C,1.5058116182862055e-5,0.9966208345193618
4205605,1671,Galvão (SC),3210,C,1.5040114848513146e-5,0.9966358746342103
3507456,1670,Borebi (SP),2713,C,1.5031114181338693e-5,0.9966509057483917
4209177,1669,Jupiá (SC),2555,C,1.5022113514164237e-5,0.9966659278619058
4302238,1669,Boa Vista do Incra (RS),2271,C,1.5022113514164237e-5,0.9966809499754199
3113800,1668,Carmésia (MG),2605,C,1.5013112846989784e-5,0.9966959630882669
2500734,1664,Amparo (PB),2234,C,1.4977110178291965e-5,0.9967109401984452
4311239,1664,Lagoa Bonita do Sul (RS),2251,C,1.4977110178291965e-5,0.9967259173086235
4316428,1662,Sagrada Família (RS),2480,C,1.4959108843943056e-5,0.9967408764174674
3142502,1661,Monjolos (MG),2169,C,1.4950108176768603e-5,0.9967558265256442
4312427,1660,Mormaço (RS),2756,C,1.4941107509594148e-5,0.9967707676331538
5107198,1660,Ribeirãozinho (MT),2593,C,1.4941107509594148e-5,0.9967857087406633
3501400,1659,Álvaro de Carvalho (SP),4808,C,1.4932106842419694e-5,0.9968006408475057
5220280,1659,São Patrício (GO),2143,C,1.4932106842419694e-5,0.9968155729543482
4321626,1652,Travesseiro (RS),2152,C,1.4869102172198514e-5,0.9968304420565204
4306130,1646,Cruzaltense (RS),1635,C,1.4815098169151788e-5,0.9968452571546895
4314464,1643,Pinhal da Serra (RS),2248,C,1.4788096167628426e-5,0.9968600452508571
3544400,1642,Rubiácea (SP),2700,C,1.477909550045397e-5,0.9968748243463575
1711803,1641,Juarina (TO),2243,C,1.4770094833279517e-5,0.9968895944411909
3153301,1635,Presidente Kubitschek (MG),3071,C,1.4716090830232791e-5,0.9969043105320211
4101853,1634,Ariranha do Ivaí (PR),2329,C,1.4707090163058336e-5,0.9969190176221842
4119251,1634,Pinhal de São Bento (PR),2761,C,1.4707090163058336e-5,0.9969337247123472
4318457,1634,São José das Missões (RS),2362,C,1.4707090163058336e-5,0.9969484318025102
4306759,1633,Doutor Ricardo (RS),1888,C,1.4698089495883883e-5,0.9969631298920061
1705102,1631,Chapada da Natividade (TO),3117,C,1.4680088161534974e-5,0.9969778099801676
2207934,1630,Pedro Laurentino (PI),2458,C,1.4671087494360519e-5,0.9969924810676619
4205431,1630,Formosa do Sul (SC),2682,C,1.4671087494360519e-5,0.9970071521551562
4318614,1627,São José do Sul (RS),2380,C,1.4644085492837157e-5,0.997021796240649
1703891,1625,Carrasco Bonito (TO),3318,C,1.4626084158488248e-5,0.9970364223248075
3537156,1624,Pedrinhas Paulista (SP),2804,C,1.4617083491313793e-5,0.9970510394082988
4101051,1616,Anahy (PR),2918,C,1.4545078153918159e-5,0.9970655844864527
3109808,1614,Cachoeira Dourada (MG),2315,C,1.452707681956925e-5,0.9970801115632723
3534500,1613,Oscar Bressane (SP),2470,C,1.4518076152394797e-5,0.9970946296394246
5200159,1606,Adelândia (GO),2297,C,1.4455071482173616e-5,0.9971090847109068
1704105,1602,Centenário (TO),2131,C,1.4419068813475799e-5,0.9971235037797203
4322376,1601,Unistalda (RS),1995,C,1.4410068146301345e-5,0.9971379138478665
2410702,1600,Riacho da Cruz (RN),2701,C,1.440106747912689e-5,0.9971523149153456
5107156,1599,Reserva do Cabaçal (MT),2122,C,1.4392066811952437e-5,0.9971667069821576
3158706,1595,Santana do Garambéu (MG),2137,C,1.435606414325462e-5,0.9971810630463008
4313334,1595,Nova Ramada (RS),2163,C,1.435606414325462e-5,0.9971954191104441
4312005,1594,Mariano Moro (RS),1858,C,1.4347063476080164e-5,0.9972097661739201
3114907,1593,Casa Grande (MG),2214,C,1.4338062808905711e-5,0.997224104236729
4304614,1591,Canudos do Vale (RS),1656,C,1.4320061474556802e-5,0.9972384242982035
2513968,1588,São Domingos (PB),2595,C,1.4293059473033439e-5,0.9972527173576765
4210704,1585,Matos Costa (SC),2761,C,1.4266057471510075e-5,0.997266983415148
5105309,1584,Luciara (MT),2509,C,1.4257056804335621e-5,0.9972812404719523
3515301,1582,Estrela do Norte (SP),2703,C,1.4239055469986713e-5,0.9972954795274223
4305587,1581,Colinas (RS),2423,C,1.4230054802812258e-5,0.9973097095822251
1712702,1579,Mateiros (TO),2748,C,1.4212053468463349e-5,0.9973239216356935
3555208,1579,Turiúba (SP),1818,C,1.4212053468463349e-5,0.9973381336891619
4302584,1578,Bozano (RS),2151,C,1.4203052801288896e-5,0.9973523367419632
4320453,1577,Sério (RS),1941,C,1.419405213411444e-5,0.9973665307940973
4323358,1576,Vila Lângaro (RS),2079,C,1.4185051466939987e-5,0.9973807158455642
3544707,1575,Sagres (SP),2474,C,1.4176050799765532e-5,0.997394891896364
4213351,1575,Ponte Alta do Norte (SC),3210,C,1.4176050799765532e-5,0.9974090679471638
3123502,1570,Douradoquara (MG),1829,C,1.4131047463893261e-5,0.9974231989946276
5107883,1570,Serra Nova Dourada (MT),1800,C,1.4131047463893261e-5,0.9974373300420915
4124202,1566,Santo Antônio do Caiuá (PR),2493,C,1.4095044795195444e-5,0.9974514250868867
2406403,1563,Lagoa de Velhos (RN),2567,C,1.406804279367208e-5,0.9974654931296804
4205555,1560,Frei Rogério (SC),2411,C,1.4041040792148718e-5,0.9974795341704725
4311643,1560,Linha Nova (RS),1683,C,1.4041040792148718e-5,0.9974935752112647
1718709,1559,Rio dos Bois (TO),2738,C,1.4032040124974263e-5,0.9975076072513896
3540309,1558,Pontes Gestal (SP),2387,C,1.402303945779981e-5,0.9975216302908474
3549300,1554,São João do Pau d'Alho (SP),2242,C,1.3987036789101993e-5,0.9975356173276365
3501509,1553,Alvinlândia (SP),2885,C,1.3978036121927537e-5,0.9975495953637584
4119657,1553,Pitangueiras (PR),3046,C,1.3978036121927537e-5,0.9975635733998803
3167301,1552,Silveirânia (MG),2323,C,1.3969035454753084e-5,0.9975775424353351
3103306,1550,Aracitaba (MG),2049,C,1.3951034120404175e-5,0.9975914934694555
4314753,1548,Poço das Antas (RS),2171,C,1.3933032786055267e-5,0.9976054265022416
4202156,1546,Belmonte (SC),2658,C,1.3915031451706358e-5,0.9976193415336934
2510659,1543,Parari (PB),1720,C,1.3888029450182994e-5,0.9976332295631436
2415008,1540,Vila Flor (RN),3174,C,1.3861027448659632e-5,0.9976470905905923
2605459,1535,Fernando de Noronha (PE),3167,C,1.381602411278736e-5,0.9976609066147051
3172202,1535,Wenceslau Braz (MG),2356,C,1.381602411278736e-5,0.9976747226388178
4103404,1535,Cafeara (PR),2627,C,1.381602411278736e-5,0.9976885386629306
4107520,1532,Esperança Nova (PR),1849,C,1.3789022111263998e-5,0.9977023276850419
4304622,1531,Capão Bonito do Sul (RS),1733,C,1.3780021444089543e-5,0.997716107706486
1718006,1527,Porto Alegre do Tocantins (TO),2866,C,1.3744018775391726e-5,0.9977298517252614
2510709,1527,Passagem (PB),2463,C,1.3744018775391726e-5,0.9977435957440368
3156205,1527,Rochedo de Minas (MG),2291,C,1.3744018775391726e-5,0.9977573397628122
4200754,1525,Alto Bela Vista (SC),1856,C,1.3726017441042817e-5,0.9977710657802533
5215801,1525,Palmelo (GO),2259,C,1.3726017441042817e-5,0.9977847917976944
3527504,1524,Lucianópolis (SP),2372,C,1.3717016773868364e-5,0.9977985088144683
2401651,1522,Bodó (RN),2306,C,1.3699015439519455e-5,0.9978122078299079
4314134,1522,Paulo Bento (RS),2144,C,1.3699015439519455e-5,0.9978259068453474
3503356,1521,Arco-Íris (SP),2044,C,1.3690014772345e-5,0.9978395968601198
3167004,1518,Serranos (MG),1990,C,1.3663012770821638e-5,0.9978532598728906
5213400,1517,Moiporá (GO),1685,C,1.3654012103647183e-5,0.9978669138849943
5214705,1515,Nova América (GO),2337,C,1.3636010769298274e-5,0.9978805498957636
4215554,1514,Santa Helena (SC),2425,C,1.362701010212382e-5,0.9978941769058657
5200506,1512,Aloândia (GO),1973,C,1.3609008767774912e-5,0.9979077859146335
3145703,1510,Oliveira Fortes (MG),2027,C,1.3591007433426004e-5,0.997921376922067
4320651,1508,Silveira Martins (RS),2028,C,1.3573006099077095e-5,0.997934949928166
3549201,1503,São João das Duas Pontes (SP),2580,C,1.3528002763204823e-5,0.9979484779309292
4202537,1503,Bom Jesus (SC),2777,C,1.3528002763204823e-5,0.9979620059336924
4315073,1495,Porto Vera Cruz (RS),1560,C,1.3455997425809188e-5,0.9979754619311183
4110052,1493,Iguatu (PR),2144,C,1.343799609146028e-5,0.9979888999272097
4322343,1493,Ubiretama (RS),1994,C,1.343799609146028e-5,0.9980023379233012
2413805,1492,Taboleiro Grande (RN),2338,C,1.3428995424285824e-05,0.9980157669187255
5214804,1490,Nova Aurora (GO),2101,C,1.3410994089936916e-5,0.9980291779128154
2414308,1486,Timbaúba dos Batistas (RN),2348,C,1.3374991421239099e-5,0.9980425529042367
3165800,1485,Senador José Bento (MG),2068,C,1.3365990754064645e-5,0.9980559188949908
4305934,1481,Coronel Pilar (RS),1607,C,1.3329988085366828e-5,0.9980692488830761
4217956,1479,Tigrinhos (SC),2329,C,1.331198675101792e-5,0.9980825608698272
5212055,1476,Jesúpolis (GO),2123,C,1.3284984749494556e-5,0.9980958458545767
2513653,1473,Joca Claudino (PB),2539,C,1.3257982747971194e-5,0.9981091038373247
4301958,1467,Barra Funda (RS),2498,C,1.3203978744924468e-5,0.9981223078160696
4121356,1465,Rancho Alegre D'Oeste (PR),2618,C,1.318597741057556e-5,0.9981354937934802
5106703,1465,Ponte Branca (MT),2008,C,1.318597741057556e-5,0.9981486797708908
4108106,1464,Flórida (PR),2652,C,1.3176976743401104e-5,0.9981618567476342
4310751,1463,Ivorá (RS),1929,C,1.316797607622665e-5,0.9981750247237104
4109104,1458,Guaporema (PR),2191,C,1.3122972740354378e-5,0.9981881476964508
4322855,1458,Vespasiano Corrêa (RS),1818,C,1.3122972740354378e-5,0.9982012706691912
2509370,1454,Mato Grosso (PB),2543,C,1.3086970071656561e-5,0.9982143576392628
3160504,1454,Santo Antônio do Rio Abaixo (MG),1808,C,1.3086970071656561e-5,0.9982274446093344
4204459,1453,Coronel Martins (SC),2065,C,1.3077969404482108e-5,0.998240522578739
4110300,1452,Inajá (PR),2536,C,1.3068968737307653e-5,0.9982535915474763
4313441,1452,Novo Tiradentes (RS),2146,C,1.3068968737307653e-5,0.9982666605162136
3149408,1451,Pedro Teixeira (MG),1810,C,1.30599680701332e-5,0.9982797204842837
4317558,1448,Santo Antônio do Palma (RS),2091,C,1.3032966068609835e-5,0.9982927534503523
3536570,1445,Paulistânia (SP),2090,C,1.3005964067086473e-5,0.9983057594144193
1712454,1444,Luzinópolis (TO),2717,C,1.2996963399912018e-5,0.9983187563778193
3514205,1439,Dolcinópolis (SP),2207,C,1.2951960064039748e-5,0.9983317083378833
2405504,1436,Jardim de Angicos (RN),2437,C,1.2924958062516384e-5,0.9983446332959458
4315172,1436,Protásio Alves (RS),2025,C,1.2924958062516384e-5,0.9983575582540083
4310579,1434,Itapuca (RS),1937,C,1.2906956728167475e-5,0.9983704652107365
4302154,1431,Boa Vista das Missões (RS),1933,C,1.2879954726644113e-5,0.9983833451654631
3153806,1429,Queluzito (MG),1770,C,1.2861953392295205e-5,0.9983962071188555
3164803,1429,São Sebastião do Rio Preto (MG),1259,C,1.2861953392295205e-5,0.9984090690722478
3555307,1429,Turmalina (SP),1669,C,1.2861953392295205e-5,0.9984219310256401
3546256,1427,Santa Cruz da Esperança (SP),2116,C,1.2843952057946294e-5,0.9984347749776981
3531001,1426,Monções (SP),1937,C,1.2834951390771841e-5,0.9984476099290889
5104500,1423,Indiavaí (MT),2213,C,1.2807949389248477e-5,0.9984604178784782
3547205,1420,Santana da Ponte Pensa (SP),1670,C,1.2780947387725115e-5,0.9984731988258659
1718451,1419,Pugmil (TO),2193,C,1.277194672055066e-5,0.9984859707725865
2207108,1418,Olho D'Água do Piauí (PI),2637,C,1.2762946053376207e-5,0.9984987337186398
4211850,1418,Ouro Verde (SC),2181,C,1.2762946053376207e-5,0.9985114966646932
4215604,1417,Santa Rosa de Lima (SC),2088,C,1.2753945386201751e-5,0.9985242506100794
4300554,1417,Alto Alegre (RS),1800,C,1.2753945386201751e-5,0.9985370045554657
4300471,1415,Almirante Tamandaré do Sul (RS),1969,C,1.2735944051852843e-5,0.9985497404995175
3118502,1412,Consolação (MG),1563,C,1.270894205032948e-5,0.9985624494415678
4312955,1408,Nova Boa Vista (RS),2042,C,1.2672939381631664e-5,0.9985751223809495
4322558,1401,Vanini (RS),2004,C,1.2609934711410483e-5,0.9985877323156609
3506201,1396,Bento de Abreu (SP),2606,C,1.2564931375538212e-5,0.9986002972470365
4124301,1394,Santo Antônio do Paraíso (PR),2125,C,1.2546930041189304e-5,0.9986128441770776
3165602,1379,Senador Cortes (MG),2240,C,1.2411920033572488e-5,0.9986252560971112
1720002,1375,Santa Terezinha do Tocantins (TO),2406,C,1.2375917364874671e-5,0.9986376320144761
3518008,1373,Guarani d'Oeste (SP),1968,C,1.2357916030525762e-5,0.9986499899305066
4118303,1367,Paranapoema (PR),2398,C,1.2303912027479037e-5,0.998662293842534
4310876,1358,Jacuizinho (RS),2040,C,1.2222906022908949e-5,0.9986745167485569
4205191,1357,Ermo (SC),2269,C,1.2213905355734494e-5,0.9986867306539127
4211876,1354,Paial (SC),1927,C,1.2186903354211132e-5,0.9986989175572669
3147501,1353,Passabém (MG),1600,C,1.2177902687036677e-5,0.998711095459954
4209201,1349,Lacerdópolis (SC),2248,C,1.214190001833886e-5,0.9987232373599723
3533106,1348,Nova Guataporanga (SP),2156,C,1.2132899351164404e-5,0.9987353702593235
2707008,1346,Pindoba (AL),2731,C,1.2114898016815496e-5,0.9987474851573402
4317756,1345,Santo Antônio do Planalto (RS),2089,C,1.2105897349641042e-5,0.9987595910546899
4210050,1344,Macieira (SC),1778,C,1.2096896682466587e-5,0.9987716879513724
4314787,1344,Ponte Preta (RS),1575,C,1.2096896682466587e-5,0.9987837848480549
2409605,1339,Pedra Preta (RN),2441,C,1.2051893346594316e-5,0.9987958367414015
2208551,1336,Porto Alegre do Piauí (PI),2364,C,1.2024891345070953e-5,0.9988078616327466
2502201,1336,Bom Jesus (PB),2286,C,1.2024891345070953e-5,0.9988198865240917
2504850,1335,Coxixola (PB),1824,C,1.20158906778965e-5,0.9988319024147696
1704600,1334,Chapada de Areia (TO),1501,C,1.2006890010722044e-5,0.9988439093047803
4217154,1334,São Miguel da Boa Vista (SC),1781,C,1.2006890010722044e-5,0.998855916194791
4301925,1334,Barra do Rio Azul (RS),1696,C,1.2006890010722044e-5,0.9988679230848017
3514957,1332,Embaúba (SP),2323,C,1.1988888676373135e-5,0.998879911973478
4110656,1331,Iracema do Oeste (PR),2343,C,1.1979888009198682e-5,0.9988918918614872
2404804,1329,Ipueira (RN),2035,C,1.1961886674849773e-5,0.998903853748162
4115903,1329,Mirador (PR),2238,C,1.1961886674849773e-5,0.9989158156348369
4202578,1327,Bom Jesus do Oeste (SC),2187,C,1.1943885340500865e-5,0.9989277595201774
4207858,1327,Irati (SC),2069,C,1.1943885340500865e-5,0.998939703405518
4316733,1327,Santa Cecília do Sul (RS),1674,C,1.1943885340500865e-5,0.9989516472908585
3543238,1325,Ribeirão dos Índios (SP),2025,C,1.1925884006151956e-5,0.9989635731748646
1712157,1321,Lavandeira (TO),1626,C,1.1889881337454139e-5,0.9989754630562021
4306429,1317,Dois Irmãos das Missões (RS),2090,C,1.1853878668756322e-5,0.9989873169348709
1715259,1315,Novo Jardim (TO),2230,C,1.1835877334407413e-5,0.9989991528122053
2405900,1308,João Dias (RN),2076,C,1.1772872664186232e-5,0.9990109256848695
4320578,1308,Sete de Setembro (RS),1830,C,1.1772872664186232e-5,0.9990226985575337
3553658,1305,Taquaral (SP),2619,C,1.174587066266287e-5,0.9990344444281963
4128302,1305,Uniflor (PR),2136,C,1.174587066266287e-5,0.999046190298859
4302055,1304,Benjamin Constant do Sul (RS),2082,C,1.1736869995488415e-5,0.9990579271688544
4302378,1302,Bom Progresso (RS),2096,C,1.1718868661139507e-5,0.9990696460375156
4319752,1295,São Vendelino (RS),2251,C,1.1655863990918327e-5,0.9990813019015065
4210555,1293,Marema (SC),2184,C,1.1637862656569419e-5,0.999092939764163
3547650,1289,Santa Salete (SP),1645,C,1.1601859987871602e-5,0.9991045416241509
4310413,1286,Inhacorá (RS),2014,C,1.1574857986348238e-5,0.9991161164821372
5220058,1286,São João da Paraúna (GO),1774,C,1.1574857986348238e-5,0.9991276913401235
4317251,1284,Santa Tereza (RS),1505,C,1.155685665199933e-5,0.9991392481967755
4204756,1276,Cunhataí (SC),1968,C,1.1484851314603695e-5,0.9991507330480901
3513306,1271,Cruzália (SP),2108,C,1.1439847978731424e-5,0.9991621728960688
3549250,1270,São João de Iracema (SP),1846,C,1.1430847311556969e-5,0.9991736037433804
3166402,1269,Seritinga (MG),1819,C,1.1421846644382514e-5,0.9991850255900248
4202099,1269,Barra Bonita (SC),1668,C,1.1421846644382514e-5,0.9991964474366691
4205357,1269,Flor do Sertão (SC),1783,C,1.1421846644382514e-5,0.9992078692833135
4311270,1267,Lagoa dos Três Cantos (RS),1738,C,1.1403845310033605e-5,0.9992192731286236
1715150,1265,Novo Alegre (TO),1846,C,1.1385843975684697e-5,0.9992306589725992
4125555,1258,São Manoel do Paraná (PR),2138,C,1.1322839305463518e-5,0.9992419818119047
4319737,1254,São Valério do Sul (RS),2543,C,1.12868366367657e-5,0.9992532686485415
1721307,1253,Tupiratins (TO),1874,C,1.1277835969591245e-5,0.999264546484511
4304853,1253,Carlos Gomes (RS),1368,C,1.1277835969591245e-5,0.9992758243204806
3515657,1252,Fernão (SP),1656,C,1.1268835302416792e-5,0.999287093155783
2800100,1250,Amparo do São Francisco (SE),2170,C,1.1250833968067883e-5,0.999298343989751
4310462,1242,Ipiranga do Sul (RS),1720,C,1.1178828630672249e-5,0.9993095228183817
5204201,1240,Cachoeira de Goiás (GO),1405,C,1.116082729632334e-5,0.999320683645678
5212253,1238,Lagoa Santa (GO),1390,C,1.1142825961974432e-5,0.99933182647164
1709807,1235,Ipueiras (TO),1590,C,1.1115823960451068e-5,0.9993429422956004
4319364,1235,São Pedro das Missões (RS),1757,C,1.1115823960451068e-5,0.9993540581195608
4305835,1227,Coqueiro Baixo (RS),1290,C,1.1043818623055434e-5,0.9993651019381838
4309126,1226,Gramado dos Loureiros (RS),2014,C,1.103481795588098e-5,0.9993761367561397
3503950,1220,Aspásia (SP),1842,C,1.0980813952834254e-5,0.9993871175700925
4206751,1220,Ibiam (SC),2008,C,1.0980813952834254e-5,0.9993980983840453
4318465,1213,São José do Herval (RS),1902,C,1.0917809282613073e-5,0.9994090161933279
3529658,1211,Mesópolis (SP),1952,C,1.0899807948264165e-5,0.9994199160012761
4323606,1210,Vista Alegre do Prata (RS),1590,C,1.0890807281089711e-5,0.9994308068085572
3515806,1201,Flora Rica (SP),1487,C,1.0809801276519622e-5,0.9994416166098338
3103108,1199,Antônio Prado de Minas (MG),1538,C,1.0791799942170713e-5,0.9994524084097759
4116000,1199,Miraselva (PR),1966,C,1.0791799942170713e-5,0.999463200209718
3527256,1194,Lourdes (SP),1950,C,1.0746796606298443e-5,0.9994739470063243
4315453,1194,Relvado (RS),1796,C,1.0746796606298443e-5,0.9994846938029306
4312179,1192,Mato Queimado (RS),1795,C,1.0728795271949534e-5,0.9994954225982026
1703826,1188,Cachoeirinha (TO),1961,C,1.0692792603251715e-5,0.9995061153908058
2504108,1186,Carrapateira (PB),2312,C,1.0674791268902807e-5,0.9995167901820747
2505303,1183,Curral Velho (PB),2292,C,1.0647789267379445e-5,0.9995274379713421
1703602,1177,Brasilândia do Tocantins (TO),1974,C,1.0593785264332719e-5,0.9995380317566065
3529104,1171,Marinópolis (SP),1860,C,1.0539781261285993e-5,0.9995485715378678
4123600,1169,Santa Inês (PR),1748,C,1.0521779926937084e-5,0.9995590933177947
2501153,1163,Areia de Baraúnas (PB),2005,C,1.0467775923890359e-5,0.9995695610937185
4312625,1163,Muliterno (RS),1721,C,1.0467775923890359e-5,0.9995800288696424
1703883,1162,Carmolândia (TO),2201,C,1.0458775256715904e-5,0.9995904876448991
4308854,1161,Gentil (RS),1744,C,1.044977458954145e-5,0.9996009374194886
4313466,1161,Novo Xingu (RS),1646,C,1.044977458954145e-5,0.9996113871940782
1720937,1157,Taipas do Tocantins (TO),2021,C,1.0413771920843633e-5,0.999621800965999
2512788,1142,Riacho de Santo Antônio (PB),1955,C,1.0278761913226818e-5,0.9996320797279121
3513850,1140,Dirce Reis (SP),1620,C,1.0260760578877909e-5,0.999642340488491
4315313,1138,Quatro Irmãos (RS),1552,C,1.0242759244529e-5,0.9996525832477355
2512606,1136,Quixaba (PB),1743,C,1.0224757910180092e-5,0.9996628080056457
4116505,1133,Nova Aliança do Ivaí (PR),1323,C,1.019775590865673e-5,0.9996730057615543
1720853,1130,Sucupira (TO),1577,C,1.0170753907133366e-5,0.9996831765154613
3123403,1116,Doresópolis (MG),1461,C,1.0044744566691006e-5,0.999693221260028
3555901,1114,Uru (SP),1387,C,1.0026743232342097e-5,0.9997032480032604
3146602,1112,Paiva (MG),1474,C,1.0008741897993189e-5,0.9997132567451583
4213906,1110,Presidente Castello Branco (SC),1689,C,9.99074056364428e-6,0.9997232474857219
2404101,1091,Galinhos (RN),2104,C,9.819727887329648e-6,0.9997330672136093
1721257,1077,Tupirama (TO),1909,C,9.693718546887288e-6,0.9997427609321562
4208955,1063,Jardinópolis (SC),1776,C,9.567709206444927e-6,0.9997523286413627
1720150,1060,São Félix do Tocantins (TO),1783,C,9.540707204921565e-6,0.9997618693485676
1718659,1050,Rio da Conceição (TO),1768,C,9.450700533177022e-6,0.9997713200491007
3556958,1047,Vitória Brasil (SP),1794,C,9.423698531653659e-6,0.9997807437476324
4309258,1045,Guabiju (RS),1417,C,9.40569719730475e-6,0.9997901494448297
1706258,1033,Crixás do Tocantins (TO),1470,C,9.297689191211299e-6,0.9997994471340209
3127909,1033,Grupiara (MG),1392,C,9.297689191211299e-6,0.9998087448232121
2414902,1021,Viçosa (RN),1822,C,9.189681185117847e-6,0.9998179345043973
4322186,1019,Tupanci do Sul (RS),1374,C,9.171679850768938e-6,0.9998271061842481
4209458,1017,Lajeado Grande (SC),1702,C,9.15367851642003e-6,0.9998362598627645
2514651,1012,São José do Brejo do Cruz (PB),1699,C,9.108675180547757e-6,0.999845368537945
4215695,984,Santiago do Sul (SC),1651,C,8.856656499663037e-6,0.9998542251944447
3554755,983,Trabiju (SP),1682,C,8.847655832488584e-6,0.9998630728502772
4312351,982,Montauri (RS),1499,C,8.838655165314129e-6,0.9998719115054425
2209450,981,Santo Antônio dos Milagres (PI),2138,C,8.829654498139675e-6,0.9998807411599406
4300661,978,André da Rocha (RS),1135,C,8.802652496616311e-6,0.9998895438124372
3555703,970,União Paulista (SP),1603,C,8.730647159220677e-6,0.9998982744595964
4112603,970,Jardim Olinda (PR),1343,C,8.730647159220677e-6,0.9999070051067557
4315131,957,Pouso Novo (RS),1739,C,8.613638485952772e-6,0.9999156187452416
3540853,928,Pracinha (SP),2578,C,8.352619137893597e-6,0.9999239713643795
3115607,884,Cedro do Abaeté (MG),1081,C,7.956589782217608e-6,0.9999319279541617
3504701,873,Balbinos (SP),3887,C,7.85758244329861e-6,0.999939785536605
4322350,865,União da Serra (RS),1170,C,7.785577105902975e-6,0.9999475711137109
3532868,806,Nova Castilho (SP),1062,C,7.254537742610171e-6,0.9999548256514535
5101209,798,Araguainha (MT),1010,C,7.1825324052145365e-6,0.9999620081838587
3166600,788,Serra da Saudade (MG),833,C,7.0925257334699935e-6,0.9999691007095922
2206308,776,Miguel Leão (PI),1318,C,6.984517727376542e-6,0.9999760852273196
1715507,750,Oliveira de Fátima (TO),1164,C,6.7505003808407294e-6,0.9999828357277004
4306924,724,Engenho Velho (RS),1296,C,6.516483034304918e-6,0.9999893522107347
5201207,656,Anhanguera (GO),924,C,5.904437666442025e-6,0.9999952566484012
3507209,527,Borá (SP),907,C,4.74335160093742e-6,1.000000000000002
