"CD_MUN";"NM_MUN";"V06001";"V06002";"V06003";"V06004";"V06005";"V06006"
"1100015";"Alta Floresta D'Oeste";"7668";"21331";"1,72";"2565,13";"17456222,43";"1500"
"1100023";"Ariquemes";"34760";"96139";"1,85";"2668,81";"11560167,11";"1800"
"1100031";"Cabixi";"1963";"5335";"1,55";"2399,26";"12624574,02";"1500"
"1100049";"Cacoal";"31892";"86355";"1,77";"3005,21";"856379165,05";"1849.5"
"1100056";"Cerejeiras";"5871";"15792";"1,55";"2548,40";"11251071,63";"1700"
"1100064";"Colorado do Oeste";"5991";"15663";"1,52";"2637,32";"8497127,84";"1800"
"1100072";"Corumbiara";"2835";"7487";"1,56";"2337,06";"3922754,67";"2000"
"1100080";"Costa Marques";"4158";"12518";"2,42";"2236,32";"8437580,47";"1300"
"1100098";"Espigão D'Oeste";"10446";"29221";"1,74";"2296,55";"5508589,75";"1600"
"1100106";"Guajará-Mirim";"11752";"38723";"3,49";"2333,89";"103411953,14";"1212"
"1100114";"Jaru";"18947";"50354";"1,61";"2565,57";"12134780,57";"1700"
"1100122";"Ji-Paraná";"44996";"123629";"1,80";"2680,66";"10701142,14";"1800"
"1100130";"Machadinho D'Oeste";"10832";"30407";"1,92";"1960,76";"5754762,33";"1212"
"1100148";"Nova Brasilândia D'Oeste";"5798";"15674";"1,44";"1982,75";"6935437,52";"1212"
"1100155";"Ouro Preto do Oeste";"13318";"34819";"1,63";"2625,58";"88737950,64";"1800"
"1100189";"Pimenta Bueno";"12341";"34714";"1,79";"2420,16";"7524897,44";"1700"
"1100205";"Porto Velho";"151886";"457020";"2,42";"3171,37";"114979380,71";"1800"
"1100254";"Presidente Médici";"7230";"19274";"1,61";"2080,49";"4203706,35";"1300"
"1100262";"Rio Crespo";"1249";"3454";"1,81";"2264,07";"7930008,90";"1500"
"1100288";"Rolim de Moura";"20991";"56137";"1,62";"2644,49";"12800596,91";"1800"
"1100296";"Santa Luzia D'Oeste";"2758";"7391";"1,46";"2176,88";"7668492,78";"1500"
"1100304";"Vilhena";"34951";"95230";"1,85";"3092,12";"180552792,84";"2000"
"1100320";"São Miguel do Guaporé";"7872";"21486";"1,51";"2319,43";"7707196,55";"1500"
"1100338";"Nova Mamoré";"8421";"25238";"2,16";"2277,76";"8319418,12";"1500"
"1100346";"Alvorada D'Oeste";"4812";"13100";"1,61";"2240,43";"6330541,19";"1500"
"1100379";"Alto Alegre dos Parecis";"4033";"11447";"1,60";"2156,61";"9604929,63";"1500"
"1100403";"Alto Paraíso";"5762";"16289";"1,86";"2133,54";"4352479,60";"1500"
"1100452";"Buritis";"9905";"27827";"1,67";"2252,99";"5673798,76";"1500"
"1100502";"Novo Horizonte do Oeste";"2798";"7663";"1,46";"1982,77";"4596954,18";"1250"
"1100601";"Cacaulândia";"1483";"4145";"1,72";"2380,53";"12002957,04";"1600"
"1100700";"Campo Novo de Rondônia";"3062";"8812";"1,58";"2313,55";"7850139,68";"1500"
"1100809";"Candeias do Jamari";"7428";"22276";"2,33";"1842,53";"6044448,93";"1212"
"1100908";"Castanheiras";"1198";"3229";"1,55";"2172,51";"7730749,55";"1213.5"
"1100924";"Chupinguaia";"3198";"9245";"1,83";"2544,10";"10904458,22";"2000"
"1100940";"Cujubim";"5197";"14803";"1,93";"2224,89";"6025841,07";"1590"
"1101005";"Governador Jorge Teixeira";"2881";"7941";"1,62";"2169,96";"4607040,97";"1500"
"1101104";"Itapuã do Oeste";"2909";"8541";"2,22";"2108,13";"3477744,09";"1500"
"1101203";"Ministro Andreazza";"2383";"6466";"1,53";"2297,85";"13179171,30";"1220"
"1101302";"Mirante da Serra";"3508";"9235";"1,75";"2155,23";"9235228,87";"1212"
"1101401";"Monte Negro";"4223";"11516";"1,63";"2133,54";"5484180,11";"1214"
"1101435";"Nova União";"2230";"6180";"1,58";"2040,53";"7209764,46";"1212"
"1101450";"Parecis";"1479";"4066";"1,58";"2214,03";"5704136,43";"1500"
"1101468";"Pimenteiras do Oeste";"735";"2091";"1,98";"2047,90";"2656467,67";"1500"
"1101476";"Primavera de Rondônia";"1133";"3076";"1,54";"2168,36";"4871561,35";"1500"
"1101484";"São Felipe D'Oeste";"1962";"5256";"1,39";"2260,94";"8522399,32";"1500"
"1101492";"São Francisco do Guaporé";"5784";"16175";"1,79";"2366,40";"8544723,13";"1500"
"1101500";"Seringueiras";"3946";"11145";"1,71";"2339,47";"11733188,27";"1400"
"1101559";"Teixeirópolis";"1582";"4256";"1,50";"2254,11";"8305703,49";"1220"
"1101609";"Theobroma";"3007";"8112";"1,53";"2039,45";"8044395,99";"1212"
"1101708";"Urupá";"3950";"10722";"1,50";"2646,32";"288161446,00";"1400"
"1101757";"Vale do Anari";"2800";"7717";"1,64";"2069,15";"5027417,20";"1400"
"1101807";"Vale do Paraíso";"2446";"6473";"1,46";"2164,99";"5533114,01";"1240"
"1200013";"Acrelândia";"4461";"13978";"2,56";"1758,13";"5268462,21";"1212"
"1200054";"Assis Brasil";"2408";"7984";"2,93";"1741,21";"3674519,97";"1212"
"1200104";"Brasiléia";"8665";"25931";"2,31";"1833,34";"7871282,90";"1212"
"1200138";"Bujari";"4193";"12917";"2,73";"1581,48";"8198218,28";"1200"
"1200179";"Capixaba";"3468";"10370";"2,54";"1477,28";"2880956,10";"1212"
"1200203";"Cruzeiro do Sul";"26719";"91076";"2,97";"2107,67";"194953486,34";"1212"
"1200252";"Epitaciolândia";"6477";"18739";"2,34";"1959,34";"16866080,18";"1212"
"1200302";"Feijó";"9288";"34916";"4,36";"1475,61";"3286003,95";"1200"
"1200328";"Jordão";"1949";"8834";"7,77";"1514,34";"6922280,22";"1200"
"1200336";"Mâncio Lima";"5659";"19149";"3,04";"1401,15";"4763638,48";"1200"
"1200344";"Manoel Urbano";"3238";"11963";"4,66";"1471,43";"5199339,83";"1200"
"1200351";"Marechal Thaumaturgo";"4301";"16986";"4,38";"1131,29";"2612772,52";"900"
"1200385";"Plácido de Castro";"5552";"16540";"2,47";"1794,51";"19470627,53";"1212"
"1200393";"Porto Walter";"2589";"10623";"4,44";"1308,89";"3204477,40";"1200"
"1200401";"Rio Branco";"123856";"361854";"2,31";"2754,43";"29011116,09";"1300"
"1200427";"Rodrigues Alves";"4193";"14909";"3,26";"1331,77";"3434730,82";"1001"
"1200435";"Santa Rosa do Purus";"1310";"6506";"9,52";"1478,17";"2062469,51";"1212"
"1200450";"Senador Guiomard";"6961";"20993";"2,42";"1807,74";"7149202,94";"1212"
"1200500";"Sena Madureira";"12586";"40697";"3,03";"1665,26";"5760280,77";"1200"
"1200609";"Tarauacá";"11219";"42558";"4,29";"1434,53";"3823655,38";"1200"
"1200708";"Xapuri";"6086";"18219";"2,41";"1670,36";"3965289,53";"1212"
"1200807";"Porto Acre";"5448";"16676";"2,53";"1470,59";"4351795,41";"1200"
"1300029";"Alvarães";"3386";"15764";"5,90";"1218,21";"2559705,76";"1100"
"1300060";"Amaturá";"2132";"10675";"7,26";"1491,82";"8742492,51";"1200"
"1300086";"Anamã";"2312";"9922";"5,09";"1204,10";"3359337,63";"1000"
"1300102";"Anori";"4129";"17042";"4,85";"1349,18";"2369057,46";"1200"
"1300144";"Apuí";"5779";"20492";"8,04";"2036,22";"8474955,09";"1242"
"1300201";"Atalaia do Norte";"3345";"14928";"6,65";"1559,08";"34914340,68";"1200"
"1300300";"Autazes";"10839";"40770";"4,40";"1465,17";"100844051,79";"1200"
"1300409";"Barcelos";"4137";"17919";"7,10";"1557,54";"3706851,61";"1200"
"1300508";"Barreirinha";"6781";"30365";"6,05";"1250,83";"2890977,37";"1184.5"
"1300607";"Benjamin Constant";"7731";"37474";"7,70";"1845,14";"1276618234,48";"1200"
"1300631";"Beruri";"4513";"20432";"6,05";"1194,39";"4162662,87";"700"
"1300680";"Boa Vista do Ramos";"4587";"23732";"5,74";"1203,08";"1443355,60";"1200"
"1300706";"Boca do Acre";"10067";"34945";"3,47";"1469,62";"4479825,65";"1200"
"1300805";"Borba";"7861";"32356";"5,28";"1359,15";"3889840,33";"1200"
"1300839";"Caapiranga";"2964";"13356";"6,96";"1208,27";"1588645,11";"1200"
"1300904";"Canutama";"4516";"16716";"4,50";"1242,40";"4464351,03";"1200"
"1301001";"Carauari";"7230";"28627";"4,08";"1348,97";"5567759,31";"1100"
"1301100";"Careiro";"9045";"30641";"3,63";"1366,79";"2563009,44";"1200"
"1301159";"Careiro da Várzea";"5757";"19499";"3,14";"1216,73";"4043252,49";"1200"
"1301209";"Coari";"17528";"70303";"4,85";"1886,17";"2551658184,78";"1200"
"1301308";"Codajás";"5568";"23468";"5,29";"1344,84";"2685772,19";"1200"
"1301407";"Eirunepé";"8086";"32848";"4,95";"1450,30";"10981999,01";"1200"
"1301506";"Envira";"4160";"16998";"4,73";"1412,73";"8820322,74";"1200"
"1301605";"Fonte Boa";"5305";"25505";"7,20";"1342,94";"2099144,54";"1200"
"1301654";"Guajará";"3611";"13790";"3,92";"1198,27";"2608569,07";"1000"
"1301704";"Humaitá";"14316";"56836";"6,01";"1882,08";"8424370,96";"1212"
"1301803";"Ipixuna";"4789";"23946";"6,28";"1175,57";"1578790,95";"1000"
"1301852";"Iranduba";"17751";"60874";"3,62";"1637,47";"19484845,16";"1200"
"1301902";"Itacoatiara";"27619";"103032";"4,84";"1679,45";"6031597,50";"1212"
"1301951";"Itamarati";"2307";"10736";"6,33";"1589,46";"36015036,60";"1200"
"1302009";"Itapiranga";"2599";"10107";"4,47";"1580,22";"3887874,25";"1212"
"1302108";"Japurá";"1723";"8710";"8,08";"1929,62";"8648790,27";"1200"
"1302207";"Juruá";"2515";"10659";"5,24";"1774,51";"629714180,90";"1000"
"1302306";"Jutaí";"4803";"24716";"8,82";"1476,06";"7731932,94";"1200"
"1302405";"Lábrea";"11170";"44882";"5,52";"1357,40";"3186084,67";"1200"
"1302504";"Manacapuru";"26864";"101580";"4,14";"1465,03";"4938731,77";"1200"
"1302553";"Manaquiri";"4877";"16773";"3,74";"1130,66";"1715264,72";"1000"
"1302603";"Manaus";"630012";"2058347";"3,20";"2853,44";"108751070,01";"1300"
"1302702";"Manicoré";"12081";"53374";"9,54";"2189,02";"2363994679,18";"1200"
"1302801";"Maraã";"3000";"15270";"8,38";"1306,96";"4675475,22";"1100"
"1302900";"Maués";"13242";"60781";"7,67";"1268,57";"2197448,42";"1200"
"1303007";"Nhamundá";"4548";"19904";"6,07";"1359,34";"4207553,34";"1200"
"1303106";"Nova Olinda do Norte";"6467";"26871";"5,46";"1242,16";"2805142,78";"1001"
"1303205";"Novo Airão";"4129";"15493";"4,63";"1545,68";"3662490,90";"1212"
"1303304";"Novo Aripuanã";"4742";"23537";"11,63";"1484,02";"8539766,95";"1200"
"1303403";"Parintins";"23896";"96034";"5,01";"1638,91";"6596211,04";"1200"
"1303502";"Pauini";"3871";"18793";"10,41";"1359,00";"2325360,10";"1200"
"1303536";"Presidente Figueiredo";"9354";"30484";"3,26";"1919,25";"8104126,20";"1212"
"1303569";"Rio Preto da Eva";"7791";"24825";"3,50";"1909,35";"607897970,48";"1212"
"1303601";"Santa Isabel do Rio Negro";"2663";"13795";"9,09";"1500,28";"5026821,54";"1200"
"1303700";"Santo Antônio do Içá";"5172";"27665";"8,79";"1337,71";"13345420,21";"1200"
"1303809";"São Gabriel da Cachoeira";"10030";"48352";"6,74";"1678,00";"4530835,62";"1200"
"1303908";"São Paulo de Olivença";"5954";"32661";"8,38";"1352,01";"53893093,86";"1100"
"1303957";"São Sebastião do Uatumã";"2662";"11532";"6,37";"1579,83";"5393229,86";"1200"
"1304005";"Silves";"2820";"11510";"5,52";"1271,60";"2403585,03";"1000"
"1304062";"Tabatinga";"13821";"66353";"8,16";"1917,71";"511278586,31";"1200"
"1304104";"Tapauá";"4736";"19157";"4,54";"1235,08";"4295463,43";"1200"
"1304203";"Tefé";"17447";"73474";"5,71";"1823,43";"151503917,39";"1200"
"1304237";"Tonantins";"3348";"19023";"11,49";"1259,20";"7567823,62";"1000"
"1304260";"Uarini";"3042";"14191";"6,66";"1146,93";"1695177,58";"1000"
"1304302";"Urucará";"4267";"18500";"7,54";"1468,86";"6463558,12";"1200"
"1304401";"Urucurituba";"5202";"23539";"8,26";"1450,54";"3065086,22";"1212"
"1400027";"Amajari";"2928";"13178";"10,86";"1619,49";"4004298,91";"1200"
"1400050";"Alto Alegre";"4899";"19904";"7,90";"1664,96";"3556688,58";"1200"
"1400100";"Boa Vista";"118980";"402925";"3,54";"3025,65";"55793428,82";"1500"
"1400159";"Bonfim";"3494";"13844";"5,85";"1487,94";"3194104,77";"1200"
"1400175";"Cantá";"5428";"18556";"4,62";"1817,28";"6164817,66";"1200"
"1400209";"Caracaraí";"6063";"20759";"3,94";"1881,49";"187889943,96";"1212"
"1400233";"Caroebe";"3109";"10412";"3,20";"1731,19";"3379267,94";"1212"
"1400282";"Iracema";"2853";"9568";"4,12";"1665,94";"3847746,04";"1200"
"1400308";"Mucajaí";"5317";"17821";"3,48";"1734,19";"7124327,94";"1212"
"1400407";"Normandia";"2671";"13628";"7,53";"1556,67";"5478523,07";"1212"
"1400456";"Pacaraima";"3939";"17241";"7,35";"1256,60";"544988,45";"1200"
"1400472";"Rorainópolis";"10029";"32380";"3,13";"1850,54";"7750588,23";"1212"
"1400506";"São João da Baliza";"2600";"8685";"3,35";"1890,57";"5758915,74";"1212"
"1400605";"São Luiz";"2260";"7127";"2,97";"1730,49";"4510753,08";"1212"
"1400704";"Uiramutã";"2279";"13287";"9,16";"1088,38";"818864,73";"900"
"1500107";"Abaetetuba";"43021";"157707";"3,35";"1466,66";"5626639,62";"1200"
"1500131";"Abel Figueiredo";"2000";"6125";"2,58";"1708,49";"3650888,67";"1212"
"1500206";"Acará";"16797";"57928";"3,29";"1138,37";"1448393,76";"1000"
"1500305";"Afuá";"9038";"37658";"4,68";"1277,27";"1879882,18";"1200"
"1500347";"Água Azul do Norte";"5615";"17955";"2,32";"2105,10";"9677428,00";"1300"
"1500404";"Alenquer";"17904";"69241";"4,49";"1279,34";"2443393,00";"1200"
"1500503";"Almeirim";"9091";"34064";"4,29";"1854,00";"12342867,67";"1212"
"1500602";"Altamira";"41152";"125671";"2,47";"2347,59";"14631805,54";"1240"
"1500701";"Anajás";"6369";"27905";"5,42";"1199,94";"2931337,87";"800"
"1500800";"Ananindeua";"154877";"477332";"2,29";"2433,07";"73913432,26";"1300"
"1500859";"Anapu";"9326";"31499";"2,90";"1674,53";"10506170,74";"1212"
"1500909";"Augusto Corrêa";"12354";"44483";"3,47";"1006,24";"1411359,08";"700"
"1500958";"Aurora do Pará";"6641";"23609";"3,63";"1267,59";"2011402,50";"1200"
"1501006";"Aveiro";"4621";"18055";"5,32";"1258,42";"1946967,54";"1200"
"1501105";"Bagre";"5691";"31369";"7,40";"1242,88";"1888691,88";"1100"
"1501204";"Baião";"12111";"51078";"5,95";"1320,30";"2307917,12";"1200"
"1501253";"Bannach";"1322";"3988";"2,70";"2225,18";"18965038,10";"1500"
"1501303";"Barcarena";"37980";"126452";"2,68";"1987,88";"8032172,85";"1212"
"1501402";"Belém";"422966";"1301333";"2,64";"3302,83";"187407168,18";"1300"
"1501451";"Belterra";"5333";"17968";"3,07";"1545,19";"3797287,71";"1212"
"1501501";"Benevides";"20485";"63346";"2,43";"1639,63";"132599338,38";"1212"
"1501576";"Bom Jesus do Tocantins";"5087";"17851";"3,70";"1700,42";"4923954,86";"1212"
"1501600";"Bonito";"4214";"12602";"2,23";"1302,21";"10839629,32";"1212"
"1501709";"Bragança";"37060";"122802";"2,79";"1536,24";"5270926,12";"1200"
"1501725";"Brasil Novo";"7189";"24592";"2,92";"1781,09";"8994973,36";"1212"
"1501758";"Brejo Grande do Araguaia";"2128";"6767";"2,50";"1652,56";"5863030,54";"1212"
"1501782";"Breu Branco";"13531";"45626";"3,56";"1434,87";"3565571,92";"1212"
"1501808";"Breves";"24356";"106633";"5,76";"1528,28";"3711790,67";"1200"
"1501907";"Bujaru";"7095";"24309";"3,20";"1124,61";"1220818,50";"1000"
"1501956";"Cachoeira do Piriá";"5620";"19578";"3,20";"1137,35";"3339622,06";"800"
"1502004";"Cachoeira do Arari";"6549";"23940";"3,75";"1066,42";"2071519,35";"900"
"1502103";"Cametá";"33279";"133727";"4,13";"1270,51";"2948964,98";"1000"
"1502152";"Canaã dos Carajás";"24367";"76817";"2,33";"2745,82";"10312200,94";"2000"
"1502202";"Capanema";"23057";"70216";"2,19";"1831,78";"7083105,41";"1212"
"1502301";"Capitão Poço";"18207";"56439";"2,18";"1314,54";"4086230,01";"1200"
"1502400";"Castanhal";"63760";"191639";"2,01";"2168,07";"600900593,26";"1212"
"1502509";"Chaves";"4744";"20682";"4,96";"1190,76";"2306834,38";"1000"
"1502608";"Colares";"3992";"12844";"2,85";"1272,76";"3907662,10";"1200"
"1502707";"Conceição do Araguaia";"15172";"44534";"2,32";"1945,39";"6163504,26";"1212"
"1502756";"Concórdia do Pará";"7957";"26800";"3,01";"1394,72";"2611612,19";"1212"
"1502764";"Cumaru do Norte";"3617";"12817";"4,92";"2251,75";"9757548,29";"1500"
"1502772";"Curionópolis";"6416";"19942";"2,79";"1834,33";"8407381,51";"1212"
"1502806";"Curralinho";"8149";"33760";"4,28";"1089,17";"3402032,98";"600"
"1502855";"Curuá";"3903";"14105";"3,72";"1152,33";"2367527,35";"1000"
"1502905";"Curuçá";"12127";"41119";"3,30";"1241,71";"2141558,86";"1200"
"1502939";"Dom Eliseu";"15347";"58380";"4,73";"1804,78";"72808353,38";"1212"
"1502954";"Eldorado do Carajás";"8905";"28117";"2,77";"1733,48";"4221940,29";"1212"
"1503002";"Faro";"2090";"8678";"5,19";"1344,01";"3986772,57";"1200"
"1503044";"Floresta do Araguaia";"5986";"17887";"2,26";"1507,31";"2725667,45";"1200"
"1503077";"Garrafão do Norte";"7641";"24485";"2,35";"1123,67";"1625458,18";"900"
"1503093";"Goianésia do Pará";"8279";"26286";"2,52";"1613,03";"5124866,40";"1212"
"1503101";"Gurupá";"7365";"31644";"5,00";"1430,09";"5360687,43";"1200"
"1503200";"Igarapé-Açu";"11529";"35600";"2,25";"1392,43";"4349558,49";"1200"
"1503309";"Igarapé-Miri";"16925";"64706";"3,63";"1254,39";"3786937,58";"1200"
"1503408";"Inhangapi";"3213";"10313";"2,78";"1201,04";"1594508,29";"1212"
"1503457";"Ipixuna do Pará";"8750";"30172";"3,28";"1346,49";"3026821,53";"1200"
"1503507";"Irituia";"9558";"30925";"2,73";"1151,18";"2270082,55";"1000"
"1503606";"Itaituba";"36335";"121995";"3,25";"2036,93";"10114988,44";"1212"
"1503705";"Itupiranga";"13772";"49606";"3,77";"1504,31";"2699940,21";"1212"
"1503754";"Jacareacanga";"4923";"22885";"8,37";"2160,30";"21485283,67";"1212"
"1503804";"Jacundá";"12607";"37664";"2,19";"1850,46";"762450845,66";"1212"
"1503903";"Juruti";"12346";"50735";"4,96";"1687,92";"6246831,66";"1200"
"1504000";"Limoeiro do Ajuru";"7177";"29525";"3,54";"1171,70";"2377183,96";"700"
"1504059";"Mãe do Rio";"9890";"34288";"3,22";"1537,53";"3835647,85";"1200"
"1504109";"Magalhães Barata";"2490";"8062";"3,00";"1939,37";"900808308,30";"1212"
"1504208";"Marabá";"86017";"265584";"2,51";"2450,68";"387043598,86";"1300"
"1504307";"Maracanã";"7716";"25856";"3,26";"1246,57";"1812489,22";"1200"
"1504406";"Marapanim";"8370";"26483";"3,03";"1257,36";"3120299,12";"1200"
"1504422";"Marituba";"35861";"110531";"2,34";"1736,57";"57813552,64";"1212"
"1504455";"Medicilândia";"8955";"27027";"2,25";"1498,52";"4484600,39";"1200"
"1504505";"Melgaço";"5715";"27714";"6,32";"1223,47";"2704672,28";"800"
"1504604";"Mocajuba";"6830";"26999";"4,27";"1314,99";"3417293,37";"1200"
"1504703";"Moju";"24996";"83824";"3,55";"1342,60";"73507803,33";"1200"
"1504752";"Mojuí dos Campos";"7478";"23482";"2,38";"1342,36";"1729112,90";"1212"
"1504802";"Monte Alegre";"18312";"59929";"2,73";"1386,19";"3685474,04";"1200"
"1504901";"Muaná";"10636";"45181";"4,48";"1132,80";"2235605,77";"1000"
"1504950";"Nova Esperança do Piriá";"6024";"20434";"2,81";"1064,92";"2007761,55";"700"
"1504976";"Nova Ipixuna";"4571";"13903";"2,75";"1752,39";"4044885,50";"1212"
"1505007";"Nova Timboteua";"4560";"12772";"2,01";"1233,46";"1859777,38";"1200"
"1505031";"Novo Progresso";"10445";"33451";"2,96";"2840,59";"8120034,98";"2000"
"1505064";"Novo Repartimento";"18520";"60553";"2,72";"1665,73";"63813015,26";"1212"
"1505106";"Óbidos";"14487";"51728";"3,82";"1274,82";"3816513,07";"1200"
"1505205";"Oeiras do Pará";"8083";"33651";"4,93";"1154,37";"2842952,28";"800"
"1505304";"Oriximiná";"17860";"67671";"4,13";"1689,58";"8574430,92";"1200"
"1505403";"Ourém";"5754";"17826";"2,38";"1196,36";"2292778,58";"1000"
"1505437";"Ourilândia do Norte";"10335";"32170";"2,72";"1932,77";"6323637,32";"1212"
"1505486";"Pacajá";"12472";"41039";"2,88";"1643,62";"5348467,53";"1212"
"1505494";"Palestina do Pará";"2200";"6884";"2,75";"1543,49";"3243450,67";"1212"
"1505502";"Paragominas";"32964";"104908";"2,52";"2179,86";"18525289,11";"1216"
"1505536";"Parauapebas";"87649";"267180";"2,28";"2743,59";"64861640,11";"1800"
"1505551";"Pau D'Arco";"2223";"6895";"3,93";"1505,13";"7489384,02";"1212"
"1505601";"Peixe-Boi";"2947";"8280";"2,15";"1405,62";"38584327,17";"1200"
"1505635";"Piçarra";"4072";"12822";"2,47";"1880,11";"4065999,25";"1212"
"1505650";"Placas";"5874";"18629";"2,49";"1653,75";"34150504,02";"1200"
"1505700";"Ponta de Pedras";"7068";"24868";"3,29";"1363,58";"165118893,55";"1200"
"1505809";"Portel";"13283";"61894";"7,04";"1291,90";"2925120,17";"1170"
"1505908";"Porto de Moz";"9063";"40554";"6,80";"1248,93";"2930379,96";"1000"
"1506005";"Prainha";"9198";"35392";"3,96";"1143,70";"2668095,51";"900"
"1506104";"Primavera";"3528";"10818";"2,42";"1375,95";"4462226,39";"1200"
"1506112";"Quatipuru";"3649";"11520";"2,84";"1203,75";"2661330,50";"1000"
"1506138";"Redenção";"28019";"85129";"2,21";"2404,29";"11602909,04";"1300"
"1506161";"Rio Maria";"6501";"18364";"2,01";"1946,07";"7092536,76";"1212"
"1506187";"Rondon do Pará";"15285";"52884";"3,90";"1734,85";"5309973,20";"1212"
"1506195";"Rurópolis";"9079";"35625";"5,18";"1695,59";"6163645,89";"1212"
"1506203";"Salinópolis";"13482";"44544";"2,93";"1721,72";"5657920,28";"1212"
"1506302";"Salvaterra";"7382";"24009";"3,04";"1288,08";"3094671,83";"1200"
"1506351";"Santa Bárbara do Pará";"6801";"21063";"2,41";"1417,79";"3886609,24";"1212"
"1506401";"Santa Cruz do Arari";"1768";"7420";"8,02";"1194,46";"5659813,20";"1200"
"1506500";"Santa Izabel do Pará";"21487";"66473";"2,35";"1793,89";"94610393,18";"1212"
"1506559";"Santa Luzia do Pará";"6301";"20286";"2,66";"1222,41";"2403726,81";"1200"
"1506583";"Santa Maria das Barreiras";"5418";"16402";"2,46";"2068,76";"8240122,74";"1290"
"1506609";"Santa Maria do Pará";"8460";"24551";"1,97";"1411,69";"3949569,47";"1200"
"1506708";"Santana do Araguaia";"10534";"32271";"2,55";"2109,36";"8752434,00";"1212"
"1506807";"Santarém";"95542";"330146";"3,29";"2125,52";"22286386,25";"1212"
"1506906";"Santarém Novo";"1961";"6098";"2,84";"1378,84";"2420563,61";"1212"
"1507003";"Santo Antônio do Tauá";"8807";"27410";"2,45";"1361,49";"2369273,91";"1200"
"1507102";"São Caetano de Odivelas";"5158";"16591";"2,96";"1859,69";"1892116680,36";"1200"
"1507151";"São Domingos do Araguaia";"6797";"21043";"2,41";"1690,63";"4316043,05";"1212"
"1507201";"São Domingos do Capim";"8461";"30575";"3,57";"1085,63";"1914158,54";"800"
"1507300";"São Félix do Xingu";"20736";"64521";"2,72";"2029,55";"5982324,57";"1500"
"1507409";"São Francisco do Pará";"4949";"14882";"2,07";"1365,46";"2778541,62";"1212"
"1507458";"São Geraldo do Araguaia";"7711";"24153";"2,60";"1847,45";"7365391,32";"1212"
"1507466";"São João da Ponta";"1456";"4426";"2,92";"1114,56";"1656931,63";"1002"
"1507474";"São João de Pirabas";"6553";"20670";"2,85";"1207,59";"2743161,23";"1200"
"1507508";"São João do Araguaia";"4390";"13612";"3,09";"1484,76";"5195296,56";"1200"
"1507607";"São Miguel do Guamá";"16387";"52837";"2,57";"1446,29";"4240087,73";"1200"
"1507706";"São Sebastião da Boa Vista";"6560";"25539";"3,32";"1155,29";"1537511,05";"1000"
"1507755";"Sapucaia";"1776";"5812";"2,86";"1943,39";"56385374,69";"1212"
"1507805";"Senador José Porfírio";"6486";"22166";"3,46";"1448,51";"4138713,76";"1212"
"1507904";"Soure";"7079";"24168";"3,43";"1561,56";"5226665,95";"1212"
"1507953";"Tailândia";"21583";"72351";"3,36";"1771,28";"17981185,67";"1212"
"1507961";"Terra Alta";"3355";"10393";"2,48";"1271,43";"2089258,05";"1200"
"1507979";"Terra Santa";"4997";"18745";"3,99";"1621,00";"3771142,50";"1200"
"1508001";"Tomé-Açu";"19786";"67243";"3,01";"1542,35";"10525638,72";"1212"
"1508035";"Tracuateua";"8733";"28573";"2,74";"1089,80";"2547405,72";"710"
"1508050";"Trairão";"4684";"15201";"2,69";"1816,35";"4651659,56";"1212"
"1508084";"Tucumã";"12824";"39481";"2,17";"2231,65";"9630414,19";"1500"
"1508100";"Tucuruí";"27397";"90687";"2,98";"2224,34";"11998849,24";"1212"
"1508126";"Ulianópolis";"9695";"37838";"4,25";"1748,58";"6068442,20";"1250"
"1508159";"Uruará";"14233";"43375";"2,40";"1639,85";"4881321,34";"1212"
"1508209";"Vigia";"15790";"50774";"2,62";"1361,36";"3019516,06";"1200"
"1508308";"Viseu";"16232";"58599";"3,67";"1092,53";"1371859,10";"800"
"1508357";"Vitória do Xingu";"4902";"15550";"2,89";"1604,72";"3654821,98";"1212"
"1508407";"Xinguara";"17900";"52546";"2,13";"2205,81";"59095629,61";"1212"
"1600055";"Serra do Navio";"1364";"4631";"3,13";"2136,56";"5624584,27";"1500"
"1600105";"Amapá";"2054";"7908";"4,92";"1804,03";"7871419,01";"1212"
"1600154";"Pedra Branca do Amapari";"3201";"12180";"5,13";"1961,53";"7113211,99";"1224"
"1600204";"Calçoene";"2772";"10406";"4,67";"1725,26";"5217038,67";"1212"
"1600212";"Cutias";"1156";"4426";"4,84";"1408,53";"2577111,48";"1212"
"1600238";"Ferreira Gomes";"1795";"6645";"4,32";"1861,27";"10360049,71";"1212"
"1600253";"Itaubal";"1360";"5579";"5,17";"1454,60";"2149605,04";"1200"
"1600279";"Laranjal do Jari";"10319";"35006";"3,52";"1757,23";"9176867,03";"1212"
"1600303";"Macapá";"123465";"439820";"3,85";"2943,42";"20591671,37";"1300"
"1600402";"Mazagão";"5310";"21745";"4,80";"1597,29";"3922981,01";"1200"
"1600501";"Oiapoque";"7009";"26922";"4,94";"1977,73";"9099441,39";"1212"
"1600535";"Porto Grande";"5007";"17777";"3,82";"1723,36";"5201977,43";"1212"
"1600550";"Pracuúba";"913";"3800";"5,21";"1351,20";"2512325,51";"1212"
"1600600";"Santana";"28788";"107306";"3,98";"2149,24";"11499683,65";"1212"
"1600709";"Tartarugalzinho";"3315";"12871";"4,78";"1600,06";"9678464,88";"1200"
"1600808";"Vitória do Jari";"3006";"11244";"4,05";"1568,42";"9630100,62";"1200"
"1700251";"Abreulândia";"925";"2575";"2,05";"2005,18";"7804736,42";"1212"
"1700301";"Aguiarnópolis";"1436";"4481";"2,25";"1937,00";"9469618,71";"1212"
"1700350";"Aliança do Tocantins";"1849";"5134";"2,10";"1855,90";"9741083,24";"1212"
"1700400";"Almas";"2078";"6456";"2,98";"1654,93";"3085006,12";"1212"
"1700707";"Alvorada";"3119";"8765";"1,91";"2508,18";"16199009,68";"1250"
"1701002";"Ananás";"3182";"10151";"2,69";"1789,28";"5060691,95";"1212"
"1701051";"Angico";"894";"2872";"2,37";"1713,33";"2499582,02";"1212"
"1701101";"Aparecida do Rio Negro";"1659";"4826";"2,29";"1956,09";"8410922,14";"1212"
"1701309";"Aragominas";"1834";"5283";"2,53";"1615,09";"3038502,42";"1212"
"1701903";"Araguacema";"2061";"5914";"2,27";"1977,86";"29984029,28";"1212"
"1702000";"Araguaçu";"3046";"8038";"1,69";"2266,67";"9256424,04";"1300"
"1702109";"Araguaína";"57622";"170741";"2,12";"2746,01";"16209804,92";"1500"
"1702158";"Araguanã";"1465";"4292";"2,39";"1468,67";"2198506,96";"1212"
"1702208";"Araguatins";"10210";"31834";"2,52";"1891,82";"19572261,27";"1212"
"1702307";"Arapoema";"1962";"5542";"2,10";"2020,82";"12381791,85";"1212"
"1702406";"Arraias";"3727";"10194";"2,45";"2224,80";"293481106,23";"1212"
"1702554";"Augustinópolis";"5667";"17405";"2,23";"1919,11";"19780534,63";"1212"
"1702703";"Aurora do Tocantins";"1273";"3340";"1,74";"1689,93";"4205908,39";"1212"
"1702901";"Axixá do Tocantins";"2915";"10259";"3,47";"1593,39";"4839143,86";"1212"
"1703008";"Babaçulândia";"2682";"7875";"2,56";"1555,40";"3354749,45";"1212"
"1703057";"Bandeirantes do Tocantins";"1161";"3397";"2,16";"2007,76";"5264820,33";"1275"
"1703073";"Barra do Ouro";"1363";"4475";"3,05";"3801,91";"7021210077,64";"1212"
"1703107";"Barrolândia";"1751";"4792";"2,12";"1809,59";"8621502,40";"1212"
"1703206";"Bernardo Sayão";"1516";"4205";"1,96";"2041,66";"8702352,61";"1212"
"1703305";"Bom Jesus do Tocantins";"1337";"4037";"2,41";"1867,92";"8547333,87";"1212"
"1703602";"Brasilândia do Tocantins";"689";"1974";"2,03";"1763,49";"4448844,44";"1212"
"1703701";"Brejinho de Nazaré";"1709";"4723";"2,12";"1707,20";"6595557,76";"1212"
"1703800";"Buriti do Tocantins";"2851";"10303";"3,75";"1390,71";"3212458,41";"1212"
"1703826";"Cachoeirinha";"638";"1961";"2,38";"1486,72";"1659387,04";"1212"
"1703842";"Campos Lindos";"2419";"8623";"3,71";"1997,01";"8864595,21";"1225"
"1703867";"Cariri do Tocantins";"1280";"3628";"2,08";"2081,82";"4878288,11";"1212"
"1703883";"Carmolândia";"747";"2198";"2,13";"1746,50";"2796980,74";"1212"
"1703891";"Carrasco Bonito";"1012";"3318";"2,28";"1269,19";"890865,82";"1212"
"1703909";"Caseara";"1629";"4818";"2,69";"1847,00";"12519101,48";"1212"
"1704105";"Centenário";"772";"2131";"2,06";"1577,30";"2245608,62";"1212"
"1704600";"Chapada de Areia";"563";"1499";"2,15";"1584,80";"1451558,46";"1212"
"1705102";"Chapada da Natividade";"1028";"3117";"2,72";"1641,54";"8903310,22";"1212"
"1705508";"Colinas do Tocantins";"11816";"34091";"2,05";"2381,67";"13442725,75";"1240"
"1705557";"Combinado";"1741";"4732";"1,89";"1917,87";"6165709,49";"1212"
"1705607";"Conceição do Tocantins";"1295";"3874";"2,74";"1795,36";"4562719,46";"1212"
"1706001";"Couto Magalhães";"1845";"5327";"2,32";"1695,99";"4028081,51";"1212"
"1706100";"Cristalândia";"2346";"6330";"2,11";"2087,34";"7183909,59";"1212"
"1706258";"Crixás do Tocantins";"508";"1462";"2,28";"1824,08";"2289505,15";"1212"
"1706506";"Darcinópolis";"1990";"5807";"2,38";"1558,22";"6155811,28";"1212"
"1707009";"Dianópolis";"5816";"17676";"2,43";"2228,72";"9748378,66";"1212"
"1707108";"Divinópolis do Tocantins";"2533";"7011";"2,08";"2041,79";"10497646,11";"1212"
"1707207";"Dois Irmãos do Tocantins";"2290";"6327";"1,84";"1947,85";"6276017,97";"1212"
"1707306";"Dueré";"1626";"4241";"2,15";"2081,80";"11529285,60";"1373.5"
"1707405";"Esperantina";"2317";"7525";"2,82";"1342,43";"1688557,14";"1200"
"1707553";"Fátima";"1194";"3452";"2,40";"1980,51";"7374326,28";"1212"
"1707652";"Figueirópolis";"1948";"5205";"1,81";"2062,13";"5691294,37";"1212"
"1707702";"Filadélfia";"2556";"7707";"2,79";"1558,64";"3860432,61";"1212"
"1708205";"Formoso do Araguaia";"6434";"18693";"2,53";"2065,41";"6640300,53";"1212"
"1708254";"Tabocão";"1145";"3451";"2,13";"1918,82";"4501312,07";"1212"
"1708304";"Goianorte";"1691";"4738";"1,63";"1746,10";"5043196,88";"1212"
"1709005";"Goiatins";"3691";"12388";"4,08";"1583,83";"4125253,10";"1212"
"1709302";"Guaraí";"8831";"24646";"1,92";"2665,24";"17463108,24";"1300"
"1709500";"Gurupi";"30584";"85008";"1,91";"3036,26";"85548571,55";"1800"
"1709807";"Ipueiras";"563";"1586";"2,49";"1755,94";"3230113,02";"1212"
"1710508";"Itacajá";"2150";"6767";"3,43";"1867,95";"6788452,18";"1212"
"1710706";"Itaguatins";"1742";"5167";"2,35";"1647,90";"5773753,80";"1212"
"1710904";"Itapiratins";"1274";"3575";"2,17";"1813,29";"15272499,47";"1212"
"1711100";"Itaporã do Tocantins";"822";"2366";"1,93";"1959,58";"5906155,50";"1212"
"1711506";"Jaú do Tocantins";"1237";"3332";"1,80";"1997,95";"14272466,43";"1212"
"1711803";"Juarina";"737";"2243";"2,75";"1422,08";"1870930,05";"1212"
"1711902";"Lagoa da Confusão";"4797";"15230";"3,52";"2263,59";"18529808,62";"1500"
"1711951";"Lagoa do Tocantins";"1068";"3516";"3,43";"1526,29";"3264628,83";"1212"
"1712009";"Lajeado";"1164";"3334";"2,36";"2603,36";"10924681,40";"1500"
"1712157";"Lavandeira";"586";"1626";"1,96";"1696,31";"3388231,72";"1212"
"1712405";"Lizarda";"984";"2986";"3,09";"1653,15";"6814860,96";"1212"
"1712454";"Luzinópolis";"870";"2699";"2,40";"1611,10";"16637616,80";"1200"
"1712504";"Marianópolis do Tocantins";"1594";"4533";"2,26";"1809,21";"4060438,13";"1212"
"1712702";"Mateiros";"805";"2700";"4,08";"1886,01";"5490118,18";"1212"
"1712801";"Maurilândia do Tocantins";"988";"3045";"3,05";"1479,71";"2812612,74";"1200"
"1713205";"Miracema do Tocantins";"6365";"18439";"2,23";"2309,03";"12360425,95";"1212"
"1713304";"Miranorte";"4394";"12654";"2,01";"1953,55";"6905801,68";"1212"
"1713601";"Monte do Carmo";"1929";"5686";"2,75";"1873,67";"10941388,57";"1212"
"1713700";"Monte Santo do Tocantins";"882";"2395";"2,22";"1646,50";"2123747,31";"1212"
"1713809";"Palmeiras do Tocantins";"1553";"4869";"2,48";"1346,60";"1627132,36";"1212"
"1713957";"Muricilândia";"1178";"3353";"2,57";"1749,62";"3880384,66";"1212"
"1714203";"Natividade";"3058";"8726";"2,62";"1936,25";"8162448,80";"1212"
"1714302";"Nazaré";"1531";"4515";"2,28";"1543,15";"3516062,98";"1200"
"1714880";"Nova Olinda";"3517";"10352";"2,28";"1655,76";"2590786,70";"1212"
"1715002";"Nova Rosalândia";"1167";"3353";"2,19";"1971,19";"12603488,98";"1212"
"1715101";"Novo Acordo";"1325";"3939";"2,65";"1829,59";"10102461,57";"1212"
"1715150";"Novo Alegre";"718";"1843";"1,84";"2005,13";"8960281,73";"1212"
"1715259";"Novo Jardim";"704";"2210";"2,66";"1798,45";"2786173,62";"1238"
"1715507";"Oliveira de Fátima";"398";"1164";"2,25";"2079,58";"8965090,61";"1230"
"1715705";"Palmeirante";"1663";"4786";"2,57";"1545,68";"2747347,47";"1212"
"1715754";"Palmeirópolis";"2524";"6926";"1,84";"2129,05";"6460059,26";"1212"
"1716109";"Paraíso do Tocantins";"18285";"52120";"2,04";"2680,18";"14652517,72";"1600"
"1716208";"Paranã";"3666";"10510";"2,71";"1538,61";"4075153,53";"1212"
"1716307";"Pau D'Arco";"1372";"4040";"2,35";"1724,03";"3091001,48";"1212"
"1716505";"Pedro Afonso";"4731";"13927";"2,22";"2464,52";"10354442,14";"1332"
"1716604";"Peixe";"3418";"9286";"2,14";"1961,91";"8404835,34";"1212"
"1716653";"Pequizeiro";"1706";"4921";"2,01";"1845,31";"5033314,84";"1212"
"1716703";"Colméia";"3209";"8892";"1,85";"2049,91";"7564934,34";"1212"
"1717008";"Pindorama do Tocantins";"1488";"4466";"2,54";"1512,50";"2801685,55";"1212"
"1717206";"Piraquê";"793";"2281";"2,01";"1627,96";"2222443,90";"1212"
"1717503";"Pium";"2364";"7083";"3,45";"2005,57";"7011699,42";"1212"
"1717800";"Ponte Alta do Bom Jesus";"1580";"4212";"2,18";"1498,85";"5884619,41";"1212"
"1717909";"Ponte Alta do Tocantins";"2494";"7525";"2,91";"1658,19";"4751416,23";"1212"
"1718006";"Porto Alegre do Tocantins";"922";"2865";"2,81";"1680,58";"2833796,77";"1212"
"1718204";"Porto Nacional";"21346";"64166";"2,27";"2597,90";"12516449,30";"1500"
"1718303";"Praia Norte";"2454";"9031";"3,29";"1415,48";"1999718,86";"1212"
"1718402";"Presidente Kennedy";"1066";"3045";"2,07";"1758,29";"2226068,05";"1212"
"1718451";"Pugmil";"785";"2187";"2,09";"1740,53";"5278908,66";"1212"
"1718501";"Recursolândia";"1043";"3419";"3,34";"1346,53";"3317341,74";"1212"
"1718550";"Riachinho";"1259";"3953";"2,34";"1429,27";"1839858,44";"1212"
"1718659";"Rio da Conceição";"566";"1747";"2,62";"1664,86";"2502393,35";"1212"
"1718709";"Rio dos Bois";"961";"2738";"2,36";"1613,87";"2337003,88";"1212"
"1718758";"Rio Sono";"1661";"4834";"2,29";"1843,60";"14615715,34";"1212"
"1718808";"Sampaio";"1254";"4205";"2,94";"1402,80";"2743939,24";"1212"
"1718840";"Sandolândia";"1303";"3679";"2,15";"1954,21";"10990092,01";"1212"
"1718865";"Santa Fé do Araguaia";"2361";"7145";"2,70";"1851,24";"5075046,22";"1212"
"1718881";"Santa Maria do Tocantins";"922";"2657";"2,19";"1743,26";"3015945,95";"1212"
"1718899";"Santa Rita do Tocantins";"780";"2210";"2,53";"2297,53";"17651141,11";"1436"
"1718907";"Santa Rosa do Tocantins";"1566";"4653";"2,79";"1640,38";"2887055,62";"1212"
"1719004";"Santa Tereza do Tocantins";"853";"2781";"2,96";"1880,21";"8793400,78";"1212"
"1720002";"Santa Terezinha do Tocantins";"791";"2406";"2,34";"1575,62";"6069219,32";"1212"
"1720101";"São Bento do Tocantins";"1703";"5624";"2,79";"1512,69";"4443161,27";"1212"
"1720150";"São Félix do Tocantins";"547";"1766";"3,24";"2167,55";"10834569,89";"1212"
"1720200";"São Miguel do Tocantins";"4058";"13233";"2,95";"2177,17";"1485291172,05";"1212"
"1720259";"São Salvador do Tocantins";"855";"2370";"2,21";"1597,74";"7821416,89";"1212"
"1720309";"São Sebastião do Tocantins";"1235";"4100";"2,86";"1707,95";"10821764,29";"1212"
"1720499";"São Valério";"1695";"4413";"2,03";"1849,46";"14083036,63";"1212"
"1720655";"Silvanópolis";"1728";"5108";"2,59";"1904,16";"6124411,91";"1212"
"1720804";"Sítio Novo do Tocantins";"3260";"10814";"3,16";"1518,88";"2973013,35";"1212"
"1720853";"Sucupira";"591";"1577";"1,92";"1840,79";"6727123,61";"1212"
"1720903";"Taguatinga";"5011";"13957";"2,21";"1649,94";"5208679,95";"1212"
"1720937";"Taipas do Tocantins";"680";"2019";"2,47";"1814,16";"5805872,47";"1212"
"1720978";"Talismã";"916";"2436";"1,76";"2048,04";"4521364,94";"1250"
"1721000";"Palmas";"105951";"301375";"2,12";"4165,72";"156720899,24";"2060"
"1721109";"Tocantínia";"1909";"6978";"4,65";"1867,25";"7636617,26";"1212"
"1721208";"Tocantinópolis";"7356";"22344";"2,58";"1958,98";"9431103,83";"1212"
"1721257";"Tupirama";"658";"1909";"2,20";"2165,78";"4533063,54";"1500"
"1721307";"Tupiratins";"678";"1865";"1,84";"1653,77";"6467361,72";"1212"
"1722081";"Wanderlândia";"3537";"10506";"2,45";"1579,80";"4162698,19";"1212"
"1722107";"Xambioá";"3510";"10503";"2,17";"1947,23";"9189064,48";"1220"
"2100055";"Açailândia";"34374";"106151";"2,12";"1947,50";"5903243,91";"1212"
"2100105";"Afonso Cunha";"1699";"6132";"3,45";"2108,75";"432660070,74";"1200"
"2100154";"Água Doce do Maranhão";"3543";"12137";"3,06";"1115,70";"1494444,24";"1200"
"2100204";"Alcântara";"6271";"18424";"2,37";"1169,58";"1775748,79";"1200"
"2100303";"Aldeias Altas";"6664";"23283";"3,45";"1112,05";"1197057,35";"1200"
"2100402";"Altamira do Maranhão";"1950";"6446";"2,61";"1361,99";"2430855,21";"1200"
"2100436";"Alto Alegre do Maranhão";"7540";"24019";"2,63";"1197,25";"3489937,05";"1100"
"2100477";"Alto Alegre do Pindaré";"7425";"25611";"2,95";"1300,00";"1976063,87";"1200"
"2100501";"Alto Parnaíba";"3403";"11042";"3,55";"1662,50";"9970342,95";"1212"
"2100550";"Amapá do Maranhão";"2025";"7170";"3,17";"1141,56";"1025013,55";"1200"
"2100600";"Amarante do Maranhão";"10775";"36656";"3,10";"1376,69";"5324125,33";"1200"
"2100709";"Anajatuba";"8159";"25312";"2,46";"1129,98";"1429093,43";"1070"
"2100808";"Anapurus";"3988";"13732";"2,75";"1248,48";"3373697,25";"1100"
"2100832";"Apicum-Açu";"5044";"17487";"3,49";"1105,81";"1350587,53";"900"
"2100873";"Araguanã";"3207";"11166";"3,19";"1165,74";"1265248,21";"1200"
"2100907";"Araioses";"11973";"39024";"2,87";"1069,01";"1770012,70";"900"
"2100956";"Arame";"7105";"25284";"3,19";"1264,25";"4723432,67";"1200"
"2101004";"Arari";"8961";"29429";"2,58";"1389,71";"3415616,57";"1200"
"2101103";"Axixá";"3338";"11758";"3,20";"1256,20";"1578129,87";"1212"
"2101202";"Bacabal";"32889";"103497";"2,53";"1638,82";"5359382,19";"1212"
"2101251";"Bacabeira";"5286";"16942";"2,54";"1303,27";"2801658,74";"1200"
"2101301";"Bacuri";"5111";"16200";"2,95";"1187,00";"2363803,16";"1200"
"2101350";"Bacurituba";"1742";"5250";"2,92";"1042,41";"735707,89";"1000"
"2101400";"Balsas";"30809";"101308";"2,66";"2637,12";"358175003,71";"1250"
"2101509";"Barão de Grajaú";"6226";"18957";"2,25";"1492,55";"2527124,71";"1212"
"2101608";"Barra do Corda";"27006";"84079";"2,40";"1666,76";"409704140,14";"1212"
"2101707";"Barreirinhas";"17968";"65457";"3,35";"1290,22";"32843504,63";"1200"
"2101731";"Belágua";"2070";"8460";"4,58";"2850,26";"5458439910,94";"710"
"2101772";"Bela Vista do Maranhão";"3492";"11736";"2,73";"1275,47";"1503905,53";"1200"
"2101806";"Benedito Leite";"1756";"5449";"2,52";"1251,32";"1525638,85";"1200"
"2101905";"Bequimão";"6703";"19499";"2,36";"1166,20";"2037644,81";"1200"
"2101939";"Bernardo do Mearim";"1799";"5829";"2,70";"1362,06";"1610921,60";"1212"
"2101970";"Boa Vista do Gurupi";"2146";"7550";"3,46";"1284,47";"9052894,19";"1184"
"2102002";"Bom Jardim";"9746";"32993";"3,02";"1227,22";"2204377,24";"1200"
"2102036";"Bom Jesus das Selvas";"8264";"28534";"3,28";"1376,93";"3732816,02";"1200"
"2102077";"Bom Lugar";"3559";"12199";"2,95";"1091,48";"908209,03";"1121"
"2102101";"Brejo";"9640";"34072";"3,18";"1143,91";"2603199,96";"900"
"2102150";"Brejo de Areia";"2545";"9200";"2,98";"1030,22";"2168190,03";"800"
"2102200";"Buriti";"8083";"29628";"4,04";"1090,72";"1370828,25";"1000"
"2102309";"Buriti Bravo";"6658";"22424";"2,88";"1198,86";"1878622,09";"1200"
"2102325";"Buriticupu";"16333";"55384";"2,84";"1425,92";"5255086,52";"1200"
"2102358";"Buritirana";"4116";"12900";"2,41";"1292,80";"1217074,51";"1212"
"2102374";"Cachoeira Grande";"2592";"9389";"3,41";"988,14";"998707,37";"700"
"2102408";"Cajapió";"3142";"10104";"2,81";"1048,72";"956825,88";"1000"
"2102507";"Cajari";"4905";"16387";"3,08";"1079,31";"1667318,91";"1000"
"2102556";"Campestre do Maranhão";"3842";"12240";"2,41";"1624,13";"9260313,80";"1212"
"2102606";"Cândido Mendes";"5677";"19908";"3,18";"1101,81";"1235298,12";"1000"
"2102705";"Cantanhede";"6014";"24266";"5,60";"1210,86";"2131964,50";"1000"
"2102754";"Capinzal do Norte";"3579";"11370";"2,53";"1353,40";"2738687,22";"1200"
"2102804";"Carolina";"7811";"23896";"2,72";"1679,25";"4462241,87";"1212"
"2102903";"Carutapera";"7065";"24229";"3,02";"1155,74";"1630815,02";"1000"
"2103000";"Caxias";"48187";"156712";"2,82";"1645,38";"27337644,63";"1212"
"2103109";"Cedral";"3203";"10185";"2,92";"1023,89";"1043487,60";"1000"
"2103125";"Central do Maranhão";"2204";"7068";"3,36";"1040,58";"2118301,62";"900"
"2103158";"Centro do Guilherme";"3271";"12285";"3,49";"1448,68";"3666610,28";"1212"
"2103174";"Centro Novo do Maranhão";"4503";"16220";"3,67";"1231,20";"4518167,85";"1000"
"2103208";"Chapadinha";"23965";"81233";"2,92";"1385,27";"4373108,75";"1212"
"2103257";"Cidelândia";"4141";"12853";"2,49";"1447,35";"2533770,22";"1212"
"2103307";"Codó";"34855";"113847";"2,94";"1392,36";"3187675,18";"1202"
"2103406";"Coelho Neto";"11916";"41635";"3,20";"1301,94";"1966159,63";"1212"
"2103505";"Colinas";"12476";"40178";"2,55";"1351,85";"5648863,90";"1200"
"2103554";"Conceição do Lago-Açu";"4105";"14898";"3,39";"1141,82";"32459580,13";"800"
"2103604";"Coroatá";"18889";"59338";"2,73";"1269,67";"2986870,70";"1200"
"2103703";"Cururupu";"10028";"31431";"3,01";"1226,66";"2690058,65";"1200"
"2103752";"Davinópolis";"4566";"14269";"2,30";"1568,37";"2937724,77";"1212"
"2103802";"Dom Pedro";"7305";"23016";"2,29";"1534,34";"5477042,92";"1200"
"2103901";"Duque Bacelar";"2748";"10218";"3,53";"1150,53";"1434676,16";"1000"
"2104008";"Esperantinópolis";"5630";"18299";"2,47";"1355,11";"2353963,74";"1212"
"2104057";"Estreito";"10763";"33268";"2,31";"1904,14";"9612295,66";"1212"
"2104073";"Feira Nova do Maranhão";"2484";"8048";"2,54";"1362,65";"3085439,19";"1200"
"2104081";"Fernando Falcão";"2650";"10773";"6,08";"1096,96";"1896702,43";"1100"
"2104099";"Formosa da Serra Negra";"5128";"17675";"2,84";"1319,95";"3552623,80";"1200"
"2104107";"Fortaleza dos Nogueiras";"3902";"12618";"2,31";"1583,98";"6355589,87";"1212"
"2104206";"Fortuna";"5136";"16971";"2,89";"1306,67";"3574752,92";"1212"
"2104305";"Godofredo Viana";"3131";"10127";"2,79";"1515,59";"9632871,13";"1200"
"2104404";"Gonçalves Dias";"5339";"17195";"2,61";"1330,33";"2747623,30";"1200"
"2104503";"Governador Archer";"2967";"10227";"3,63";"1420,86";"3781432,60";"1212"
"2104552";"Governador Edison Lobão";"5953";"18279";"2,29";"1531,03";"2074387,03";"1212"
"2104602";"Governador Eugênio Barros";"4349";"13925";"2,83";"1342,03";"2307812,81";"1212"
"2104628";"Governador Luiz Rocha";"2183";"7055";"2,46";"1371,67";"2899991,19";"1212"
"2104651";"Governador Newton Bello";"2806";"10704";"2,90";"1081,78";"739217,04";"1000"
"2104677";"Governador Nunes Freire";"6738";"22915";"3,05";"1468,64";"106527411,85";"1200"
"2104701";"Graça Aranha";"1978";"6021";"2,21";"1311,08";"2034005,03";"1212"
"2104800";"Grajaú";"21687";"73260";"2,88";"1584,55";"6587933,82";"1212"
"2104909";"Guimarães";"3516";"10277";"2,55";"1154,73";"1804196,47";"1200"
"2105005";"Humberto de Campos";"6983";"25645";"3,75";"1004,91";"1290494,99";"629"
"2105104";"Icatu";"6905";"24769";"4,00";"1012,65";"989315,64";"821.5"
"2105153";"Igarapé do Meio";"4033";"13961";"2,93";"1204,37";"1302134,95";"1200"
"2105203";"Igarapé Grande";"3220";"10226";"2,26";"1344,14";"2076953,02";"1200"
"2105302";"Imperatriz";"90436";"272340";"2,21";"2547,01";"14842805,07";"1215"
"2105351";"Itaipava do Grajaú";"3787";"13734";"2,99";"1198,09";"1896325,48";"1112"
"2105401";"Itapecuru Mirim";"18806";"60030";"2,83";"1246,64";"2235466,32";"1200"
"2105427";"Itinga do Maranhão";"7300";"22381";"2,24";"1617,08";"6984743,69";"1212"
"2105450";"Jatobá";"2280";"7458";"2,41";"1203,82";"1366604,50";"1000"
"2105476";"Jenipapo dos Vieiras";"4540";"16457";"3,74";"1217,80";"1847819,03";"1000"
"2105500";"João Lisboa";"7622";"24553";"2,36";"1541,54";"2068684,49";"1212"
"2105609";"Joselândia";"4464";"14901";"2,51";"1295,59";"3365125,95";"1200"
"2105658";"Junco do Maranhão";"1499";"5138";"3,04";"1266,83";"7432180,90";"1200"
"2105708";"Lago da Pedra";"13467";"44337";"2,54";"1432,67";"3169925,42";"1212"
"2105807";"Lago do Junco";"2869";"9501";"2,57";"1388,62";"5004800,83";"1212"
"2105906";"Lago Verde";"4306";"14765";"2,87";"1234,94";"4503224,70";"1200"
"2105922";"Lagoa do Mato";"3167";"10570";"2,42";"1067,35";"1008029,64";"1200"
"2105948";"Lago dos Rodrigues";"2800";"8745";"2,08";"1511,25";"1719544,85";"1212"
"2105963";"Lagoa Grande do Maranhão";"3366";"11405";"2,58";"1153,57";"1732995,77";"1000"
"2105989";"Lajeado Novo";"2342";"7057";"2,19";"1362,68";"4861487,73";"1200"
"2106003";"Lima Campos";"3650";"11269";"2,33";"1421,86";"4113905,31";"1212"
"2106102";"Loreto";"3203";"11596";"3,31";"1572,11";"3871695,64";"1212"
"2106201";"Luís Domingues";"2113";"7153";"3,28";"1240,61";"2530083,50";"1200"
"2106300";"Magalhães de Almeida";"4214";"13799";"2,61";"1228,08";"2322650,96";"1212"
"2106326";"Maracaçumé";"5998";"21127";"3,20";"1220,89";"2326313,60";"1200"
"2106359";"Marajá do Sena";"1916";"7016";"2,89";"1073,98";"1290776,19";"700"
"2106375";"Maranhãozinho";"3287";"13487";"7,80";"1219,20";"1728029,24";"1200"
"2106409";"Mata Roma";"4803";"17069";"3,10";"1304,50";"3853320,39";"1212"
"2106508";"Matinha";"6815";"22003";"2,34";"1086,34";"1631099,86";"1000"
"2106607";"Matões";"9357";"32104";"3,31";"1197,42";"3724950,22";"1200"
"2106631";"Matões do Norte";"3903";"17413";"5,68";"1145,99";"862956,69";"1112"
"2106672";"Milagres do Maranhão";"2363";"8786";"3,39";"997,81";"871362,60";"700"
"2106706";"Mirador";"6232";"21006";"2,83";"1150,46";"1411417,52";"1152"
"2106755";"Miranda do Norte";"6595";"23794";"3,55";"1289,22";"5080789,92";"1200"
"2106805";"Mirinzal";"4519";"13943";"2,70";"1291,87";"2319421,92";"1200"
"2106904";"Monção";"7948";"27715";"3,41";"1076,48";"1919180,41";"1000"
"2107001";"Montes Altos";"2882";"9082";"3,20";"1389,87";"3874250,57";"1212"
"2107100";"Morros";"5180";"18532";"3,32";"1083,68";"1344995,41";"800"
"2107209";"Nina Rodrigues";"3526";"14163";"4,26";"1158,15";"1708078,68";"1000"
"2107258";"Nova Colinas";"1473";"5015";"2,83";"1472,16";"5721532,20";"1212"
"2107308";"Nova Iorque";"1332";"4306";"2,95";"1276,46";"2767724,46";"1212"
"2107357";"Nova Olinda do Maranhão";"4282";"14227";"2,87";"1308,07";"1589983,17";"1200"
"2107407";"Olho d'Água das Cunhãs";"5667";"17899";"2,15";"1379,79";"2124414,54";"1200"
"2107456";"Olinda Nova do Maranhão";"4157";"13563";"2,55";"1088,44";"1073904,41";"1000"
"2107506";"Paço do Lumiar";"47860";"145277";"2,28";"1980,22";"7149784,46";"1212"
"2107605";"Palmeirândia";"6060";"21038";"3,80";"1039,67";"917544,40";"1050"
"2107704";"Paraibano";"5881";"18253";"2,28";"1213,79";"2432608,47";"1200"
"2107803";"Parnarama";"9444";"31232";"3,00";"1196,09";"2625430,32";"1200"
"2107902";"Passagem Franca";"5292";"17204";"2,68";"1264,39";"3624638,81";"1200"
"2108009";"Pastos Bons";"5712";"18800";"2,73";"1437,24";"9281299,23";"1212"
"2108058";"Paulino Neves";"4418";"16994";"4,16";"1120,73";"1214159,40";"1200"
"2108108";"Paulo Ramos";"5957";"20338";"2,72";"1235,59";"5437768,47";"1200"
"2108207";"Pedreiras";"12099";"36805";"2,16";"1824,44";"7319708,86";"1212"
"2108256";"Pedro do Rosário";"6937";"24281";"3,13";"1000,84";"1040888,82";"800"
"2108306";"Penalva";"9663";"32437";"3,10";"1137,59";"2936716,05";"900"
"2108405";"Peri Mirim";"3782";"11107";"2,51";"1184,17";"5121215,45";"1200"
"2108454";"Peritoró";"6196";"20467";"3,12";"1225,76";"6996665,44";"1200"
"2108504";"Pindaré-Mirim";"9429";"31390";"2,88";"1530,18";"3804182,43";"1200"
"2108603";"Pinheiro";"26129";"84224";"2,71";"1489,60";"4958373,38";"1200"
"2108702";"Pio XII";"6514";"21862";"2,62";"1260,39";"1879654,24";"1200"
"2108801";"Pirapemas";"5235";"17681";"4,27";"1180,47";"2076452,24";"1100"
"2108900";"Poção de Pedras";"5705";"17157";"2,04";"1343,52";"4053271,03";"1212"
"2109007";"Porto Franco";"7799";"23763";"2,10";"2011,28";"39844551,12";"1212"
"2109056";"Porto Rico do Maranhão";"1865";"5915";"3,06";"1149,03";"1941315,02";"1212"
"2109106";"Presidente Dutra";"14340";"45038";"2,26";"1807,37";"5682446,60";"1212"
"2109205";"Presidente Juscelino";"3157";"11322";"3,36";"1090,04";"1073782,53";"1000"
"2109239";"Presidente Médici";"1386";"4687";"2,80";"1264,08";"2073267,26";"1212"
"2109270";"Presidente Sarney";"4934";"17503";"3,50";"1050,59";"753780,76";"1120"
"2109304";"Presidente Vargas";"3099";"10495";"2,81";"1161,68";"2154312,25";"900"
"2109403";"Primeira Cruz";"3604";"13603";"4,28";"994,59";"848949,75";"600"
"2109452";"Raposa";"9505";"30799";"2,65";"1534,86";"4212573,95";"1200"
"2109502";"Riachão";"7145";"22044";"2,65";"1455,88";"3446665,17";"1212"
"2109551";"Ribamar Fiquene";"2427";"7417";"2,52";"1508,18";"8185868,45";"1212"
"2109601";"Rosário";"12122";"38314";"2,65";"1278,69";"1654348,44";"1200"
"2109700";"Sambaíba";"1679";"5568";"2,91";"1383,43";"3862832,90";"1212"
"2109759";"Santa Filomena do Maranhão";"1994";"6674";"2,49";"1118,63";"1699057,64";"1212"
"2109809";"Santa Helena";"11015";"41496";"4,83";"1177,20";"2001913,44";"1200"
"2109908";"Santa Inês";"26884";"84778";"2,58";"1829,76";"7618710,76";"1212"
"2110005";"Santa Luzia";"17036";"57509";"2,89";"1417,01";"5086606,21";"1200"
"2110039";"Santa Luzia do Paruá";"7132";"24281";"3,15";"1438,84";"4289542,29";"1212"
"2110104";"Santa Quitéria do Maranhão";"6491";"23949";"3,40";"1047,65";"1091484,55";"800"
"2110203";"Santa Rita";"11295";"36926";"2,66";"1259,04";"1653893,43";"1205"
"2110237";"Santana do Maranhão";"2948";"10527";"3,22";"1023,02";"1163512,09";"1100"
"2110278";"Santo Amaro do Maranhão";"3550";"13923";"4,40";"1113,22";"1361120,93";"1000"
"2110302";"Santo Antônio dos Lopes";"4360";"14285";"2,44";"1387,82";"3482215,79";"1212"
"2110401";"São Benedito do Rio Preto";"5013";"18321";"3,53";"1224,30";"83941230,18";"700"
"2110500";"São Bento";"11893";"46340";"5,20";"1207,60";"2772173,46";"1200"
"2110609";"São Bernardo";"7765";"26917";"3,03";"1134,30";"1512764,54";"1200"
"2110658";"São Domingos do Azeitão";"2248";"7982";"3,09";"1409,84";"5808988,89";"1212"
"2110708";"São Domingos do Maranhão";"10769";"34004";"2,21";"1320,30";"3173757,16";"1200"
"2110807";"São Félix de Balsas";"1415";"4398";"2,61";"1370,79";"4606360,89";"1200"
"2110856";"São Francisco do Brejão";"2835";"9037";"2,49";"1491,05";"2413217,84";"1212"
"2110906";"São Francisco do Maranhão";"3808";"12063";"2,75";"1138,56";"974236,61";"1200"
"2111003";"São João Batista";"5901";"18525";"2,31";"1051,16";"3363541,14";"700"
"2111029";"São João do Carú";"3312";"12245";"3,34";"1087,41";"1870579,50";"900"
"2111052";"São João do Paraíso";"3206";"9901";"2,18";"1650,59";"7014749,59";"1212"
"2111078";"São João do Soter";"5131";"16867";"3,31";"1090,93";"2930470,85";"1200"
"2111102";"São João dos Patos";"8272";"24948";"2,29";"1576,90";"4032207,87";"1212"
"2111201";"São José de Ribamar";"81053";"244420";"2,30";"2145,43";"7460778,40";"1212"
"2111250";"São José dos Basílios";"2108";"6942";"2,31";"1061,46";"754666,18";"1050"
"2111300";"São Luís";"348700";"1032213";"2,33";"2912,05";"45165708,73";"1300"
"2111409";"São Luís Gonzaga do Maranhão";"5547";"17757";"2,46";"1252,11";"22320137,15";"1200"
"2111508";"São Mateus do Maranhão";"11945";"38782";"2,81";"1346,32";"2491633,90";"1200"
"2111532";"São Pedro da Água Branca";"3936";"14298";"3,92";"1579,08";"5201616,57";"1212"
"2111573";"São Pedro dos Crentes";"1709";"5777";"2,91";"1523,39";"9370530,21";"1212"
"2111607";"São Raimundo das Mangabeiras";"5794";"18662";"2,49";"1640,92";"6606459,91";"1212"
"2111631";"São Raimundo do Doca Bezerra";"1683";"5645";"2,30";"1171,08";"1366895,50";"1200"
"2111672";"São Roberto";"1365";"4531";"2,22";"1026,33";"1000053,50";"800"
"2111706";"São Vicente Ferrer";"6243";"19474";"2,57";"1046,49";"1300077,05";"900"
"2111722";"Satubinha";"2449";"8753";"3,38";"1156,31";"1222045,89";"1200"
"2111748";"Senador Alexandre Costa";"3020";"10176";"3,16";"1162,74";"1839455,86";"1111"
"2111763";"Senador La Rocque";"4605";"14666";"2,58";"1470,88";"3088384,78";"1212"
"2111789";"Serrano do Maranhão";"3136";"10160";"3,65";"1040,17";"872899,96";"800"
"2111805";"Sítio Novo";"5194";"17053";"2,41";"1373,62";"3401139,77";"1200"
"2111904";"Sucupira do Norte";"3127";"10235";"2,61";"1353,78";"4579863,53";"1200"
"2111953";"Sucupira do Riachão";"1563";"4972";"2,50";"1206,83";"1235885,36";"1212"
"2112001";"Tasso Fragoso";"2634";"8824";"2,91";"1576,88";"3296680,01";"1212"
"2112100";"Timbiras";"7575";"26480";"3,37";"1234,19";"3883073,48";"1200"
"2112209";"Timon";"54192";"173728";"2,58";"1732,12";"4566066,48";"1212"
"2112233";"Trizidela do Vale";"7272";"22463";"2,13";"1435,56";"2482384,62";"1212"
"2112274";"Tufilândia";"1567";"5506";"3,19";"1227,34";"963311,09";"1212"
"2112308";"Tuntum";"11365";"36148";"2,40";"1279,97";"2702329,11";"1200"
"2112407";"Turiaçu";"10222";"37436";"4,23";"1101,36";"2386981,70";"800"
"2112456";"Turilândia";"7210";"31598";"6,78";"1023,49";"664601,00";"1000"
"2112506";"Tutóia";"14737";"53145";"3,48";"1231,47";"14709393,89";"1100"
"2112605";"Urbano Santos";"8599";"32790";"3,79";"1225,48";"2457459,01";"1200"
"2112704";"Vargem Grande";"12871";"43209";"3,45";"1206,53";"7515736,25";"940"
"2112803";"Viana";"15759";"51214";"2,65";"1179,01";"1872748,91";"1120"
"2112852";"Vila Nova dos Martírios";"3312";"10350";"2,52";"1554,26";"2729989,21";"1212"
"2112902";"Vitória do Mearim";"9350";"30751";"2,86";"1296,46";"6198706,71";"1200"
"2113009";"Vitorino Freire";"9764";"30801";"2,28";"1265,96";"2188316,23";"1212"
"2114007";"Zé Doca";"12622";"40655";"2,60";"1397,04";"3020906,84";"1200"
"2200053";"Acauã";"2211";"6398";"1,76";"1103,02";"885043,79";"1200"
"2200103";"Agricolândia";"1722";"4939";"1,94";"1354,47";"1703784,88";"1200"
"2200202";"Água Branca";"5880";"17565";"2,19";"1502,79";"3111670,62";"1212"
"2200251";"Alagoinha do Piauí";"2575";"6819";"1,47";"1055,16";"1014469,08";"1200"
"2200277";"Alegrete do Piauí";"1595";"4629";"1,88";"1277,60";"8652109,96";"1200"
"2200301";"Alto Longá";"4665";"13479";"2,06";"1189,77";"2437694,61";"1200"
"2200400";"Altos";"15170";"46570";"2,23";"1523,43";"3014924,90";"1212"
"2200459";"Alvorada do Gurguéia";"1670";"5322";"2,35";"1269,55";"2549019,22";"1212"
"2200509";"Amarante";"5516";"17171";"2,87";"1415,66";"6246970,70";"1212"
"2200608";"Angical do Piauí";"2454";"6815";"2,12";"1449,04";"2216405,42";"1212"
"2200707";"Anísio de Abreu";"3186";"9389";"1,99";"1292,21";"2499059,46";"1200"
"2200806";"Antônio Almeida";"1040";"3145";"2,43";"1687,96";"3436647,40";"1212"
"2200905";"Aroazes";"1817";"5369";"2,13";"1245,10";"1228742,63";"1200"
"2200954";"Aroeiras do Itaim";"940";"2690";"1,74";"1088,52";"319316,18";"1212"
"2201002";"Arraial";"1533";"4519";"2,42";"1228,24";"1356621,63";"1212"
"2201051";"Assunção do Piauí";"2352";"7452";"2,58";"1062,62";"1103083,41";"1170"
"2201101";"Avelino Lopes";"3663";"10861";"2,03";"1288,74";"3447403,43";"1212"
"2201150";"Baixa Grande do Ribeiro";"3883";"13235";"2,49";"1713,03";"7859087,55";"1212"
"2201176";"Barra D'Alcântara";"1463";"3995";"1,86";"1192,36";"1725868,93";"1212"
"2201200";"Barras";"14533";"47920";"2,60";"1285,57";"2853118,45";"1200"
"2201309";"Barreiras do Piauí";"1009";"3257";"3,22";"1252,22";"4361945,48";"1200"
"2201408";"Barro Duro";"2177";"6631";"2,35";"1325,52";"2406125,57";"1212"
"2201507";"Batalha";"8687";"26233";"2,31";"1132,31";"1446437,67";"1200"
"2201556";"Bela Vista do Piauí";"1233";"4086";"2,62";"1353,60";"8033557,46";"1212"
"2201572";"Belém do Piauí";"1131";"3423";"2,43";"1271,90";"3219744,93";"1212"
"2201606";"Beneditinos";"3510";"9926";"2,09";"1223,81";"1463245,68";"1200"
"2201705";"Bertolínia";"1763";"5542";"2,46";"1507,05";"3193811,22";"1212"
"2201739";"Betânia do Piauí";"2048";"6219";"2,12";"1001,41";"853438,47";"1000"
"2201770";"Boa Hora";"2082";"6883";"2,86";"1057,18";"970969,76";"900"
"2201804";"Bocaina";"1577";"4077";"1,56";"1545,89";"4598989,51";"1212"
"2201903";"Bom Jesus";"8991";"28734";"2,34";"2200,16";"12731548,13";"1212"
"2201919";"Bom Princípio do Piauí";"1819";"5634";"2,39";"1230,80";"2728644,01";"1212"
"2201929";"Bonfim do Piauí";"1977";"5890";"2,05";"1141,40";"1276340,86";"1212"
"2201945";"Boqueirão do Piauí";"2096";"6545";"2,42";"1268,03";"1652905,30";"1212"
"2201960";"Brasileira";"2820";"8436";"2,05";"1299,03";"2065948,41";"1212"
"2201988";"Brejo do Piauí";"1382";"3887";"1,72";"1093,40";"1130625,42";"1212"
"2202000";"Buriti dos Lopes";"6185";"19646";"2,63";"1232,57";"1958782,01";"1200"
"2202026";"Buriti dos Montes";"2363";"7431";"2,48";"1234,90";"2034665,60";"1200"
"2202059";"Cabeceiras do Piauí";"3208";"10212";"2,34";"1137,61";"4306345,43";"1200"
"2202075";"Cajazeiras do Piauí";"1047";"3107";"2,19";"1127,54";"756302,74";"1212"
"2202083";"Cajueiro da Praia";"2500";"7946";"2,62";"1453,63";"4203483,77";"1212"
"2202091";"Caldeirão Grande do Piauí";"1857";"5503";"1,90";"1234,15";"2042963,38";"1212"
"2202109";"Campinas do Piauí";"1771";"4932";"1,90";"1148,81";"1016630,22";"1200"
"2202117";"Campo Alegre do Fidalgo";"1597";"4614";"2,12";"1191,73";"1190668,33";"1212"
"2202133";"Campo Grande do Piauí";"2083";"6014";"1,76";"1168,52";"1026906,53";"1200"
"2202174";"Campo Largo do Piauí";"2193";"7419";"3,41";"988,59";"856659,17";"700"
"2202208";"Campo Maior";"15482";"45638";"2,04";"1714,31";"4765392,72";"1212"
"2202251";"Canavieira";"1126";"3414";"2,56";"1181,82";"1714446,59";"1212"
"2202307";"Canto do Buriti";"6803";"19345";"1,87";"1562,13";"4865430,20";"1212"
"2202406";"Capitão de Campos";"3620";"11084";"2,15";"1178,90";"1331099,33";"1200"
"2202455";"Capitão Gervásio Oliveira";"1448";"3971";"1,90";"1097,08";"745599,87";"1200"
"2202505";"Caracol";"3320";"10299";"2,21";"1268,60";"3129049,89";"1200"
"2202539";"Caraúbas do Piauí";"1909";"5628";"2,34";"1013,31";"712154,29";"840"
"2202554";"Caridade do Piauí";"1606";"5028";"2,47";"1089,27";"934313,90";"1200"
"2202604";"Castelo do Piauí";"6566";"19271";"2,15";"1278,06";"3832349,07";"1212"
"2202653";"Caxingó";"1768";"5482";"2,64";"1062,08";"1288491,45";"1100"
"2202703";"Cocal";"8940";"28190";"2,59";"1187,73";"2161705,16";"1200"
"2202711";"Cocal de Telha";"1649";"4909";"2,40";"1204,18";"1079993,91";"1212"
"2202729";"Cocal dos Alves";"2207";"6385";"1,77";"1061,82";"852242,94";"1000"
"2202737";"Coivaras";"1287";"4113";"2,58";"1201,93";"1197977,19";"1212"
"2202752";"Colônia do Gurguéia";"2063";"6143";"2,11";"1429,14";"2729043,13";"1212"
"2202778";"Colônia do Piauí";"2364";"6993";"2,17";"1206,26";"1015992,12";"1212"
"2202802";"Conceição do Canindé";"1702";"4919";"2,04";"1189,60";"2186621,41";"1200"
"2202851";"Coronel José Dias";"1485";"4240";"1,95";"1307,25";"8386290,85";"1212"
"2202901";"Corrente";"8572";"27170";"2,62";"1699,32";"6054737,77";"1212"
"2203008";"Cristalândia do Piauí";"2301";"7340";"2,83";"1320,94";"2054457,05";"1212"
"2203107";"Cristino Castro";"3297";"10485";"2,60";"1448,19";"2723051,80";"1212"
"2203206";"Curimatá";"3644";"11248";"2,24";"1388,30";"2408932,07";"1212"
"2203230";"Currais";"1450";"4839";"3,01";"1296,75";"2632701,97";"1212"
"2203255";"Curralinhos";"1423";"4407";"2,48";"1192,56";"1202280,80";"1212"
"2203271";"Curral Novo do Piauí";"1575";"5060";"2,38";"1083,23";"708449,18";"1212"
"2203305";"Demerval Lobão";"5460";"16347";"2,08";"1480,08";"3133838,16";"1212"
"2203354";"Dirceu Arcoverde";"2264";"7048";"2,28";"1297,72";"1560755,31";"1200"
"2203404";"Dom Expedito Lopes";"2235";"6320";"1,79";"1539,03";"3327226,44";"1212"
"2203420";"Domingos Mourão";"1318";"4074";"2,52";"1180,59";"1732045,89";"1212"
"2203453";"Dom Inocêncio";"3177";"9153";"2,13";"1220,70";"1747237,70";"1212"
"2203503";"Elesbão Veloso";"4806";"13604";"2,01";"1311,21";"1515407,00";"1212"
"2203602";"Eliseu Martins";"1534";"4376";"1,97";"1537,17";"4672090,38";"1200"
"2203701";"Esperantina";"13333";"40863";"2,34";"1317,96";"2698772,91";"1212"
"2203750";"Fartura do Piauí";"1735";"5254";"2,27";"1088,92";"891291,69";"1212"
"2203800";"Flores do Piauí";"1567";"4413";"1,87";"1105,89";"751435,64";"1200"
"2203859";"Floresta do Piauí";"862";"2329";"1,72";"1232,80";"1129021,37";"1212"
"2203909";"Floriano";"20941";"61742";"2,11";"2108,95";"8123776,18";"1212"
"2204006";"Francinópolis";"1643";"4503";"1,97";"1188,49";"945370,79";"1212"
"2204105";"Francisco Ayres";"1522";"4412";"2,22";"1287,83";"3228142,24";"1212"
"2204154";"Francisco Macedo";"1020";"2929";"1,75";"1179,44";"800229,82";"1212"
"2204204";"Francisco Santos";"2937";"8225";"1,68";"1420,03";"2662728,49";"1200"
"2204303";"Fronteiras";"3540";"10257";"1,95";"1451,63";"3210533,17";"1212"
"2204352";"Geminiano";"1932";"5434";"1,86";"1208,18";"6073448,67";"1212"
"2204402";"Gilbués";"3372";"10866";"2,82";"1454,93";"3596640,73";"1212"
"2204501";"Guadalupe";"3336";"10232";"2,35";"1855,70";"6226202,58";"1212"
"2204550";"Guaribas";"1312";"4271";"1,88";"1007,83";"727311,48";"1000"
"2204600";"Hugo Napoleão";"1187";"3503";"2,10";"1432,83";"2953531,95";"1200"
"2204659";"Ilha Grande";"2778";"9266";"2,98";"1244,13";"1448675,54";"1212"
"2204709";"Inhuma";"5222";"14951";"1,98";"1266,14";"1695113,23";"1212"
"2204808";"Ipiranga do Piauí";"3146";"9411";"2,14";"1265,05";"1567408,79";"1200"
"2204907";"Isaías Coelho";"2586";"7767";"2,45";"1081,33";"817901,14";"1100"
"2205003";"Itainópolis";"3951";"10761";"1,75";"1314,03";"5807180,26";"1212"
"2205102";"Itaueira";"3681";"10307";"1,82";"1406,95";"4195912,70";"1212"
"2205151";"Jacobina do Piauí";"1958";"5611";"1,82";"1303,67";"1738607,84";"1212"
"2205201";"Jaicós";"6047";"17515";"1,95";"1263,09";"3403182,04";"1200"
"2205250";"Jardim do Mulato";"1431";"4180";"2,16";"1202,05";"1404843,57";"1212"
"2205276";"Jatobá do Piauí";"1475";"4494";"2,15";"1262,72";"1304259,18";"1212"
"2205300";"Jerumenha";"1493";"4491";"2,58";"1488,17";"3014088,10";"1212"
"2205359";"João Costa";"994";"2969";"2,14";"1142,48";"1009683,56";"1200"
"2205409";"Joaquim Pires";"4270";"13877";"2,71";"1120,37";"1450221,48";"1080"
"2205458";"Joca Marques";"1629";"5394";"2,54";"1120,17";"952208,42";"1000"
"2205508";"José de Freitas";"13258";"42549";"2,37";"1357,55";"2191550,70";"1212"
"2205516";"Juazeiro do Piauí";"1771";"5193";"2,25";"1304,38";"1620374,97";"1212"
"2205524";"Júlio Borges";"1705";"5376";"2,40";"1250,81";"1127434,59";"1212"
"2205532";"Jurema";"1524";"4425";"1,87";"1166,79";"6457415,71";"1200"
"2205540";"Lagoinha do Piauí";"1011";"2939";"2,14";"1224,86";"1491516,86";"1200"
"2205557";"Lagoa Alegre";"2533";"8248";"2,55";"1173,71";"1883395,75";"1200"
"2205565";"Lagoa do Barro do Piauí";"1619";"4984";"2,18";"1349,00";"2337313,05";"1212"
"2205573";"Lagoa de São Francisco";"1996";"6309";"2,29";"1118,71";"1027106,68";"1212"
"2205581";"Lagoa do Piauí";"1591";"4810";"2,28";"1324,72";"2108480,84";"1212"
"2205599";"Lagoa do Sítio";"1581";"4519";"1,92";"1135,27";"1165536,17";"1200"
"2205607";"Landri Sales";"1794";"5212";"2,22";"1220,40";"1491569,12";"1200"
"2205706";"Luís Correia";"9387";"30604";"2,61";"1295,99";"3359117,87";"1212"
"2205805";"Luzilândia";"7890";"25368";"2,48";"1188,51";"1776977,83";"1200"
"2205854";"Madeiro";"2262";"8031";"2,97";"1231,77";"1358559,48";"1200"
"2205904";"Manoel Emídio";"1729";"5209";"2,02";"1439,37";"2775755,79";"1212"
"2205953";"Marcolândia";"2822";"8526";"1,93";"1360,63";"6541683,85";"1200"
"2206001";"Marcos Parente";"1545";"4722";"2,63";"1460,35";"4529664,26";"1212"
"2206050";"Massapê do Piauí";"1742";"5218";"2,24";"1042,27";"598681,25";"1200"
"2206100";"Matias Olímpio";"3198";"10624";"2,55";"1131,84";"1257613,71";"1200"
"2206209";"Miguel Alves";"9272";"32136";"3,13";"1164,76";"1986561,55";"1000"
"2206308";"Miguel Leão";"406";"1313";"2,73";"1495,27";"1609265,35";"1212"
"2206357";"Milton Brandão";"2138";"6538";"1,92";"1017,09";"607311,67";"1212"
"2206407";"Monsenhor Gil";"3515";"10252";"2,26";"1302,57";"2572668,99";"1212"
"2206506";"Monsenhor Hipólito";"2667";"7570";"1,84";"1232,43";"1691991,51";"1200"
"2206605";"Monte Alegre do Piauí";"3273";"10653";"2,79";"1191,00";"1708145,34";"1200"
"2206654";"Morro Cabeça no Tempo";"1375";"4361";"2,41";"1045,17";"792411,17";"1000"
"2206670";"Morro do Chapéu do Piauí";"2078";"6416";"2,20";"1069,61";"839458,53";"1000"
"2206696";"Murici dos Portelas";"2952";"9784";"3,10";"1094,13";"1060991,87";"1000"
"2206704";"Nazaré do Piauí";"2330";"6665";"1,99";"1317,01";"1383082,00";"1212"
"2206720";"Nazária";"3258";"10235";"2,94";"1199,08";"1134093,53";"1212"
"2206753";"Nossa Senhora de Nazaré";"1712";"5228";"2,03";"1229,33";"1246134,98";"1212"
"2206803";"Nossa Senhora dos Remédios";"2549";"8520";"2,90";"1123,72";"1903572,04";"900"
"2206902";"Novo Oriente do Piauí";"2255";"6082";"1,75";"1261,11";"1145804,14";"1212"
"2206951";"Novo Santo Antônio";"1005";"2825";"1,96";"1101,66";"946244,23";"1200"
"2207009";"Oeiras";"13501";"38077";"2,01";"1613,74";"5792542,96";"1212"
"2207108";"Olho D'Água do Piauí";"894";"2637";"2,36";"1201,48";"1467093,51";"1212"
"2207207";"Padre Marcos";"2351";"6366";"2,06";"1222,19";"2166592,31";"1200"
"2207306";"Paes Landim";"1353";"4088";"2,39";"1311,06";"1394255,71";"1200"
"2207355";"Pajeú do Piauí";"1097";"3000";"1,68";"1424,79";"5746345,38";"1212"
"2207405";"Palmeira do Piauí";"1604";"4942";"2,27";"1297,59";"1673462,96";"1212"
"2207504";"Palmeirais";"4296";"13260";"2,85";"1238,43";"3875243,53";"1200"
"2207553";"Paquetá";"1292";"3813";"2,12";"1073,27";"457641,04";"1212"
"2207603";"Parnaguá";"3034";"10095";"3,07";"1217,01";"2117708,16";"1200"
"2207702";"Parnaíba";"51539";"161466";"2,46";"2124,94";"8257682,92";"1212"
"2207751";"Passagem Franca do Piauí";"1218";"4135";"3,05";"1244,36";"1465957,73";"1200"
"2207777";"Patos do Piauí";"2075";"5425";"1,82";"1217,73";"823160,86";"1200"
"2207793";"Pau D'Arco do Piauí";"1307";"3877";"2,40";"1028,11";"600926,32";"1200"
"2207801";"Paulistana";"7300";"21036";"2,14";"1460,68";"3387369,30";"1212"
"2207850";"Pavussu";"1296";"3625";"1,67";"1029,52";"818505,84";"880"
"2207900";"Pedro II";"12132";"37876";"2,25";"1336,02";"2295833,56";"1200"
"2207934";"Pedro Laurentino";"812";"2453";"2,03";"1264,68";"825735,61";"1212"
"2207959";"Nova Santa Rita";"1372";"4076";"2,17";"1042,66";"1004261,99";"900"
"2208007";"Picos";"28842";"82568";"1,87";"2223,90";"49339866,83";"1212"
"2208106";"Pimenteiras";"3868";"11308";"1,97";"1141,89";"2322049,14";"1200"
"2208205";"Pio IX";"6090";"17577";"1,90";"1193,19";"2755969,49";"1100"
"2208304";"Piracuruca";"10018";"28828";"1,98";"1323,54";"2695152,22";"1200"
"2208403";"Piripiri";"21718";"65507";"2,13";"1636,15";"4496583,35";"1212"
"2208502";"Porto";"3373";"12034";"3,58";"1156,11";"1567819,69";"1100"
"2208551";"Porto Alegre do Piauí";"768";"2364";"2,77";"1477,22";"3683349,32";"1212"
"2208601";"Prata do Piauí";"1091";"3042";"1,94";"1175,07";"1018798,05";"1212"
"2208650";"Queimada Nova";"2879";"8717";"2,34";"1235,28";"1372702,70";"1212"
"2208700";"Redenção do Gurguéia";"2573";"8369";"2,82";"1314,41";"2991391,48";"1200"
"2208809";"Regeneração";"5671";"17119";"2,69";"1224,73";"1537681,57";"1200"
"2208858";"Riacho Frio";"1292";"4165";"2,68";"1182,74";"1027657,33";"1200"
"2208874";"Ribeira do Piauí";"1395";"4054";"2,20";"1208,04";"1463863,97";"1200"
"2208908";"Ribeiro Gonçalves";"1866";"6151";"2,59";"1621,68";"2974384,49";"1212"
"2209005";"Rio Grande do Piauí";"2115";"5796";"1,74";"1275,18";"1787109,11";"1206"
"2209104";"Santa Cruz do Piauí";"1972";"5827";"2,07";"1381,97";"2727440,24";"1212"
"2209153";"Santa Cruz dos Milagres";"1181";"3435";"1,84";"1180,62";"633723,49";"1212"
"2209203";"Santa Filomena";"1831";"6063";"2,87";"1581,04";"7162189,20";"1200"
"2209302";"Santa Luz";"1714";"5332";"2,07";"1211,55";"1260625,24";"1212"
"2209351";"Santana do Piauí";"1400";"4121";"1,79";"1251,89";"894577,28";"1212"
"2209377";"Santa Rosa do Piauí";"1692";"4650";"1,97";"1238,64";"1217289,62";"1212"
"2209401";"Santo Antônio de Lisboa";"2092";"5817";"1,78";"1305,58";"1775303,25";"1212"
"2209450";"Santo Antônio dos Milagres";"606";"2137";"3,21";"1309,77";"2441825,72";"1212"
"2209500";"Santo Inácio do Piauí";"1333";"3636";"1,74";"1215,95";"851587,63";"1200"
"2209559";"São Braz do Piauí";"1519";"4358";"1,76";"1195,07";"798223,08";"1212"
"2209609";"São Félix do Piauí";"1029";"2840";"1,62";"1418,95";"1758271,98";"1212"
"2209658";"São Francisco de Assis do Piauí";"1885";"5571";"2,29";"1093,32";"1057303,92";"1045"
"2209708";"São Francisco do Piauí";"2082";"5392";"1,81";"1178,07";"881696,32";"1200"
"2209757";"São Gonçalo do Gurguéia";"929";"2947";"2,72";"1390,36";"11461344,63";"1212"
"2209807";"São Gonçalo do Piauí";"1568";"4823";"2,41";"1471,91";"4267902,65";"1212"
"2209856";"São João da Canabrava";"1565";"4240";"1,88";"1310,99";"1359598,27";"1212"
"2209872";"São João da Fronteira";"1880";"5485";"2,28";"1101,10";"1712650,25";"1000"
"2209906";"São João da Serra";"2165";"6088";"1,98";"1123,36";"1020188,70";"1200"
"2209955";"São João da Varjota";"1470";"4380";"2,24";"1175,99";"1226152,08";"1212"
"2209971";"São João do Arraial";"2534";"8180";"2,56";"1036,26";"879868,38";"800"
"2210003";"São João do Piauí";"7165";"21408";"2,28";"1588,81";"3841565,60";"1212"
"2210052";"São José do Divino";"1669";"4838";"1,97";"1093,77";"1272795,79";"1212"
"2210102";"São José do Peixe";"1159";"3292";"2,20";"1341,00";"1466973,35";"1212"
"2210201";"São José do Piauí";"2287";"6597";"1,85";"1191,52";"866053,00";"1212"
"2210300";"São Julião";"2195";"6025";"1,76";"1402,76";"2873869,53";"1212"
"2210359";"São Lourenço do Piauí";"1487";"4408";"1,81";"1339,52";"2224393,01";"1212"
"2210375";"São Luis do Piauí";"832";"2309";"2,09";"1211,13";"789707,69";"1212"
"2210383";"São Miguel da Baixa Grande";"807";"2269";"2,01";"1180,55";"939049,38";"1200"
"2210391";"São Miguel do Fidalgo";"931";"2828";"2,55";"1240,23";"1154715,19";"1212"
"2210409";"São Miguel do Tapuio";"5934";"17551";"1,98";"1403,45";"407015626,56";"1212"
"2210508";"São Pedro do Piauí";"4400";"13748";"2,44";"1343,23";"2580453,84";"1200"
"2210607";"São Raimundo Nonato";"13117";"38843";"2,07";"1737,55";"7120465,35";"1212"
"2210623";"Sebastião Barros";"982";"3196";"2,65";"1227,07";"1248809,90";"1200"
"2210631";"Sebastião Leal";"1443";"4446";"1,97";"1662,10";"11822841,04";"1212"
"2210656";"Sigefredo Pacheco";"3261";"9455";"1,94";"1089,41";"946084,24";"1200"
"2210706";"Simões";"4562";"14323";"2,40";"1357,26";"3201012,83";"1200"
"2210805";"Simplício Mendes";"4685";"13802";"2,18";"1475,50";"3639716,12";"1212"
"2210904";"Socorro do Piauí";"1451";"4139";"1,92";"1153,52";"902934,77";"1200"
"2210938";"Sussuapara";"2195";"6220";"1,71";"1407,41";"3238971,21";"1200"
"2210953";"Tamboril do Piauí";"1005";"2945";"1,82";"1171,03";"1275705,56";"1200"
"2210979";"Tanque do Piauí";"869";"2311";"1,73";"1328,97";"1745293,55";"1200"
"2211001";"Teresina";"279855";"862879";"2,31";"2982,66";"66160055,19";"1212"
"2211100";"União";"14050";"46097";"2,85";"1254,10";"1793110,91";"1212"
"2211209";"Uruçuí";"7639";"25182";"2,56";"1906,30";"7465819,77";"1212"
"2211308";"Valença do Piauí";"7961";"22269";"1,84";"1658,72";"4482086,19";"1212"
"2211357";"Várzea Branca";"1657";"5045";"2,10";"1124,58";"881548,77";"1212"
"2211407";"Várzea Grande";"1634";"4414";"1,92";"1331,38";"1560470,97";"1212"
"2211506";"Vera Mendes";"1221";"3185";"1,58";"1099,91";"721071,85";"1200"
"2211605";"Vila Nova do Piauí";"1093";"2934";"1,47";"1283,37";"1413103,83";"1200"
"2211704";"Wall Ferraz";"1389";"4059";"1,66";"1092,20";"1137564,75";"1200"
"2300101";"Abaiara";"3495";"10021";"1,79";"1216,07";"38235013,53";"1200"
"2300150";"Acarape";"4437";"14013";"2,38";"1224,55";"1210675,29";"1212"
"2300200";"Acaraú";"20944";"65119";"2,33";"1290,37";"3312016,71";"1200"
"2300309";"Acopiara";"16398";"44911";"1,77";"1404,39";"134584032,98";"1200"
"2300408";"Aiuaba";"4923";"14059";"2,05";"1140,57";"1863048,84";"1212"
"2300507";"Alcântaras";"3780";"11367";"2,05";"1367,81";"4799312,74";"1200"
"2300606";"Altaneira";"2485";"6771";"1,85";"1189,70";"1650683,76";"1200"
"2300705";"Alto Santo";"4972";"14154";"2,12";"1370,08";"2014350,83";"1212"
"2300754";"Amontada";"13228";"42142";"2,79";"1213,33";"9026731,27";"1200"
"2300804";"Antonina do Norte";"2594";"7241";"2,04";"1218,92";"1350668,47";"1200"
"2300903";"Apuiarés";"4548";"12915";"2,05";"1077,17";"1244279,33";"1200"
"2301000";"Aquiraz";"27733";"79697";"2,11";"2025,55";"9915375,95";"1212"
"2301109";"Aracati";"26012";"75002";"2,04";"1665,07";"70316753,83";"1212"
"2301208";"Aracoiaba";"8711";"25547";"2,12";"1237,99";"1421537,40";"1200"
"2301257";"Ararendá";"3960";"11069";"2,01";"1045,85";"1024184,34";"1100"
"2301307";"Araripe";"6743";"19757";"1,97";"1098,46";"1544497,37";"1000"
"2301406";"Aratuba";"3579";"11217";"2,19";"1761,57";"929601818,30";"1212"
"2301505";"Arneiroz";"2599";"7408";"2,01";"1281,71";"1377711,02";"1200"
"2301604";"Assaré";"7744";"21648";"1,91";"1170,44";"2213868,41";"1200"
"2301703";"Aurora";"8414";"23675";"1,69";"1230,93";"1582696,59";"1210"
"2301802";"Baixio";"2011";"5702";"1,78";"1235,41";"1772343,69";"1200"
"2301851";"Banabuiú";"5581";"17155";"2,61";"1245,96";"1692288,97";"1212"
"2301901";"Barbalha";"24126";"74900";"2,17";"1896,87";"13652445,04";"1212"
"2301950";"Barreira";"7570";"22381";"1,92";"1188,63";"1322114,10";"1200"
"2302008";"Barro";"6946";"19377";"1,73";"1260,94";"1462482,50";"1200"
"2302057";"Barroquinha";"4754";"14556";"2,29";"1118,37";"1111390,36";"1200"
"2302107";"Baturité";"11847";"35177";"2,29";"1392,32";"2960559,95";"1212"
"2302206";"Beberibe";"18239";"52994";"2,10";"1314,96";"2675144,24";"1212"
"2302305";"Bela Cruz";"11008";"32726";"2,11";"1097,71";"1488476,99";"1000"
"2302404";"Boa Viagem";"18055";"50263";"2,20";"1243,96";"18475319,17";"1200"
"2302503";"Brejo Santo";"17016";"50999";"1,94";"1751,89";"5168006,38";"1212"
"2302602";"Camocim";"20367";"62273";"2,29";"1435,05";"3750452,70";"1200"
"2302701";"Campos Sales";"8972";"25083";"1,87";"1327,61";"2490065,89";"1200"
"2302800";"Canindé";"25270";"73997";"2,26";"1373,61";"3656700,45";"1212"
"2302909";"Capistrano";"5909";"17237";"2,09";"1115,30";"1848990,09";"1200"
"2303006";"Caridade";"5354";"16369";"2,39";"1088,04";"936730,24";"1200"
"2303105";"Cariré";"6137";"17620";"2,02";"1125,67";"1635171,44";"1200"
"2303204";"Caririaçu";"8813";"26301";"2,08";"1150,97";"929360,40";"1200"
"2303303";"Cariús";"6290";"17015";"1,79";"1187,15";"1325881,89";"1212"
"2303402";"Carnaubal";"5710";"17180";"1,93";"1171,09";"1248869,68";"1200"
"2303501";"Cascavel";"25295";"72655";"2,04";"1572,02";"7376217,88";"1212"
"2303600";"Catarina";"3651";"10231";"1,95";"1303,50";"3297234,07";"1200"
"2303659";"Catunda";"3426";"10417";"2,48";"1216,76";"2025154,75";"1200"
"2303709";"Caucaia";"120617";"354781";"2,09";"1782,25";"49460656,49";"1212"
"2303808";"Cedro";"8074";"22331";"1,90";"1362,52";"2646258,36";"1212"
"2303907";"Chaval";"3920";"12407";"2,46";"1175,10";"3164183,15";"1200"
"2303931";"Choró";"3996";"12109";"2,62";"1064,42";"1795505,40";"1000"
"2303956";"Chorozinho";"7139";"20118";"1,86";"1206,82";"2793423,05";"1212"
"2304004";"Coreaú";"7029";"20934";"2,24";"1184,35";"1746866,11";"1212"
"2304103";"Crateús";"27112";"76215";"1,94";"1676,70";"5841143,92";"1212"
"2304202";"Crato";"44595";"130774";"2,05";"1910,24";"7527234,07";"1212"
"2304236";"Croatá";"6096";"17456";"1,91";"1079,75";"1878398,61";"1200"
"2304251";"Cruz";"10352";"29711";"1,91";"1549,73";"20443340,02";"1200"
"2304269";"Deputado Irapuan Pinheiro";"3344";"8916";"1,78";"1056,72";"753532,59";"1200"
"2304277";"Ereré";"2248";"6473";"1,91";"1205,11";"972942,70";"1212"
"2304285";"Eusébio";"25102";"74073";"1,68";"4607,83";"60973682,00";"2100"
"2304301";"Farias Brito";"6414";"18202";"1,91";"1224,75";"1855302,53";"1200"
"2304350";"Forquilha";"8099";"24149";"2,20";"1556,12";"418990352,10";"1212"
"2304400";"Fortaleza";"860090";"2424722";"2,00";"3084,07";"78889380,97";"1224"
"2304459";"Fortim";"5931";"17226";"2,04";"1435,73";"2620775,91";"1212"
"2304509";"Frecheirinha";"5420";"15651";"1,92";"1430,17";"5737234,15";"1212"
"2304608";"General Sampaio";"2191";"6694";"2,45";"1064,84";"770517,43";"1062.5"
"2304657";"Graça";"4832";"13801";"1,90";"1058,02";"1028024,13";"1100"
"2304707";"Granja";"17085";"53297";"2,51";"1105,00";"1594640,51";"1100"
"2304806";"Granjeiro";"1534";"4827";"2,57";"1185,99";"2030000,63";"1212"
"2304905";"Groaíras";"4009";"10901";"1,67";"1331,32";"1645201,23";"1212"
"2304954";"Guaiúba";"7751";"24290";"2,66";"1202,17";"1052175,32";"1200"
"2305001";"Guaraciaba do Norte";"13491";"41959";"2,22";"1318,71";"5534047,82";"1200"
"2305100";"Guaramiranga";"1915";"5637";"2,56";"1261,14";"1600623,40";"1212"
"2305209";"Hidrolândia";"6338";"17845";"2,03";"1184,63";"1894062,45";"1212"
"2305233";"Horizonte";"25605";"74650";"1,82";"1460,70";"1627866,94";"1212"
"2305266";"Ibaretama";"4018";"11941";"2,41";"1105,12";"1148008,06";"1200"
"2305308";"Ibiapina";"7893";"23951";"2,11";"1217,80";"1889555,82";"1200"
"2305332";"Ibicuitinga";"4074";"11579";"1,86";"1129,58";"2904547,70";"1212"
"2305357";"Icapuí";"7166";"21324";"1,94";"1497,29";"2897975,14";"1212"
"2305407";"Icó";"21416";"62575";"1,93";"1344,50";"2988991,96";"1200"
"2305506";"Iguatu";"34952";"97960";"1,84";"1753,44";"12164472,19";"1212"
"2305605";"Independência";"8466";"24024";"1,99";"1223,61";"2486853,79";"1200"
"2305654";"Ipaporanga";"4288";"11545";"1,91";"1122,53";"1125936,09";"1200"
"2305704";"Ipaumirim";"4072";"12057";"2,27";"1369,76";"2031512,48";"1212"
"2305803";"Ipu";"13925";"41031";"2,14";"1321,64";"2738499,38";"1200"
"2305902";"Ipueiras";"13274";"36761";"1,97";"1131,94";"1231156,44";"1200"
"2306009";"Iracema";"4795";"13999";"2,25";"1508,91";"3278847,95";"1212"
"2306108";"Irauçuba";"7329";"23908";"2,81";"1117,17";"1383922,28";"1200"
"2306207";"Itaiçaba";"2814";"7514";"1,64";"1228,95";"1343897,73";"1212"
"2306256";"Itaitinga";"19521";"55943";"1,86";"1821,18";"4659167,55";"1212"
"2306306";"Itapajé";"15627";"46403";"2,12";"1251,41";"14419865,24";"1200"
"2306405";"Itapipoca";"41574";"131030";"2,47";"1394,15";"3485846,18";"1212"
"2306504";"Itapiúna";"6115";"17836";"2,17";"1069,65";"1049854,90";"1200"
"2306553";"Itarema";"12951";"42879";"2,72";"1237,61";"3362079,27";"1001"
"2306603";"Itatira";"6672";"20351";"2,49";"1115,26";"1461583,36";"1200"
"2306702";"Jaguaretama";"6050";"17222";"2,11";"1227,57";"3729525,60";"1212"
"2306801";"Jaguaribara";"3358";"10311";"2,29";"2258,48";"1961984903,77";"1212"
"2306900";"Jaguaribe";"12399";"33708";"1,89";"1556,42";"2899852,67";"1212"
"2307007";"Jaguaruana";"11722";"31659";"1,87";"1291,92";"3216877,88";"1212"
"2307106";"Jardim";"8736";"27387";"2,34";"1210,94";"1571525,98";"1202"
"2307205";"Jati";"2615";"7824";"2,08";"1316,74";"1963370,65";"1212"
"2307254";"Jijoca de Jericoacoara";"8794";"25469";"2,03";"1743,94";"5636266,02";"1212"
"2307304";"Juazeiro do Norte";"97371";"284369";"2,03";"1867,85";"6565465,91";"1212"
"2307403";"Jucás";"8224";"23871";"2,10";"1421,55";"102281388,36";"1212"
"2307502";"Lavras da Mangabeira";"10477";"30785";"2,08";"1230,28";"2088482,99";"1200"
"2307601";"Limoeiro do Norte";"21419";"59450";"1,85";"1789,57";"5538893,82";"1212"
"2307635";"Madalena";"5600";"16865";"2,52";"1189,00";"2048831,74";"1212"
"2307650";"Maracanaú";"79664";"234292";"2,03";"1737,23";"17029952,62";"1212"
"2307700";"Maranguape";"35050";"104943";"2,13";"1454,46";"2786709,82";"1212"
"2307809";"Marco";"7586";"25675";"3,08";"1289,08";"2306704,96";"1200"
"2307908";"Martinópole";"3696";"10837";"2,15";"1102,93";"3901180,03";"1000"
"2308005";"Massapê";"12330";"37657";"2,17";"1211,41";"1597154,81";"1212"
"2308104";"Mauriti";"14864";"45496";"2,03";"1185,04";"2351328,97";"1200"
"2308203";"Meruoca";"4824";"15142";"2,54";"1428,05";"2852623,37";"1200"
"2308302";"Milagres";"8748";"25855";"1,91";"1306,56";"2226329,25";"1200"
"2308351";"Milhã";"4660";"14094";"2,61";"1346,43";"1739325,17";"1212"
"2308377";"Miraíma";"4251";"14169";"3,58";"1003,70";"1791204,81";"900"
"2308401";"Missão Velha";"11834";"36781";"2,06";"1212,73";"2702179,93";"1200"
"2308500";"Mombaça";"13652";"37701";"1,88";"1217,32";"1703248,02";"1212"
"2308609";"Monsenhor Tabosa";"5812";"17101";"2,29";"1183,07";"1282192,82";"1212"
"2308708";"Morada Nova";"22655";"61357";"1,82";"1343,12";"6340944,34";"1212"
"2308807";"Moraújo";"2710";"8254";"2,19";"1295,92";"3155152,08";"1212"
"2308906";"Morrinhos";"7285";"22732";"2,46";"1157,21";"14909164,07";"1200"
"2309003";"Mucambo";"4994";"13663";"1,82";"1258,26";"2036368,00";"1200"
"2309102";"Mulungu";"3332";"10568";"2,77";"1229,31";"2282453,99";"1200"
"2309201";"Nova Olinda";"5174";"15379";"2,09";"1179,10";"1556561,36";"1200"
"2309300";"Nova Russas";"10831";"30583";"2,02";"1381,34";"2773734,70";"1212"
"2309409";"Novo Oriente";"9800";"27495";"1,82";"1172,89";"1432297,86";"1200"
"2309458";"Ocara";"8787";"24473";"1,88";"1155,36";"2994173,13";"1200"
"2309508";"Orós";"7171";"19661";"1,95";"1226,20";"1470489,89";"1200"
"2309607";"Pacajus";"24048";"70950";"1,92";"1452,76";"1893372,26";"1212"
"2309706";"Pacatuba";"27096";"80754";"2,11";"1613,39";"2813828,25";"1212"
"2309805";"Pacoti";"3657";"11140";"2,35";"1262,43";"1936537,28";"1212"
"2309904";"Pacujá";"2199";"6169";"1,91";"1235,05";"1555653,82";"1212"
"2310001";"Palhano";"3256";"9343";"1,97";"1293,40";"1745245,58";"1212"
"2310100";"Palmácia";"3372";"10219";"2,59";"1164,10";"1812734,94";"1200"
"2310209";"Paracuru";"12968";"38898";"2,18";"1616,86";"7390186,60";"1212"
"2310258";"Paraipaba";"10783";"32143";"2,13";"1423,15";"2892014,70";"1200"
"2310308";"Parambu";"11126";"31367";"1,80";"1124,68";"1797684,61";"1212"
"2310407";"Paramoti";"3556";"10335";"2,36";"1059,59";"776755,78";"1212"
"2310506";"Pedra Branca";"14229";"40150";"1,91";"1143,13";"1455036,53";"1200"
"2310605";"Penaforte";"2918";"8952";"2,06";"1342,55";"4681409,50";"1200"
"2310704";"Pentecoste";"12719";"37763";"2,26";"1322,32";"2181964,40";"1200"
"2310803";"Pereiro";"5278";"15267";"2,07";"1419,64";"1908255,03";"1212"
"2310852";"Pindoretama";"7999";"23371";"2,17";"1339,86";"2544257,76";"1212"
"2310902";"Piquet Carneiro";"5733";"16599";"1,99";"1294,47";"2655353,88";"1212"
"2310951";"Pires Ferreira";"3261";"10591";"2,78";"1230,40";"2583978,75";"1200"
"2311009";"Poranga";"4211";"12050";"2,02";"1159,55";"1085289,29";"1212"
"2311108";"Porteiras";"5548";"17001";"2,02";"1279,26";"2783038,89";"1200"
"2311207";"Potengi";"3132";"8827";"1,97";"1247,13";"1775264,98";"1200"
"2311231";"Potiretama";"2127";"5953";"1,76";"1187,50";"1665895,29";"1212"
"2311264";"Quiterianópolis";"6944";"20209";"1,81";"1132,86";"1528459,71";"1200"
"2311306";"Quixadá";"28954";"83983";"2,34";"1562,29";"7575327,85";"1212"
"2311355";"Quixelô";"5839";"15904";"1,66";"1174,47";"1475264,81";"1212"
"2311405";"Quixeramobim";"28591";"81978";"2,27";"1421,96";"2747017,19";"1212"
"2311504";"Quixeré";"7738";"20847";"1,74";"1385,93";"1786687,36";"1212"
"2311603";"Redenção";"9133";"27178";"2,21";"1227,04";"1537550,70";"1200"
"2311702";"Reriutaba";"6583";"18602";"2,04";"1265,78";"2992956,96";"1200"
"2311801";"Russas";"26403";"72830";"1,87";"1586,54";"3604632,36";"1212"
"2311900";"Saboeiro";"4926";"13830";"1,89";"1134,83";"1133948,62";"1200"
"2311959";"Salitre";"5358";"16574";"2,07";"1192,97";"197568543,69";"900"
"2312007";"Santana do Acaraú";"9653";"30589";"2,56";"1094,50";"1465700,99";"1100"
"2312106";"Santana do Cariri";"5623";"16911";"2,25";"1067,71";"877771,91";"1000"
"2312205";"Santa Quitéria";"13954";"40102";"1,97";"1267,48";"2208442,44";"1212"
"2312304";"São Benedito";"15596";"47540";"2,17";"1358,88";"3590258,91";"1200"
"2312403";"São Gonçalo do Amarante";"17953";"54084";"2,14";"1563,59";"2986137,90";"1212"
"2312502";"São João do Jaguaribe";"2371";"5855";"1,64";"1228,36";"1030329,23";"1212"
"2312601";"São Luís do Curu";"3862";"10784";"2,00";"1196,95";"1519276,99";"1200"
"2312700";"Senador Pompeu";"8951";"24226";"1,90";"1351,77";"1871956,07";"1212"
"2312809";"Senador Sá";"2420";"7237";"2,15";"1188,98";"1417449,78";"1200"
"2312908";"Sobral";"67982";"201345";"1,99";"1977,14";"24396324,88";"1212"
"2313005";"Solonópole";"6590";"18172";"1,72";"1856,47";"1032491824,51";"1212"
"2313104";"Tabuleiro do Norte";"11732";"30614";"1,59";"1471,57";"2584550,85";"1212"
"2313203";"Tamboril";"8608";"24744";"2,01";"1149,33";"1065261,52";"1200"
"2313252";"Tarrafas";"2661";"7514";"1,88";"1233,92";"1624308,00";"1212"
"2313302";"Tauá";"21103";"61166";"1,98";"1464,32";"3513890,99";"1212"
"2313351";"Tejuçuoca";"5602";"17100";"2,57";"1014,02";"840643,43";"1000"
"2313401";"Tianguá";"25640";"81391";"2,22";"1663,90";"5046610,56";"1212"
"2313500";"Trairi";"18901";"58353";"2,40";"1247,33";"10801352,51";"1200"
"2313559";"Tururu";"5070";"15382";"2,34";"1135,61";"1282496,49";"1200"
"2313609";"Ubajara";"10501";"32725";"2,19";"1580,36";"403315394,59";"1200"
"2313708";"Umari";"2406";"6862";"2,02";"1191,43";"936090,34";"1212"
"2313757";"Umirim";"5656";"17446";"2,63";"1122,82";"1308314,03";"1200"
"2313807";"Uruburetama";"6398";"20186";"2,58";"1282,67";"5005631,13";"1200"
"2313906";"Uruoca";"4663";"13739";"2,09";"1324,33";"235170487,25";"1200"
"2313955";"Varjota";"6118";"18089";"2,06";"1308,60";"2851242,74";"1212"
"2314003";"Várzea Alegre";"14038";"38937";"1,79";"1473,74";"303337600,92";"1212"
"2314102";"Viçosa do Ceará";"18271";"59697";"2,59";"1101,56";"1925602,21";"1000"
"2400109";"Acari";"3810";"10556";"1,94";"1765,15";"3270512,44";"1212"
"2400208";"Açu";"19230";"56422";"2,04";"1743,31";"4933382,62";"1212"
"2400307";"Afonso Bezerra";"3368";"10822";"3,08";"1452,29";"5322832,70";"1212"
"2400406";"Água Nova";"991";"2946";"1,79";"1365,27";"2002518,21";"1212"
"2400505";"Alexandria";"4838";"13599";"1,89";"1398,99";"2995318,71";"1212"
"2400604";"Almino Afonso";"1661";"4684";"1,80";"1500,48";"2985910,57";"1212"
"2400703";"Alto do Rodrigues";"4210";"12450";"1,86";"1610,75";"2345508,86";"1212"
"2400802";"Angicos";"3949";"11626";"2,15";"1575,94";"3508498,57";"1212"
"2400901";"Antônio Martins";"2372";"6577";"1,68";"1285,72";"2270077,15";"1212"
"2401008";"Apodi";"12897";"36033";"1,65";"1522,66";"3639335,85";"1212"
"2401107";"Areia Branca";"8177";"24063";"2,08";"1871,06";"2942017,66";"1212"
"2401206";"Arês";"4258";"13217";"2,49";"1429,48";"2553605,92";"1212"
"2401305";"Campo Grande";"3233";"9730";"2,59";"1358,69";"1624709,73";"1212"
"2401404";"Baía Formosa";"2780";"8819";"2,71";"1633,15";"5359855,29";"1212"
"2401453";"Baraúna";"8870";"26860";"2,00";"1423,94";"3041981,95";"1212"
"2401503";"Barcelona";"1388";"3983";"1,88";"1272,36";"1728152,06";"1212"
"2401602";"Bento Fernandes";"1549";"4745";"2,66";"1277,70";"1403477,69";"1212"
"2401651";"Bodó";"765";"2306";"2,44";"1328,34";"1112101,92";"1212"
"2401701";"Bom Jesus";"3455";"9921";"1,94";"1334,25";"1778772,81";"1212"
"2401800";"Brejinho";"4197";"12171";"1,98";"1501,60";"89297362,66";"1212"
"2401859";"Caiçara do Norte";"1976";"6291";"2,36";"1373,78";"1803937,60";"1200"
"2401909";"Caiçara do Rio do Vento";"1050";"3268";"2,52";"1397,19";"2223022,20";"1212"
"2402006";"Caicó";"22060";"60591";"1,87";"2332,92";"10546666,93";"1212"
"2402105";"Campo Redondo";"3467";"10207";"1,93";"1318,09";"2785451,69";"1212"
"2402204";"Canguaretama";"9169";"29626";"2,56";"1361,20";"1906582,92";"1212"
"2402303";"Caraúbas";"7036";"19624";"1,87";"1460,05";"2662004,89";"1212"
"2402402";"Carnaúba dos Dantas";"2800";"7970";"1,67";"1695,81";"4720845,65";"1212"
"2402501";"Carnaubais";"3234";"9671";"2,17";"1337,36";"1946116,82";"1212"
"2402600";"Ceará-Mirim";"24891";"77837";"2,43";"1518,94";"3094397,23";"1212"
"2402709";"Cerro Corá";"3684";"10983";"1,99";"1429,48";"1810708,03";"1212"
"2402808";"Coronel Ezequiel";"1883";"5117";"1,70";"1139,78";"1020420,81";"1200"
"2402907";"Coronel João Pessoa";"1439";"4232";"1,80";"1359,10";"1463421,45";"1212"
"2403004";"Cruzeta";"2936";"7955";"1,81";"1618,81";"3203064,21";"1212"
"2403103";"Currais Novos";"14619";"41231";"1,85";"2043,33";"7554255,55";"1212"
"2403202";"Doutor Severiano";"2407";"7034";"1,90";"1306,35";"1556555,60";"1212"
"2403251";"Parnamirim";"90149";"252362";"1,76";"3711,31";"773471280,62";"2000"
"2403301";"Encanto";"2015";"6003";"1,84";"1383,86";"2129780,68";"1212"
"2403400";"Equador";"1960";"5360";"1,68";"1339,56";"2176932,80";"1212"
"2403509";"Espírito Santo";"3557";"10615";"2,12";"1211,51";"1336665,23";"1200"
"2403608";"Extremoz";"20470";"61561";"1,97";"1737,28";"3560238,20";"1212"
"2403707";"Felipe Guerra";"2064";"5930";"1,73";"1426,20";"1911240,43";"1212"
"2403756";"Fernando Pedroza";"1053";"2937";"1,82";"1374,96";"4039447,93";"1212"
"2403806";"Florânia";"3398";"10191";"2,28";"1547,59";"3853934,17";"1212"
"2403905";"Francisco Dantas";"987";"2693";"1,51";"1478,78";"2032268,32";"1212"
"2404002";"Frutuoso Gomes";"1529";"4112";"1,86";"1464,37";"4658099,36";"1212"
"2404101";"Galinhos";"624";"2102";"2,87";"1588,86";"2830888,13";"1212"
"2404200";"Goianinha";"8322";"26736";"2,45";"1663,32";"30263418,70";"1212"
"2404309";"Governador Dix-Sept Rosado";"4058";"11927";"2,05";"1425,19";"1938737,45";"1212"
"2404408";"Grossos";"3385";"9897";"1,89";"1678,50";"6434954,77";"1212"
"2404507";"Guamaré";"4911";"15256";"2,31";"1665,18";"4524402,90";"1212"
"2404606";"Ielmo Marinho";"3873";"11601";"2,42";"1040,59";"1022471,88";"1200"
"2404705";"Ipanguaçu";"4471";"14089";"2,34";"1343,69";"1797971,05";"1212"
"2404804";"Ipueira";"777";"2035";"1,60";"1750,98";"3136973,95";"1212"
"2404853";"Itajá";"2398";"7281";"2,15";"1448,19";"5574319,87";"1212"
"2404903";"Itaú";"1900";"5319";"1,87";"1431,32";"8099234,66";"1212"
"2405009";"Jaçanã";"2752";"7832";"2,17";"1235,44";"1122558,37";"1200"
"2405108";"Jandaíra";"2087";"6551";"2,38";"1352,75";"2289774,69";"1212"
"2405207";"Janduís";"1539";"4727";"2,34";"1461,53";"2784132,47";"1212"
"2405306";"Januário Cicco";"3066";"9043";"2,23";"1154,92";"1444416,51";"1200"
"2405405";"Japi";"1764";"5082";"1,86";"1127,66";"1221610,90";"1200"
"2405504";"Jardim de Angicos";"795";"2428";"2,53";"1372,93";"1412764,00";"1212"
"2405603";"Jardim de Piranhas";"4962";"13974";"2,09";"1362,92";"2459334,11";"1212"
"2405702";"Jardim do Seridó";"4467";"11614";"1,48";"1932,93";"9104637,21";"1212"
"2405801";"João Câmara";"10870";"33204";"2,30";"1616,73";"38303153,54";"1200"
"2405900";"João Dias";"754";"2075";"1,95";"1114,00";"1050365,41";"1200"
"2406007";"José da Penha";"2142";"5791";"1,63";"1393,71";"1668264,57";"1212"
"2406106";"Jucurutu";"6346";"17757";"1,72";"1424,22";"2590625,37";"1212"
"2406155";"Jundiá";"1245";"3727";"2,08";"1213,02";"982606,97";"1212"
"2406205";"Lagoa d'Anta";"2195";"6644";"1,96";"1238,69";"1842421,43";"1200"
"2406304";"Lagoa de Pedras";"2575";"7338";"1,98";"1042,62";"1305741,56";"1100"
"2406403";"Lagoa de Velhos";"869";"2548";"2,27";"1463,40";"2814779,19";"1212"
"2406502";"Lagoa Nova";"5106";"15562";"2,08";"1435,23";"4413842,77";"1212"
"2406601";"Lagoa Salgada";"2825";"8305";"2,29";"1160,79";"1048024,02";"1212"
"2406700";"Lajes";"3211";"9849";"2,35";"1572,52";"2895121,80";"1212"
"2406809";"Lajes Pintadas";"1708";"4786";"1,84";"1351,68";"1550048,48";"1212"
"2406908";"Lucrécia";"1200";"3489";"1,83";"1506,27";"3096333,14";"1212"
"2407005";"Luís Gomes";"3002";"9067";"2,12";"1367,44";"3527630,51";"1212"
"2407104";"Macaíba";"28190";"82126";"1,98";"1546,82";"2993471,52";"1212"
"2407203";"Macau";"9656";"27301";"1,97";"2029,94";"211936382,59";"1212"
"2407252";"Major Sales";"1345";"3924";"1,89";"1418,24";"9795741,32";"1212"
"2407302";"Marcelino Vieira";"2729";"7896";"1,70";"1304,86";"2014951,74";"1200"
"2407401";"Martins";"2961";"8179";"1,80";"1633,88";"3164562,71";"1212"
"2407500";"Maxaranguape";"3204";"10208";"2,69";"1348,37";"2222737,57";"1212"
"2407609";"Messias Targino";"1432";"4271";"2,16";"1486,11";"3151719,84";"1212"
"2407708";"Montanhas";"3771";"11442";"2,48";"1344,78";"2021780,09";"1212"
"2407807";"Monte Alegre";"7736";"23018";"2,16";"1398,42";"2744405,39";"1212"
"2407906";"Monte das Gameleiras";"796";"2276";"1,57";"1315,52";"2012328,58";"1212"
"2408003";"Mossoró";"92467";"263529";"1,85";"2633,84";"39180968,90";"1212"
"2408102";"Natal";"270031";"748717";"1,97";"3679,65";"145418730,69";"1500"
"2408201";"Nísia Floresta";"9842";"29449";"2,27";"1649,25";"5392513,94";"1212"
"2408300";"Nova Cruz";"11514";"34098";"2,07";"1441,64";"2733757,02";"1200"
"2408409";"Olho d'Água do Borges";"1399";"3901";"1,76";"2977,91";"2891089136,17";"1212"
"2408508";"Ouro Branco";"1770";"4908";"1,84";"1704,50";"5423209,77";"1212"
"2408607";"Paraná";"1295";"3934";"2,08";"1254,37";"1119219,65";"1212"
"2408706";"Paraú";"1227";"3578";"1,88";"1556,53";"7875265,63";"1212"
"2408805";"Parazinho";"1492";"4795";"2,76";"1332,69";"1887163,71";"1212"
"2408904";"Parelhas";"7753";"21436";"1,74";"1828,42";"5453480,30";"1212"
"2408953";"Rio do Fogo";"3128";"10297";"2,59";"1296,88";"1785271,06";"1200"
"2409100";"Passa e Fica";"3791";"10851";"1,83";"1214,54";"7538244,58";"1200"
"2409209";"Passagem";"1077";"3115";"1,85";"1288,25";"1114337,57";"1212"
"2409308";"Patu";"4030";"10987";"1,75";"1611,25";"3853417,88";"1212"
"2409332";"Santa Maria";"1630";"4838";"2,18";"1296,29";"1753868,96";"1212"
"2409407";"Pau dos Ferros";"10776";"30221";"1,83";"2074,56";"6678889,14";"1212"
"2409506";"Pedra Grande";"1093";"3598";"2,33";"1469,44";"3603573,51";"1212"
"2409605";"Pedra Preta";"780";"2433";"2,20";"1438,93";"2141645,92";"1212"
"2409704";"Pedro Avelino";"2064";"6237";"2,33";"1619,19";"31096434,02";"1200"
"2409803";"Pedro Velho";"4496";"13821";"2,50";"1287,51";"2068557,78";"1200"
"2409902";"Pendências";"4206";"12268";"2,12";"1658,11";"5356344,07";"1212"
"2410009";"Pilões";"1045";"2961";"1,81";"1214,44";"781127,14";"1212"
"2410108";"Poço Branco";"3841";"12354";"2,88";"1220,64";"1531625,49";"1212"
"2410207";"Portalegre";"2689";"7600";"1,92";"1489,43";"3371091,87";"1212"
"2410256";"Porto do Mangue";"1734";"5206";"2,09";"1759,39";"391587831,65";"1212"
"2410306";"Serra Caiada";"3206";"10099";"2,90";"1243,63";"2736283,50";"1200"
"2410405";"Pureza";"3027";"9346";"2,68";"1172,70";"1301564,96";"1212"
"2410504";"Rafael Fernandes";"1879";"5428";"1,81";"1576,37";"7146100,97";"1212"
"2410603";"Rafael Godeiro";"1070";"2933";"1,76";"1399,66";"2864448,10";"1212"
"2410702";"Riacho da Cruz";"932";"2701";"2,20";"1386,35";"2216101,87";"1212"
"2410801";"Riacho de Santana";"1439";"4127";"1,79";"1241,41";"1345006,50";"1212"
"2410900";"Riachuelo";"2345";"7375";"2,49";"1378,06";"2774875,35";"1212"
"2411007";"Rodolfo Fernandes";"1518";"4242";"1,79";"1118,20";"898739,49";"1212"
"2411056";"Tibau";"1843";"5332";"2,17";"1585,05";"2494681,37";"1212"
"2411106";"Ruy Barbosa";"1090";"3191";"2,04";"1291,72";"1040767,65";"1212"
"2411205";"Santa Cruz";"12786";"37279";"1,91";"1765,82";"4840483,97";"1212"
"2411403";"Santana do Matos";"4476";"12454";"1,92";"1295,81";"1764631,40";"1212"
"2411429";"Santana do Seridó";"921";"2692";"1,78";"1695,33";"3489092,49";"1212"
"2411502";"Santo Antônio";"7694";"22169";"1,93";"1421,27";"3353946,89";"1212"
"2411601";"São Bento do Norte";"1046";"3289";"2,20";"1405,19";"1367011,08";"1212"
"2411700";"São Bento do Trairí";"1295";"3790";"1,95";"1263,26";"2005327,27";"1212"
"2411809";"São Fernando";"1242";"3492";"2,05";"1771,70";"3968850,45";"1212"
"2411908";"São Francisco do Oeste";"1480";"4159";"1,53";"1523,82";"1874669,17";"1212"
"2412005";"São Gonçalo do Amarante";"39821";"115681";"1,89";"1749,41";"3277188,53";"1212"
"2412104";"São João do Sabugi";"2256";"5954";"1,76";"1714,33";"4122586,29";"1212"
"2412203";"São José de Mipibu";"15659";"47181";"2,15";"1582,00";"2782339,81";"1212"
"2412302";"São José do Campestre";"3718";"11119";"2,49";"1344,88";"2000480,24";"1212"
"2412401";"São José do Seridó";"1546";"4539";"2,12";"1771,35";"3448003,02";"1212"
"2412500";"São Miguel";"8266";"23517";"1,92";"1447,21";"2595717,50";"1200"
"2412559";"São Miguel do Gostoso";"3210";"10196";"2,51";"1568,12";"3102331,26";"1212"
"2412609";"São Paulo do Potengi";"5875";"16750";"1,91";"1503,20";"6547420,79";"1212"
"2412708";"São Pedro";"1925";"5760";"2,28";"1333,45";"1760238,88";"1212"
"2412807";"São Rafael";"2734";"7710";"2,10";"1340,01";"1759794,27";"1212"
"2412906";"São Tomé";"3523";"9932";"2,04";"1304,14";"2312093,86";"1212"
"2413003";"São Vicente";"2218";"6307";"1,64";"1506,49";"2163397,72";"1212"
"2413102";"Senador Elói de Souza";"2037";"5958";"2,13";"1340,83";"50249622,23";"1200"
"2413201";"Senador Georgino Avelino";"1250";"4054";"2,54";"1398,03";"1702510,11";"1212"
"2413300";"Serra de São Bento";"1929";"5674";"2,09";"1324,68";"2335645,68";"1212"
"2413359";"Serra do Mel";"4235";"13051";"2,01";"1394,16";"6955001,57";"1212"
"2413409";"Serra Negra do Norte";"2591";"7587";"2,18";"1524,71";"3436726,96";"1212"
"2413508";"Serrinha";"2245";"6417";"2,02";"1279,56";"1509611,36";"1210"
"2413557";"Serrinha dos Pintos";"1681";"4648";"1,56";"1325,20";"1883663,14";"1212"
"2413607";"Severiano Melo";"1983";"5481";"1,74";"1363,07";"1836627,40";"1200"
"2413706";"Sítio Novo";"1673";"4649";"1,82";"1270,68";"1500097,09";"1212"
"2413805";"Taboleiro Grande";"824";"2338";"2,07";"1409,80";"3680201,33";"1212"
"2413904";"Taipu";"3643";"11400";"2,55";"1242,53";"1255786,28";"1212"
"2414001";"Tangará";"4485";"13252";"2,06";"1306,46";"1899709,23";"1200"
"2414100";"Tenente Ananias";"3392";"10235";"1,95";"1280,69";"2447688,45";"1212"
"2414159";"Tenente Laurentino Cruz";"1977";"5890";"1,88";"2041,18";"912521602,87";"1212"
"2414209";"Tibau do Sul";"5985";"16911";"2,31";"2261,30";"25230356,66";"1212"
"2414308";"Timbaúba dos Batistas";"844";"2344";"1,93";"1775,87";"2809241,32";"1212"
"2414407";"Touros";"10430";"33011";"2,49";"1329,55";"2601618,92";"1200"
"2414456";"Triunfo Potiguar";"1128";"3340";"2,07";"1305,40";"2868722,88";"1212"
"2414506";"Umarizal";"3696";"10073";"1,84";"1445,20";"2609457,83";"1212"
"2414605";"Upanema";"4676";"13573";"1,85";"1431,17";"2720301,96";"1212"
"2414704";"Várzea";"1810";"5229";"2,10";"1338,07";"1311487,59";"1200"
"2414753";"Venha-Ver";"1017";"3014";"1,66";"1319,87";"1275668,67";"1200"
"2414803";"Vera Cruz";"3553";"10715";"2,09";"1319,20";"1630852,90";"1212"
"2414902";"Viçosa";"636";"1821";"1,92";"1403,30";"1470175,87";"1212"
"2415008";"Vila Flor";"987";"3173";"2,42";"1444,53";"1409132,36";"1212"
"2500106";"Água Branca";"3267";"9335";"1,86";"1257,49";"1891176,39";"1200"
"2500205";"Aguiar";"1836";"5003";"1,80";"1454,94";"1690557,33";"1200"
"2500304";"Alagoa Grande";"8782";"26006";"2,29";"1304,17";"1766715,47";"1212"
"2500403";"Alagoa Nova";"6993";"20972";"2,32";"1260,82";"1401840,79";"1212"
"2500502";"Alagoinha";"4425";"13700";"2,50";"1299,36";"2108490,15";"1212"
"2500536";"Alcantil";"1999";"5574";"1,91";"1153,39";"629294,41";"1200"
"2500577";"Algodão de Jandaíra";"968";"2929";"2,25";"981,62";"453521,27";"1212"
"2500601";"Alhandra";"7140";"21658";"2,35";"1355,44";"2172828,10";"1212"
"2500700";"São João do Rio do Peixe";"6317";"17902";"1,90";"1528,39";"2939196,62";"1212"
"2500734";"Amparo";"792";"2234";"2,04";"1162,28";"1042612,69";"1200"
"2500775";"Aparecida";"2693";"7954";"1,84";"1231,99";"950549,88";"1212"
"2500809";"Araçagi";"5694";"16643";"2,19";"1084,67";"959940,92";"1200"
"2500908";"Arara";"4333";"12207";"2,15";"1254,81";"1142838,91";"1200"
"2501005";"Araruna";"5768";"17141";"1,83";"1271,28";"2167848,28";"1200"
"2501104";"Areia";"7361";"22581";"2,43";"1956,22";"488551431,58";"1212"
"2501153";"Areia de Baraúnas";"673";"2005";"2,43";"1165,40";"1233428,04";"1212"
"2501203";"Areial";"2469";"7127";"1,98";"1343,31";"2982968,12";"1212"
"2501302";"Aroeiras";"6588";"18674";"2,07";"1098,17";"1105319,13";"1200"
"2501351";"Assunção";"1395";"4143";"2,40";"1186,51";"1540346,32";"1212"
"2501401";"Baía da Traição";"2791";"9192";"3,12";"1284,27";"3453536,82";"1212"
"2501500";"Bananeiras";"7524";"23040";"2,24";"1673,75";"18427383,32";"1212"
"2501534";"Baraúna";"1729";"4758";"1,91";"1153,31";"968570,44";"1200"
"2501575";"Barra de Santana";"2938";"8056";"1,91";"1008,31";"649327,58";"1200"
"2501609";"Barra de Santa Rosa";"4843";"12901";"1,68";"1187,71";"3665980,48";"1200"
"2501708";"Barra de São Miguel";"2105";"5904";"1,85";"1170,55";"1419668,69";"1200"
"2501807";"Bayeux";"28049";"82556";"2,19";"1496,37";"2424900,66";"1212"
"2501906";"Belém";"5838";"16316";"2,04";"1317,78";"4056358,86";"1212"
"2502003";"Belém do Brejo do Cruz";"2107";"6268";"2,01";"1280,97";"2861713,92";"1212"
"2502052";"Bernardino Batista";"1124";"3504";"2,05";"1332,95";"2597552,26";"1212"
"2502102";"Boa Ventura";"1730";"5197";"2,24";"1342,90";"4348868,31";"1200"
"2502151";"Boa Vista";"2150";"6373";"1,95";"1608,39";"2973301,38";"1212"
"2502201";"Bom Jesus";"805";"2286";"2,00";"1357,66";"1815185,43";"1212"
"2502300";"Bom Sucesso";"1725";"4658";"1,55";"1279,70";"1929322,62";"1212"
"2502409";"Bonito de Santa Fé";"3349";"10237";"2,25";"1278,83";"2110630,46";"1212"
"2502508";"Boqueirão";"5966";"17545";"2,18";"1307,98";"1595291,77";"1212"
"2502607";"Igaracy";"2022";"5627";"1,78";"1239,00";"1208145,62";"1212"
"2502706";"Borborema";"1393";"4201";"2,30";"1230,27";"1331682,26";"1200"
"2502805";"Brejo do Cruz";"4646";"13596";"1,99";"1258,82";"2110134,81";"1212"
"2502904";"Brejo dos Santos";"1982";"5742";"1,78";"1554,40";"3554894,12";"1212"
"2503001";"Caaporã";"6830";"21187";"2,34";"1299,68";"1295964,92";"1212"
"2503100";"Cabaceiras";"1877";"5334";"2,00";"1468,06";"1912264,36";"1212"
"2503209";"Cabedelo";"22762";"66237";"2,12";"3609,64";"75099370,63";"1400"
"2503308";"Cachoeira dos Índios";"3132";"9149";"2,09";"1174,75";"1190390,35";"1212"
"2503407";"Cacimba de Areia";"1128";"3281";"1,82";"1076,00";"944364,39";"1212"
"2503506";"Cacimba de Dentro";"5426";"16052";"2,17";"1216,20";"2192334,45";"1200"
"2503555";"Cacimbas";"2289";"7218";"3,10";"1038,76";"703065,28";"800"
"2503605";"Caiçara";"2258";"6602";"2,03";"1224,40";"1589994,14";"1212"
"2503704";"Cajazeiras";"22351";"62809";"1,86";"1961,33";"8017452,10";"1212"
"2503753";"Cajazeirinhas";"883";"2736";"2,17";"1221,81";"1175523,93";"1212"
"2503803";"Caldas Brandão";"2015";"5748";"1,93";"1206,48";"2459245,89";"1212"
"2503902";"Camalaú";"2423";"6057";"1,60";"1113,97";"967339,09";"1200"
"2504009";"Campina Grande";"147103";"416889";"1,98";"2595,27";"21879000,12";"1212"
"2504033";"Capim";"2194";"6964";"2,48";"1140,13";"857388,22";"1212"
"2504074";"Caraúbas";"1453";"3944";"1,89";"1261,85";"984378,98";"1212"
"2504108";"Carrapateira";"754";"2312";"1,64";"1262,10";"1110307,84";"1200"
"2504157";"Casserengue";"2412";"6888";"2,11";"1143,64";"3806348,43";"1200"
"2504207";"Catingueira";"1452";"4491";"2,23";"1270,48";"2516751,42";"1212"
"2504306";"Catolé do Rocha";"10631";"30470";"1,88";"1652,94";"4176971,27";"1212"
"2504355";"Caturité";"1802";"5254";"1,77";"1266,55";"1752974,60";"1212"
"2504405";"Conceição";"6227";"18207";"2,01";"1464,30";"5418799,96";"1200"
"2504504";"Condado";"2275";"6431";"2,06";"1365,82";"2473076,06";"1212"
"2504603";"Conde";"8964";"27427";"2,49";"1605,35";"4358515,68";"1212"
"2504702";"Congo";"1869";"4930";"1,88";"1229,30";"1289973,65";"1200"
"2504801";"Coremas";"5086";"14604";"1,99";"1363,40";"2564415,68";"1200"
"2504850";"Coxixola";"734";"1824";"1,46";"1344,62";"1712727,81";"1212"
"2504900";"Cruz do Espírito Santo";"5362";"17089";"2,49";"1177,64";"796776,55";"1212"
"2505006";"Cubati";"2627";"7542";"2,12";"1156,74";"1000338,74";"1212"
"2505105";"Cuité";"6930";"19624";"1,83";"1353,24";"2835951,71";"1200"
"2505204";"Cuitegi";"2198";"6730";"2,27";"1149,14";"881436,61";"1212"
"2505238";"Cuité de Mamanguape";"2102";"6245";"2,16";"1143,99";"1564324,15";"1200"
"2505279";"Curral de Cima";"1759";"5254";"2,15";"1120,81";"1000522,13";"1200"
"2505303";"Curral Velho";"739";"2287";"2,00";"1222,08";"858304,17";"1200"
"2505352";"Damião";"1788";"4980";"1,70";"1079,57";"2269823,86";"1200"
"2505402";"Desterro";"2842";"8067";"1,83";"1191,14";"4369002,34";"1212"
"2505501";"Vista Serrana";"1197";"3641";"2,03";"1250,77";"1341291,71";"1200"
"2505600";"Diamante";"2097";"6299";"2,03";"1222,78";"2329890,12";"1212"
"2505709";"Dona Inês";"3580";"10337";"2,06";"1139,25";"1531998,74";"1200"
"2505808";"Duas Estradas";"1166";"3315";"2,22";"1162,62";"913158,94";"1200"
"2505907";"Emas";"974";"3001";"2,34";"1354,82";"1310797,58";"1212"
"2506004";"Esperança";"10821";"31141";"1,94";"1504,44";"2481658,60";"1212"
"2506103";"Fagundes";"3784";"11046";"2,26";"1157,15";"1867486,86";"1200"
"2506202";"Frei Martinho";"1085";"2841";"1,50";"1404,70";"3090275,57";"1212"
"2506251";"Gado Bravo";"2749";"8175";"2,20";"985,35";"573278,28";"1200"
"2506301";"Guarabira";"19739";"57008";"1,94";"1807,49";"5864506,10";"1212"
"2506400";"Gurinhém";"4535";"13757";"2,23";"1224,24";"1499133,79";"1200"
"2506509";"Gurjão";"1145";"3240";"2,13";"1269,95";"944716,31";"1212"
"2506608";"Ibiara";"2017";"5627";"2,00";"1308,19";"2495799,24";"1212"
"2506707";"Imaculada";"3408";"10378";"2,34";"1118,75";"1040199,35";"1000"
"2506806";"Ingá";"6073";"17628";"2,06";"1306,21";"1570353,70";"1212"
"2506905";"Itabaiana";"8292";"23076";"1,89";"1488,46";"2229099,64";"1212"
"2507002";"Itaporanga";"8181";"23841";"1,97";"1692,38";"5306772,05";"1212"
"2507101";"Itapororoca";"6058";"18376";"2,18";"1239,97";"9761790,27";"1200"
"2507200";"Itatuba";"3484";"10459";"2,30";"1172,80";"1548521,50";"1212"
"2507309";"Jacaraú";"4970";"14449";"2,26";"1225,68";"1994174,16";"1200"
"2507408";"Jericó";"2518";"7505";"1,93";"1330,87";"1525058,36";"1212"
"2507507";"João Pessoa";"296192";"828388";"1,93";"3544,10";"49781964,93";"1600"
"2507606";"Juarez Távora";"2799";"7794";"1,99";"1199,22";"2709943,06";"1200"
"2507705";"Juazeirinho";"5406";"16989";"2,43";"1273,28";"3795353,89";"1212"
"2507804";"Junco do Seridó";"2324";"6783";"1,79";"1422,64";"2515247,01";"1212"
"2507903";"Juripiranga";"3316";"9999";"2,21";"1233,86";"1606868,89";"1212"
"2508000";"Juru";"3208";"9229";"1,81";"1124,86";"933669,15";"1200"
"2508109";"Lagoa";"1488";"4384";"1,79";"1190,21";"1599649,13";"1212"
"2508208";"Lagoa de Dentro";"2630";"7812";"2,22";"1235,27";"1246566,13";"1212"
"2508307";"Lagoa Seca";"9172";"27623";"2,10";"2128,98";"471837014,59";"1212"
"2508406";"Lastro";"973";"3150";"2,17";"1169,15";"838639,02";"1212"
"2508505";"Livramento";"2417";"6868";"2,03";"1186,53";"1251077,04";"1212"
"2508554";"Logradouro";"1537";"4795";"2,03";"1362,14";"2076823,81";"1212"
"2508604";"Lucena";"3924";"12542";"2,67";"1455,17";"4846637,27";"1212"
"2508703";"Mãe d'Água";"1323";"3583";"1,98";"1219,43";"1441915,04";"1212"
"2508802";"Malta";"2053";"5998";"2,27";"1455,53";"1924246,05";"1212"
"2508901";"Mamanguape";"14483";"44540";"2,33";"1473,72";"3209019,93";"1212"
"2509008";"Manaíra";"3577";"10434";"1,96";"1101,42";"1342368,25";"1130"
"2509057";"Marcação";"2760";"8989";"2,52";"949,10";"240712,26";"1001"
"2509107";"Mari";"7354";"21372";"2,16";"1141,46";"997028,50";"1200"
"2509156";"Marizópolis";"2208";"6701";"1,95";"1296,03";"2033557,52";"1212"
"2509206";"Massaranduba";"4858";"14135";"2,06";"1201,60";"1420139,24";"1212"
"2509305";"Mataraca";"2680";"8223";"2,51";"1332,26";"8313280,73";"1212"
"2509339";"Matinhas";"1488";"4571";"2,17";"1129,32";"697422,92";"1200"
"2509370";"Mato Grosso";"826";"2540";"2,20";"1257,26";"1005435,55";"1212"
"2509396";"Maturéia";"2305";"6429";"1,76";"1102,00";"1258880,70";"1170"
"2509404";"Mogeiro";"4796";"13897";"1,99";"1114,98";"1721379,24";"1212"
"2509503";"Montadas";"1951";"5811";"2,25";"1213,87";"1290112,49";"1212"
"2509602";"Monte Horebe";"1573";"4313";"1,83";"1109,16";"976340,40";"1212"
"2509701";"Monteiro";"12129";"32139";"1,79";"1439,06";"3106026,59";"1210"
"2509800";"Mulungu";"3036";"8775";"2,14";"1212,56";"4685946,29";"1212"
"2509909";"Natuba";"3082";"8943";"2,12";"1550,69";"687379786,38";"1200"
"2510006";"Nazarezinho";"2524";"7202";"1,62";"1214,73";"1432273,79";"1212"
"2510105";"Nova Floresta";"3577";"9712";"1,90";"1167,00";"1470253,43";"1200"
"2510204";"Nova Olinda";"1970";"5787";"1,94";"1241,87";"3068149,70";"1212"
"2510303";"Nova Palmeira";"1544";"4250";"1,54";"1350,06";"1944230,14";"1212"
"2510402";"Olho d'Água";"2039";"6060";"2,18";"1124,69";"875454,48";"1212"
"2510501";"Olivedos";"1286";"3580";"1,77";"1242,02";"1088057,97";"1212"
"2510600";"Ouro Velho";"1120";"2918";"1,64";"1256,54";"1111628,85";"1212"
"2510659";"Parari";"644";"1720";"1,94";"1312,10";"887001,64";"1212"
"2510709";"Passagem";"860";"2463";"2,12";"1212,17";"960538,38";"1212"
"2510808";"Patos";"36234";"102401";"1,91";"2025,41";"9777945,11";"1212"
"2510907";"Paulista";"4125";"11821";"1,95";"1376,61";"5007219,81";"1200"
"2511004";"Pedra Branca";"1269";"3733";"2,03";"1419,40";"2660739,99";"1212"
"2511103";"Pedra Lavrada";"2479";"6841";"1,77";"1207,53";"1211829,88";"1212"
"2511202";"Pedras de Fogo";"9752";"29574";"2,11";"1342,78";"3151266,33";"1212"
"2511301";"Piancó";"5638";"16399";"2,03";"1486,30";"2698105,51";"1212"
"2511400";"Picuí";"6560";"18304";"1,77";"1459,47";"5434840,00";"1212"
"2511509";"Pilar";"4152";"12250";"2,17";"1263,69";"2322333,92";"1212"
"2511608";"Pilões";"2084";"6813";"2,60";"1260,77";"1531264,35";"1212"
"2511707";"Pilõezinhos";"1737";"5329";"2,20";"1110,47";"739778,61";"1212"
"2511806";"Pirpirituba";"3088";"9337";"2,31";"1271,94";"2021601,66";"1212"
"2511905";"Pitimbu";"5399";"16730";"2,47";"1288,58";"1651320,87";"1212"
"2512002";"Pocinhos";"5759";"17463";"2,39";"1247,71";"1637595,63";"1212"
"2512036";"Poço Dantas";"1277";"3830";"1,81";"1195,75";"1894966,01";"1212"
"2512077";"Poço de José de Moura";"1450";"4006";"1,72";"1400,18";"2497802,31";"1200"
"2512101";"Pombal";"11299";"32402";"1,82";"1643,18";"5321188,80";"1212"
"2512200";"Prata";"1428";"3907";"1,88";"1367,99";"1400968,23";"1212"
"2512309";"Princesa Isabel";"7352";"21060";"1,91";"1418,05";"3581262,07";"1200"
"2512408";"Puxinanã";"4802";"14213";"2,21";"1233,43";"1127955,91";"1212"
"2512507";"Queimadas";"16565";"47617";"1,90";"1297,80";"1463350,02";"1212"
"2512606";"Quixaba";"574";"1737";"1,94";"1213,84";"1262354,36";"1212"
"2512705";"Remígio";"5974";"17796";"2,33";"1452,94";"3496064,39";"1212"
"2512721";"Pedro Régis";"1948";"5763";"2,28";"1138,29";"3601292,50";"1212"
"2512747";"Riachão";"1016";"2927";"1,93";"1104,25";"657195,49";"1200"
"2512754";"Riachão do Bacamarte";"1591";"4676";"1,98";"1248,75";"794544,57";"1212"
"2512762";"Riachão do Poço";"1597";"4737";"2,15";"1127,04";"8167704,60";"1212"
"2512788";"Riacho de Santo Antônio";"657";"1946";"2,30";"1237,05";"1397742,75";"1212"
"2512804";"Riacho dos Cavalos";"2832";"8491";"1,70";"1208,69";"1235965,65";"1212"
"2512903";"Rio Tinto";"8203";"24544";"2,21";"1401,69";"2068240,02";"1212"
"2513000";"Salgadinho";"1110";"3355";"2,38";"1218,40";"1418858,61";"1212"
"2513109";"Salgado de São Félix";"4067";"11492";"2,05";"1092,13";"635577,42";"1200"
"2513158";"Santa Cecília";"2622";"7664";"1,90";"1075,58";"1087318,21";"1100"
"2513208";"Santa Cruz";"2053";"5945";"1,80";"1389,75";"1298686,79";"1212"
"2513307";"Santa Helena";"2078";"5855";"1,77";"1282,73";"2204874,41";"1212"
"2513356";"Santa Inês";"1057";"3221";"2,12";"1302,81";"1632544,68";"1212"
"2513406";"Santa Luzia";"5256";"14886";"1,92";"1784,40";"5586791,79";"1212"
"2513505";"Santana de Mangueira";"1616";"5003";"2,48";"1372,83";"5568551,73";"1212"
"2513604";"Santana dos Garrotes";"2301";"6567";"2,02";"1315,52";"2023518,79";"1212"
"2513653";"Joca Claudino";"875";"2539";"1,67";"1241,55";"2155404,75";"1200"
"2513703";"Santa Rita";"49515";"149236";"2,05";"1522,01";"2345068,92";"1212"
"2513802";"Santa Teresinha";"1486";"4401";"2,21";"1295,32";"2116257,99";"1212"
"2513851";"Santo André";"997";"2620";"2,00";"1343,29";"2950321,29";"1212"
"2513901";"São Bento";"10940";"32200";"1,85";"1330,01";"2155966,77";"1212"
"2513927";"São Bentinho";"1491";"4327";"2,27";"1230,78";"865077,09";"1212"
"2513943";"São Domingos do Cariri";"920";"2585";"2,11";"1315,31";"932900,94";"1200"
"2513968";"São Domingos";"921";"2593";"1,79";"1056,87";"303528,33";"1200"
"2513984";"São Francisco";"1120";"3137";"1,50";"1239,45";"1072776,44";"1212"
"2514008";"São João do Cariri";"1526";"4194";"2,10";"1469,72";"1728273,07";"1212"
"2514107";"São João do Tigre";"1701";"4260";"1,85";"1123,28";"1036108,70";"1200"
"2514206";"São José da Lagoa Tapada";"2529";"7122";"1,68";"1231,89";"5354807,07";"1212"
"2514305";"São José de Caiana";"1675";"5034";"2,13";"1213,99";"1089687,02";"1212"
"2514404";"São José de Espinharas";"1344";"4067";"2,46";"1252,99";"1836612,48";"1212"
"2514453";"São José dos Ramos";"1956";"5877";"2,08";"1093,57";"825943,39";"1212"
"2514503";"São José de Piranhas";"6659";"18998";"1,82";"1432,24";"3199613,65";"1200"
"2514552";"São José de Princesa";"1170";"3398";"2,14";"1223,20";"1741038,60";"1200"
"2514602";"São José do Bonfim";"1100";"3241";"2,23";"1227,79";"953850,72";"1212"
"2514651";"São José do Brejo do Cruz";"542";"1696";"2,35";"1307,51";"1028453,67";"1212"
"2514701";"São José do Sabugi";"1412";"4129";"1,92";"1500,70";"1758623,56";"1212"
"2514800";"São José dos Cordeiros";"1288";"3411";"1,80";"1129,32";"662787,07";"1212"
"2514909";"São Mamede";"2673";"7460";"2,04";"1605,00";"8233962,97";"1212"
"2515005";"São Miguel de Taipu";"2281";"7061";"2,18";"1221,11";"3971118,06";"1200"
"2515104";"São Sebastião de Lagoa de Roça";"3764";"11026";"2,08";"1351,52";"1818541,42";"1212"
"2515203";"São Sebastião do Umbuzeiro";"1260";"3275";"1,58";"1254,16";"1282358,17";"1200"
"2515302";"Sapé";"16897";"51169";"2,37";"1329,32";"1725620,22";"1212"
"2515401";"São Vicente do Seridó";"3405";"10290";"2,13";"1082,00";"871096,67";"1200"
"2515500";"Serra Branca";"5054";"13543";"1,98";"1394,24";"21660296,19";"1200"
"2515609";"Serra da Raiz";"998";"3091";"2,42";"1393,12";"1712300,83";"1212"
"2515708";"Serra Grande";"1046";"2941";"1,82";"1277,91";"1424757,49";"1212"
"2515807";"Serra Redonda";"2430";"6821";"1,89";"1206,57";"1255724,28";"1212"
"2515906";"Serraria";"1636";"4882";"2,59";"1221,44";"1465458,40";"1212"
"2515930";"Sertãozinho";"1716";"5054";"2,07";"1294,33";"1269441,33";"1200"
"2515971";"Sobrado";"2762";"8236";"2,24";"1084,68";"1106216,23";"1200"
"2516003";"Solânea";"9096";"26675";"2,13";"1526,69";"3365787,19";"1212"
"2516102";"Soledade";"4780";"13877";"2,05";"1378,96";"3127233,63";"1212"
"2516151";"Sossêgo";"1160";"3345";"1,93";"1176,15";"1040354,15";"1212"
"2516201";"Sousa";"22551";"66913";"1,95";"1778,06";"10107641,63";"1212"
"2516300";"Sumé";"6633";"17109";"1,72";"1469,18";"4872243,01";"1200"
"2516409";"Tacima";"2728";"7997";"2,43";"1092,52";"1582355,57";"1200"
"2516508";"Taperoá";"4973";"14063";"2,20";"1222,48";"1287399,01";"1212"
"2516607";"Tavares";"4796";"14097";"1,98";"1183,62";"2345121,13";"1200"
"2516706";"Teixeira";"5027";"14589";"2,04";"1329,91";"3110116,70";"1200"
"2516755";"Tenório";"1076";"2964";"1,65";"1171,34";"1249252,07";"1200"
"2516805";"Triunfo";"3172";"9879";"2,47";"1294,19";"1537847,74";"1210"
"2516904";"Uiraúna";"5092";"14892";"1,98";"1511,12";"2775805,75";"1212"
"2517001";"Umbuzeiro";"2998";"9101";"2,69";"1146,13";"1619148,04";"1200"
"2517100";"Várzea";"991";"2665";"1,82";"1725,81";"3106983,25";"1212"
"2517209";"Vieirópolis";"1622";"4857";"1,80";"1233,07";"673896,34";"1200"
"2517407";"Zabelê";"835";"2220";"1,78";"1182,66";"1084720,27";"1212"
"2600054";"Abreu e Lima";"34672";"96683";"1,97";"1498,54";"2823844,31";"1212"
"2600104";"Afogados da Ingazeira";"14819";"40146";"1,75";"1677,63";"10103321,01";"1212"
"2600203";"Afrânio";"5805";"18615";"3,37";"1280,60";"8575151,31";"1200"
"2600302";"Agrestina";"8550";"23750";"1,90";"1215,86";"2893812,19";"1200"
"2600401";"Água Preta";"8779";"26413";"2,36";"1215,84";"1332113,36";"1212"
"2600500";"Águas Belas";"13433";"41513";"2,73";"992,16";"549378,22";"950"
"2600609";"Alagoinha";"4882";"13535";"2,10";"1340,99";"4039051,29";"1200"
"2600708";"Aliança";"12255";"35715";"2,24";"1264,79";"1575487,63";"1212"
"2600807";"Altinho";"7889";"20649";"1,86";"1212,70";"1794006,93";"1200"
"2600906";"Amaraji";"6408";"18199";"1,98";"1186,92";"1264836,21";"1200"
"2601003";"Angelim";"3476";"10226";"2,20";"1275,30";"3268450,30";"1200"
"2601052";"Araçoiaba";"6292";"19234";"2,46";"1205,11";"1076018,05";"1212"
"2601102";"Araripina";"27498";"85065";"2,30";"1359,13";"5703023,28";"1200"
"2601201";"Arcoverde";"27693";"76761";"2,11";"1875,50";"7646045,55";"1212"
"2601300";"Barra de Guabiraba";"4052";"12248";"2,41";"1165,94";"1247108,19";"1200"
"2601409";"Barreiros";"13356";"40068";"2,35";"1311,23";"1932463,12";"1212"
"2601508";"Belém de Maria";"3410";"10376";"2,64";"1110,19";"985660,04";"1200"
"2601607";"Belém do São Francisco";"5621";"18282";"3,06";"1366,23";"4106318,91";"1200"
"2601706";"Belo Jardim";"29196";"79388";"1,81";"1488,02";"3519649,47";"1212"
"2601805";"Betânia";"3774";"11216";"2,17";"1191,77";"1348195,34";"1200"
"2601904";"Bezerros";"23798";"61540";"1,66";"1385,66";"5117253,54";"1200"
"2602001";"Bodocó";"11130";"34441";"2,25";"1199,65";"2722969,98";"1100"
"2602100";"Bom Conselho";"15181";"44172";"2,14";"1327,05";"4195949,75";"1200"
"2602209";"Bom Jardim";"13250";"37603";"1,91";"1189,19";"2126044,60";"1200"
"2602308";"Bonito";"13257";"37445";"2,11";"1269,28";"3611709,09";"1200"
"2602407";"Brejão";"3042";"9055";"2,16";"1182,47";"2371865,44";"1200"
"2602506";"Brejinho";"2882";"7712";"1,67";"1222,57";"1171747,55";"1200"
"2602605";"Brejo da Madre de Deus";"17173";"48591";"1,93";"1217,49";"1373653,84";"1200"
"2602704";"Buenos Aires";"4424";"12801";"2,04";"1208,89";"1846406,64";"1212"
"2602803";"Buíque";"17111";"51873";"2,72";"1087,35";"2101930,33";"1000"
"2602902";"Cabo de Santo Agostinho";"71704";"202733";"1,90";"1767,17";"6925663,46";"1212"
"2603009";"Cabrobó";"9960";"30141";"2,32";"1288,99";"3335394,07";"1200"
"2603108";"Cachoeirinha";"7317";"19896";"1,84";"1212,38";"2201101,02";"1200"
"2603207";"Caetés";"9262";"28773";"2,31";"1089,97";"1491338,05";"1200"
"2603306";"Calçado";"3765";"11082";"1,85";"1071,13";"935913,01";"1000"
"2603405";"Calumbi";"1795";"5228";"2,01";"1464,55";"9307526,96";"1212"
"2603454";"Camaragibe";"53357";"147459";"1,80";"1968,46";"7228601,47";"1212"
"2603504";"Camocim de São Félix";"6305";"17389";"1,90";"1246,79";"1674371,03";"1212"
"2603603";"Camutanga";"2551";"7736";"2,08";"1347,02";"3332933,93";"1212"
"2603702";"Canhotinho";"7838";"22630";"2,21";"1217,41";"2002436,40";"1200"
"2603801";"Capoeiras";"6031";"18307";"2,29";"1140,98";"1121617,92";"1200"
"2603900";"Carnaíba";"6788";"18605";"1,75";"1220,58";"1483712,58";"1200"
"2603926";"Carnaubeira da Penha";"3385";"12155";"3,69";"1226,57";"1352272,90";"1200"
"2604007";"Carpina";"27652";"79059";"1,92";"1814,22";"5171599,85";"1212"
"2604106";"Caruaru";"138470";"376391";"1,81";"2135,12";"65824711,18";"1212"
"2604155";"Casinhas";"4210";"12965";"2,23";"1003,95";"484199,73";"1200"
"2604205";"Catende";"10858";"32063";"2,41";"1305,45";"1858501,06";"1200"
"2604304";"Cedro";"3403";"10517";"1,94";"1262,53";"3087704,06";"1212"
"2604403";"Chã de Alegria";"4384";"12983";"2,04";"1179,33";"1004899,24";"1212"
"2604502";"Chã Grande";"7287";"20529";"1,84";"1276,82";"2325590,45";"1200"
"2604601";"Condado";"8301";"24516";"2,18";"1409,98";"3140436,41";"1212"
"2604700";"Correntes";"5159";"17092";"2,74";"1184,25";"1701150,94";"1200"
"2604809";"Cortês";"3611";"10197";"2,00";"1272,83";"1273545,28";"1212"
"2604908";"Cumaru";"5675";"15904";"1,93";"1206,08";"1796027,33";"1212"
"2605004";"Cupira";"8469";"23508";"1,84";"1264,13";"2088981,98";"1200"
"2605103";"Custódia";"13424";"37603";"1,82";"1414,71";"4028935,95";"1200"
"2605152";"Dormentes";"5812";"17185";"2,11";"1302,52";"2410445,05";"1212"
"2605202";"Escada";"21041";"59736";"1,97";"1464,51";"2785580,26";"1212"
"2605301";"Exu";"10157";"31822";"2,44";"1211,75";"3230897,64";"1200"
"2605400";"Feira Nova";"7693";"21426";"1,81";"1262,74";"1536075,88";"1200"
"2605459";"Fernando de Noronha";"717";"2147";"3,45";"4161,38";"29983252,21";"2600"
"2605509";"Ferreiros";"4937";"15005";"2,12";"1437,02";"2550419,50";"1212"
"2605608";"Flores";"7520";"20315";"1,85";"1189,74";"2988421,63";"1200"
"2605707";"Floresta";"9407";"30059";"2,77";"1491,90";"4054945,83";"1212"
"2605806";"Frei Miguelinho";"5143";"13624";"1,79";"1253,46";"1629164,46";"1200"
"2605905";"Gameleira";"6188";"18194";"2,27";"1202,85";"1376110,05";"1212"
"2606002";"Garanhuns";"49020";"142040";"2,08";"2148,50";"85132368,67";"1212"
"2606101";"Glória do Goitá";"10182";"29339";"1,95";"1342,69";"27637368,02";"1200"
"2606200";"Goiana";"27962";"80855";"2,14";"1573,19";"3146750,48";"1212"
"2606309";"Granito";"2257";"6945";"2,35";"1226,66";"1603675,25";"1200"
"2606408";"Gravatá";"32065";"86295";"1,74";"1660,05";"6658463,27";"1212"
"2606507";"Iati";"5674";"17157";"2,29";"1190,94";"1754426,58";"1200"
"2606606";"Ibimirim";"8857";"26550";"2,52";"1157,28";"1532466,67";"1112"
"2606705";"Ibirajuba";"2641";"7140";"1,88";"1140,89";"1608286,07";"1212"
"2606804";"Igarassu";"40503";"114914";"1,90";"1615,19";"3340259,25";"1212"
"2606903";"Iguaracy";"4054";"11064";"1,92";"1170,67";"1524427,83";"1200"
"2607000";"Inajá";"7298";"25539";"3,31";"1095,48";"1283748,79";"1000"
"2607109";"Ingazeira";"1692";"4762";"1,93";"1252,07";"1423672,48";"1212"
"2607208";"Ipojuca";"33182";"98430";"2,18";"1591,98";"39031841,49";"1212"
"2607307";"Ipubi";"9330";"28996";"2,29";"1096,73";"1502009,46";"1000"
"2607406";"Itacuruba";"1344";"4283";"2,39";"1411,67";"1639897,81";"1212"
"2607505";"Itaíba";"10711";"32559";"2,23";"1163,25";"2049347,08";"1000"
"2607604";"Ilha de Itamaracá";"7771";"21523";"2,22";"1568,69";"4176797,02";"1212"
"2607653";"Itambé";"11542";"34889";"2,34";"1265,24";"2030244,26";"1212"
"2607703";"Itapetim";"5489";"13781";"1,60";"1517,04";"281538688,31";"1200"
"2607752";"Itapissuma";"8221";"23986";"2,09";"1344,05";"2703899,19";"1212"
"2607802";"Itaquitinga";"5143";"15476";"2,46";"1232,07";"1344894,15";"1212"
"2607901";"Jaboatão dos Guararapes";"235140";"642794";"1,88";"2255,40";"56518873,62";"1212"
"2607950";"Jaqueira";"3262";"10240";"2,95";"1152,19";"899976,51";"1212"
"2608008";"Jataúba";"5766";"15802";"1,92";"1208,83";"182473245,67";"1000"
"2608057";"Jatobá";"4687";"13990";"2,39";"1509,84";"3130684,78";"1212"
"2608107";"João Alfredo";"10271";"27720";"1,72";"1155,64";"1589857,67";"1200"
"2608206";"Joaquim Nabuco";"4378";"13266";"2,26";"1199,90";"1162413,56";"1212"
"2608255";"Jucati";"3812";"11513";"1,97";"1120,94";"1684419,70";"1100"
"2608305";"Jupi";"5313";"15323";"1,88";"1232,44";"2260447,98";"1200"
"2608404";"Jurema";"4791";"13648";"2,19";"1045,51";"949969,40";"1000"
"2608453";"Lagoa do Carro";"6337";"17969";"1,86";"1313,73";"2822946,63";"1212"
"2608503";"Lagoa de Itaenga";"6707";"18991";"1,94";"1279,86";"1443601,02";"1200"
"2608602";"Lagoa do Ouro";"4150";"11899";"1,98";"1145,50";"1183864,13";"1200"
"2608701";"Lagoa dos Gatos";"4967";"14067";"2,14";"1086,57";"1165496,58";"1000"
"2608750";"Lagoa Grande";"8055";"24040";"2,29";"1247,01";"2591500,31";"1212"
"2608800";"Lajedo";"13932";"39464";"1,95";"1666,99";"956588707,90";"1200"
"2608909";"Limoeiro";"20188";"55278";"1,83";"1595,56";"3747234,81";"1212"
"2609006";"Macaparana";"7957";"23804";"2,17";"1288,08";"3016664,92";"1212"
"2609105";"Machados";"3841";"11327";"2,17";"1165,74";"1542622,42";"1200"
"2609154";"Manari";"6694";"23751";"4,03";"936,89";"529624,82";"700"
"2609204";"Maraial";"3094";"9353";"2,50";"1090,90";"895549,29";"1200"
"2609303";"Mirandiba";"4446";"14070";"2,77";"1317,36";"2486782,80";"1212"
"2609402";"Moreno";"19591";"55066";"1,91";"1456,03";"1951274,33";"1212"
"2609501";"Nazaré da Mata";"10662";"30538";"1,96";"1636,13";"3451121,98";"1212"
"2609600";"Olinda";"127261";"349263";"2,00";"2413,05";"22551778,71";"1212"
"2609709";"Orobó";"7391";"21758";"2,09";"1161,05";"1620732,26";"1200"
"2609808";"Orocó";"4282";"13592";"2,44";"1089,99";"1266704,28";"1000"
"2609907";"Ouricuri";"21487";"65212";"2,49";"1338,00";"3668011,31";"1200"
"2610004";"Palmares";"18422";"53752";"2,14";"1570,83";"3567093,14";"1212"
"2610103";"Palmeirina";"2476";"7030";"2,19";"1293,91";"2182497,18";"1200"
"2610202";"Panelas";"8197";"22983";"2,23";"1136,87";"2650866,91";"1200"
"2610301";"Paranatama";"4207";"12187";"2,03";"1117,62";"829969,30";"1200"
"2610400";"Parnamirim";"6086";"18599";"2,42";"1331,30";"4194799,29";"1200"
"2610509";"Passira";"10376";"28336";"1,69";"1385,91";"238217638,01";"1200"
"2610608";"Paudalho";"18909";"56588";"2,24";"1941,44";"17367661,30";"1212"
"2610707";"Paulista";"124307";"341577";"1,86";"2165,63";"6441066,77";"1245"
"2610806";"Pedra";"7723";"22771";"2,41";"1171,90";"1573309,32";"1100"
"2610905";"Pesqueira";"22002";"61921";"2,14";"1373,88";"3329516,87";"1200"
"2611002";"Petrolândia";"10907";"34095";"2,61";"1419,16";"4893623,62";"1212"
"2611101";"Petrolina";"128378";"385326";"2,20";"2369,59";"20899489,58";"1212"
"2611200";"Poção";"3844";"10495";"2,09";"1053,20";"779177,11";"1200"
"2611309";"Pombos";"9859";"27547";"1,78";"1327,45";"28829201,30";"1200"
"2611408";"Primavera";"4490";"13825";"2,55";"1324,50";"1440753,40";"1212"
"2611507";"Quipapá";"6123";"17921";"2,26";"1125,27";"1344978,96";"1200"
"2611533";"Quixaba";"2274";"6536";"1,83";"1137,21";"915189,57";"1200"
"2611606";"Recife";"547443";"1479478";"1,93";"4112,89";"307571266,56";"1500"
"2611705";"Riacho das Almas";"7743";"20638";"1,58";"1190,73";"1643104,75";"1200"
"2611804";"Ribeirão";"11917";"33489";"1,95";"1521,16";"5213088,69";"1212"
"2611903";"Rio Formoso";"6438";"19996";"2,51";"1384,69";"1808905,53";"1200"
"2612000";"Sairé";"4118";"10880";"1,74";"1354,49";"3317871,20";"1212"
"2612109";"Salgadinho";"2051";"5727";"2,23";"1290,60";"8280804,78";"1200"
"2612208";"Salgueiro";"20386";"61929";"2,31";"1782,67";"6337507,24";"1212"
"2612307";"Saloá";"4791";"13782";"2,15";"1223,90";"1403502,39";"1200"
"2612406";"Sanharó";"6601";"18618";"2,02";"1393,36";"18534747,44";"1200"
"2612455";"Santa Cruz";"4366";"13835";"3,20";"1106,29";"2094351,12";"1200"
"2612471";"Santa Cruz da Baixa Verde";"3982";"11567";"2,21";"1273,46";"1750489,97";"1200"
"2612505";"Santa Cruz do Capibaribe";"34711";"97523";"1,79";"1575,23";"51735914,31";"1212"
"2612554";"Santa Filomena";"4091";"12106";"2,40";"1063,54";"751318,90";"1200"
"2612604";"Santa Maria da Boa Vista";"12515";"40472";"2,76";"1174,15";"1629222,83";"1200"
"2612703";"Santa Maria do Cambucá";"4940";"14007";"1,95";"1153,52";"1587705,60";"1200"
"2612802";"Santa Terezinha";"3734";"10233";"1,92";"1224,31";"1618825,79";"1200"
"2612901";"São Benedito do Sul";"3851";"13105";"3,19";"1138,89";"1078007,31";"1200"
"2613008";"São Bento do Una";"17189";"49351";"2,11";"1297,42";"38741063,50";"1200"
"2613107";"São Caitano";"13465";"37043";"1,89";"1268,23";"1186945,29";"1212"
"2613206";"São João";"7923";"23826";"2,06";"1258,10";"2507356,70";"1200"
"2613305";"São Joaquim do Monte";"7203";"19992";"1,95";"1080,63";"1207164,31";"1200"
"2613404";"São José da Coroa Grande";"6102";"18767";"2,68";"1675,01";"5690631,01";"1212"
"2613503";"São José do Belmonte";"11524";"34812";"2,07";"1439,00";"3794407,23";"1212"
"2613602";"São José do Egito";"11850";"30958";"1,74";"1401,82";"5009455,77";"1212"
"2613701";"São Lourenço da Mata";"39422";"111032";"1,93";"1712,63";"51146135,73";"1212"
"2613800";"São Vicente Férrer";"5669";"16667";"2,18";"1149,98";"1374814,64";"1200"
"2613909";"Serra Talhada";"32412";"92113";"2,04";"1815,43";"7129493,02";"1212"
"2614006";"Serrita";"5576";"18199";"2,70";"1169,61";"1409936,40";"1200"
"2614105";"Sertânia";"11767";"32724";"2,15";"1490,89";"94111697,84";"1212"
"2614204";"Sirinhaém";"11888";"37565";"2,42";"1433,75";"3888104,93";"1212"
"2614303";"Moreilândia";"3487";"10531";"2,30";"1157,29";"1197123,49";"1200"
"2614402";"Solidão";"1796";"5196";"2,05";"1185,69";"1631866,99";"1200"
"2614501";"Surubim";"22722";"64030";"1,84";"1534,17";"5520771,61";"1212"
"2614600";"Tabira";"9973";"27630";"1,78";"1309,60";"2563973,90";"1212"
"2614709";"Tacaimbó";"4827";"13077";"1,87";"1092,67";"683946,07";"1200"
"2614808";"Tacaratu";"7338";"23862";"2,80";"1103,87";"1103303,37";"1200"
"2614857";"Tamandaré";"7625";"23534";"2,56";"1509,62";"3312814,56";"1212"
"2615003";"Taquaritinga do Norte";"8905";"24673";"1,84";"1378,74";"1928879,30";"1200"
"2615102";"Terezinha";"2153";"6505";"2,37";"1108,72";"886911,76";"1212"
"2615201";"Terra Nova";"2839";"8918";"2,21";"1285,02";"1289077,15";"1200"
"2615300";"Timbaúba";"16201";"46023";"2,05";"1474,77";"5977555,42";"1212"
"2615409";"Toritama";"14213";"41124";"1,78";"1387,31";"3424320,81";"1200"
"2615508";"Tracunhaém";"4665";"13866";"2,11";"1279,38";"1329060,66";"1212"
"2615607";"Trindade";"9899";"30288";"2,23";"1284,90";"2535883,16";"1200"
"2615706";"Triunfo";"5276";"14669";"1,93";"1646,89";"4418827,49";"1212"
"2615805";"Tupanatinga";"7902";"26853";"3,43";"1052,59";"1133745,84";"1000"
"2615904";"Tuparetama";"2953";"7978";"1,80";"1396,69";"2312155,95";"1212"
"2616001";"Venturosa";"5796";"17227";"2,22";"1294,83";"3408988,11";"1200"
"2616100";"Verdejante";"2958";"9164";"2,64";"1332,54";"2422681,47";"1212"
"2616183";"Vertente do Lério";"2655";"7550";"1,83";"1106,13";"733445,06";"1200"
"2616209";"Vertentes";"7860";"21914";"1,94";"1211,19";"2196128,34";"1200"
"2616308";"Vicência";"9077";"26350";"1,92";"1373,18";"2429669,43";"1212"
"2616407";"Vitória de Santo Antão";"48335";"133715";"1,75";"1646,74";"4962580,48";"1212"
"2616506";"Xexéu";"3951";"11610";"2,39";"1311,12";"1982803,61";"1212"
"2700102";"Água Branca";"5703";"18969";"2,75";"1285,80";"2339044,89";"1200"
"2700201";"Anadia";"4783";"13966";"2,18";"1336,13";"2300986,91";"1200"
"2700300";"Arapiraca";"77695";"233931";"2,00";"2000,98";"59560112,40";"1212"
"2700409";"Atalaia";"11955";"37455";"2,54";"1337,66";"2844929,08";"1212"
"2700508";"Barra de Santo Antônio";"5229";"16307";"2,63";"1440,90";"3051304,53";"1212"
"2700607";"Barra de São Miguel";"2525";"7896";"2,55";"2205,32";"22441035,06";"1212"
"2700706";"Batalha";"5117";"16419";"2,46";"1405,37";"3547515,48";"1200"
"2700805";"Belém";"1676";"4719";"2,22";"1258,08";"2110982,99";"1212"
"2700904";"Belo Monte";"1844";"5935";"2,30";"1151,21";"3195746,86";"1200"
"2701001";"Boca da Mata";"7023";"21162";"2,33";"1494,04";"5844156,73";"1212"
"2701100";"Branquinha";"3064";"9376";"2,66";"1225,79";"776849,68";"1212"
"2701209";"Cacimbinhas";"3581";"10473";"2,10";"1306,63";"2395615,18";"1200"
"2701308";"Cajueiro";"4961";"16020";"2,81";"1317,84";"1345009,32";"1212"
"2701357";"Campestre";"2090";"6661";"2,96";"1205,73";"1604544,31";"1212"
"2701407";"Campo Alegre";"10301";"32010";"2,37";"1351,51";"1606139,03";"1212"
"2701506";"Campo Grande";"2649";"8123";"2,10";"1209,08";"5106406,71";"1200"
"2701605";"Canapi";"5047";"15545";"2,57";"1083,18";"1782465,69";"1000"
"2701704";"Capela";"4650";"14896";"2,93";"1457,40";"2881250,53";"1212"
"2701803";"Carneiros";"2738";"8899";"2,80";"1174,95";"2550181,61";"1212"
"2701902";"Chã Preta";"1931";"5877";"2,47";"1201,67";"1798094,78";"1212"
"2702009";"Coité do Nóia";"3609";"10802";"2,04";"1248,20";"2523488,96";"1212"
"2702108";"Colônia Leopoldina";"5176";"15802";"2,72";"1247,94";"1469461,24";"1202"
"2702207";"Coqueiro Seco";"1859";"5571";"2,41";"1611,40";"4298253,52";"1212"
"2702306";"Coruripe";"16396";"50286";"2,29";"1559,84";"4805506,57";"1212"
"2702355";"Craíbas";"8070";"25311";"2,23";"1132,81";"899470,71";"1200"
"2702405";"Delmiro Gouveia";"17074";"51193";"2,22";"1679,79";"4697983,02";"1212"
"2702504";"Dois Riachos";"3265";"9805";"2,35";"1136,60";"3119870,45";"1200"
"2702553";"Estrela de Alagoas";"5540";"15426";"1,95";"1055,32";"796740,78";"1212"
"2702603";"Feira Grande";"7397";"22705";"2,04";"1059,65";"1081866,13";"1100"
"2702702";"Feliz Deserto";"1324";"3955";"2,04";"1347,23";"2155702,65";"1212"
"2702801";"Flexeiras";"3103";"9616";"2,74";"1282,53";"1057825,41";"1212"
"2702900";"Girau do Ponciano";"11035";"35310";"2,36";"1139,99";"1384948,46";"1200"
"2703007";"Ibateguara";"4585";"13697";"2,27";"1243,40";"2686044,99";"1200"
"2703106";"Igaci";"8423";"23986";"2,01";"1111,06";"1153303,92";"1212"
"2703205";"Igreja Nova";"7073";"21292";"2,01";"1125,27";"591470,67";"1212"
"2703304";"Inhapi";"4785";"15129";"2,90";"1102,32";"1846698,50";"1170"
"2703403";"Jacaré dos Homens";"1629";"5070";"2,57";"1401,48";"2029400,90";"1212"
"2703502";"Jacuípe";"1751";"5322";"2,36";"1256,31";"1075950,50";"1212"
"2703601";"Japaratinga";"2873";"9183";"2,88";"1611,18";"3107683,04";"1212"
"2703700";"Jaramataia";"1595";"4983";"2,35";"1326,67";"2012246,78";"1212"
"2703759";"Jequiá da Praia";"2985";"9453";"2,32";"1267,84";"2373267,37";"1212"
"2703809";"Joaquim Gomes";"5312";"17048";"2,94";"1147,45";"987958,31";"1212"
"2703908";"Jundiá";"1367";"4088";"2,36";"1274,22";"1237335,62";"1212"
"2704005";"Junqueiro";"8022";"23868";"1,99";"1319,10";"2050330,94";"1212"
"2704104";"Lagoa da Canoa";"5935";"18428";"2,09";"1182,49";"1392365,33";"1200"
"2704203";"Limoeiro de Anadia";"8055";"24717";"2,10";"1153,05";"1114921,19";"1200"
"2704302";"Maceió";"335721";"953183";"1,99";"3087,00";"30543189,69";"1250"
"2704401";"Major Isidoro";"5880";"17684";"2,37";"1285,21";"1859814,71";"1200"
"2704500";"Maragogi";"10034";"31976";"2,86";"1678,50";"9854708,14";"1212"
"2704609";"Maravilha";"3205";"9533";"2,29";"1203,43";"1529485,96";"1200"
"2704708";"Marechal Deodoro";"19623";"60268";"2,29";"2280,48";"12893365,17";"1212"
"2704807";"Maribondo";"4435";"13669";"2,66";"1352,24";"2068027,19";"1212"
"2704906";"Mar Vermelho";"1062";"3155";"2,19";"1460,32";"4275479,50";"1212"
"2705002";"Mata Grande";"7057";"21840";"2,42";"1116,57";"1530944,27";"1100"
"2705101";"Matriz de Camaragibe";"7338";"23761";"2,67";"1288,63";"1188572,10";"1212"
"2705200";"Messias";"4969";"15312";"2,48";"1357,18";"1262975,84";"1212"
"2705309";"Minador do Negrão";"1619";"4836";"2,17";"1201,99";"2762402,68";"1200"
"2705408";"Monteirópolis";"2211";"7184";"2,61";"1194,98";"1832408,77";"1200"
"2705507";"Murici";"7704";"25071";"2,86";"1369,30";"1727478,53";"1212"
"2705606";"Novo Lino";"3241";"10015";"2,99";"1360,41";"7272863,62";"1212"
"2705705";"Olho d'Água das Flores";"6787";"20640";"2,29";"1375,39";"5246808,21";"1200"
"2705804";"Olho d'Água do Casado";"2600";"8342";"2,43";"1127,68";"921072,53";"1200"
"2705903";"Olho d'Água Grande";"1377";"4329";"2,30";"984,01";"524371,95";"1000"
"2706000";"Olivença";"3575";"10812";"2,19";"1054,91";"947317,14";"1200"
"2706109";"Ouro Branco";"3970";"11446";"2,02";"1283,05";"3335331,46";"1200"
"2706208";"Palestina";"1321";"4309";"2,59";"1385,39";"4066630,20";"1212"
"2706307";"Palmeira dos Índios";"24448";"71431";"2,10";"1605,56";"3742257,16";"1212"
"2706406";"Pão de Açúcar";"7567";"23806";"2,50";"1412,64";"3375834,71";"1212"
"2706422";"Pariconha";"3258";"10552";"3,11";"1169,49";"897974,24";"1212"
"2706448";"Paripueira";"4379";"13808";"2,63";"2038,55";"12677600,57";"1212"
"2706505";"Passo de Camaragibe";"4228";"13787";"2,60";"1361,46";"3906202,26";"1212"
"2706604";"Paulo Jacinto";"2291";"6576";"2,10";"1255,18";"2410548,82";"1212"
"2706703";"Penedo";"19611";"58554";"2,16";"1613,84";"5463812,02";"1212"
"2706802";"Piaçabuçu";"5245";"15879";"2,47";"1240,52";"1883437,74";"1200"
"2706901";"Pilar";"11594";"35361";"2,24";"1573,27";"2432164,82";"1212"
"2707008";"Pindoba";"829";"2715";"3,30";"1284,92";"1250140,98";"1212"
"2707107";"Piranhas";"7021";"22583";"2,50";"1600,62";"6204352,07";"1212"
"2707206";"Poço das Trincheiras";"4049";"12480";"2,35";"961,09";"819711,88";"800"
"2707305";"Porto Calvo";"7636";"24059";"2,55";"1460,30";"10838457,93";"1212"
"2707404";"Porto de Pedras";"2820";"9227";"3,02";"1430,76";"3477588,48";"1212"
"2707503";"Porto Real do Colégio";"6507";"20038";"2,23";"1165,66";"1495852,45";"1200"
"2707602";"Quebrangulo";"3683";"11056";"2,35";"1157,86";"1538318,43";"1200"
"2707701";"Rio Largo";"31225";"93874";"2,14";"1553,38";"37650297,00";"1212"
"2707800";"Roteiro";"1987";"6468";"2,29";"1200,60";"556708,78";"1212"
"2707909";"Santa Luzia do Norte";"2184";"6918";"2,42";"1393,48";"1679315,28";"1212"
"2708006";"Santana do Ipanema";"15092";"46073";"2,31";"1402,65";"3381621,21";"1200"
"2708105";"Santana do Mundaú";"3807";"11294";"2,23";"1160,07";"967849,23";"1212"
"2708204";"São Brás";"2123";"6536";"2,55";"1234,59";"1448756,84";"1212"
"2708303";"São José da Laje";"6822";"20805";"2,49";"1375,47";"2431814,06";"1212"
"2708402";"São José da Tapera";"9530";"30576";"2,67";"1197,50";"1669138,60";"1200"
"2708501";"São Luís do Quitunde";"9300";"30863";"2,70";"1361,68";"1632457,20";"1212"
"2708600";"São Miguel dos Campos";"16921";"51783";"2,28";"1669,30";"5017271,01";"1212"
"2708709";"São Miguel dos Milagres";"2685";"8473";"2,63";"1612,69";"2912417,85";"1212"
"2708808";"São Sebastião";"10461";"31600";"2,04";"1258,53";"1767790,41";"1212"
"2708907";"Satuba";"7879";"24274";"1,95";"2323,43";"1070552657,11";"1300"
"2708956";"Senador Rui Palmeira";"3681";"12281";"3,14";"1113,13";"792678,97";"1200"
"2709004";"Tanque d'Arca";"2063";"5788";"1,97";"1258,22";"2337148,49";"1212"
"2709103";"Taquarana";"6492";"18968";"2,06";"1252,78";"1875618,84";"1212"
"2709152";"Teotônio Vilela";"12342";"37979";"2,37";"1398,37";"2965517,06";"1212"
"2709202";"Traipu";"7349";"23519";"2,68";"1115,44";"1361127,61";"1180"
"2709301";"União dos Palmares";"19746";"58515";"2,21";"1446,66";"2966590,10";"1212"
"2709400";"Viçosa";"7917";"23988";"2,49";"1385,26";"2192483,18";"1212"
"2800100";"Amparo do São Francisco";"743";"2169";"2,22";"1494,15";"2827198,82";"1212"
"2800209";"Aquidabã";"7408";"20067";"2,01";"1310,39";"3769851,79";"1200"
"2800308";"Aracaju";"218498";"601335";"1,97";"3791,01";"31383130,34";"1670"
"2800407";"Arauá";"3630";"10307";"2,32";"1235,98";"2191123,07";"1200"
"2800506";"Areia Branca";"6149";"17294";"2,05";"1348,07";"3558301,60";"1212"
"2800605";"Barra dos Coqueiros";"14523";"41485";"2,08";"2875,12";"25668946,22";"1300"
"2800670";"Boquim";"8867";"24592";"2,05";"1423,95";"3404831,38";"1200"
"2800704";"Brejo Grande";"2471";"7824";"2,83";"1134,14";"1653274,93";"1200"
"2801009";"Campo do Brito";"6792";"18137";"1,77";"1482,77";"3468646,75";"1212"
"2801108";"Canhoba";"1268";"3785";"2,42";"1303,26";"10035277,86";"1200"
"2801207";"Canindé de São Francisco";"8712";"26770";"2,42";"1293,12";"2582711,03";"1200"
"2801306";"Capela";"10837";"31581";"2,36";"1372,44";"3178561,55";"1200"
"2801405";"Carira";"7399";"19883";"1,86";"1209,35";"2217328,34";"1200"
"2801504";"Carmópolis";"4689";"13840";"2,23";"1523,82";"5071055,52";"1212"
"2801603";"Cedro de São João";"1933";"5391";"1,96";"1460,81";"2827243,07";"1212"
"2801702";"Cristinápolis";"5757";"17032";"2,40";"1165,78";"2461107,89";"1100"
"2801900";"Cumbe";"1367";"3815";"1,81";"1277,28";"2016763,29";"1200"
"2802007";"Divina Pastora";"1453";"4340";"2,38";"1521,76";"1989164,57";"1212"
"2802106";"Estância";"23220";"64882";"2,10";"1597,23";"4696518,09";"1212"
"2802205";"Feira Nova";"2120";"5969";"2,10";"1167,03";"1454533,11";"1212"
"2802304";"Frei Paulo";"5066";"14515";"2,00";"1458,04";"2735167,81";"1212"
"2802403";"Gararu";"3949";"11054";"2,01";"1243,80";"2428580,64";"1200"
"2802502";"General Maynard";"1111";"3036";"1,92";"1405,46";"1845695,19";"1212"
"2802601";"Graccho Cardoso";"2115";"5821";"1,95";"1165,39";"1458669,27";"1200"
"2802700";"Ilha das Flores";"2767";"8314";"2,50";"1075,69";"1074095,78";"1200"
"2802809";"Indiaroba";"5261";"16527";"3,22";"1231,86";"2322994,82";"1200"
"2802908";"Itabaiana";"37876";"103200";"1,69";"1803,81";"34169648,83";"1212"
"2803005";"Itabaianinha";"13328";"40616";"2,36";"1204,51";"1846629,67";"1200"
"2803104";"Itabi";"1829";"4727";"1,85";"1294,27";"1654177,19";"1200"
"2803203";"Itaporanga d'Ajuda";"12175";"34341";"2,27";"1291,38";"2154931,85";"1200"
"2803302";"Japaratuba";"5660";"16146";"2,24";"1420,20";"2700912,70";"1212"
"2803401";"Japoatã";"4575";"13397";"2,16";"1255,78";"2055549,68";"1212"
"2803500";"Lagarto";"36744";"101422";"1,91";"1549,68";"4406472,37";"1212"
"2803609";"Laranjeiras";"7833";"23972";"2,47";"1432,91";"1768849,16";"1212"
"2803708";"Macambira";"2486";"6778";"1,69";"1241,98";"1298067,16";"1212"
"2803807";"Malhada dos Bois";"1197";"3573";"2,39";"1311,29";"1067228,13";"1212"
"2803906";"Malhador";"4176";"11523";"1,81";"1263,26";"1772244,56";"1212"
"2804003";"Maruim";"5251";"15717";"2,38";"1451,67";"2079421,41";"1212"
"2804102";"Moita Bonita";"4204";"11046";"1,61";"1308,32";"2136664,78";"1200"
"2804201";"Monte Alegre de Sergipe";"4814";"14304";"2,08";"1313,07";"3319569,02";"1200"
"2804300";"Muribeca";"2775";"7816";"2,09";"1257,30";"1819885,45";"1212"
"2804409";"Neópolis";"5723";"16405";"2,14";"1431,78";"2173517,05";"1212"
"2804458";"Nossa Senhora Aparecida";"3376";"9218";"1,52";"1334,98";"3015010,38";"1200"
"2804508";"Nossa Senhora da Glória";"14291";"40769";"1,78";"1625,29";"5314795,08";"1212"
"2804607";"Nossa Senhora das Dores";"9129";"24952";"1,90";"1351,55";"2210680,81";"1200"
"2804706";"Nossa Senhora de Lourdes";"2244";"6248";"2,02";"1407,44";"2825994,41";"1212"
"2804805";"Nossa Senhora do Socorro";"67012";"191923";"2,04";"1483,97";"4676416,40";"1212"
"2804904";"Pacatuba";"4190";"12490";"2,40";"1172,08";"7322789,95";"1200"
"2805000";"Pedra Mole";"957";"2778";"1,96";"1177,09";"1036831,47";"1200"
"2805109";"Pedrinhas";"2682";"7384";"2,24";"1256,73";"2145855,71";"1200"
"2805208";"Pinhão";"2028";"5663";"2,08";"1241,43";"1715709,31";"1200"
"2805307";"Pirambu";"2627";"7877";"2,61";"1445,27";"3266178,19";"1212"
"2805406";"Poço Redondo";"10755";"33383";"2,34";"1142,05";"1949143,41";"1000"
"2805505";"Poço Verde";"8211";"21754";"1,91";"1227,13";"2161159,76";"1200"
"2805604";"Porto da Folha";"9163";"26511";"1,98";"1288,95";"3195598,19";"1200"
"2805703";"Propriá";"9183";"26548";"2,11";"1702,84";"4089772,93";"1212"
"2805802";"Riachão do Dantas";"6273";"18304";"2,41";"1213,05";"1525221,13";"1200"
"2805901";"Riachuelo";"2815";"8732";"2,88";"1378,94";"1837158,11";"1212"
"2806008";"Ribeirópolis";"6528";"16968";"1,52";"1387,03";"2405020,87";"1212"
"2806107";"Rosário do Catete";"3148";"9275";"2,25";"1442,21";"2427981,35";"1212"
"2806206";"Salgado";"7332";"20267";"2,08";"1506,06";"96380996,26";"1212"
"2806305";"Santa Luzia do Itanhy";"4513";"13602";"2,91";"1049,68";"4284015,73";"1200"
"2806404";"Santana do São Francisco";"2366";"7342";"2,43";"1349,02";"2410345,71";"1212"
"2806503";"Santa Rosa de Lima";"1365";"3916";"2,49";"1201,68";"1095032,30";"1212"
"2806602";"Santo Amaro das Brotas";"3791";"11045";"2,36";"1420,17";"2496202,94";"1212"
"2806701";"São Cristóvão";"33250";"93348";"2,07";"1989,07";"7210758,96";"1212"
"2806800";"São Domingos";"3851";"10316";"1,70";"1280,45";"1390970,63";"1212"
"2806909";"São Francisco";"1142";"3243";"2,06";"1286,54";"1308583,30";"1212"
"2807006";"São Miguel do Aleixo";"1281";"3426";"1,84";"1246,52";"2187917,06";"1200"
"2807105";"Simão Dias";"15526";"42480";"1,99";"1330,54";"3269102,73";"1212"
"2807204";"Siriri";"2708";"7827";"2,50";"1989,12";"914102092,03";"1212"
"2807303";"Telha";"1117";"3274";"1,99";"1212,72";"1176491,21";"1212"
"2807402";"Tobias Barreto";"18569";"50266";"1,97";"1389,07";"4342799,43";"1200"
"2807501";"Tomar do Geru";"4346";"11931";"2,12";"1061,74";"1119244,17";"1000"
"2807600";"Umbaúba";"8283";"23901";"2,24";"1210,52";"2174891,37";"1200"
"2900108";"Abaíra";"2722";"7281";"1,77";"1341,85";"4087383,05";"1200"
"2900207";"Abaré";"5545";"17630";"2,57";"1142,09";"1501730,12";"1150"
"2900306";"Acajutiba";"4768";"13751";"2,60";"1194,77";"1425173,43";"1200"
"2900355";"Adustina";"5207";"14177";"1,81";"1241,24";"2025426,86";"1200"
"2900405";"Água Fria";"5448";"14471";"2,14";"1130,53";"1174228,00";"1200"
"2900504";"Érico Cardoso";"3106";"10592";"2,97";"1365,89";"1447812,11";"1212"
"2900603";"Aiquara";"1506";"4433";"2,76";"1333,30";"1942908,83";"1212"
"2900702";"Alagoinhas";"55585";"150814";"1,90";"2012,92";"27667057,72";"1212"
"2900801";"Alcobaça";"8511";"24296";"2,35";"1416,74";"2567259,54";"1200"
"2900900";"Almadina";"2050";"5210";"1,96";"1384,18";"1497717,21";"1212"
"2901007";"Amargosa";"13442";"36432";"2,02";"1467,94";"3936663,22";"1212"
"2901106";"Amélia Rodrigues";"8600";"24100";"2,14";"1404,40";"1942896,69";"1212"
"2901155";"América Dourada";"5147";"15083";"2,27";"1134,17";"926876,09";"1200"
"2901205";"Anagé";"8875";"25419";"2,08";"1160,03";"1095517,35";"1200"
"2901304";"Andaraí";"4454";"13038";"2,81";"1300,64";"2037145,15";"1212"
"2901353";"Andorinha";"5961";"14994";"1,67";"1295,08";"1442921,71";"1212"
"2901403";"Angical";"4546";"13711";"2,56";"1366,17";"1846211,45";"1212"
"2901502";"Anguera";"3150";"11028";"4,92";"1230,45";"1320995,76";"1212"
"2901601";"Antas";"4484";"14195";"3,66";"1389,52";"5635356,84";"1212"
"2901700";"Antônio Cardoso";"3438";"11144";"3,06";"1214,89";"712831,57";"1212"
"2901809";"Antônio Gonçalves";"3543";"10840";"2,66";"1317,14";"1982068,77";"1212"
"2901908";"Aporá";"5643";"15854";"2,22";"1194,99";"1917108,85";"1200"
"2901957";"Apuarema";"2489";"6880";"2,20";"1331,51";"2080031,88";"1212"
"2902005";"Aracatu";"4607";"13935";"2,18";"1223,83";"901849,03";"1200"
"2902054";"Araçás";"4117";"11550";"2,28";"1261,29";"3697945,61";"1212"
"2902104";"Araci";"16939";"48235";"2,23";"1108,69";"1429544,77";"1000"
"2902203";"Aramari";"3492";"9808";"2,39";"1282,55";"1476358,29";"1200"
"2902252";"Arataca";"3459";"10148";"3,43";"1195,41";"2214015,89";"1200"
"2902302";"Aratuípe";"3114";"8665";"2,13";"1093,58";"2468817,78";"1000"
"2902401";"Aurelino Leal";"3950";"11170";"2,63";"1301,59";"1577371,88";"1200"
"2902500";"Baianópolis";"4412";"13587";"2,27";"1417,42";"3119804,21";"1200"
"2902609";"Baixa Grande";"6490";"18164";"2,56";"1204,74";"1968485,28";"1200"
"2902658";"Banzaê";"3931";"11920";"3,03";"1217,41";"1349631,52";"1200"
"2902708";"Barra";"15469";"50946";"3,01";"1271,62";"2094353,50";"1200"
"2902807";"Barra da Estiva";"8633";"25948";"2,10";"1380,56";"3211315,38";"1200"
"2902906";"Barra do Choça";"12260";"36493";"2,23";"1311,47";"2115569,50";"1212"
"2903003";"Barra do Mendes";"5044";"13824";"2,06";"1414,74";"3204327,60";"1200"
"2903102";"Barra do Rocha";"2141";"5772";"2,38";"1341,99";"1698158,12";"1212"
"2903201";"Barreiras";"54354";"159175";"2,08";"2594,29";"192962675,67";"1215"
"2903235";"Barro Alto";"4748";"13447";"1,97";"1200,57";"2120586,07";"1200"
"2903276";"Barrocas";"5209";"15200";"1,76";"1173,90";"1729901,33";"1200"
"2903300";"Barro Preto";"2242";"5833";"2,08";"1324,53";"1292385,86";"1212"
"2903409";"Belmonte";"7259";"20054";"2,33";"1574,58";"128783456,72";"1212"
"2903508";"Belo Campo";"6361";"18381";"2,13";"1227,96";"1363669,35";"1200"
"2903607";"Biritinga";"5358";"15128";"2,34";"1119,25";"1002480,23";"1212"
"2903706";"Boa Nova";"4728";"13670";"2,47";"1194,73";"1377485,38";"1200"
"2903805";"Boa Vista do Tupim";"5921";"16823";"2,35";"1095,82";"1250262,47";"1200"
"2903904";"Bom Jesus da Lapa";"20918";"65227";"2,60";"1694,13";"6256205,56";"1212"
"2903953";"Bom Jesus da Serra";"3170";"9729";"2,67";"1092,47";"820580,14";"1200"
"2904001";"Boninal";"4339";"13540";"2,60";"1268,60";"1288163,05";"1212"
"2904050";"Bonito";"5413";"15800";"2,21";"1172,58";"1325384,38";"1200"
"2904100";"Boquira";"6448";"19315";"2,40";"1203,34";"1700104,88";"1212"
"2904209";"Botuporã";"3637";"11020";"2,15";"1203,35";"2201142,94";"1212"
"2904308";"Brejões";"4728";"12900";"2,19";"1190,64";"1714270,79";"1212"
"2904407";"Brejolândia";"3190";"9100";"2,01";"1286,02";"1323419,61";"1212"
"2904506";"Brotas de Macaúbas";"4252";"11725";"2,39";"1286,29";"2074585,42";"1200"
"2904605";"Brumado";"24535";"70462";"1,78";"1803,28";"6278069,74";"1212"
"2904704";"Buerarema";"5719";"14771";"2,08";"1461,30";"2460560,64";"1212"
"2904753";"Buritirama";"5900";"19576";"2,50";"1111,31";"1052443,16";"1100"
"2904803";"Caatiba";"2175";"6189";"2,20";"1280,63";"1589951,83";"1212"
"2904852";"Cabaceiras do Paraguaçu";"5197";"16529";"2,87";"1182,57";"2133932,18";"1212"
"2904902";"Cachoeira";"10713";"29169";"2,19";"1478,69";"13036017,27";"1212"
"2905008";"Caculé";"7827";"22428";"1,85";"1608,09";"4102580,06";"1212"
"2905107";"Caém";"3560";"10364";"2,80";"1273,28";"4685033,70";"1212"
"2905156";"Caetanos";"3672";"11243";"2,22";"1132,60";"886027,41";"1200"
"2905206";"Caetité";"17666";"51879";"1,98";"1820,98";"142501727,47";"1212"
"2905305";"Cafarnaum";"5812";"17458";"2,10";"1105,55";"1865754,34";"1074"
"2905404";"Cairu";"6528";"17713";"2,14";"1669,14";"5105286,31";"1212"
"2905503";"Caldeirão Grande";"4290";"13073";"2,59";"1097,31";"956391,29";"1200"
"2905602";"Camacan";"8288";"22519";"2,18";"1560,02";"15056494,71";"1212"
"2905701";"Camaçari";"109940";"299860";"1,83";"2332,10";"465644167,77";"1212"
"2905800";"Camamu";"10427";"30430";"2,66";"1255,85";"1904530,89";"1200"
"2905909";"Campo Alegre de Lourdes";"10093";"30624";"2,25";"1192,86";"2319533,11";"1100"
"2906006";"Campo Formoso";"24287";"71265";"2,11";"1306,83";"2858994,53";"1200"
"2906105";"Canápolis";"3307";"10209";"2,27";"1146,66";"1421806,13";"1212"
"2906204";"Canarana";"8304";"24122";"1,96";"1185,73";"2696511,97";"1200"
"2906303";"Canavieiras";"11903";"32335";"2,33";"1511,12";"4870565,40";"1210"
"2906402";"Candeal";"2774";"7771";"2,38";"1171,63";"1036696,30";"1212"
"2906501";"Candeias";"26437";"72308";"1,87";"1761,29";"63829580,90";"1212"
"2906600";"Candiba";"4479";"13009";"1,75";"1352,15";"4056867,04";"1212"
"2906709";"Cândido Sales";"8890";"25226";"2,09";"1282,53";"5499897,83";"1200"
"2906808";"Cansanção";"12743";"37402";"2,26";"1146,77";"1443282,27";"1200"
"2906824";"Canudos";"5446";"16077";"2,55";"1300,50";"3568727,15";"1200"
"2906857";"Capela do Alto Alegre";"4309";"10740";"1,55";"1279,52";"1895712,07";"1212"
"2906873";"Capim Grosso";"12296";"33212";"1,82";"1477,26";"6376638,08";"1212"
"2906899";"Caraíbas";"3450";"9914";"2,29";"1213,37";"841163,31";"1212"
"2906907";"Caravelas";"7218";"20496";"2,24";"1595,95";"3426291,26";"1212"
"2907004";"Cardeal da Silva";"2825";"8353";"2,51";"1105,61";"1131675,32";"1200"
"2907103";"Carinhanha";"9292";"28764";"2,43";"1210,70";"2956515,72";"1200"
"2907202";"Casa Nova";"23409";"72040";"2,57";"1270,61";"1709344,54";"1212"
"2907301";"Castro Alves";"8706";"24673";"2,28";"1384,51";"2506691,37";"1212"
"2907400";"Catolândia";"1123";"3430";"2,70";"1251,66";"978437,58";"1212"
"2907509";"Catu";"18304";"48122";"1,62";"1701,10";"4887845,48";"1212"
"2907558";"Caturama";"3015";"8812";"2,13";"1211,54";"1253933,58";"1200"
"2907608";"Central";"5726";"16317";"2,10";"1279,79";"2602846,60";"1200"
"2907707";"Chorrochó";"3214";"10576";"3,56";"1218,51";"1886259,21";"1212"
"2907806";"Cícero Dantas";"11672";"30866";"1,82";"1311,91";"2508580,64";"1200"
"2907905";"Cipó";"5711";"17221";"2,44";"1353,24";"3166247,34";"1200"
"2908002";"Coaraci";"6661";"17328";"1,99";"1350,33";"1958894,09";"1212"
"2908101";"Cocos";"6278";"19077";"2,06";"1310,42";"4113840,71";"1212"
"2908200";"Conceição da Feira";"6923";"20767";"2,46";"1333,60";"1422254,53";"1212"
"2908309";"Conceição do Almeida";"5744";"15734";"2,09";"1368,27";"2250665,87";"1212"
"2908408";"Conceição do Coité";"24342";"67809";"1,89";"1458,03";"5825154,03";"1212"
"2908507";"Conceição do Jacuípe";"12810";"35280";"1,99";"1568,51";"4003612,98";"1212"
"2908606";"Conde";"7680";"23571";"3,04";"1238,19";"2356895,38";"1200"
"2908705";"Condeúba";"5875";"17047";"1,94";"1347,64";"2448913,56";"1212"
"2908804";"Contendas do Sincorá";"1516";"4323";"2,14";"1341,51";"1110045,59";"1212"
"2908903";"Coração de Maria";"8932";"26656";"2,67";"1314,91";"2640859,92";"1212"
"2909000";"Cordeiros";"2639";"7546";"1,85";"1348,33";"1404897,74";"1200"
"2909109";"Coribe";"4982";"13947";"1,94";"1330,87";"4288333,23";"1212"
"2909208";"Coronel João Sá";"6026";"17047";"2,14";"1193,98";"1829836,80";"1200"
"2909307";"Correntina";"11260";"32357";"2,02";"1643,85";"6963301,24";"1212"
"2909406";"Cotegipe";"4411";"13040";"2,54";"1272,94";"1584625,95";"1212"
"2909505";"Cravolândia";"1619";"4415";"2,21";"1206,32";"1115075,72";"1200"
"2909604";"Crisópolis";"7269";"19692";"2,06";"1032,22";"982646,31";"1012"
"2909703";"Cristópolis";"4675";"13978";"2,14";"1279,87";"2153691,02";"1200"
"2909802";"Cruz das Almas";"21726";"60257";"1,86";"1945,96";"8171537,10";"1212"
"2909901";"Curaçá";"11239";"34146";"2,57";"1237,34";"2512317,94";"1200"
"2910008";"Dário Meira";"3793";"10805";"2,64";"1226,61";"1030447,65";"1212"
"2910057";"Dias d'Ávila";"25852";"71279";"1,95";"1660,36";"4406860,64";"1212"
"2910107";"Dom Basílio";"3782";"11878";"2,02";"1298,17";"4137868,38";"1212"
"2910206";"Dom Macedo Costa";"1639";"4405";"1,79";"1294,76";"1376438,14";"1212"
"2910305";"Elísio Medrado";"2982";"7797";"1,90";"1311,95";"3873445,28";"1212"
"2910404";"Encruzilhada";"6763";"19081";"2,24";"1143,27";"2690607,51";"1200"
"2910503";"Entre Rios";"13668";"37846";"2,07";"1496,20";"25641409,94";"1212"
"2910602";"Esplanada";"10824";"32519";"2,67";"1411,49";"4775405,29";"1212"
"2910701";"Euclides da Cunha";"21716";"61354";"2,21";"1420,26";"9069342,13";"1200"
"2910727";"Eunápolis";"41385";"113177";"1,93";"2117,32";"12129287,95";"1212"
"2910750";"Fátima";"6801";"17894";"1,60";"1256,64";"22424072,70";"1200"
"2910776";"Feira da Mata";"1976";"5625";"1,99";"1206,34";"1135911,57";"1200"
"2910800";"Feira de Santana";"221584";"614286";"1,89";"2201,01";"13147523,22";"1212"
"2910859";"Filadélfia";"6075";"17895";"2,11";"1178,25";"1910934,43";"1200"
"2910909";"Firmino Alves";"1798";"4863";"2,10";"1348,72";"1306719,34";"1212"
"2911006";"Floresta Azul";"3862";"11058";"2,44";"1355,90";"1689391,85";"1212"
"2911105";"Formosa do Rio Preto";"8137";"25776";"2,77";"1624,06";"4679079,80";"1212"
"2911204";"Gandu";"11898";"32108";"2,15";"1560,46";"26534679,82";"1212"
"2911253";"Gavião";"1660";"4360";"1,97";"1274,74";"1531241,24";"1212"
"2911303";"Gentio do Ouro";"3645";"10871";"2,22";"1167,50";"943605,30";"1200"
"2911402";"Glória";"5406";"15469";"2,16";"1274,51";"1684262,44";"1212"
"2911501";"Gongogi";"1986";"5550";"2,38";"1237,20";"1643354,90";"1212"
"2911600";"Governador Mangabeira";"7000";"20458";"2,21";"1357,94";"1989993,83";"1212"
"2911659";"Guajeru";"2770";"8049";"1,94";"1272,86";"712486,51";"1212"
"2911709";"Guanambi";"30379";"87691";"1,87";"2001,27";"9815847,54";"1212"
"2911808";"Guaratinga";"7244";"19016";"1,92";"1321,58";"2016758,59";"1200"
"2911857";"Heliópolis";"4479";"12258";"1,98";"1214,37";"1456480,20";"1200"
"2911907";"Iaçu";"9006";"24580";"2,22";"1326,14";"1936530,21";"1212"
"2912004";"Ibiassucê";"3531";"10426";"1,93";"1486,83";"2154180,01";"1212"
"2912103";"Ibicaraí";"8317";"21619";"2,02";"1545,58";"6416381,78";"1212"
"2912202";"Ibicoara";"6808";"20759";"2,08";"1474,90";"2615504,07";"1212"
"2912301";"Ibicuí";"5314";"13918";"1,91";"1434,56";"6455728,00";"1212"
"2912400";"Ibipeba";"5817";"16577";"2,11";"1205,14";"3733946,99";"1200"
"2912509";"Ibipitanga";"4755";"13863";"1,93";"1372,24";"3537522,72";"1212"
"2912608";"Ibiquera";"1286";"3724";"2,53";"1202,46";"1012263,98";"1200"
"2912707";"Ibirapitanga";"8359";"25311";"3,34";"1186,25";"1773801,30";"1200"
"2912806";"Ibirapuã";"3218";"8884";"2,01";"1738,44";"7084039,36";"1212"
"2912905";"Ibirataia";"6913";"18769";"2,05";"1327,09";"1673369,20";"1212"
"2913002";"Ibitiara";"5086";"14552";"2,37";"1240,40";"1589888,29";"1212"
"2913101";"Ibititá";"6003";"16934";"1,95";"1221,78";"2593808,80";"1200"
"2913200";"Ibotirama";"9143";"26253";"2,12";"1510,26";"3069845,22";"1212"
"2913309";"Ichu";"2173";"6180";"2,16";"1326,80";"1578534,46";"1212"
"2913408";"Igaporã";"4884";"15513";"2,47";"1405,55";"2774646,19";"1212"
"2913457";"Igrapiúna";"4484";"13134";"2,75";"1217,05";"10774341,47";"1200"
"2913507";"Iguaí";"7951";"21440";"2,13";"1319,90";"4266039,21";"1200"
"2913606";"Ilhéus";"66579";"178191";"2,04";"2317,01";"34403975,49";"1212"
"2913705";"Inhambupe";"12147";"33722";"2,17";"1272,69";"1995309,25";"1200"
"2913804";"Ipecaetá";"4102";"13694";"3,64";"1048,96";"608020,03";"1200"
"2913903";"Ipiaú";"14843";"40553";"2,01";"1750,97";"40168369,22";"1212"
"2914000";"Ipirá";"21217";"56832";"1,96";"1278,81";"2722672,17";"1200"
"2914109";"Ipupiara";"3551";"9932";"1,90";"1385,45";"2662227,74";"1200"
"2914208";"Irajuba";"2191";"6090";"2,32";"1337,68";"3499226,04";"1212"
"2914307";"Iramaia";"3684";"10730";"2,52";"1165,10";"1320268,02";"1200"
"2914406";"Iraquara";"8146";"23848";"2,15";"1274,95";"2139813,28";"1200"
"2914505";"Irará";"9942";"27985";"2,33";"1328,66";"2438919,51";"1200"
"2914604";"Irecê";"25983";"74348";"1,96";"2087,02";"19073671,78";"1212"
"2914653";"Itabela";"9620";"28079";"2,29";"1584,61";"6557381,03";"1212"
"2914703";"Itaberaba";"23503";"64926";"2,05";"1666,31";"5633093,82";"1212"
"2914802";"Itabuna";"71959";"185310";"1,74";"2200,50";"10357704,16";"1212"
"2914901";"Itacaré";"9879";"27449";"2,57";"1755,50";"4782022,93";"1212"
"2915007";"Itaeté";"4531";"13440";"2,62";"1174,80";"1216110,56";"1200"
"2915106";"Itagi";"4652";"13778";"3,19";"1130,38";"1536993,74";"1212"
"2915205";"Itagibá";"5441";"15284";"2,17";"1638,02";"4243590,59";"1212"
"2915304";"Itagimirim";"2345";"6324";"2,03";"1539,60";"2879119,16";"1212"
"2915353";"Itaguaçu da Bahia";"4082";"12265";"2,58";"1084,45";"775830,33";"1200"
"2915403";"Itaju do Colônia";"2105";"6032";"2,73";"1406,60";"4426060,18";"1212"
"2915502";"Itajuípe";"6999";"18768";"2,10";"1494,95";"2779044,58";"1212"
"2915601";"Itamaraju";"21747";"59498";"2,05";"1748,48";"14184779,45";"1212"
"2915700";"Itamari";"2555";"7048";"2,45";"1276,18";"1503166,72";"1200"
"2915809";"Itambé";"8090";"24328";"2,39";"1337,46";"1290011,25";"1212"
"2915908";"Itanagra";"2069";"5911";"2,24";"1146,96";"1060155,91";"1200"
"2916005";"Itanhém";"6806";"17781";"1,67";"1612,18";"5573027,08";"1200"
"2916104";"Itaparica";"7389";"19686";"2,09";"1400,75";"8962574,05";"1200"
"2916203";"Itapé";"3715";"10314";"2,54";"1436,98";"2281064,98";"1212"
"2916302";"Itapebi";"3310";"9124";"2,44";"1416,84";"1754337,63";"1212"
"2916401";"Itapetinga";"24058";"65763";"2,08";"1754,32";"5063604,38";"1212"
"2916500";"Itapicuru";"11341";"31634";"2,31";"1064,42";"2125118,00";"1000"
"2916609";"Itapitanga";"3028";"10264";"3,92";"1397,63";"1723809,22";"1212"
"2916708";"Itaquara";"2775";"8150";"2,78";"1123,49";"1672546,87";"1200"
"2916807";"Itarantim";"6280";"17035";"2,10";"1444,25";"3318936,37";"1212"
"2916856";"Itatim";"5542";"15698";"2,09";"1231,00";"1967695,90";"1200"
"2916906";"Itiruçu";"3973";"10947";"2,18";"1325,38";"1871274,25";"1212"
"2917003";"Itiúba";"12063";"33855";"2,26";"1259,23";"89447801,26";"1200"
"2917102";"Itororó";"6210";"16587";"2,15";"1468,62";"3352595,30";"1212"
"2917201";"Ituaçu";"6191";"17876";"1,97";"1284,57";"2301293,08";"1212"
"2917300";"Ituberá";"8039";"21886";"2,09";"1399,08";"3853145,26";"1212"
"2917334";"Iuiu";"3499";"11099";"2,55";"1171,34";"934763,07";"1200"
"2917359";"Jaborandi";"3234";"9208";"1,74";"1228,64";"1381851,08";"1212"
"2917409";"Jacaraci";"4565";"14436";"2,80";"1414,43";"2460163,91";"1212"
"2917508";"Jacobina";"30907";"82451";"1,81";"1942,67";"45742441,63";"1212"
"2917607";"Jaguaquara";"15915";"45878";"2,33";"1426,87";"3186338,33";"1212"
"2917706";"Jaguarari";"11861";"32679";"1,94";"1625,14";"3273289,77";"1212"
"2917805";"Jaguaripe";"6380";"17586";"2,10";"1074,63";"1605811,74";"1000"
"2917904";"Jandaíra";"3099";"9258";"2,72";"1156,66";"1633916,78";"1200"
"2918001";"Jequié";"57855";"158203";"1,91";"1826,10";"10838076,48";"1212"
"2918100";"Jeremoabo";"13560";"37503";"2,04";"1324,95";"3138714,56";"1200"
"2918209";"Jiquiriçá";"4812";"13605";"2,01";"1235,15";"1975661,29";"1200"
"2918308";"Jitaúna";"5121";"14285";"2,28";"1238,30";"2052429,18";"1212"
"2918357";"João Dourado";"8250";"24846";"2,17";"1284,13";"1999275,86";"1200"
"2918407";"Juazeiro";"78818";"236763";"2,30";"1900,94";"8423425,60";"1212"
"2918456";"Jucuruçu";"3499";"9638";"1,89";"1386,16";"125948283,00";"1200"
"2918506";"Jussara";"5557";"16332";"2,24";"1161,11";"1935314,81";"1200"
"2918555";"Jussari";"2080";"5888";"2,76";"1361,89";"1210229,63";"1212"
"2918605";"Jussiape";"2533";"7379";"2,08";"1243,93";"1189128,69";"1212"
"2918704";"Lafaiete Coutinho";"1603";"4074";"1,63";"1262,42";"1306501,38";"1200"
"2918753";"Lagoa Real";"4373";"14100";"2,33";"1162,09";"909969,15";"1212"
"2918803";"Laje";"7523";"21007";"2,00";"1147,56";"1285319,51";"1200"
"2918902";"Lajedão";"1486";"3842";"1,72";"1660,06";"12697378,42";"1212"
"2919009";"Lajedinho";"1276";"3524";"2,02";"1089,57";"720648,31";"1200"
"2919058";"Lajedo do Tabocal";"2730";"7488";"2,00";"1163,76";"1266489,41";"1212"
"2919108";"Lamarão";"3131";"9015";"2,56";"1134,32";"988975,95";"1212"
"2919157";"Lapão";"8725";"25690";"2,00";"1234,75";"2011458,52";"1200"
"2919207";"Lauro de Freitas";"75297";"202583";"1,85";"3669,43";"965196093,29";"1500"
"2919306";"Lençóis";"3918";"10654";"2,37";"1633,96";"4336943,18";"1212"
"2919405";"Licínio de Almeida";"4014";"11834";"1,84";"1375,51";"1893983,22";"1212"
"2919504";"Livramento de Nossa Senhora";"14710";"43884";"1,91";"1518,47";"3932578,83";"1212"
"2919553";"Luís Eduardo Magalhães";"36342";"107688";"1,94";"3105,36";"68557911,66";"1600"
"2919603";"Macajuba";"3881";"10452";"2,30";"1096,96";"1162498,86";"1200"
"2919702";"Macarani";"7239";"21571";"2,26";"1309,96";"1811771,55";"1200"
"2919801";"Macaúbas";"14083";"41763";"2,28";"1457,96";"4882508,73";"1200"
"2919900";"Macururé";"2436";"7253";"2,56";"1092,44";"862922,83";"1200"
"2919926";"Madre de Deus";"6773";"18406";"1,78";"1772,46";"2927987,98";"1212"
"2919959";"Maetinga";"2439";"6972";"2,11";"1245,07";"1049063,04";"1212"
"2920007";"Maiquinique";"3173";"8730";"2,09";"1453,28";"11665421,42";"1212"
"2920106";"Mairi";"6377";"17660";"2,36";"1193,40";"1435228,07";"1200"
"2920205";"Malhada";"4804";"15331";"2,53";"1096,74";"1309601,80";"1200"
"2920304";"Malhada de Pedras";"2989";"8670";"1,68";"1764,36";"496460650,13";"1212"
"2920403";"Manoel Vitorino";"4825";"13856";"2,12";"2254,94";"5531857205,61";"1200"
"2920452";"Mansidão";"3572";"13871";"5,08";"1188,03";"2576784,17";"1200"
"2920502";"Maracás";"9980";"27582";"2,00";"1472,73";"3733318,33";"1212"
"2920601";"Maragogipe";"12938";"35753";"2,02";"1119,26";"1524132,45";"1200"
"2920700";"Maraú";"8580";"24459";"2,61";"1744,16";"5060425,07";"1212"
"2920809";"Marcionílio Souza";"3243";"9259";"2,37";"1233,50";"1552400,15";"1200"
"2920908";"Mascote";"4797";"13538";"2,57";"1239,15";"1293071,04";"1212"
"2921005";"Mata de São João";"15318";"42522";"2,12";"1572,06";"3881395,92";"1212"
"2921054";"Matina";"3230";"10328";"2,31";"1226,13";"1000904,08";"1212"
"2921104";"Medeiros Neto";"8470";"22166";"1,87";"1603,95";"11108329,64";"1212"
"2921203";"Miguel Calmon";"9294";"24619";"1,92";"1329,00";"3938268,74";"1200"
"2921302";"Milagres";"3986";"11068";"2,53";"1206,64";"1316156,31";"1212"
"2921401";"Mirangaba";"5571";"15721";"2,19";"1021,82";"774982,39";"1000"
"2921450";"Mirante";"3448";"10181";"2,03";"1131,32";"685329,46";"1200"
"2921500";"Monte Santo";"16912";"47747";"2,10";"1099,43";"4455716,19";"1200"
"2921609";"Morpará";"2765";"7974";"2,33";"1137,31";"870671,15";"1200"
"2921708";"Morro do Chapéu";"11882";"33471";"2,29";"1364,90";"4267679,87";"1212"
"2921807";"Mortugaba";"3841";"11132";"2,05";"1275,45";"4707398,50";"1200"
"2921906";"Mucugê";"4219";"12056";"2,17";"1873,38";"11656513,82";"1212"
"2922003";"Mucuri";"13376";"37876";"2,03";"2026,74";"8275214,04";"1212"
"2922052";"Mulungu do Morro";"4499";"13140";"2,15";"1073,83";"3325532,85";"1000"
"2922102";"Mundo Novo";"6437";"17278";"2,12";"1251,59";"5392653,51";"1200"
"2922201";"Muniz Ferreira";"2770";"7180";"1,62";"1263,25";"5263368,83";"1212"
"2922250";"Muquém do São Francisco";"3366";"10433";"2,59";"1167,63";"773815,20";"1200"
"2922300";"Muritiba";"9991";"28643";"2,07";"1532,04";"3450984,73";"1212"
"2922409";"Mutuípe";"7460";"20017";"1,73";"1429,81";"148802452,20";"1200"
"2922508";"Nazaré";"9972";"26990";"1,94";"1412,71";"2703417,57";"1200"
"2922607";"Nilo Peçanha";"4292";"12049";"2,16";"1189,76";"3677712,09";"1200"
"2922656";"Nordestina";"5719";"18350";"2,48";"1171,80";"869129,27";"1200"
"2922706";"Nova Canaã";"4995";"13703";"2,13";"1310,25";"1995973,45";"1200"
"2922730";"Nova Fátima";"3052";"7963";"1,69";"1327,34";"2415223,00";"1212"
"2922755";"Nova Ibiá";"2401";"6492";"1,85";"1211,88";"1145110,03";"1185"
"2922805";"Nova Itarana";"2660";"7778";"2,60";"1120,21";"1097826,25";"1200"
"2922854";"Nova Redenção";"2646";"7529";"2,52";"1175,42";"1156747,27";"1200"
"2922904";"Nova Soure";"8691";"24198";"2,41";"1133,24";"1892741,46";"1200"
"2923001";"Nova Viçosa";"13677";"39418";"2,20";"1696,13";"5356254,95";"1212"
"2923035";"Novo Horizonte";"3796";"11139";"1,91";"1113,69";"1029197,75";"1200"
"2923050";"Novo Triunfo";"3262";"10656";"3,34";"1263,19";"2707741,88";"1200"
"2923100";"Olindina";"8327";"22587";"2,11";"1147,83";"1847751,67";"1200"
"2923209";"Oliveira dos Brejinhos";"7530";"20699";"2,19";"1222,73";"1733215,25";"1200"
"2923308";"Ouriçangas";"2783";"7708";"2,22";"1154,08";"1639181,73";"1200"
"2923357";"Ourolândia";"6100";"19224";"2,21";"1084,44";"702109,87";"1200"
"2923407";"Palmas de Monte Alto";"6773";"20062";"2,23";"1217,42";"1604431,15";"1200"
"2923506";"Palmeiras";"3592";"10276";"2,48";"1606,13";"7466522,58";"1212"
"2923605";"Paramirim";"6762";"20339";"2,01";"1602,36";"7049583,92";"1212"
"2923704";"Paratinga";"9008";"29249";"2,79";"1145,04";"1216952,42";"1200"
"2923803";"Paripiranga";"9664";"26601";"1,81";"1277,79";"3129923,64";"1200"
"2923902";"Pau Brasil";"3294";"9357";"2,65";"1345,29";"2222263,21";"1200"
"2924009";"Paulo Afonso";"38770";"112377";"2,05";"2015,45";"8063239,36";"1212"
"2924058";"Pé de Serra";"4878";"13215";"1,85";"1141,33";"934772,85";"1200"
"2924108";"Pedrão";"2107";"6232";"2,83";"1101,73";"1243412,89";"1200"
"2924207";"Pedro Alexandre";"4717";"13904";"2,30";"1052,79";"1225206,72";"1000"
"2924306";"Piatã";"6538";"20025";"2,46";"1537,03";"45182807,76";"1200"
"2924405";"Pilão Arcado";"10687";"35169";"2,76";"1109,75";"1465504,39";"1200"
"2924504";"Pindaí";"5018";"14711";"1,89";"1269,36";"1376856,89";"1212"
"2924603";"Pindobaçu";"6759";"19033";"2,04";"1155,86";"1702141,01";"1200"
"2924652";"Pintadas";"3566";"10303";"2,53";"1391,05";"1509678,97";"1212"
"2924678";"Piraí do Norte";"3218";"10940";"3,34";"1180,17";"4564280,07";"1200"
"2924702";"Piripá";"3254";"9147";"1,97";"1238,36";"1515325,12";"1200"
"2924801";"Piritiba";"6579";"17528";"2,08";"1239,22";"2705387,76";"1200"
"2924900";"Planaltino";"2922";"8002";"2,14";"1147,85";"822371,81";"1200"
"2925006";"Planalto";"8313";"23325";"2,01";"1243,28";"1557345,62";"1200"
"2925105";"Poções";"16865";"48239";"2,28";"1373,01";"3332344,70";"1200"
"2925204";"Pojuca";"11840";"32111";"1,75";"1786,36";"4228495,25";"1212"
"2925253";"Ponto Novo";"6302";"17928";"2,16";"1028,77";"1146976,05";"1000"
"2925303";"Porto Seguro";"60234";"167420";"2,16";"2327,36";"28031870,33";"1280"
"2925402";"Potiraguá";"3340";"10267";"3,14";"1521,76";"31177451,60";"1212"
"2925501";"Prado";"11468";"34518";"2,73";"1784,40";"4928279,75";"1212"
"2925600";"Presidente Dutra";"5397";"15110";"1,93";"1279,40";"2594741,29";"1200"
"2925709";"Presidente Jânio Quadros";"4429";"12618";"2,01";"1197,32";"3238912,38";"1200"
"2925758";"Presidente Tancredo Neves";"9570";"27716";"2,06";"1250,14";"3404016,86";"1200"
"2925808";"Queimadas";"9032";"25974";"2,81";"1297,20";"1825372,64";"1200"
"2925907";"Quijingue";"8778";"25268";"2,27";"1120,59";"1105140,43";"1200"
"2925931";"Quixabeira";"3610";"9447";"1,71";"1171,86";"1004813,77";"1200"
"2925956";"Rafael Jambeiro";"6644";"19651";"2,47";"1056,97";"587941,45";"1200"
"2926004";"Remanso";"13334";"40537";"2,49";"1341,00";"3553016,19";"1212"
"2926103";"Retirolândia";"4969";"13623";"1,75";"1212,47";"2482327,54";"1200"
"2926202";"Riachão das Neves";"7165";"21605";"2,57";"1281,06";"1765956,85";"1212"
"2926301";"Riachão do Jacuípe";"12502";"33343";"1,84";"1476,99";"4119388,17";"1212"
"2926400";"Riacho de Santana";"10099";"30689";"2,39";"1250,23";"2254710,66";"1200"
"2926509";"Ribeira do Amparo";"4811";"13779";"2,47";"1106,87";"1221130,59";"1200"
"2926608";"Ribeira do Pombal";"19303";"53986";"2,01";"1516,99";"4365861,43";"1212"
"2926657";"Ribeirão do Largo";"3308";"9619";"2,82";"1155,15";"623866,95";"1212"
"2926707";"Rio de Contas";"4549";"13165";"2,02";"1451,80";"3294578,04";"1212"
"2926806";"Rio do Antônio";"4604";"13140";"1,72";"1207,21";"1904546,84";"1212"
"2926905";"Rio do Pires";"3503";"10492";"2,34";"1414,05";"2780015,03";"1212"
"2927002";"Rio Real";"12639";"35244";"2,15";"1221,18";"2722375,39";"1200"
"2927101";"Rodelas";"3194";"10281";"2,70";"1402,74";"6793673,22";"1212"
"2927200";"Ruy Barbosa";"10131";"28234";"2,34";"1333,29";"3511424,72";"1212"
"2927309";"Salinas da Margarida";"5330";"14981";"2,09";"1192,92";"2007105,68";"1200"
"2927408";"Salvador";"958539";"2407766";"1,71";"3160,73";"190464605,12";"1230"
"2927507";"Santa Bárbara";"7281";"20935";"2,41";"1200,27";"1603731,60";"1200"
"2927606";"Santa Brígida";"5246";"14945";"2,15";"1073,73";"1015072,21";"1212"
"2927705";"Santa Cruz Cabrália";"10434";"28741";"2,25";"1890,55";"5260869,43";"1212"
"2927804";"Santa Cruz da Vitória";"1692";"4654";"2,54";"1232,28";"1031816,17";"1212"
"2927903";"Santa Inês";"3601";"10238";"2,50";"1364,58";"4228811,44";"1200"
"2928000";"Santaluz";"13465";"37780";"2,07";"1259,09";"2191268,86";"1200"
"2928059";"Santa Luzia";"4743";"13808";"3,48";"1324,51";"1497059,26";"1212"
"2928109";"Santa Maria da Vitória";"13249";"38537";"2,13";"1615,21";"5232460,10";"1212"
"2928208";"Santana";"8397";"24692";"2,26";"1360,21";"2140826,03";"1212"
"2928307";"Santanópolis";"3033";"8716";"2,44";"1209,08";"1033178,77";"1200"
"2928406";"Santa Rita de Cássia";"9133";"27339";"2,60";"1304,10";"2532389,85";"1200"
"2928505";"Santa Terezinha";"4013";"10425";"1,96";"1248,29";"1874620,45";"1200"
"2928604";"Santo Amaro";"20664";"55759";"2,11";"1369,11";"2480375,85";"1212"
"2928703";"Santo Antônio de Jesus";"38240";"102764";"1,69";"1931,16";"9026093,43";"1212"
"2928802";"Santo Estêvão";"17409";"52213";"2,26";"1405,84";"3139475,27";"1212"
"2928901";"São Desidério";"10427";"32641";"2,18";"1703,40";"6139485,27";"1212"
"2928950";"São Domingos";"3319";"8420";"1,56";"1281,39";"1658413,55";"1200"
"2929008";"São Félix";"3930";"11021";"2,12";"1248,86";"1485694,46";"1212"
"2929057";"São Félix do Coribe";"5271";"15183";"1,98";"1545,52";"3818875,61";"1212"
"2929107";"São Felipe";"7340";"20162";"1,85";"1246,43";"1904876,54";"1200"
"2929206";"São Francisco do Conde";"14002";"38660";"1,99";"1456,92";"2449723,68";"1212"
"2929255";"São Gabriel";"6409";"18582";"2,03";"1219,24";"1829754,66";"1200"
"2929305";"São Gonçalo dos Campos";"13404";"39496";"2,21";"1469,70";"3050018,54";"1212"
"2929354";"São José da Vitória";"2061";"5314";"2,06";"1175,87";"931742,32";"1212"
"2929370";"São José do Jacuípe";"3816";"10176";"2,00";"1317,36";"74021576,35";"1200"
"2929404";"São Miguel das Matas";"3816";"10333";"2,08";"1334,08";"4557464,45";"1212"
"2929503";"São Sebastião do Passé";"15128";"40913";"1,95";"1478,85";"3801144,79";"1212"
"2929602";"Sapeaçu";"6357";"17943";"2,04";"1327,45";"2191304,51";"1212"
"2929701";"Sátiro Dias";"5669";"15985";"2,20";"1166,26";"1466018,75";"1200"
"2929750";"Saubara";"4421";"11390";"1,81";"1173,14";"1675907,31";"1212"
"2929800";"Saúde";"3956";"10460";"2,01";"1293,78";"2572324,33";"1212"
"2929909";"Seabra";"15887";"46097";"2,14";"1545,14";"4478379,08";"1212"
"2930006";"Sebastião Laranjeiras";"3183";"9353";"2,11";"1167,65";"1266692,17";"1210"
"2930105";"Senhor do Bonfim";"26895";"74355";"1,98";"1776,36";"6289101,87";"1212"
"2930154";"Serra do Ramalho";"11308";"34157";"2,32";"1238,37";"1740566,32";"1212"
"2930204";"Sento Sé";"11694";"37947";"3,10";"1199,47";"1632267,14";"1200"
"2930303";"Serra Dourada";"5898";"17056";"1,93";"1254,20";"1534091,79";"1200"
"2930402";"Serra Preta";"5831";"17970";"2,98";"1176,52";"787702,69";"1212"
"2930501";"Serrinha";"28893";"80108";"1,91";"1608,41";"5437120,32";"1212"
"2930600";"Serrolândia";"5200";"13306";"1,78";"1333,88";"3397152,00";"1212"
"2930709";"Simões Filho";"42149";"113989";"1,86";"1683,34";"424484665,99";"1212"
"2930758";"Sítio do Mato";"4006";"13393";"3,19";"1202,47";"1096088,06";"1200"
"2930766";"Sítio do Quinto";"5121";"14755";"2,21";"1144,55";"1314737,41";"1212"
"2930774";"Sobradinho";"8348";"25442";"2,51";"1583,41";"4127613,91";"1212"
"2930808";"Souto Soares";"5711";"17051";"2,25";"1133,74";"947390,26";"1150"
"2930907";"Tabocas do Brejo Velho";"3919";"11965";"2,06";"1286,31";"2121385,40";"1200"
"2931004";"Tanhaçu";"7310";"21004";"1,81";"1219,77";"3381716,35";"1200"
"2931053";"Tanque Novo";"5500";"17148";"2,06";"1253,66";"1701507,37";"1200"
"2931103";"Tanquinho";"2595";"7713";"2,84";"1369,51";"3624392,83";"1212"
"2931202";"Taperoá";"6304";"17993";"2,24";"1239,28";"1929214,88";"1212"
"2931301";"Tapiramutá";"5106";"15789";"2,91";"1231,82";"3093653,05";"1212"
"2931350";"Teixeira de Freitas";"52472";"144546";"1,89";"2252,41";"196537345,72";"1212"
"2931400";"Teodoro Sampaio";"2605";"7087";"2,29";"1269,05";"5381930,93";"1212"
"2931509";"Teofilândia";"7371";"21085";"2,22";"1359,45";"3716066,95";"1200"
"2931608";"Teolândia";"4735";"15308";"3,18";"1290,50";"3557502,04";"1200"
"2931707";"Terra Nova";"3790";"10790";"2,50";"1315,24";"1483334,57";"1212"
"2931806";"Tremedal";"5882";"16288";"1,98";"1172,40";"1171473,56";"1200"
"2931905";"Tucano";"17387";"48660";"2,20";"1304,52";"3054798,65";"1200"
"2932002";"Uauá";"8736";"24620";"2,14";"1238,50";"2433581,44";"1212"
"2932101";"Ubaíra";"6851";"18615";"2,08";"1228,53";"2113141,57";"1200"
"2932200";"Ubaitaba";"6493";"17590";"2,25";"1601,70";"4385128,97";"1212"
"2932309";"Ubatã";"5862";"16089";"2,37";"1410,46";"2239583,93";"1212"
"2932408";"Uibaí";"4874";"13426";"1,95";"1367,80";"2582423,18";"1200"
"2932457";"Umburanas";"4476";"13590";"2,15";"1178,10";"3342799,21";"1200"
"2932507";"Unas";"6935";"18026";"2,07";"1491,30";"2164099,96";"1212"
"2932606";"Urandi";"5135";"15354";"1,94";"1499,87";"3516549,33";"1212"
"2932705";"Uruçuca";"7856";"21318";"2,26";"1688,73";"17415663,64";"1212"
"2932804";"Utinga";"5926";"16253";"2,22";"1770,85";"1103739240,15";"1200"
"2932903";"Valença";"32287";"85246";"1,88";"1869,99";"978729466,85";"1212"
"2933000";"Valente";"9062";"24362";"1,70";"1433,17";"2314692,71";"1212"
"2933059";"Várzea da Roça";"5031";"13800";"1,82";"1130,15";"1507740,59";"1200"
"2933109";"Várzea do Poço";"3220";"8100";"1,55";"1208,48";"1841866,90";"1200"
"2933158";"Várzea Nova";"4860";"13363";"1,98";"1155,18";"1123287,17";"1200"
"2933174";"Varzedo";"3622";"9889";"2,01";"1135,35";"1208909,45";"1200"
"2933208";"Vera Cruz";"16548";"42482";"2,00";"1651,89";"10046372,58";"1212"
"2933257";"Vereda";"2253";"6002";"1,77";"1417,75";"3532549,83";"1200"
"2933307";"Vitória da Conquista";"129081";"369737";"2,04";"2312,26";"63256517,72";"1212"
"2933406";"Wagner";"3280";"9502";"2,49";"1266,82";"2240603,37";"1200"
"2933455";"Wanderley";"4250";"12957";"2,45";"1432,86";"6183869,46";"1200"
"2933505";"Wenceslau Guimarães";"8316";"24417";"2,61";"1102,70";"956586,23";"1100"
"2933604";"Xique-Xique";"13518";"44442";"2,95";"1304,55";"3426348,02";"1200"
"3100104";"Abadia dos Dourados";"2579";"6271";"1,44";"2338,76";"17286233,82";"1212"
"3100203";"Abaeté";"9025";"22558";"1,56";"2488,36";"11382392,72";"1400"
"3100302";"Abre Campo";"4896";"13603";"1,79";"1874,36";"5578644,47";"1212"
"3100401";"Acaiaca";"1507";"3909";"1,86";"1733,32";"2842499,72";"1212"
"3100500";"Açucena";"3285";"8763";"1,90";"1468,93";"1872070,57";"1212"
"3100609";"Água Boa";"4462";"12541";"2,14";"1675,51";"10804434,15";"1212"
"3100708";"Água Comprida";"822";"2105";"1,58";"2749,99";"13348150,38";"2000"
"3100807";"Aguanil";"1622";"4334";"1,61";"2121,82";"7559606,33";"1250"
"3100906";"Águas Formosas";"6599";"18389";"2,13";"1674,40";"5489616,40";"1212"
"3101003";"Águas Vermelhas";"4185";"14031";"3,31";"1408,46";"4291200,40";"1212"
"3101102";"Aimorés";"9534";"25043";"1,70";"2169,73";"9476760,78";"1212"
"3101201";"Aiuruoca";"2481";"6162";"1,62";"2481,39";"22941807,48";"1300"
"3101300";"Alagoa";"1024";"2739";"1,81";"2266,35";"6137065,48";"1400"
"3101409";"Albertina";"1035";"2951";"1,78";"2113,89";"3077289,98";"1600"
"3101508";"Além Paraíba";"11692";"30466";"1,94";"2447,46";"153573411,39";"1212"
"3101607";"Alfenas";"29121";"78504";"1,77";"2850,68";"12737947,56";"1800"
"3101631";"Alfredo Vasconcelos";"2464";"6931";"1,77";"1950,85";"5201827,16";"1212"
"3101706";"Almenara";"14479";"40056";"2,17";"1834,62";"7380186,55";"1212"
"3101805";"Alpercata";"2751";"6832";"1,81";"1722,99";"4544216,52";"1212"
"3101904";"Alpinópolis";"6594";"18257";"1,74";"2478,07";"12174461,68";"1500"
"3102001";"Alterosa";"5279";"13851";"1,66";"2064,38";"15100304,27";"1212"
"3102050";"Alto Caparaó";"2175";"5750";"1,51";"1720,86";"4081549,04";"1212"
"3102100";"Alto Rio Doce";"3990";"10844";"2,02";"1588,91";"4374609,30";"1212"
"3102209";"Alvarenga";"1542";"3959";"1,52";"1488,46";"1205457,28";"1212"
"3102308";"Alvinópolis";"5592";"15019";"1,82";"1930,27";"7015714,58";"1212"
"3102407";"Alvorada de Minas";"1366";"4157";"3,06";"1457,33";"2250964,42";"1212"
"3102506";"Amparo do Serra";"1574";"4515";"2,17";"1676,23";"3868362,14";"1212"
"3102605";"Andradas";"15156";"40289";"1,63";"2683,24";"9382501,14";"2000"
"3102704";"Cachoeira de Pajeú";"2928";"9078";"3,30";"1358,81";"1922757,64";"1212"
"3102803";"Andrelândia";"4523";"11864";"1,87";"2160,40";"11072371,54";"1212"
"3102852";"Angelândia";"2600";"7699";"2,38";"1660,93";"8907053,19";"1212"
"3102902";"Antônio Carlos";"4073";"11081";"1,83";"2010,49";"6439186,21";"1212"
"3103009";"Antônio Dias";"3210";"9205";"2,21";"1730,16";"1747994,94";"1212"
"3103108";"Antônio Prado de Minas";"599";"1537";"1,63";"1979,09";"2687584,06";"1212"
"3103207";"Araçaí";"826";"2180";"2,11";"1941,59";"16190091,04";"1212"
"3103306";"Aracitaba";"854";"2046";"1,47";"1704,55";"1126770,85";"1240"
"3103405";"Araçuaí";"12188";"34101";"2,21";"1841,80";"6565328,84";"1212"
"3103504";"Araguari";"44066";"116959";"1,71";"2853,98";"13191162,20";"2000"
"3103603";"Arantina";"1112";"2915";"1,84";"1868,21";"3958175,32";"1212"
"3103702";"Araponga";"2862";"8043";"1,56";"1556,54";"10958266,56";"1200"
"3103751";"Araporã";"2878";"8467";"1,92";"2829,16";"9581091,93";"2000"
"3103801";"Arapuá";"1045";"2620";"1,36";"2524,21";"20000651,81";"1800"
"3103900";"Araújos";"3354";"9170";"1,75";"2340,29";"7621031,12";"1600"
"3104007";"Araxá";"40328";"111060";"1,85";"3244,85";"17374844,02";"2018.5"
"3104106";"Arceburgo";"3368";"9126";"1,86";"2195,75";"3823580,98";"1500"
"3104205";"Arcos";"15053";"41095";"1,56";"2588,89";"7536691,34";"2000"
"3104304";"Areado";"5102";"13797";"1,74";"2338,16";"6956595,31";"1500"
"3104403";"Argirita";"1012";"2687";"1,95";"1965,37";"9105069,64";"1212"
"3104452";"Aricanduva";"1676";"4705";"2,06";"1503,22";"7484484,64";"1212"
"3104502";"Arinos";"6166";"17205";"2,13";"1865,53";"5573917,00";"1212"
"3104601";"Astolfo Dutra";"5177";"14100";"1,71";"1941,39";"3734966,25";"1212"
"3104700";"Ataléia";"4945";"13699";"2,08";"1482,80";"2721251,93";"1212"
"3104809";"Augusto de Lima";"1707";"4515";"1,99";"1771,67";"21804694,86";"1212"
"3104908";"Baependi";"6787";"18227";"1,74";"2082,01";"7412839,26";"1212"
"3105004";"Baldim";"2935";"7435";"1,82";"1813,25";"5043433,94";"1212"
"3105103";"Bambuí";"9593";"23448";"1,53";"2631,13";"11805666,15";"1800"
"3105202";"Bandeira";"1754";"4721";"1,83";"1401,88";"1938362,75";"1200"
"3105301";"Bandeira do Sul";"2232";"5942";"1,52";"2399,84";"61036988,08";"1600"
"3105400";"Barão de Cocais";"10616";"30680";"1,98";"2440,27";"5859041,38";"1800"
"3105509";"Barão do Monte Alto";"1896";"4963";"1,75";"1637,92";"4592886,17";"1212"
"3105608";"Barbacena";"46664";"124441";"1,80";"2922,64";"36346489,59";"1559"
"3105707";"Barra Longa";"2017";"5656";"2,16";"2000,73";"191383434,24";"1212"
"3105905";"Barroso";"7290";"20018";"1,81";"2101,29";"6982714,61";"1220"
"3106002";"Bela Vista de Minas";"3595";"10163";"1,92";"1995,68";"3480517,28";"1312"
"3106101";"Belmiro Braga";"1171";"3243";"2,46";"2230,43";"12369573,52";"1212"
"3106200";"Belo Horizonte";"889554";"2306089";"1,79";"4770,03";"227587572,18";"2500"
"3106309";"Belo Oriente";"8096";"23907";"2,02";"1885,37";"2854345,21";"1300"
"3106408";"Belo Vale";"3244";"8610";"2,30";"2093,39";"8854258,33";"1250"
"3106507";"Berilo";"3553";"9777";"2,16";"1446,53";"1472617,11";"1212"
"3106606";"Bertópolis";"1499";"4444";"3,09";"1296,16";"1165981,29";"1200"
"3106655";"Berizal";"1392";"4185";"2,16";"1330,10";"1481273,45";"1212"
"3106705";"Betim";"146815";"411079";"1,87";"2422,81";"7360266,18";"1700"
"3106804";"Bias Fortes";"1275";"3355";"1,98";"1708,53";"4756654,22";"1212"
"3106903";"Bicas";"5463";"13896";"1,85";"2409,80";"10246794,78";"1250"
"3107000";"Biquinhas";"1027";"2383";"1,35";"1852,41";"8666587,25";"1212"
"3107109";"Boa Esperança";"13804";"39727";"2,04";"2411,04";"11070066,11";"1300"
"3107208";"Bocaina de Minas";"2211";"5322";"1,57";"2108,99";"7499981,10";"1212"
"3107307";"Bocaiúva";"16835";"47868";"2,26";"1785,89";"4177559,82";"1212"
"3107406";"Bom Despacho";"19169";"51581";"1,73";"2873,96";"14077124,91";"1800"
"3107505";"Bom Jardim de Minas";"2680";"6757";"1,66";"1894,42";"2783165,25";"1212"
"3107604";"Bom Jesus da Penha";"1644";"4447";"1,76";"2695,80";"35420512,24";"1500"
"3107703";"Bom Jesus do Amparo";"1974";"5626";"2,21";"1827,47";"4020356,51";"1212"
"3107802";"Bom Jesus do Galho";"5560";"14491";"1,64";"1592,36";"3260218,24";"1212"
"3107901";"Bom Repouso";"4472";"12644";"1,76";"2011,50";"6348697,68";"1212"
"3108008";"Bom Sucesso";"6375";"16984";"1,96";"2277,36";"15804126,97";"1212"
"3108107";"Bonfim";"3054";"7388";"1,48";"1995,44";"5977973,06";"1212"
"3108206";"Bonfinópolis de Minas";"2094";"5457";"1,84";"2324,03";"8801784,31";"1400"
"3108255";"Bonito de Minas";"3041";"10200";"3,86";"1280,18";"1443701,01";"1212"
"3108305";"Borda da Mata";"6663";"17359";"1,64";"2305,28";"8260160,91";"1500"
"3108404";"Botelhos";"5605";"14683";"1,56";"2258,37";"9320226,41";"1300"
"3108503";"Botumirim";"2086";"5779";"2,23";"1298,14";"1193368,46";"1212"
"3108552";"Brasilândia de Minas";"5255";"15014";"2,12";"2065,55";"6673052,67";"1300"
"3108602";"Brasília de Minas";"10748";"31982";"2,29";"1565,87";"3836821,84";"1212"
"3108701";"Brás Pires";"1634";"4215";"1,59";"1429,00";"1369693,21";"1212"
"3108800";"Braúnas";"1604";"4437";"1,96";"1754,85";"4674604,73";"1212"
"3108909";"Brazópolis";"5441";"14154";"1,74";"2117,42";"5705582,65";"1224"
"3109006";"Brumadinho";"13867";"38672";"1,91";"3742,66";"32402916,70";"2001"
"3109105";"Bueno Brandão";"4196";"10851";"1,52";"2229,26";"6388271,40";"1500"
"3109204";"Buenópolis";"3424";"9090";"2,08";"1696,63";"4213592,27";"1212"
"3109253";"Bugre";"1438";"4040";"2,23";"1521,98";"3911558,89";"1212"
"3109303";"Buritis";"8737";"23853";"2,08";"2005,79";"8135790,34";"1212"
"3109402";"Buritizeiro";"8176";"23868";"2,21";"1600,03";"2109519,14";"1212"
"3109451";"Cabeceira Grande";"2602";"6627";"1,80";"2452,67";"20757069,11";"1212"
"3109501";"Cabo Verde";"4200";"11380";"1,67";"2389,65";"209785570,98";"1300"
"3109600";"Cachoeira da Prata";"1377";"3692";"1,81";"2352,93";"19436380,27";"1400"
"3109709";"Cachoeira de Minas";"4357";"11847";"1,74";"1997,17";"3916705,45";"1300"
"3109808";"Cachoeira Dourada";"866";"2296";"1,83";"2453,73";"5298419,64";"1900"
"3109907";"Caetanópolis";"4208";"11412";"2,03";"2177,81";"9136286,37";"1212"
"3110004";"Caeté";"13577";"38618";"2,10";"2363,14";"6647461,66";"1500"
"3110103";"Caiana";"1982";"5300";"1,58";"1554,59";"3979668,52";"1212"
"3110202";"Cajuri";"1432";"4087";"2,10";"1691,34";"9936979,99";"1212"
"3110301";"Caldas";"5717";"14162";"1,53";"2392,04";"13338758,50";"1500"
"3110400";"Camacho";"1050";"2835";"1,48";"1686,54";"1293868,59";"1212"
"3110509";"Camanducaia";"9668";"25929";"1,77";"2440,53";"12891297,50";"1600"
"3110608";"Cambuí";"11323";"29459";"1,65";"2777,94";"187961944,61";"1800"
"3110707";"Cambuquira";"4597";"12239";"1,92";"2125,98";"6622134,61";"1212"
"3110806";"Campanário";"1086";"2922";"2,01";"1574,64";"3114944,79";"1212"
"3110905";"Campanha";"5702";"15802";"2,14";"2359,09";"14065365,74";"1215"
"3111002";"Campestre";"7842";"20596";"1,46";"2192,87";"5445462,84";"1400"
"3111101";"Campina Verde";"7295";"17906";"1,53";"2584,26";"15779037,84";"1500"
"3111150";"Campo Azul";"1276";"3707";"2,31";"1264,51";"1016330,36";"1212"
"3111200";"Campo Belo";"19817";"51989";"1,58";"2339,14";"8172866,95";"1500"
"3111309";"Campo do Meio";"4075";"11324";"1,95";"1849,56";"4596866,81";"1212"
"3111408";"Campo Florido";"3032";"8436";"1,98";"2456,27";"12902425,27";"1824"
"3111507";"Campos Altos";"4679";"12946";"2,04";"2509,92";"11011217,30";"1600"
"3111606";"Campos Gerais";"9474";"25947";"1,81";"2009,16";"8390291,06";"1212"
"3111705";"Canaã";"1703";"4710";"1,54";"1682,34";"7500048,89";"1212"
"3111804";"Canápolis";"4034";"10521";"1,61";"2169,98";"4545824,66";"1500"
"3111903";"Cana Verde";"1942";"5239";"1,64";"1913,56";"4960966,66";"1250"
"3112000";"Candeias";"5419";"13881";"1,44";"1938,34";"5733786,76";"1212"
"3112059";"Cantagalo";"1387";"3974";"2,15";"1644,65";"3593883,32";"1212"
"3112109";"Caparaó";"1852";"5039";"1,61";"1590,42";"3562926,45";"1212"
"3112208";"Capela Nova";"1667";"4359";"1,55";"1535,47";"2266036,31";"1212"
"3112307";"Capelinha";"14146";"39445";"1,97";"1990,33";"8087105,34";"1212"
"3112406";"Capetinga";"2384";"6513";"1,95";"1936,32";"4136140,61";"1212"
"3112505";"Capim Branco";"3598";"10631";"2,12";"2435,40";"7027815,08";"1500"
"3112604";"Capinópolis";"5573";"14610";"1,64";"2348,06";"9529301,53";"1500"
"3112653";"Capitão Andrade";"1791";"4570";"1,67";"1678,32";"5682692,44";"1212"
"3112703";"Capitão Enéas";"4573";"14084";"2,53";"1539,41";"2275039,31";"1212"
"3112802";"Capitólio";"3878";"10291";"1,72";"2744,25";"12386913,37";"2000"
"3112901";"Caputira";"3089";"8935";"1,85";"1638,60";"2929908,09";"1212"
"3113008";"Caraí";"6871";"19515";"2,44";"1213,00";"2767089,55";"1212"
"3113107";"Caranaíba";"1047";"2933";"2,15";"1731,24";"4023618,20";"1212"
"3113206";"Carandaí";"8201";"23810";"1,94";"2062,49";"5052328,71";"1212"
"3113305";"Carangola";"12170";"30961";"1,66";"2275,95";"9828173,93";"1212"
"3113404";"Caratinga";"32664";"86555";"1,67";"2748,46";"560977536,09";"1300"
"3113503";"Carbonita";"3413";"8481";"1,78";"1690,44";"2782437,49";"1212"
"3113602";"Careaçu";"2435";"6777";"2,00";"2216,07";"6828869,44";"1500"
"3113701";"Carlos Chagas";"7119";"18495";"1,88";"1861,63";"9729139,87";"1212"
"3113800";"Carmésia";"910";"2605";"2,44";"1782,26";"1933020,19";"1212"
"3113909";"Carmo da Cachoeira";"3939";"11358";"2,26";"2062,79";"10766459,20";"1212"
"3114006";"Carmo da Mata";"4252";"10964";"1,67";"2205,05";"5373697,05";"1500"
"3114105";"Carmo de Minas";"4641";"13669";"2,27";"2078,49";"5704018,93";"1212"
"3114204";"Carmo do Cajuru";"8644";"23365";"1,73";"2408,18";"8151138,25";"1800"
"3114303";"Carmo do Paranaíba";"11056";"28657";"1,60";"2418,82";"10227059,85";"1600"
"3114402";"Carmo do Rio Claro";"7945";"20890";"1,65";"2222,80";"7578714,33";"1300"
"3114501";"Carmópolis de Minas";"6347";"17855";"1,74";"2205,48";"7313891,36";"1400"
"3114550";"Carneirinho";"3750";"9406";"1,49";"2858,44";"18773866,44";"2000"
"3114600";"Carrancas";"1507";"3989";"2,14";"2625,45";"13447726,01";"1300"
"3114709";"Carvalhópolis";"1222";"3319";"1,70";"2286,29";"4258865,27";"1500"
"3114808";"Carvalhos";"1685";"4387";"1,75";"2337,24";"639983983,41";"1212"
"3114907";"Casa Grande";"765";"2214";"1,85";"3089,20";"50532338,86";"1212"
"3115003";"Cascalho Rico";"1058";"2685";"1,50";"1920,56";"3800857,23";"1212"
"3115102";"Cássia";"6404";"17035";"1,83";"2427,87";"10145404,53";"1500"
"3115201";"Conceição da Barra de Minas";"1324";"3541";"1,66";"2094,66";"11617778,64";"1212"
"3115300";"Cataguases";"25400";"65998";"1,76";"2513,67";"14237325,13";"1500"
"3115359";"Catas Altas";"1984";"5456";"1,85";"2484,44";"6706768,94";"1900"
"3115409";"Catas Altas da Noruega";"1092";"3096";"2,45";"1490,34";"787511,62";"1212"
"3115458";"Catuji";"2489";"7027";"2,18";"1400,51";"1908743,89";"1212"
"3115474";"Catuti";"1712";"4739";"1,76";"1221,58";"1458806,83";"1200"
"3115508";"Caxambu";"8154";"20943";"1,85";"2723,10";"13645914,85";"1500"
"3115607";"Cedro do Abaeté";"449";"1081";"1,48";"1847,45";"2286603,34";"1212"
"3115706";"Central de Minas";"2507";"6159";"1,46";"1685,79";"4947848,54";"1212"
"3115805";"Centralina";"3754";"10183";"2,00";"2100,74";"6971915,85";"1250"
"3115904";"Chácara";"1203";"3074";"1,86";"2150,92";"4906736,60";"1212"
"3116001";"Chalé";"2227";"5996";"1,50";"1610,69";"3562987,66";"1212"
"3116100";"Chapada do Norte";"3476";"10312";"2,39";"1529,07";"1537798,55";"1212"
"3116159";"Chapada Gaúcha";"3880";"12306";"2,83";"1940,05";"12952734,76";"1212"
"3116209";"Chiador";"1038";"2800";"1,97";"2103,22";"3670638,04";"1500"
"3116308";"Cipotânea";"2042";"5535";"1,81";"1405,40";"1634256,78";"1212"
"3116407";"Claraval";"1661";"4638";"1,77";"1843,74";"2028081,50";"1500"
"3116506";"Claro dos Poções";"2797";"7162";"1,85";"1406,84";"1422863,33";"1212"
"3116605";"Cláudio";"10785";"30007";"1,86";"2362,69";"7800558,16";"1600"
"3116704";"Coimbra";"2833";"7107";"1,57";"1955,98";"2996755,35";"1212"
"3116803";"Coluna";"2977";"8107";"1,99";"1509,00";"3083801,89";"1212"
"3116902";"Comendador Gomes";"1084";"2771";"1,46";"2540,62";"8398429,98";"1800"
"3117009";"Comercinho";"2539";"6656";"1,72";"1251,08";"1119004,93";"1200"
"3117108";"Conceição da Aparecida";"3804";"10337";"1,78";"2240,54";"9050411,05";"1500"
"3117207";"Conceição das Pedras";"1019";"2772";"1,68";"1711,46";"2079883,44";"1212"
"3117306";"Conceição das Alagoas";"9878";"28173";"2,03";"2407,86";"8052251,70";"1800"
"3117405";"Conceição de Ipanema";"1680";"4405";"1,51";"1731,36";"2612720,76";"1212"
"3117504";"Conceição do Mato Dentro";"7952";"23120";"2,39";"2315,01";"8259486,63";"1245"
"3117603";"Conceição do Pará";"2067";"5407";"1,94";"2765,01";"516949785,16";"1500"
"3117702";"Conceição do Rio Verde";"4567";"12471";"2,01";"1894,39";"4508273,54";"1212"
"3117801";"Conceição dos Ouros";"3966";"10851";"1,79";"2073,48";"6401180,84";"1245"
"3117836";"Cônego Marinho";"2369";"7223";"2,57";"1260,56";"887786,28";"1212"
"3117876";"Confins";"2497";"7317";"1,87";"2572,94";"11713293,96";"1500"
"3117900";"Congonhal";"4162";"11004";"1,52";"2123,72";"4633394,43";"1500"
"3118007";"Congonhas";"17982";"52768";"1,97";"2647,16";"7828314,31";"2000"
"3118106";"Congonhas do Norte";"1720";"4818";"2,41";"1551,42";"4021857,11";"1212"
"3118205";"Conquista";"2570";"6652";"1,81";"2642,94";"6874967,43";"2000"
"3118304";"Conselheiro Lafaiete";"47583";"131057";"1,84";"2941,37";"12279023,16";"2000"
"3118403";"Conselheiro Pena";"7998";"20676";"1,66";"2123,23";"6884303,03";"1212"
"3118502";"Consolação";"622";"1552";"1,64";"1755,84";"1681049,48";"1212"
"3118601";"Contagem";"228762";"619071";"1,76";"2893,94";"23433291,58";"2000"
"3118700";"Coqueiral";"3250";"8981";"1,79";"1931,77";"5916311,07";"1212"
"3118809";"Coração de Jesus";"9295";"25315";"2,12";"1436,94";"2956694,33";"1212"
"3118908";"Cordisburgo";"2965";"7526";"1,69";"1842,50";"29234917,52";"1212"
"3119005";"Cordislândia";"1147";"3175";"2,04";"1759,86";"4376357,42";"1212"
"3119104";"Corinto";"8668";"23403";"2,12";"1898,50";"4177471,44";"1212"
"3119203";"Coroaci";"3298";"10870";"3,22";"1870,47";"5444184,31";"1212"
"3119302";"Coromandel";"11454";"28797";"1,59";"2730,53";"18134288,18";"1800"
"3119401";"Coronel Fabriciano";"38423";"104116";"1,75";"2563,06";"86529235,57";"1700"
"3119500";"Coronel Murta";"2880";"8188";"2,11";"1466,13";"2307119,03";"1212"
"3119609";"Coronel Pacheco";"990";"2759";"2,11";"2154,61";"6262076,91";"1212"
"3119708";"Coronel Xavier Chaves";"1262";"3486";"1,85";"2587,25";"15353643,18";"1500"
"3119807";"Córrego Danta";"1197";"2925";"1,65";"2263,33";"11305644,03";"1300"
"3119906";"Córrego do Bom Jesus";"1689";"4269";"1,57";"2347,72";"7785980,15";"1500"
"3119955";"Córrego Fundo";"2196";"6107";"1,59";"2055,60";"7880529,49";"1500"
"3120003";"Córrego Novo";"1070";"2875";"1,76";"1486,16";"6153770,13";"1212"
"3120102";"Couto de Magalhães de Minas";"1480";"4179";"2,33";"1639,52";"2064389,92";"1212"
"3120151";"Crisólita";"1890";"5260";"2,17";"1428,50";"4158390,94";"1210"
"3120201";"Cristais";"4494";"12119";"1,68";"1968,83";"8498675,72";"1212"
"3120300";"Cristália";"1724";"5116";"2,48";"1237,37";"1174078,47";"1212"
"3120409";"Cristiano Otoni";"1621";"4667";"2,16";"1851,67";"7058669,65";"1212"
"3120508";"Cristina";"3671";"10330";"2,10";"1961,02";"4773000,63";"1212"
"3120607";"Crucilândia";"2115";"5323";"1,45";"1900,52";"3766847,49";"1212"
"3120706";"Cruzeiro da Fortaleza";"1245";"3521";"2,03";"3081,92";"69608097,89";"1800"
"3120805";"Cruzília";"5763";"15271";"1,80";"1892,08";"5211813,83";"1212"
"3120839";"Cuparaque";"1608";"3980";"1,64";"1808,84";"4136071,36";"1212"
"3120870";"Curral de Dentro";"2441";"7401";"2,15";"1375,30";"1103946,37";"1212"
"3120904";"Curvelo";"29782";"80346";"1,93";"2371,36";"10214522,53";"1212"
"3121001";"Datas";"1818";"5465";"2,43";"1628,50";"3069215,70";"1212"
"3121100";"Delfim Moreira";"2980";"7949";"1,73";"1981,24";"4578263,52";"1212"
"3121209";"Delfinópolis";"2987";"8302";"1,86";"2701,21";"112056131,78";"1800"
"3121258";"Delta";"3533";"10453";"2,33";"2128,49";"7035957,35";"1800"
"3121308";"Descoberto";"1821";"4898";"1,90";"1937,25";"6676538,08";"1250"
"3121407";"Desterro de Entre Rios";"2999";"7599";"1,55";"2086,21";"36598152,17";"1212"
"3121506";"Desterro do Melo";"1149";"2974";"1,61";"1827,60";"38970481,12";"1200"
"3121605";"Diamantina";"16901";"47446";"2,14";"2755,98";"34657109,24";"1217"
"3121704";"Diogo de Vasconcelos";"1396";"3549";"1,71";"1475,91";"1773486,24";"1212"
"3121803";"Dionísio";"2588";"6828";"1,86";"1654,69";"2978423,67";"1212"
"3121902";"Divinésia";"1579";"4222";"1,78";"2059,70";"9222296,47";"1212"
"3122009";"Divino";"7694";"20494";"1,74";"1844,75";"6840740,61";"1212"
"3122108";"Divino das Laranjeiras";"1646";"4170";"1,65";"1760,05";"2690967,27";"1212"
"3122207";"Divinolândia de Minas";"2305";"6514";"1,98";"1679,35";"2796742,23";"1212"
"3122306";"Divinópolis";"87075";"229956";"1,60";"3053,88";"19941277,97";"2000"
"3122355";"Divisa Alegre";"2173";"6313";"2,28";"1553,36";"2731312,85";"1212"
"3122405";"Divisa Nova";"2086";"5831";"1,96";"1885,41";"6145089,26";"1212"
"3122454";"Divisópolis";"3156";"10204";"2,90";"1287,51";"1483076,01";"1212"
"3122470";"Dom Bosco";"1406";"3697";"1,85";"2043,49";"5619041,10";"1212"
"3122504";"Dom Cavati";"1917";"4870";"1,62";"1968,88";"7254467,99";"1212"
"3122603";"Dom Joaquim";"1725";"4887";"2,16";"1745,75";"2555632,77";"1212"
"3122702";"Dom Silvério";"1972";"5201";"1,73";"2139,90";"74778124,95";"1212"
"3122801";"Dom Viçoso";"1174";"3095";"1,60";"1937,17";"5114708,28";"1212"
"3122900";"Dona Euzébia";"2164";"6092";"1,80";"1786,73";"2747498,55";"1212"
"3123007";"Dores de Campos";"3675";"10005";"1,84";"1841,25";"2570995,75";"1217"
"3123106";"Dores de Guanhães";"1740";"5014";"2,03";"1582,02";"2602500,76";"1212"
"3123205";"Dores do Indaiá";"5247";"12530";"1,48";"2337,55";"9222433,97";"1212"
"3123304";"Dores do Turvo";"1890";"4976";"1,65";"1869,66";"6387329,76";"1212"
"3123403";"Doresópolis";"577";"1461";"1,70";"1749,10";"1529726,49";"1212"
"3123502";"Douradoquara";"719";"1829";"1,85";"2287,28";"13012284,37";"1250"
"3123528";"Durandé";"2732";"7811";"1,68";"2172,99";"28287671,29";"1212"
"3123601";"Elói Mendes";"9398";"26240";"1,80";"2314,31";"9555424,57";"1400"
"3123700";"Engenheiro Caldas";"4718";"13602";"1,72";"1707,42";"2136205,88";"1212"
"3123809";"Engenheiro Navarro";"2295";"6351";"2,11";"1367,52";"1448700,49";"1212"
"3123858";"Entre Folhas";"1930";"5177";"1,71";"1658,86";"8014448,27";"1212"
"3123908";"Entre Rios de Minas";"5464";"14700";"1,77";"2408,42";"8928627,95";"1500"
"3124005";"Ervália";"7668";"20115";"1,53";"1851,08";"4865533,17";"1212"
"3124104";"Esmeraldas";"30198";"85407";"2,03";"2105,98";"11988505,66";"1300"
"3124203";"Espera Feliz";"9292";"24006";"1,56";"2066,28";"7445135,58";"1212"
"3124302";"Espinosa";"10383";"30412";"2,17";"1490,32";"3709473,35";"1212"
"3124401";"Espírito Santo do Dourado";"2141";"6099";"2,01";"4265,26";"9779180462,64";"1300"
"3124500";"Estiva";"4198";"11468";"1,60";"1931,64";"2800487,07";"1250"
"3124609";"Estrela Dalva";"859";"2177";"1,76";"1569,42";"3193093,31";"1212"
"3124708";"Estrela do Indaiá";"1177";"2753";"1,51";"2328,25";"7019631,04";"1500"
"3124807";"Estrela do Sul";"2661";"6812";"1,80";"2276,88";"8167419,94";"1500"
"3124906";"Eugenópolis";"4243";"10617";"1,55";"2086,63";"49289409,88";"1212"
"3125002";"Ewbank da Câmara";"1363";"3867";"2,20";"1674,98";"2148002,35";"1212"
"3125101";"Extrema";"18330";"53188";"1,98";"2742,93";"7704281,14";"2000"
"3125200";"Fama";"1003";"2578";"1,72";"2325,67";"10616317,16";"1500"
"3125309";"Faria Lemos";"1186";"3186";"1,92";"1830,03";"3557289,08";"1212"
"3125408";"Felício dos Santos";"1904";"5128";"1,91";"1525,53";"2804012,10";"1212"
"3125507";"São Gonçalo do Rio Preto";"1149";"3003";"2,00";"1639,72";"6210747,75";"1212"
"3125606";"Felisburgo";"2329";"6465";"2,15";"1556,26";"2167122,04";"1212"
"3125705";"Felixlândia";"5363";"13911";"1,88";"2048,50";"5088836,68";"1212"
"3125804";"Fernandes Tourinho";"1111";"2785";"1,52";"1667,38";"2658428,82";"1212"
"3125903";"Ferros";"3647";"9551";"1,82";"1789,84";"3962181,38";"1212"
"3125952";"Fervedouro";"3799";"10383";"1,61";"1588,64";"4337685,01";"1212"
"3126000";"Florestal";"3019";"8013";"1,77";"2981,85";"9774127,65";"2000"
"3126109";"Formiga";"26154";"67548";"1,61";"2707,95";"11595594,14";"1800"
"3126208";"Formoso";"2737";"7903";"2,56";"2029,73";"24853033,39";"1212"
"3126307";"Fortaleza de Minas";"1390";"3476";"1,73";"2185,12";"6345215,43";"1606"
"3126406";"Fortuna de Minas";"1124";"3093";"1,81";"2385,30";"13235858,26";"1500"
"3126505";"Francisco Badaró";"2832";"7363";"1,96";"1355,39";"2691973,39";"1200"
"3126604";"Francisco Dumont";"1691";"4486";"2,28";"1357,95";"1626419,42";"1212"
"3126703";"Francisco Sá";"7979";"22887";"2,24";"1565,14";"4896972,70";"1212"
"3126752";"Franciscópolis";"1811";"5034";"2,30";"1373,72";"2826271,81";"1200"
"3126802";"Frei Gaspar";"2011";"5640";"2,33";"1449,90";"3151591,00";"1212"
"3126901";"Frei Inocêncio";"3021";"8111";"2,03";"1578,48";"5761650,56";"1212"
"3126950";"Frei Lagonegro";"1190";"3391";"1,76";"1400,57";"3449388,71";"1212"
"3127008";"Fronteira";"5459";"14523";"1,78";"2529,30";"7442603,88";"2000"
"3127057";"Fronteira dos Vales";"1519";"4343";"2,31";"1338,66";"1558808,67";"1212"
"3127073";"Fruta de Leite";"1613";"4639";"2,40";"1249,81";"1278696,96";"1212"
"3127107";"Frutal";"23075";"58178";"1,63";"2667,50";"13673428,01";"1900"
"3127206";"Funilândia";"1704";"4672";"2,14";"1998,59";"6978954,97";"1212"
"3127305";"Galiléia";"2301";"6194";"1,96";"2996,78";"1157183609,74";"1212"
"3127339";"Gameleiras";"1745";"4775";"1,91";"1311,01";"5317020,29";"1212"
"3127354";"Glaucilândia";"1081";"2928";"1,89";"1637,61";"12379075,45";"1212"
"3127370";"Goiabeira";"1141";"2830";"1,51";"1890,11";"13288063,55";"1212"
"3127388";"Goianá";"1561";"4049";"1,97";"2170,74";"6145779,04";"1220"
"3127404";"Gonçalves";"1826";"4717";"1,62";"2806,67";"19876012,79";"1634"
"3127503";"Gonzaga";"1797";"5180";"2,07";"1515,74";"3850450,64";"1212"
"3127602";"Gouveia";"4003";"11296";"1,92";"1759,00";"4432487,77";"1212"
"3127701";"Governador Valadares";"97756";"255236";"1,76";"2807,99";"147439072,92";"1500"
"3127800";"Grão Mogol";"4805";"13845";"2,37";"1505,71";"3679221,71";"1212"
"3127909";"Grupiara";"563";"1392";"1,51";"2497,00";"48745704,08";"1212"
"3128006";"Guanhães";"11916";"32074";"1,84";"2254,87";"10334291,62";"1212"
"3128105";"Guapé";"5179";"13726";"1,71";"2254,93";"9501121,99";"1310"
"3128204";"Guaraciaba";"3522";"9706";"1,98";"1462,43";"1977999,77";"1212"
"3128253";"Guaraciama";"1857";"5046";"1,85";"1435,87";"1920304,51";"1212"
"3128303";"Guaranésia";"6867";"18834";"1,80";"2246,57";"6029339,60";"1500"
"3128402";"Guarani";"2867";"7674";"2,05";"2137,71";"9330402,07";"1212"
"3128501";"Guarará";"1150";"3149";"1,90";"1899,51";"5657644,56";"1212"
"3128600";"Guarda-Mor";"2407";"6501";"1,75";"3203,48";"27387447,51";"2000"
"3128709";"Guaxupé";"19109";"50682";"1,70";"2798,48";"11430506,44";"1900"
"3128808";"Guidoval";"2764";"7103";"1,72";"1864,28";"2337616,05";"1300"
"3128907";"Guimarânia";"2922";"8455";"2,07";"2256,74";"16867336,82";"1212"
"3129004";"Guiricema";"3039";"7761";"1,45";"1879,43";"6244895,16";"1212"
"3129103";"Gurinhatã";"2138";"5162";"1,45";"2840,87";"22594206,01";"1800"
"3129202";"Heliodora";"2322";"6103";"1,64";"1864,01";"3504592,49";"1212"
"3129301";"Iapu";"4054";"12002";"2,90";"1833,51";"6201142,77";"1212"
"3129400";"Ibertioga";"1930";"5143";"1,88";"1989,20";"9279201,67";"1212"
"3129509";"Ibiá";"8377";"22093";"1,81";"2733,60";"17711476,05";"1800"
"3129608";"Ibiaí";"2214";"6279";"2,35";"1334,84";"2170138,88";"1200"
"3129657";"Ibiracatu";"1774";"5081";"2,32";"1311,99";"1248787,65";"1212"
"3129707";"Ibiraci";"3810";"10916";"2,12";"2200,64";"6242706,11";"1400"
"3129806";"Ibirité";"58749";"170243";"1,93";"2090,60";"4359803,87";"1500"
"3129905";"Ibitiúra de Minas";"1323";"3320";"1,49";"2226,15";"5146367,93";"1500"
"3130002";"Ibituruna";"967";"2670";"2,06";"1983,22";"11764725,04";"1212"
"3130051";"Icaraí de Minas";"3276";"10673";"2,75";"1437,32";"3564437,93";"1212"
"3130101";"Igarapé";"15895";"45760";"2,02";"2477,02";"8418113,02";"1600"
"3130200";"Igaratinga";"3837";"10768";"1,82";"1945,03";"2468789,65";"1400"
"3130309";"Iguatama";"2706";"6801";"1,65";"2278,33";"7092062,53";"1500"
"3130408";"Ijaci";"2363";"6985";"1,98";"2106,62";"7349384,35";"1300"
"3130507";"Ilicínea";"4616";"12715";"1,84";"1899,20";"6465754,40";"1212"
"3130556";"Imbé de Minas";"2542";"6976";"1,53";"1389,52";"1167315,52";"1212"
"3130606";"Inconfidentes";"2763";"7301";"1,63";"2308,69";"5759450,47";"1450"
"3130655";"Indaiabira";"2158";"6344";"1,99";"1328,60";"2157718,88";"1212"
"3130705";"Indianópolis";"2263";"6106";"1,80";"3181,08";"490674758,84";"1800"
"3130804";"Ingaí";"936";"2555";"1,82";"2108,69";"6094006,50";"1212"
"3130903";"Inhapim";"8620";"22509";"1,55";"2399,66";"1936018127,75";"1212"
"3131000";"Inhaúma";"2230";"6228";"1,92";"2077,18";"6822215,22";"1212"
"3131109";"Inimutaba";"2767";"7346";"1,96";"1629,91";"3130073,78";"1212"
"3131158";"Ipaba";"5747";"15946";"1,92";"1866,01";"2443395,00";"1212"
"3131208";"Ipanema";"7570";"19457";"1,63";"2035,70";"8956441,22";"1212"
"3131307";"Ipatinga";"85707";"227305";"1,64";"3140,35";"18018734,23";"2000"
"3131406";"Ipiaçu";"1533";"3753";"1,48";"2157,07";"8233494,83";"1220"
"3131505";"Ipuiúna";"3347";"9088";"1,76";"2115,05";"8136019,81";"1400"
"3131604";"Iraí de Minas";"2493";"7172";"2,02";"2627,82";"44444443,60";"1214"
"3131703";"Itabira";"39739";"113151";"2,01";"2909,97";"13416558,37";"2000"
"3131802";"Itabirinha";"3915";"10351";"1,64";"1693,90";"7311997,85";"1212"
"3131901";"Itabirito";"18143";"53122";"1,96";"2860,08";"10158959,57";"2000"
"3132008";"Itacambira";"1457";"4252";"2,33";"1255,16";"627603,07";"1212"
"3132107";"Itacarambi";"5335";"17115";"3,03";"1480,56";"1982031,52";"1212"
"3132206";"Itaguara";"5202";"13789";"1,68";"2412,83";"207039892,96";"1500"
"3132305";"Itaipé";"3497";"10426";"2,84";"1461,05";"8286344,46";"1200"
"3132404";"Itajubá";"33624";"91962";"1,94";"3307,13";"47873492,51";"2000"
"3132503";"Itamarandiba";"11693";"32772";"1,93";"1766,65";"9335232,81";"1212"
"3132602";"Itamarati de Minas";"1385";"3686";"1,93";"1718,49";"2261804,31";"1212"
"3132701";"Itambacuri";"7402";"20820";"2,36";"1770,30";"8947547,17";"1212"
"3132800";"Itambé do Mato Dentro";"828";"2137";"1,64";"1680,37";"3558114,77";"1212"
"3132909";"Itamogi";"4048";"10734";"1,60";"2275,95";"53354488,57";"1212"
"3133006";"Itamonte";"5289";"14758";"1,93";"2165,19";"4914390,17";"1500"
"3133105";"Itanhandu";"5490";"15207";"1,83";"2555,32";"8368117,52";"1600"
"3133204";"Itanhomi";"4286";"11120";"1,60";"1958,45";"6518325,81";"1212"
"3133303";"Itaobim";"6895";"18949";"2,16";"1652,15";"4840392,68";"1212"
"3133402";"Itapagipe";"5424";"13459";"1,56";"2887,36";"22756224,66";"1800"
"3133501";"Itapecerica";"7975";"20943";"1,62";"2219,65";"8091038,85";"1300"
"3133600";"Itapeva";"4448";"12625";"2,02";"2414,23";"13944566,97";"1750"
"3133709";"Itatiaiuçu";"4588";"12838";"1,88";"2269,04";"5022983,25";"1600"
"3133758";"Itaú de Minas";"5389";"14376";"1,65";"2616,71";"6440875,54";"2000"
"3133808";"Itaúna";"36796";"96888";"1,68";"3073,68";"127459208,63";"2000"
"3133907";"Itaverava";"1995";"5640";"2,14";"1653,67";"3283698,43";"1212"
"3134004";"Itinga";"4573";"13717";"3,21";"1338,19";"4352449,33";"1200"
"3134103";"Itueta";"2232";"6050";"1,80";"1956,76";"2901489,15";"1300"
"3134202";"Ituiutaba";"39971";"101920";"1,60";"2695,52";"12426676,02";"1600"
"3134301";"Itumirim";"2413";"6636";"1,79";"2182,82";"14524686,30";"1212"
"3134400";"Iturama";"14911";"38129";"1,63";"2808,73";"14810376,90";"2000"
"3134509";"Itutinga";"1627";"4207";"1,63";"2629,54";"18431917,91";"1424"
"3134608";"Jaboticatubas";"7721";"20268";"1,93";"2253,90";"12417676,85";"1212"
"3134707";"Jacinto";"4184";"10969";"1,93";"1479,79";"3407246,63";"1212"
"3134806";"Jacuí";"2816";"7454";"1,60";"2120,08";"7249348,81";"1284"
"3134905";"Jacutinga";"9082";"25413";"1,80";"2556,53";"10138992,76";"1800"
"3135001";"Jaguaraçu";"1118";"3085";"1,70";"2365,18";"13233255,02";"1500"
"3135050";"Jaíba";"12096";"37561";"2,42";"1585,93";"7026989,08";"1212"
"3135076";"Jampruca";"1573";"4247";"2,33";"1493,93";"2185646,88";"1212"
"3135100";"Janaúba";"24287";"70437";"2,01";"2073,20";"9155509,74";"1212"
"3135209";"Januária";"21434";"64767";"2,65";"1718,63";"5012064,89";"1212"
"3135308";"Japaraíba";"1542";"4506";"1,81";"2558,49";"13344276,20";"2000"
"3135357";"Japonvar";"2860";"8118";"1,81";"1304,33";"2953747,59";"1200"
"3135407";"Jeceaba";"2262";"6187";"1,83";"2045,90";"3782728,00";"1432.5"
"3135456";"Jenipapo de Minas";"2080";"6095";"2,37";"1404,11";"1416010,73";"1212"
"3135506";"Jequeri";"4489";"12375";"1,75";"1684,41";"7996110,22";"1212"
"3135605";"Jequitaí";"2465";"6421";"1,81";"1517,57";"2603479,30";"1212"
"3135704";"Jequitibá";"2242";"5862";"1,95";"1902,78";"6981542,52";"1212"
"3135803";"Jequitinhonha";"8310";"23847";"2,61";"1557,63";"3843577,76";"1212"
"3135902";"Jesuânia";"1914";"5096";"1,77";"1912,68";"12970738,95";"1212"
"3136009";"Joaíma";"4681";"13851";"2,75";"1394,49";"3707792,22";"1212"
"3136108";"Joanésia";"1681";"4323";"1,57";"1765,57";"1516549,54";"1212"
"3136207";"João Monlevade";"29255";"79791";"1,78";"2883,03";"16392444,28";"2000"
"3136306";"João Pinheiro";"17081";"46373";"1,86";"2328,55";"30466967,84";"1250"
"3136405";"Joaquim Felício";"1462";"3826";"1,99";"1551,90";"2733530,51";"1200"
"3136504";"Jordânia";"3472";"10278";"2,94";"1651,35";"5721274,31";"1212"
"3136520";"José Gonçalves de Minas";"1384";"3969";"2,13";"1487,18";"2058574,97";"1212"
"3136553";"José Raydan";"1576";"4268";"1,84";"1400,04";"930455,65";"1212"
"3136579";"Josenópolis";"1232";"3621";"2,27";"1326,77";"1310211,60";"1212"
"3136603";"Nova União";"2172";"5899";"1,88";"1914,04";"3169913,35";"1400"
"3136652";"Juatuba";"10633";"30474";"2,00";"2130,36";"4709920,57";"1500"
"3136702";"Juiz de Fora";"210912";"536855";"1,75";"3603,42";"251796820,35";"2000"
"3136801";"Juramento";"1384";"3768";"2,05";"1485,24";"2908668,69";"1212"
"3136900";"Juruaia";"4009";"11054";"1,61";"2445,53";"10226021,17";"1600"
"3136959";"Juvenília";"1836";"5759";"2,52";"1258,82";"1532282,50";"1212"
"3137007";"Ladainha";"4705";"14314";"2,99";"1395,37";"2429849,76";"1200"
"3137106";"Lagamar";"2781";"6595";"1,46";"2474,81";"24247284,13";"1300"
"3137205";"Lagoa da Prata";"18388";"50999";"1,74";"2505,86";"9220848,88";"1600"
"3137304";"Lagoa dos Patos";"1206";"3306";"1,92";"1444,07";"1305788,63";"1212"
"3137403";"Lagoa Dourada";"4109";"12745";"2,22";"1891,80";"5044082,05";"1212"
"3137502";"Lagoa Formosa";"7046";"18853";"1,61";"2909,03";"28785352,31";"1800"
"3137536";"Lagoa Grande";"3389";"8932";"1,76";"2187,80";"7745722,33";"1300"
"3137601";"Lagoa Santa";"27423";"74943";"1,83";"4423,17";"2692369448,52";"2200"
"3137700";"Lajinha";"7644";"20808";"1,72";"2085,92";"8243075,08";"1212"
"3137809";"Lambari";"7577";"20300";"1,69";"2321,18";"8009343,03";"1300"
"3137908";"Lamim";"1192";"3184";"1,61";"1645,29";"6934316,07";"1212"
"3138005";"Laranjal";"2294";"5950";"1,65";"1933,75";"8594438,16";"1212"
"3138104";"Lassance";"2552";"7091";"2,29";"1633,02";"9931045,19";"1212"
"3138203";"Lavras";"38930";"104360";"1,78";"3371,08";"22004453,10";"2000"
"3138302";"Leandro Ferreira";"1210";"3173";"1,79";"2345,81";"14300756,03";"1500"
"3138351";"Leme do Prado";"1526";"4341";"2,07";"1584,65";"1863045,67";"1212"
"3138401";"Leopoldina";"19184";"50952";"1,91";"2370,09";"9204930,51";"1212"
"3138500";"Liberdade";"1812";"4717";"1,88";"2052,94";"8158689,83";"1212"
"3138609";"Lima Duarte";"6876";"17145";"1,69";"2219,17";"15824014,81";"1212"
"3138625";"Limeira do Oeste";"3320";"8650";"1,51";"3474,58";"1966298117,24";"2100"
"3138658";"Lontra";"3028";"8786";"1,99";"1505,14";"4645180,16";"1212"
"3138674";"Luisburgo";"2436";"6946";"1,58";"1711,23";"3228083,57";"1212"
"3138682";"Luislândia";"1981";"6207";"2,65";"1150,61";"789578,21";"1212"
"3138708";"Luminárias";"2122";"5549";"1,63";"2304,88";"13528149,73";"1212"
"3138807";"Luz";"6769";"17640";"1,59";"2626,33";"16616169,02";"1600"
"3138906";"Machacalis";"2434";"6484";"1,88";"5416,78";"34541198756,40";"1212"
"3139003";"Machado";"13103";"37474";"1,92";"2590,28";"10145242,55";"1500"
"3139102";"Madre de Deus de Minas";"1914";"5185";"1,89";"2563,59";"24552287,08";"1300"
"3139201";"Malacacheta";"6422";"17361";"2,16";"1660,50";"6278034,83";"1212"
"3139250";"Mamonas";"2352";"5993";"1,40";"1243,38";"1021939,49";"1212"
"3139300";"Manga";"6117";"18695";"2,63";"1518,06";"5860321,97";"1212"
"3139409";"Manhuaçu";"33275";"91469";"1,78";"2519,98";"535076152,85";"1300"
"3139508";"Manhumirim";"7653";"20418";"1,80";"2118,71";"7371854,66";"1212"
"3139607";"Mantena";"10157";"26323";"1,61";"2215,69";"9170774,32";"1212"
"3139706";"Maravilhas";"2527";"7326";"1,99";"1851,42";"5188451,74";"1212"
"3139805";"Mar de Espanha";"4767";"12658";"1,92";"2241,55";"226195607,34";"1212"
"3139904";"Maria da Fé";"4782";"14176";"2,10";"2193,24";"10758714,81";"1300"
"3140001";"Mariana";"21710";"60849";"2,03";"2829,23";"616055702,38";"1700"
"3140100";"Marilac";"1565";"4219";"2,03";"1605,26";"3792158,12";"1212"
"3140159";"Mário Campos";"5434";"15886";"2,00";"2359,68";"8424021,35";"1500"
"3140209";"Maripá de Minas";"1233";"3383";"1,76";"2156,20";"4796093,14";"1212"
"3140308";"Marliéria";"1712";"4585";"1,87";"2128,62";"6726135,45";"1300"
"3140407";"Marmelópolis";"1189";"3196";"1,66";"1889,88";"6834143,20";"1212"
"3140506";"Martinho Campos";"5311";"13926";"1,72";"2436,07";"15887873,39";"1700"
"3140530";"Martins Soares";"2997";"8392";"1,66";"1752,47";"14070482,53";"1212"
"3140555";"Mata Verde";"2914";"9108";"2,88";"1438,10";"2223403,77";"1200"
"3140605";"Materlândia";"1417";"3962";"2,31";"1491,12";"2104038,97";"1212"
"3140704";"Mateus Leme";"13853";"37743";"1,94";"2044,11";"5967363,88";"1300"
"3140803";"Matias Barbosa";"5233";"14030";"1,82";"2322,59";"7709624,70";"1400"
"3140852";"Matias Cardoso";"2885";"8805";"2,57";"1330,08";"1846345,27";"1212"
"3140902";"Matipó";"6209";"18482";"1,98";"1803,26";"8519189,03";"1212"
"3141009";"Mato Verde";"4630";"12027";"1,59";"1498,85";"2822131,99";"1212"
"3141108";"Matozinhos";"13309";"37586";"1,96";"2212,88";"6623387,89";"1500"
"3141207";"Matutina";"1575";"3811";"1,55";"2907,36";"8639119,08";"2424"
"3141306";"Medeiros";"1428";"3892";"1,79";"2993,96";"23429052,11";"2000"
"3141405";"Medina";"7244";"20071";"2,26";"1509,99";"4185097,82";"1212"
"3141504";"Mendes Pimentel";"2240";"5606";"1,47";"1727,96";"3064515,53";"1212"
"3141603";"Mercês";"4065";"10325";"1,69";"1725,58";"5166919,00";"1212"
"3141702";"Mesquita";"1837";"5028";"1,88";"1993,81";"2512526,13";"1500"
"3141801";"Minas Novas";"8231";"24351";"2,38";"1562,56";"4390000,88";"1212"
"3141900";"Minduri";"1353";"3721";"2,11";"2131,97";"13916575,08";"1212"
"3142007";"Mirabela";"4539";"13621";"2,68";"1502,21";"5945560,29";"1212"
"3142106";"Miradouro";"3531";"8937";"1,52";"1865,58";"10444044,14";"1212"
"3142205";"Miraí";"4990";"13584";"1,79";"1981,22";"5797896,26";"1212"
"3142254";"Miravânia";"1354";"3985";"2,48";"1406,38";"9567136,43";"1212"
"3142304";"Moeda";"1856";"5110";"2,10";"2447,23";"7885058,81";"1500"
"3142403";"Moema";"2824";"7530";"1,64";"2139,41";"5193096,44";"1300"
"3142502";"Monjolos";"828";"2169";"1,93";"1645,73";"8867675,37";"1212"
"3142601";"Monsenhor Paulo";"3004";"8311";"1,81";"2120,37";"6245524,99";"1215"
"3142700";"Montalvânia";"4796";"14056";"2,12";"1405,04";"3177753,79";"1212"
"3142809";"Monte Alegre de Minas";"7826";"20079";"1,76";"2215,34";"9043608,49";"1250"
"3142908";"Monte Azul";"7726";"20179";"1,59";"1431,46";"2106961,44";"1212"
"3143005";"Monte Belo";"4888";"12983";"1,56";"2073,77";"5418585,19";"1212"
"3143104";"Monte Carmelo";"18236";"47421";"1,63";"2414,68";"8270564,46";"1500"
"3143153";"Monte Formoso";"1454";"4381";"2,45";"1260,73";"1887867,80";"1212"
"3143203";"Monte Santo de Minas";"7973";"20614";"1,65";"2085,30";"5869958,32";"1212"
"3143302";"Montes Claros";"144796";"411982";"1,98";"2688,14";"18606603,69";"1400"
"3143401";"Monte Sião";"9208";"23985";"1,62";"2503,99";"117774791,44";"1800"
"3143450";"Montezuma";"2267";"6857";"2,17";"1336,26";"3971280,78";"1212"
"3143500";"Morada Nova de Minas";"3432";"9017";"1,72";"2367,31";"13172252,36";"1500"
"3143609";"Morro da Garça";"917";"2411";"1,73";"1587,86";"2512124,44";"1212"
"3143708";"Morro do Pilar";"1117";"3133";"2,51";"1444,49";"1123109,67";"1200"
"3143807";"Munhoz";"2671";"7438";"1,89";"1952,66";"3997758,25";"1338"
"3143906";"Muriaé";"39416";"103312";"1,60";"2704,35";"17712535,05";"1450"
"3144003";"Mutum";"10222";"27574";"1,66";"2075,19";"8938541,59";"1212"
"3144102";"Muzambinho";"8154";"21799";"1,66";"2702,31";"15158279,54";"1575"
"3144201";"Nacip Raydan";"925";"2456";"1,91";"1522,73";"3629824,36";"1212"
"3144300";"Nanuque";"13272";"34877";"1,80";"2200,69";"12310794,61";"1212"
"3144359";"Naque";"2180";"6299";"2,09";"1765,07";"2909529,90";"1212"
"3144375";"Natalândia";"1299";"3517";"2,03";"1896,59";"2063381,27";"1350"
"3144409";"Natércia";"1814";"4651";"1,48";"2606,70";"213175105,26";"1300"
"3144508";"Nazareno";"2976";"8154";"1,87";"2098,30";"6657316,70";"1212"
"3144607";"Nepomuceno";"8845";"24826";"1,88";"2093,25";"26263494,40";"1212"
"3144656";"Ninheira";"3313";"10573";"2,82";"1335,71";"3331024,55";"1212"
"3144672";"Nova Belém";"1181";"3151";"1,60";"1457,15";"1914748,25";"1212"
"3144706";"Nova Era";"6224";"17322";"1,94";"2391,32";"5961042,21";"1500"
"3144805";"Nova Lima";"39803";"111262";"1,81";"7572,74";"143548838,09";"2600"
"3144904";"Nova Módica";"1414";"3661";"1,82";"1696,05";"3868065,41";"1212"
"3145000";"Nova Ponte";"5095";"14555";"1,87";"2581,37";"9555669,95";"2000"
"3145059";"Nova Porteirinha";"2254";"6702";"2,22";"1409,62";"1498036,35";"1212"
"3145109";"Nova Resende";"5941";"16345";"1,60";"2238,26";"5572739,90";"1500"
"3145208";"Nova Serrana";"36990";"105281";"1,78";"2274,42";"12093721,40";"1800"
"3145307";"Novo Cruzeiro";"9069";"26851";"2,66";"1441,18";"4266522,52";"1200"
"3145356";"Novo Oriente de Minas";"3691";"10249";"2,26";"1358,57";"2361201,96";"1212"
"3145372";"Novorizonte";"1618";"4571";"2,14";"1385,41";"1559344,84";"1212"
"3145406";"Olaria";"751";"1945";"1,63";"1595,96";"1279036,08";"1220"
"3145455";"Olhos-d'Água";"1942";"5378";"2,23";"1518,49";"4145459,15";"1212"
"3145505";"Olímpio Noronha";"942";"2554";"1,82";"1853,88";"5494194,11";"1212"
"3145604";"Oliveira";"14112";"39001";"1,89";"2441,07";"10196641,76";"1300"
"3145703";"Oliveira Fortes";"758";"2027";"1,91";"1772,00";"2356289,46";"1212"
"3145802";"Onça de Pitangui";"1118";"2968";"1,88";"2000,64";"10040221,41";"1212"
"3145851";"Oratórios";"1658";"4913";"2,15";"1927,09";"7614260,55";"1212"
"3145877";"Orizânia";"3015";"8437";"1,58";"1496,62";"3089660,77";"1212"
"3145901";"Ouro Branco";"13657";"38678";"1,76";"3299,64";"15209128,81";"2050"
"3146008";"Ouro Fino";"12246";"31988";"1,63";"2534,16";"9239496,79";"1600"
"3146107";"Ouro Preto";"26578";"74433";"2,10";"2992,33";"1433031850,25";"1600"
"3146206";"Ouro Verde de Minas";"1984";"5733";"2,39";"1390,23";"1863245,32";"1200"
"3146255";"Padre Carvalho";"1637";"5058";"2,66";"1202,08";"1585681,72";"1212"
"3146305";"Padre Paraíso";"5955";"17279";"2,45";"1491,82";"2884182,07";"1212"
"3146404";"Paineiras";"1780";"4203";"1,43";"1985,87";"6396628,18";"1212"
"3146503";"Pains";"3038";"7974";"1,80";"2304,43";"6508301,52";"1500"
"3146552";"Pai Pedro";"1978";"5550";"2,03";"1257,94";"989540,73";"1212"
"3146602";"Paiva";"580";"1473";"1,41";"1991,36";"8699282,96";"1212"
"3146701";"Palma";"2149";"5690";"1,83";"2025,66";"5544579,45";"1212"
"3146750";"Palmópolis";"2368";"6281";"1,73";"1287,73";"2109560,99";"1200"
"3146909";"Papagaios";"4768";"13838";"2,00";"2049,42";"230587143,20";"1212"
"3147006";"Paracatu";"32730";"93438";"2,02";"2863,68";"15302767,08";"1900"
"3147105";"Pará de Minas";"35488";"96420";"1,73";"2724,02";"11640700,64";"1900"
"3147204";"Paraguaçu";"7705";"21653";"1,85";"2244,06";"6665300,01";"1500"
"3147303";"Paraisópolis";"7878";"20395";"1,71";"2361,41";"6771514,99";"1500"
"3147402";"Paraopeba";"8769";"24062";"1,99";"2022,36";"4724236,04";"1240"
"3147501";"Passabém";"610";"1593";"1,82";"1774,03";"4132442,11";"1212"
"3147600";"Passa Quatro";"5590";"15456";"1,93";"2325,20";"7004057,85";"1500"
"3147709";"Passa Tempo";"3257";"8443";"1,62";"2004,40";"5693722,49";"1212"
"3147808";"Passa Vinte";"890";"2233";"1,74";"2095,57";"11332995,66";"1212"
"3147907";"Passos";"41252";"111631";"1,81";"2960,49";"19309345,70";"1800"
"3147956";"Patis";"1672";"4836";"2,21";"1257,51";"2053452,97";"1212"
"3148004";"Patos de Minas";"61090";"158633";"1,56";"3459,77";"62931926,40";"2024"
"3148103";"Patrocínio";"31744";"89023";"1,87";"3004,67";"36937426,85";"1900"
"3148202";"Patrocínio do Muriaé";"2194";"5576";"1,58";"2072,46";"5950916,24";"1212"
"3148301";"Paula Cândido";"3092";"8632";"2,01";"1819,17";"4607374,86";"1212"
"3148400";"Paulistas";"1522";"4367";"2,39";"1801,61";"15240275,52";"1212"
"3148509";"Pavão";"2718";"7989";"2,99";"1418,82";"4258684,85";"1212"
"3148608";"Peçanha";"5629";"17223";"2,50";"1631,97";"4649635,16";"1212"
"3148707";"Pedra Azul";"7428";"24163";"3,46";"1727,56";"6088684,67";"1212"
"3148756";"Pedra Bonita";"2365";"7319";"1,75";"1546,67";"2528952,38";"1212"
"3148806";"Pedra do Anta";"1265";"3309";"1,55";"1749,29";"5408877,95";"1212"
"3148905";"Pedra do Indaiá";"1533";"4107";"1,62";"1850,42";"2899309,61";"1212"
"3149002";"Pedra Dourada";"1004";"2754";"1,64";"1667,43";"2270905,76";"1212"
"3149101";"Pedralva";"3885";"10697";"1,96";"1938,44";"4035553,66";"1212"
"3149150";"Pedras de Maria da Cruz";"3497";"10383";"2,50";"1408,68";"2424228,87";"1212"
"3149200";"Pedrinópolis";"1223";"3326";"1,81";"2786,52";"11919746,10";"2000"
"3149309";"Pedro Leopoldo";"22628";"62411";"1,89";"2739,17";"11693192,08";"1800"
"3149408";"Pedro Teixeira";"722";"1810";"1,53";"1670,24";"3079456,13";"1212"
"3149507";"Pequeri";"1290";"3350";"2,31";"2097,36";"2616564,43";"1500"
"3149606";"Pequi";"1553";"4150";"1,87";"2409,79";"15791555,48";"1500"
"3149705";"Perdigão";"4467";"12245";"1,79";"2144,19";"2696065,92";"1800"
"3149804";"Perdizes";"5936";"16909";"2,06";"2966,54";"23099268,20";"2000"
"3149903";"Perdões";"7769";"21236";"1,65";"2487,75";"12435126,02";"1500"
"3149952";"Periquito";"2293";"6548";"2,16";"1543,70";"4345142,19";"1212"
"3150000";"Pescador";"1270";"3488";"2,26";"1733,56";"3749211,78";"1212"
"3150109";"Piau";"1088";"2795";"1,73";"1961,04";"7652454,95";"1212"
"3150158";"Piedade de Caratinga";"3187";"8520";"1,69";"1743,70";"6978609,72";"1212"
"3150208";"Piedade de Ponte Nova";"1322";"3950";"2,47";"1850,93";"3583187,00";"1212"
"3150307";"Piedade do Rio Grande";"1842";"4604";"1,77";"2090,08";"10420485,89";"1212"
"3150406";"Piedade dos Gerais";"1963";"4961";"1,62";"1802,79";"4158335,43";"1212"
"3150505";"Pimenta";"3314";"8558";"1,57";"2280,19";"9807972,42";"1500"
"3150539";"Pingo-d'Água";"1635";"4692";"1,91";"1514,97";"2002785,84";"1212"
"3150570";"Pintópolis";"2276";"7078";"2,36";"1304,91";"1137608,08";"1200"
"3150604";"Piracema";"2614";"6676";"1,55";"2214,12";"12563691,29";"1300"
"3150703";"Pirajuba";"2043";"5484";"1,86";"2487,80";"6371629,68";"1900"
"3150802";"Piranga";"5885";"16927";"2,23";"1667,88";"5790428,89";"1212"
"3150901";"Piranguçu";"2202";"6011";"1,79";"2236,91";"10751377,42";"1215"
"3151008";"Piranguinho";"3217";"9101";"1,81";"2609,24";"16411782,40";"1600"
"3151107";"Pirapetinga";"4243";"11067";"1,82";"2121,15";"6116519,68";"1300"
"3151206";"Pirapora";"19076";"55163";"2,13";"2280,98";"8823334,24";"1260"
"3151305";"Piraúba";"4318";"11572";"1,79";"1965,11";"3831322,62";"1212"
"3151404";"Pitangui";"9525";"26530";"1,90";"2244,38";"7666785,98";"1499"
"3151503";"Piumhi";"13801";"35802";"1,66";"2532,38";"10156291,94";"1600"
"3151602";"Planura";"4063";"11119";"1,90";"2480,27";"8951566,75";"1800"
"3151701";"Poço Fundo";"6118";"16356";"1,54";"2961,45";"1048586721,61";"1500"
"3151800";"Poços de Caldas";"63167";"163370";"1,66";"3446,96";"18785420,49";"2200"
"3151909";"Pocrane";"3265";"8334";"1,52";"3043,28";"6396036239,74";"1212"
"3152006";"Pompéu";"11150";"30905";"2,08";"2232,93";"12004246,11";"1212"
"3152105";"Ponte Nova";"21245";"57129";"1,77";"2437,52";"11795831,16";"1300"
"3152131";"Ponto Chique";"1272";"3742";"2,50";"1373,89";"1633947,46";"1212"
"3152170";"Ponto dos Volantes";"3750";"10873";"2,53";"1329,08";"2781466,76";"1212"
"3152204";"Porteirinha";"13668";"37340";"1,72";"1536,73";"3761992,08";"1212"
"3152303";"Porto Firme";"3709";"10531";"2,11";"1574,06";"3629191,95";"1212"
"3152402";"Poté";"5052";"13608";"2,10";"1408,26";"1706554,45";"1212"
"3152501";"Pouso Alegre";"55929";"150962";"1,78";"3293,73";"21923160,18";"2000"
"3152600";"Pouso Alto";"2472";"6537";"1,67";"2034,72";"3438451,32";"1300"
"3152709";"Prados";"3261";"9013";"1,99";"2070,56";"5929140,21";"1212"
"3152808";"Prata";"10437";"28165";"1,76";"2697,83";"16903330,82";"1800"
"3152907";"Pratápolis";"3312";"8373";"1,62";"2300,21";"8013815,89";"1312"
"3153004";"Pratinha";"1355";"3557";"1,70";"2741,01";"21074694,82";"1380"
"3153103";"Presidente Bernardes";"1778";"4830";"1,84";"1551,97";"2432313,39";"1212"
"3153202";"Presidente Juscelino";"1315";"3465";"1,95";"1736,84";"4652661,45";"1212"
"3153301";"Presidente Kubitschek";"972";"3070";"2,81";"1562,02";"4270034,53";"1212"
"3153400";"Presidente Olegário";"7318";"18603";"1,59";"2220,91";"9337675,10";"1400"
"3153509";"Alto Jequitibá";"3249";"8351";"1,49";"1911,99";"54042289,35";"1212"
"3153608";"Prudente de Morais";"3961";"11451";"2,04";"2153,33";"4070636,00";"1500"
"3153707";"Quartel Geral";"1302";"3161";"1,53";"1928,11";"6179022,54";"1212"
"3153806";"Queluzito";"678";"1768";"1,76";"2123,04";"6878640,42";"1212"
"3153905";"Raposos";"5592";"16265";"2,04";"2290,41";"6587076,16";"1700"
"3154002";"Raul Soares";"8893";"23344";"1,71";"1918,58";"5646761,87";"1212"
"3154101";"Recreio";"3896";"10976";"2,09";"2084,24";"2732173,71";"1500"
"3154150";"Reduto";"2790";"7847";"1,78";"1981,36";"6874435,18";"1300"
"3154200";"Resende Costa";"4264";"11136";"1,73";"2220,04";"15525802,23";"1212"
"3154309";"Resplendor";"6603";"17167";"1,80";"1969,62";"4608698,32";"1220"
"3154408";"Ressaquinha";"1640";"4531";"1,76";"2443,60";"643380071,19";"1212"
"3154457";"Riachinho";"2576";"6857";"1,93";"1620,17";"2616476,46";"1212"
"3154507";"Riacho dos Machados";"2761";"8754";"2,58";"1453,99";"1522997,82";"1212"
"3154606";"Ribeirão das Neves";"113080";"322616";"2,01";"1917,12";"3108274,52";"1300"
"3154705";"Ribeirão Vermelho";"1470";"4080";"1,98";"2380,76";"12726935,06";"1500"
"3154804";"Rio Acima";"3646";"10231";"1,96";"2263,13";"9585096,57";"1500"
"3154903";"Rio Casca";"4682";"12727";"1,86";"2122,40";"11202304,55";"1212"
"3155009";"Rio Doce";"921";"2484";"1,81";"1905,64";"6448978,51";"1220"
"3155108";"Rio do Prado";"1731";"4636";"1,97";"1368,13";"2390008,80";"1212"
"3155207";"Rio Espera";"2064";"5388";"1,82";"1439,26";"1663599,64";"1200"
"3155306";"Rio Manso";"2176";"5562";"1,56";"1967,40";"3451285,62";"1212"
"3155405";"Rio Novo";"3115";"8361";"2,46";"2079,31";"7013861,43";"1212"
"3155504";"Rio Paranaíba";"5619";"14449";"1,62";"2636,31";"28642979,20";"2000"
"3155603";"Rio Pardo de Minas";"9258";"28167";"2,00";"1379,88";"2448882,88";"1212"
"3155702";"Rio Piracicaba";"5281";"14556";"1,88";"2219,75";"6764081,27";"1300"
"3155801";"Rio Pomba";"6769";"17263";"1,75";"2519,23";"14524344,57";"1212"
"3155900";"Rio Preto";"2034";"5105";"1,87";"2042,46";"10185793,63";"1212"
"3156007";"Rio Vermelho";"4344";"12597";"2,46";"1617,44";"7913096,85";"1212"
"3156106";"Ritápolis";"1984";"4994";"1,61";"2009,09";"5618185,89";"1220"
"3156205";"Rochedo de Minas";"836";"2290";"1,99";"1750,27";"2544621,92";"1212"
"3156304";"Rodeiro";"3081";"8622";"1,70";"1983,23";"7105201,99";"1400"
"3156403";"Romaria";"1207";"3385";"1,83";"2174,11";"6362255,45";"1500"
"3156452";"Rosário da Limeira";"1888";"4713";"1,41";"1602,02";"1727558,26";"1212"
"3156502";"Rubelita";"2120";"5678";"1,89";"1356,38";"2152149,78";"1212"
"3156601";"Rubim";"3395";"10261";"3,30";"1440,80";"2947644,80";"1212"
"3156700";"Sabará";"45806";"129258";"2,04";"2451,16";"7294144,30";"1519"
"3156809";"Sabinópolis";"5192";"14195";"2,06";"1930,76";"77693756,37";"1212"
"3156908";"Sacramento";"9692";"26421";"1,89";"3061,67";"18775101,74";"2000"
"3157005";"Salinas";"14892";"40078";"1,76";"1822,93";"7637357,35";"1212"
"3157104";"Salto da Divisa";"2106";"6105";"2,42";"1504,80";"7095684,23";"1212"
"3157203";"Santa Bárbara";"10596";"30359";"2,08";"2465,26";"15572807,41";"1500"
"3157252";"Santa Bárbara do Leste";"3066";"8440";"1,60";"1797,75";"4790348,06";"1212"
"3157278";"Santa Bárbara do Monte Verde";"1209";"3091";"2,03";"1675,21";"3114376,79";"1212"
"3157302";"Santa Bárbara do Tugúrio";"1565";"4208";"1,62";"1613,21";"1952213,51";"1212"
"3157336";"Santa Cruz de Minas";"2944";"8103";"1,89";"1784,31";"2280606,83";"1220"
"3157377";"Santa Cruz de Salinas";"1455";"3902";"1,90";"1236,50";"1033840,06";"1210"
"3157401";"Santa Cruz do Escalvado";"1724";"4673";"1,82";"1565,15";"3788219,76";"1212"
"3157500";"Santa Efigênia de Minas";"1470";"4031";"2,18";"1507,19";"2800405,06";"1212"
"3157609";"Santa Fé de Minas";"1236";"3519";"2,51";"1551,55";"11763114,24";"1212"
"3157658";"Santa Helena de Minas";"1925";"5938";"3,79";"1304,61";"1608126,59";"1200"
"3157708";"Santa Juliana";"5379";"15668";"2,11";"2871,32";"15204954,48";"2000"
"3157807";"Santa Luzia";"75908";"218584";"2,08";"2226,27";"7052992,72";"1500"
"3157906";"Santa Margarida";"5565";"16387";"1,76";"1636,17";"5977394,80";"1212"
"3158003";"Santa Maria de Itabira";"3435";"10443";"2,50";"2423,06";"313750565,90";"1212"
"3158102";"Santa Maria do Salto";"1786";"4750";"1,94";"1323,25";"1728179,32";"1200"
"3158201";"Santa Maria do Suaçuí";"4558";"12655";"2,23";"1655,52";"4339999,91";"1212"
"3158300";"Santana da Vargem";"2347";"6686";"1,66";"2170,63";"9268362,89";"1400"
"3158409";"Santana de Cataguases";"1326";"3487";"1,65";"1533,30";"1428672,85";"1212"
"3158508";"Santana de Pirapama";"2770";"7002";"1,83";"1567,19";"3949938,89";"1212"
"3158607";"Santana do Deserto";"1326";"3742";"2,16";"2007,69";"5806704,64";"1220"
"3158706";"Santana do Garambéu";"779";"2135";"1,85";"1799,46";"5530412,11";"1212"
"3158805";"Santana do Jacaré";"1625";"4185";"1,64";"1753,20";"1858744,90";"1212"
"3158904";"Santana do Manhuaçu";"3160";"8974";"1,89";"1679,64";"15686736,79";"1212"
"3158953";"Santana do Paraíso";"16717";"44754";"1,59";"2607,24";"4622446,41";"2000"
"3159001";"Santana do Riacho";"1956";"5307";"2,06";"2182,02";"11288946,90";"1300"
"3159100";"Santana dos Montes";"1304";"3463";"1,85";"1504,56";"2538829,81";"1212"
"3159209";"Santa Rita de Caldas";"3356";"8418";"1,45";"2475,75";"10356721,07";"1750"
"3159308";"Santa Rita de Jacutinga";"1905";"4738";"1,85";"2599,20";"745516789,57";"1212"
"3159357";"Santa Rita de Minas";"2498";"6751";"1,68";"1656,46";"3625985,30";"1212"
"3159407";"Santa Rita de Ibitipoca";"1200";"3297";"1,95";"2126,71";"36118062,15";"1212"
"3159506";"Santa Rita do Itueto";"2203";"5826";"1,52";"1789,09";"6039243,52";"1212"
"3159605";"Santa Rita do Sapucaí";"14172";"40427";"1,95";"2992,49";"16420672,00";"1800"
"3159704";"Santa Rosa da Serra";"1203";"3365";"1,88";"2073,83";"6175329,99";"1212"
"3159803";"Santa Vitória";"8272";"20853";"1,55";"2569,93";"18606017,64";"1600"
"3159902";"Santo Antônio do Amparo";"5989";"17213";"1,94";"2646,95";"4364138560,27";"1212"
"3160009";"Santo Antônio do Aventureiro";"1455";"3768";"1,59";"1819,88";"4641560,54";"1212"
"3160108";"Santo Antônio do Grama";"1498";"4224";"1,93";"2060,71";"51588535,03";"1212"
"3160207";"Santo Antônio do Itambé";"1336";"3894";"2,60";"1402,27";"4298341,20";"1200"
"3160306";"Santo Antônio do Jacinto";"3782";"10323";"1,84";"1287,40";"2465805,48";"1200"
"3160405";"Santo Antônio do Monte";"10144";"27220";"1,69";"2441,74";"9383748,31";"1800"
"3160454";"Santo Antônio do Retiro";"2202";"6629";"2,11";"1265,79";"1345424,97";"1212"
"3160504";"Santo Antônio do Rio Abaixo";"651";"1808";"1,99";"2620,99";"31304598,07";"1212"
"3160603";"Santo Hipólito";"1107";"2703";"1,83";"1672,34";"2807144,26";"1212"
"3160702";"Santos Dumont";"15930";"42225";"1,83";"2201,91";"6197683,67";"1300"
"3160801";"São Bento Abade";"1593";"4703";"2,10";"1803,60";"2415593,39";"1212"
"3160900";"São Brás do Suaçuí";"1491";"3980";"1,86";"2488,89";"8429849,82";"1500"
"3160959";"São Domingos das Dores";"1944";"5619";"1,63";"1940,78";"6850718,23";"1212"
"3161007";"São Domingos do Prata";"6639";"17283";"1,81";"2055,90";"5401992,18";"1212"
"3161056";"São Félix de Minas";"1250";"3200";"1,55";"1807,59";"15301301,39";"1212"
"3161106";"São Francisco";"16486";"52564";"2,88";"1487,08";"3781904,61";"1212"
"3161205";"São Francisco de Paula";"2288";"6187";"1,54";"1847,84";"4631993,03";"1212"
"3161304";"São Francisco de Sales";"2309";"5730";"1,57";"2120,91";"9116618,99";"1500"
"3161403";"São Francisco do Glória";"1798";"4797";"1,70";"3093,16";"2808617295,77";"1212"
"3161502";"São Geraldo";"3943";"10256";"1,77";"1813,10";"4452537,56";"1212"
"3161601";"São Geraldo da Piedade";"1259";"3294";"1,80";"1456,30";"1523817,99";"1212"
"3161650";"São Geraldo do Baixio";"1280";"3140";"1,45";"1605,81";"1907466,90";"1212"
"3161700";"São Gonçalo do Abaeté";"2691";"7340";"2,01";"1941,93";"5471774,86";"1212"
"3161809";"São Gonçalo do Pará";"4319";"11724";"1,77";"2108,77";"4640244,54";"1500"
"3161908";"São Gonçalo do Rio Abaixo";"3946";"11711";"2,13";"2169,68";"4358982,52";"1400"
"3162005";"São Gonçalo do Sapucaí";"8358";"23914";"2,14";"2126,24";"10168550,72";"1212"
"3162104";"São Gotardo";"14386";"40751";"1,97";"2715,73";"8495313,85";"2000"
"3162203";"São João Batista do Glória";"2805";"7607";"1,69";"2282,94";"9011274,68";"1500"
"3162252";"São João da Lagoa";"1848";"4811";"2,14";"1428,95";"4965811,29";"1212"
"3162302";"São João da Mata";"1144";"2910";"1,47";"2122,28";"13686144,02";"1212"
"3162401";"São João da Ponte";"7897";"23820";"2,36";"1345,49";"2107143,36";"1212"
"3162450";"São João das Missões";"3596";"13008";"3,59";"1248,24";"917783,03";"1200"
"3162500";"São João del Rei";"34504";"89432";"1,67";"2874,40";"15028750,62";"1700"
"3162559";"São João do Manhuaçu";"3922";"11239";"1,72";"1485,69";"2678407,14";"1212"
"3162575";"São João do Manteninha";"2119";"5280";"1,48";"1679,68";"5530503,82";"1212"
"3162609";"São João do Oriente";"2774";"7062";"1,56";"1667,42";"2648389,07";"1212"
"3162658";"São João do Pacuí";"1438";"3971";"2,23";"1254,22";"1116982,01";"1212"
"3162708";"São João do Paraíso";"7694";"23902";"2,45";"1498,41";"3157012,30";"1212"
"3162807";"São João Evangelista";"5619";"15177";"1,97";"1944,03";"19132576,08";"1212"
"3162906";"São João Nepomuceno";"9840";"25430";"1,87";"2099,84";"5958709,21";"1212"
"3162922";"São Joaquim de Bicas";"10617";"31236";"2,31";"1949,02";"5635785,13";"1250"
"3162948";"São José da Barra";"2753";"7766";"1,82";"2582,09";"10976404,93";"1600"
"3162955";"São José da Lapa";"8967";"26004";"2,05";"2439,92";"124545156,88";"1600"
"3163003";"São José da Safira";"1318";"3806";"2,26";"1467,47";"2166948,27";"1212"
"3163102";"São José da Varginha";"1739";"4531";"1,86";"1897,50";"7841459,36";"1212"
"3163201";"São José do Alegre";"1510";"4128";"1,91";"2056,10";"7906689,24";"1212"
"3163300";"São José do Divino";"1296";"3464";"1,88";"1635,33";"3275911,36";"1212"
"3163409";"São José do Goiabal";"1982";"5388";"1,96";"1700,45";"2210950,05";"1212"
"3163508";"São José do Jacuri";"2211";"6194";"2,08";"1503,68";"4233346,16";"1212"
"3163607";"São José do Mantimento";"1001";"2737";"1,71";"1589,59";"1860154,12";"1212"
"3163706";"São Lourenço";"17098";"44337";"1,80";"3177,09";"152336251,84";"1812"
"3163805";"São Miguel do Anta";"2276";"6330";"1,68";"1755,83";"3426480,57";"1212"
"3163904";"São Pedro da União";"1908";"4855";"1,47";"2180,38";"11258664,35";"1212"
"3164001";"São Pedro dos Ferros";"2635";"7134";"2,00";"1867,05";"6417852,44";"1212"
"3164100";"São Pedro do Suaçuí";"1849";"5084";"2,24";"1559,89";"2127901,94";"1212"
"3164209";"São Romão";"2956";"10292";"3,89";"1418,11";"2089250,60";"1212"
"3164308";"São Roque de Minas";"2726";"7059";"1,57";"3449,55";"37120774,72";"2000"
"3164407";"São Sebastião da Bela Vista";"2229";"6339";"2,02";"2327,85";"10283299,23";"1500"
"3164431";"São Sebastião da Vargem Alegre";"1177";"3112";"1,50";"2204,01";"16065816,29";"1400"
"3164472";"São Sebastião do Anta";"2274";"6180";"1,69";"1506,92";"7540640,23";"1212"
"3164506";"São Sebastião do Maranhão";"3347";"10047";"2,81";"1363,02";"2372295,97";"1212"
"3164605";"São Sebastião do Oeste";"3095";"8790";"1,91";"2027,09";"3501837,43";"1500"
"3164704";"São Sebastião do Paraíso";"26679";"71332";"1,79";"2771,94";"11991199,13";"1900"
"3164803";"São Sebastião do Rio Preto";"474";"1259";"1,99";"1731,12";"3221084,84";"1212"
"3164902";"São Sebastião do Rio Verde";"881";"2274";"1,81";"2055,35";"7999044,43";"1250"
"3165008";"São Tiago";"4128";"11169";"1,85";"2337,17";"13953009,78";"1212"
"3165107";"São Tomás de Aquino";"2443";"6730";"1,98";"2089,17";"6017900,82";"1500"
"3165206";"São Tomé das Letras";"2790";"6804";"1,83";"2013,91";"5729702,65";"1212"
"3165305";"São Vicente de Minas";"2502";"6727";"2,08";"2498,27";"14749092,49";"1310"
"3165404";"Sapucaí-Mirim";"2323";"6304";"1,84";"2011,77";"6173137,15";"1300"
"3165503";"Sardoá";"1861";"5091";"1,79";"1515,60";"1381424,90";"1212"
"3165537";"Sarzedo";"12658";"36768";"1,85";"2667,33";"6721449,81";"2000"
"3165552";"Setubinha";"2971";"9915";"3,65";"1397,02";"2307488,22";"1212"
"3165560";"Sem-Peixe";"962";"2433";"1,69";"1573,99";"2596039,15";"1212"
"3165578";"Senador Amaral";"2091";"6194";"2,04";"1976,37";"2861714,11";"1500"
"3165602";"Senador Cortes";"798";"2229";"1,98";"1787,04";"2552031,64";"1212"
"3165701";"Senador Firmino";"2914";"7670";"1,75";"1999,29";"18954698,74";"1212"
"3165800";"Senador José Bento";"792";"2068";"1,90";"1872,06";"2354616,30";"1212"
"3165909";"Senador Modestino Gonçalves";"1501";"3996";"1,97";"1512,62";"2785153,07";"1212"
"3166006";"Senhora de Oliveira";"2018";"5468";"1,82";"1560,80";"2481793,20";"1212"
"3166105";"Senhora do Porto";"1114";"3062";"2,30";"1605,79";"2552918,74";"1212"
"3166204";"Senhora dos Remédios";"3720";"10377";"2,01";"1603,46";"2802032,97";"1212"
"3166303";"Sericita";"2577";"7344";"1,63";"1593,93";"6795655,85";"1212"
"3166402";"Seritinga";"693";"1818";"1,76";"2072,73";"8615190,81";"1212"
"3166501";"Serra Azul de Minas";"1251";"3792";"2,76";"1442,15";"3730802,05";"1212"
"3166600";"Serra da Saudade";"337";"829";"1,59";"2127,71";"4526641,12";"1600"
"3166709";"Serra dos Aimorés";"2675";"6931";"1,99";"1668,78";"6437562,11";"1212"
"3166808";"Serra do Salitre";"4013";"11752";"2,02";"2691,08";"24765393,85";"1812"
"3166907";"Serrania";"2743";"7593";"1,92";"1922,85";"3019010,56";"1300"
"3166956";"Serranópolis de Minas";"1526";"4398";"2,02";"1336,58";"1892844,38";"1212"
"3167004";"Serranos";"753";"1979";"1,96";"1978,95";"5335565,77";"1212"
"3167103";"Serro";"7317";"21754";"2,76";"1943,10";"38922766,18";"1212"
"3167202";"Sete Lagoas";"81926";"226467";"1,85";"2877,78";"18651894,42";"1800"
"3167301";"Silveirânia";"898";"2307";"1,73";"2161,60";"16572302,73";"1220"
"3167400";"Silvianópolis";"2438";"6135";"1,61";"2621,78";"17010666,63";"1500"
"3167509";"Simão Pereira";"1073";"2947";"2,16";"2575,16";"11685690,62";"1250"
"3167608";"Simonésia";"7016";"19663";"1,68";"1835,39";"12910280,41";"1212"
"3167707";"Sobrália";"2010";"5137";"1,62";"1689,52";"2578932,18";"1212"
"3167806";"Soledade de Minas";"2121";"5608";"1,86";"2176,17";"6007046,72";"1300"
"3167905";"Tabuleiro";"1554";"4014";"1,69";"2072,79";"7421298,01";"1212"
"3168002";"Taiobeiras";"11732";"32892";"1,80";"1737,94";"6247708,48";"1212"
"3168051";"Taparuba";"1314";"3387";"1,44";"1561,09";"3714070,91";"1212"
"3168101";"Tapira";"1435";"4117";"1,92";"2877,06";"22864004,16";"1940"
"3168200";"Tapiraí";"657";"1689";"1,88";"2223,14";"10517632,28";"1500"
"3168309";"Taquaraçu de Minas";"1593";"4218";"2,17";"2014,42";"7048492,62";"1212"
"3168408";"Tarumirim";"5230";"14622";"2,24";"1821,60";"3672544,24";"1212"
"3168507";"Teixeiras";"4736";"12206";"1,58";"1974,70";"5058138,86";"1212"
"3168606";"Teófilo Otoni";"49853";"136155";"2,03";"2427,23";"34928761,74";"1212"
"3168705";"Timóteo";"30023";"81400";"1,74";"2976,37";"10724648,72";"2000"
"3168804";"Tiradentes";"2866";"7653";"1,93";"3044,33";"18389101,86";"1600"
"3168903";"Tiros";"3103";"7838";"1,71";"2521,51";"10710124,83";"1900"
"3169000";"Tocantins";"6154";"16106";"1,65";"2190,32";"5887118,79";"1217.5"
"3169059";"Tocos do Moji";"1470";"3824";"1,27";"1943,42";"43054239,76";"1240"
"3169109";"Toledo";"2599";"7159";"1,75";"2018,95";"3031632,48";"1500"
"3169208";"Tombos";"3297";"8567";"1,79";"2198,52";"8834841,38";"1212"
"3169307";"Três Corações";"26358";"74333";"2,00";"2721,17";"171852554,97";"1500"
"3169356";"Três Marias";"10771";"28735";"1,78";"2236,79";"7827403,53";"1300"
"3169406";"Três Pontas";"19288";"55019";"1,96";"2518,70";"64956254,70";"1500"
"3169505";"Tumiritinga";"2259";"5885";"2,00";"1601,16";"2805109,89";"1212"
"3169604";"Tupaciguara";"9768";"25231";"1,72";"2348,87";"8722467,27";"1500"
"3169703";"Turmalina";"7414";"19858";"1,86";"1772,39";"4638371,21";"1212"
"3169802";"Turvolândia";"1798";"4888";"1,59";"2159,13";"7631566,74";"1300"
"3169901";"Ubá";"39042";"102943";"1,64";"2559,09";"161546905,81";"1500"
"3170008";"Ubaí";"3598";"11694";"3,10";"1417,01";"2901293,84";"1212"
"3170057";"Ubaporanga";"4666";"12999";"1,94";"1780,27";"3062837,47";"1212"
"3170107";"Uberaba";"127295";"335436";"1,82";"3337,26";"40758301,43";"2000"
"3170206";"Uberlândia";"267966";"710956";"1,70";"3714,34";"53738021,44";"2200"
"3170305";"Umburatiba";"1040";"2681";"1,78";"4034,95";"6239122794,19";"1212"
"3170404";"Unaí";"31507";"85513";"1,84";"2994,60";"16550879,97";"2000"
"3170438";"União de Minas";"1509";"3822";"1,63";"2664,73";"30972644,45";"1750"
"3170479";"Uruana de Minas";"1266";"3281";"1,69";"2321,93";"207024416,51";"1212"
"3170503";"Urucânia";"3566";"10573";"2,03";"1927,27";"4061852,69";"1300"
"3170529";"Urucuia";"4173";"17464";"5,51";"1481,34";"2120087,46";"1212"
"3170578";"Vargem Alegre";"2207";"5777";"1,56";"1495,79";"1686612,49";"1212"
"3170602";"Vargem Bonita";"876";"2157";"1,64";"2267,71";"7804789,78";"1500"
"3170651";"Vargem Grande do Rio Pardo";"1419";"4631";"2,47";"1405,96";"1732845,03";"1212"
"3170701";"Varginha";"49483";"136044";"1,80";"3295,64";"19008693,53";"2000"
"3170750";"Varjão de Minas";"2478";"6956";"1,96";"2274,56";"6881727,28";"1800"
"3170800";"Várzea da Palma";"12988";"33480";"1,81";"1766,11";"6218969,73";"1212"
"3170909";"Varzelândia";"6295";"18832";"2,51";"1360,01";"2217141,01";"1212"
"3171006";"Vazante";"7548";"19913";"1,69";"2834,64";"10881746,65";"2000"
"3171030";"Verdelândia";"2516";"7646";"2,60";"1345,59";"1089761,09";"1212"
"3171071";"Veredinha";"1909";"5153";"1,93";"1402,47";"1527469,47";"1212"
"3171105";"Veríssimo";"1376";"3364";"1,82";"2267,85";"9070974,91";"1500"
"3171154";"Vermelho Novo";"1798";"4895";"1,52";"1489,71";"2246556,61";"1212"
"3171204";"Vespasiano";"45983";"128985";"1,99";"2336,66";"10305771,51";"1600"
"3171303";"Viçosa";"29055";"76117";"1,68";"3259,91";"19490029,20";"1800"
"3171402";"Vieiras";"1418";"3689";"1,72";"1807,37";"5257504,88";"1212"
"3171501";"Mathias Lobato";"1097";"3031";"2,08";"1605,42";"2976732,39";"1212"
"3171600";"Virgem da Lapa";"4323";"11753";"2,11";"1486,13";"2041482,80";"1212"
"3171709";"Virgínia";"3297";"8852";"1,71";"1680,28";"7150441,25";"1212"
"3171808";"Virginópolis";"3742";"10292";"1,96";"1901,66";"5262002,84";"1212"
"3171907";"Virgolândia";"1785";"4532";"1,76";"1517,39";"2102237,01";"1212"
"3172004";"Visconde do Rio Branco";"14770";"39101";"1,73";"2193,98";"7707549,76";"1214"
"3172103";"Volta Grande";"1672";"4440";"1,99";"1965,41";"5221077,94";"1212"
"3172202";"Wenceslau Braz";"867";"2342";"1,67";"2030,13";"3585582,32";"1400"
"3200102";"Afonso Cláudio";"11496";"30604";"1,64";"2038,64";"10677435,58";"1212"
"3200136";"Águia Branca";"3649";"9708";"1,60";"2201,72";"27147296,22";"1212"
"3200169";"Água Doce do Norte";"4595";"12032";"1,67";"1856,15";"4589279,15";"1212"
"3200201";"Alegre";"11364";"29128";"1,66";"2395,06";"8708574,77";"1260"
"3200300";"Alfredo Chaves";"5196";"13810";"1,57";"2398,56";"6615071,68";"1600"
"3200359";"Alto Rio Novo";"2865";"7428";"1,56";"1858,62";"4888918,95";"1212"
"3200409";"Anchieta";"11036";"29940";"1,87";"2492,02";"6806811,15";"1800"
"3200508";"Apiacá";"2746";"7223";"1,66";"1869,22";"4551602,73";"1212"
"3200607";"Aracruz";"32765";"94409";"1,97";"2862,70";"15689489,61";"2000"
"3200706";"Atílio Vivácqua";"3844";"10522";"1,82";"1871,89";"5122258,45";"1235"
"3200805";"Baixo Guandu";"11404";"30608";"1,70";"2069,28";"4492107,57";"1212"
"3200904";"Barra de São Francisco";"16049";"42212";"1,65";"2306,52";"269857198,39";"1212"
"3201001";"Boa Esperança";"5039";"13568";"1,86";"2034,94";"11563276,85";"1212"
"3201100";"Bom Jesus do Norte";"4013";"10208";"1,74";"2198,49";"347118395,21";"1212"
"3201159";"Brejetuba";"4535";"12977";"1,79";"1847,42";"3844150,99";"1212"
"3201209";"Cachoeiro de Itapemirim";"70979";"184452";"1,74";"2569,86";"9842935,23";"1800"
"3201308";"Cariacica";"130091";"351902";"1,96";"2219,55";"577010931,89";"1500"
"3201407";"Castelo";"14229";"36880";"1,57";"2540,01";"8680538,72";"1800"
"3201506";"Colatina";"45904";"118826";"1,62";"2636,65";"11908513,52";"1612"
"3201605";"Conceição da Barra";"9544";"27087";"2,13";"2057,53";"48520192,23";"1212"
"3201704";"Conceição do Castelo";"4466";"11932";"1,79";"2161,49";"3837572,51";"1500"
"3201803";"Divino de São Lourenço";"1902";"5076";"1,77";"1825,16";"3722864,40";"1212"
"3201902";"Domingos Martins";"13146";"35404";"1,56";"2424,06";"7963120,81";"1600"
"3202009";"Dores do Rio Preto";"2484";"6587";"1,57";"1864,84";"4627545,42";"1212"
"3202108";"Ecoporanga";"8610";"21908";"1,57";"1860,44";"5031816,81";"1212"
"3202207";"Fundão";"6712";"17945";"1,85";"2371,97";"8106319,46";"1500"
"3202256";"Governador Lindenberg";"3983";"11009";"1,66";"2631,64";"13315888,74";"1600"
"3202306";"Guaçuí";"10952";"29264";"1,85";"2223,65";"10173486,76";"1212"
"3202405";"Guarapari";"46731";"123647";"1,94";"2845,86";"21482463,52";"1800"
"3202454";"Ibatiba";"9296";"25369";"1,56";"1915,54";"6445321,60";"1212"
"3202504";"Ibiraçu";"4246";"11713";"1,73";"2375,79";"5381351,23";"1500"
"3202553";"Ibitirama";"3389";"9512";"1,63";"1710,88";"11027327,33";"1212"
"3202603";"Iconha";"4640";"12316";"1,45";"2213,30";"3707916,64";"1500"
"3202652";"Irupi";"5025";"13652";"1,60";"2047,88";"8863981,96";"1212"
"3202702";"Itaguaçu";"5263";"13581";"1,53";"1965,52";"5709745,67";"1212"
"3202801";"Itapemirim";"14036";"39780";"1,94";"1990,13";"8176933,25";"1212"
"3202900";"Itarana";"3913";"10586";"1,61";"2255,06";"18742789,58";"1500"
"3203007";"Iúna";"10716";"28562";"1,64";"2028,50";"7004694,29";"1212"
"3203056";"Jaguaré";"10251";"28913";"1,85";"2186,41";"8301058,57";"1220"
"3203106";"Jerônimo Monteiro";"4367";"11548";"1,78";"2192,68";"12685805,77";"1212"
"3203130";"João Neiva";"5158";"14065";"1,58";"2774,45";"9360526,67";"2000"
"3203163";"Laranja da Terra";"4210";"11092";"1,45";"1781,89";"3544845,65";"1212"
"3203205";"Linhares";"58658";"164843";"1,94";"2659,33";"10665182,29";"1800"
"3203304";"Mantenópolis";"4988";"12695";"1,62";"2198,87";"1119411628,19";"1212"
"3203320";"Marataízes";"14966";"41823";"1,90";"2268,34";"7302411,77";"1220"
"3203346";"Marechal Floriano";"6607";"17608";"1,68";"2358,83";"12961016,74";"1500"
"3203353";"Marilândia";"4709";"12386";"1,49";"2276,83";"9173068,59";"1600"
"3203403";"Mimoso do Sul";"9435";"24383";"1,59";"1972,60";"8404428,04";"1212"
"3203502";"Montanha";"7017";"18869";"1,88";"2058,95";"73774933,50";"1212"
"3203601";"Mucurici";"2119";"5466";"1,88";"1798,67";"9591543,65";"1212"
"3203700";"Muniz Freire";"6712";"18140";"1,68";"1946,38";"5238499,50";"1212"
"3203809";"Muqui";"5050";"13702";"1,80";"2102,72";"5182790,62";"1300"
"3203908";"Nova Venécia";"18589";"48944";"1,62";"2389,64";"10550044,34";"1500"
"3204005";"Pancas";"7140";"18872";"1,58";"1891,51";"5449453,01";"1212"
"3204054";"Pedro Canário";"7801";"21501";"1,96";"1858,87";"6025214,77";"1212"
"3204104";"Pinheiros";"8537";"23784";"1,96";"2095,07";"136276156,13";"1212"
"3204203";"Piúma";"8500";"22237";"1,90";"2301,09";"6980012,48";"1500"
"3204252";"Ponto Belo";"2486";"6474";"1,94";"1571,79";"3535904,99";"1212"
"3204302";"Presidente Kennedy";"5114";"13647";"1,83";"1860,09";"5477249,35";"1212"
"3204351";"Rio Bananal";"6923";"19237";"1,65";"2147,66";"21871253,06";"1300"
"3204401";"Rio Novo do Sul";"4130";"11055";"1,62";"2192,36";"7568373,81";"1500"
"3204500";"Santa Leopoldina";"4951";"13100";"1,77";"1840,69";"3729158,84";"1300"
"3204559";"Santa Maria de Jetibá";"14711";"41618";"1,67";"2336,48";"27995980,56";"1590"
"3204609";"Santa Teresa";"8667";"22767";"1,56";"2830,70";"10491273,39";"2000"
"3204658";"São Domingos do Norte";"3096";"8337";"1,57";"2122,45";"6712201,90";"1300"
"3204708";"São Gabriel da Palha";"12616";"32201";"1,52";"2251,42";"8931478,52";"1500"
"3204807";"São José do Calçado";"4265";"10823";"1,81";"1948,56";"4964775,88";"1212"
"3204906";"São Mateus";"45194";"122506";"1,87";"2401,74";"10920696,50";"1400"
"3204955";"São Roque do Canaã";"4095";"10880";"1,54";"1966,70";"2938400,75";"1255"
"3205002";"Serra";"191905";"518713";"1,87";"2815,29";"187543123,80";"2000"
"3205010";"Sooretama";"9178";"26443";"2,00";"1993,32";"9900572,06";"1350"
"3205036";"Vargem Alta";"7122";"19544";"1,75";"2274,80";"6728918,78";"1600"
"3205069";"Venda Nova do Imigrante";"8899";"23813";"1,49";"2572,78";"8788127,60";"1800"
"3205101";"Viana";"25540";"70581";"1,85";"2092,49";"100859349,86";"1500"
"3205150";"Vila Pavão";"3341";"8902";"1,45";"2072,03";"8601848,95";"1212"
"3205176";"Vila Valério";"4928";"13676";"1,61";"2023,24";"6079406,28";"1500"
"3205200";"Vila Velha";"177105";"458712";"1,80";"4272,02";"308065644,88";"2400"
"3205309";"Vitória";"128610";"322231";"1,71";"5961,05";"101829423,07";"3000"
"3300100";"Angra dos Reis";"62043";"167033";"1,95";"2615,34";"34920668,48";"1666"
"3300159";"Aperibé";"4333";"11006";"1,54";"2076,32";"10538902,46";"1212"
"3300209";"Araruama";"48124";"129038";"1,97";"2544,71";"12645500,24";"1400"
"3300225";"Areal";"4226";"11808";"2,05";"2308,35";"9483462,55";"1300"
"3300233";"Armação dos Búzios";"14902";"39761";"1,92";"2914,58";"12814974,21";"2000"
"3300258";"Arraial do Cabo";"11533";"30934";"1,94";"2653,19";"24490815,67";"1600"
"3300308";"Barra do Piraí";"34978";"92734";"2,03";"2454,31";"7523145,14";"1500"
"3300407";"Barra Mansa";"62875";"169580";"1,83";"2552,23";"77774557,79";"1700"
"3300456";"Belford Roxo";"180887";"482674";"2,36";"1700,49";"6820267,04";"1212"
"3300506";"Bom Jardim";"10872";"28042";"1,60";"2222,98";"170244017,99";"1400"
"3300605";"Bom Jesus do Itabapoana";"13380";"34996";"1,80";"2504,07";"10540960,20";"1300"
"3300704";"Cabo Frio";"81991";"221693";"1,98";"2987,51";"188440210,72";"1700"
"3300803";"Cachoeiras de Macacu";"22235";"56820";"1,75";"2120,73";"8123475,70";"1212"
"3300902";"Cambuci";"5798";"14583";"1,57";"2280,04";"273848392,16";"1212"
"3300936";"Carapebus";"5017";"13788";"1,88";"2076,31";"4417266,64";"1353.5"
"3300951";"Comendador Levy Gasparian";"3015";"8710";"2,35";"1932,27";"2982092,34";"1300"
"3301009";"Campos dos Goytacazes";"175672";"481104";"2,04";"2546,52";"45287571,33";"1300"
"3301108";"Cantagalo";"7279";"19318";"1,95";"2313,03";"19485111,90";"1400"
"3301157";"Cardoso Moreira";"4984";"12936";"1,76";"1919,80";"5632123,38";"1212"
"3301207";"Carmo";"6683";"17045";"1,70";"2168,69";"6686663,65";"1213"
"3301306";"Casimiro de Abreu";"16894";"45986";"1,94";"2824,42";"1171788317,24";"1500"
"3301405";"Conceição de Macabu";"7888";"20946";"1,85";"2148,80";"6034161,24";"1212"
"3301504";"Cordeiro";"7959";"20736";"1,86";"2587,58";"8880290,76";"1500"
"3301603";"Duas Barras";"4151";"10959";"1,79";"3003,89";"4604205711,19";"1212"
"3301702";"Duque de Caxias";"298056";"807256";"2,04";"2010,51";"18535140,09";"1300"
"3301801";"Engenheiro Paulo de Frontin";"4785";"12186";"1,84";"2117,38";"5079595,37";"1212"
"3301850";"Guapimirim";"18492";"51521";"2,02";"2182,63";"11818762,20";"1300"
"3301876";"Iguaba Grande";"10298";"27876";"1,90";"2955,39";"10419973,56";"2000"
"3301900";"Itaboraí";"86544";"223786";"1,81";"1941,10";"6336364,36";"1300"
"3302007";"Itaguaí";"42269";"116465";"2,11";"2205,67";"5303325,21";"1500"
"3302056";"Italva";"5598";"14061";"1,54";"2064,01";"111690553,89";"1212"
"3302106";"Itaocara";"9043";"22810";"1,50";"2224,04";"9350567,68";"1212"
"3302205";"Itaperuna";"38470";"100291";"1,65";"2601,43";"11239902,30";"1500"
"3302254";"Itatiaia";"11373";"30763";"1,97";"2747,02";"12433204,46";"1700"
"3302270";"Japeri";"32106";"91188";"2,49";"1554,79";"2215837,68";"1212"
"3302304";"Laje do Muriaé";"2728";"7335";"1,86";"1894,69";"7587653,71";"1212"
"3302403";"Macaé";"92682";"246031";"1,81";"3466,13";"33371671,56";"2000"
"3302452";"Macuco";"1940";"5415";"2,27";"2194,98";"6161779,85";"1238"
"3302502";"Magé";"82884";"225984";"2,09";"1875,41";"6872506,10";"1212"
"3302601";"Mangaratiba";"15750";"41153";"1,98";"3095,24";"377481353,44";"1900"
"3302700";"Maricá";"73425";"196762";"1,87";"3131,20";"11810201,60";"2000"
"3302809";"Mendes";"6911";"17449";"1,81";"2310,43";"7014594,34";"1300"
"3302858";"Mesquita";"62611";"166824";"2,00";"2248,22";"624029193,50";"1400"
"3302908";"Miguel Pereira";"10232";"26500";"1,84";"2993,78";"17131208,93";"1500"
"3303005";"Miracema";"9598";"26817";"2,15";"2217,49";"12365075,11";"1212"
"3303104";"Natividade";"5683";"14980";"1,86";"3827,72";"11853289774,92";"1300"
"3303203";"Nilópolis";"57005";"146640";"2,24";"2431,14";"6059639,39";"1700"
"3303302";"Niterói";"194446";"479961";"1,62";"6097,42";"97490343,57";"3200"
"3303401";"Nova Friburgo";"76579";"189272";"1,56";"2836,29";"14528336,47";"1800"
"3303500";"Nova Iguaçu";"287529";"784340";"2,10";"2143,06";"31227702,67";"1250"
"3303609";"Paracambi";"16092";"41116";"1,71";"2328,97";"73571968,67";"1500"
"3303708";"Paraíba do Sul";"15203";"41959";"2,19";"2246,13";"9121851,74";"1300"
"3303807";"Paraty";"16092";"44941";"2,27";"2907,80";"12591561,50";"2000"
"3303856";"Paty do Alferes";"10877";"29533";"1,97";"2015,43";"5746992,61";"1212"
"3303906";"Petrópolis";"108221";"277917";"1,86";"3212,56";"405694000,35";"1800"
"3303955";"Pinheiral";"8813";"24260";"2,06";"2439,55";"6585982,53";"1500"
"3304003";"Piraí";"10071";"27415";"1,95";"2421,64";"6550842,07";"1500"
"3304102";"Porciúncula";"6421";"17230";"1,97";"2293,80";"9936038,89";"1212"
"3304110";"Porto Real";"7180";"20333";"1,95";"2419,05";"9948707,00";"1700"
"3304128";"Quatis";"5020";"13627";"1,99";"2215,20";"7538126,60";"1460"
"3304144";"Queimados";"51216";"140325";"2,10";"1810,17";"3608243,01";"1212"
"3304151";"Quissamã";"8091";"22304";"2,03";"2022,60";"4468428,23";"1212"
"3304201";"Resende";"48190";"128758";"1,81";"3610,39";"1468398136,85";"2000"
"3304300";"Rio Bonito";"21183";"56166";"1,81";"2284,38";"7282795,99";"1300"
"3304409";"Rio Claro";"6371";"17269";"1,95";"2267,08";"4227450,95";"1500"
"3304508";"Rio das Flores";"3106";"8899";"2,32";"1984,92";"5413664,38";"1212"
"3304524";"Rio das Ostras";"59060";"156358";"1,76";"3390,02";"16428014,50";"2000"
"3304557";"Rio de Janeiro";"2436621";"6173590";"1,82";"4479,70";"160790071,69";"2001"
"3304607";"Santa Maria Madalena";"3982";"10181";"1,89";"2099,06";"5166911,22";"1212"
"3304706";"Santo Antônio de Pádua";"15795";"41129";"1,71";"2222,18";"8235388,50";"1300"
"3304755";"São Francisco de Itabapoana";"17259";"44984";"1,82";"1547,28";"2596820,73";"1212"
"3304805";"São Fidélis";"14906";"38904";"1,95";"2251,07";"6156806,63";"1214"
"3304904";"São Gonçalo";"358062";"895506";"1,71";"2158,89";"130143828,61";"1500"
"3305000";"São João da Barra";"14443";"36454";"1,81";"1836,87";"3800097,10";"1212"
"3305109";"São João de Meriti";"168765";"440714";"1,95";"1893,05";"4481975,92";"1300"
"3305133";"São José de Ubá";"2680";"7065";"1,62";"1886,56";"6876968,59";"1212"
"3305158";"São José do Vale do Rio Preto";"8262";"22067";"1,69";"1879,76";"5910373,37";"1212"
"3305208";"São Pedro da Aldeia";"38312";"103795";"1,90";"2875,61";"14189444,41";"1600"
"3305307";"São Sebastião do Alto";"2926";"7742";"1,86";"1837,24";"6572667,54";"1212"
"3305406";"Sapucaia";"6688";"17692";"1,74";"2118,26";"5041399,21";"1250"
"3305505";"Saquarema";"34093";"89187";"1,90";"2653,53";"10595395,65";"1500"
"3305554";"Seropédica";"29314";"79875";"2,07";"2105,67";"6908741,76";"1300"
"3305604";"Silva Jardim";"7878";"21275";"1,98";"1850,38";"4492859,73";"1212"
"3305703";"Sumidouro";"5884";"15183";"1,45";"1883,02";"3029145,75";"1212"
"3305752";"Tanguá";"11538";"30985";"1,81";"1701,48";"3569195,92";"1212"
"3305802";"Teresópolis";"64389";"164684";"1,77";"3233,55";"82259802,54";"1700"
"3305901";"Trajano de Moraes";"3892";"10241";"2,04";"1861,73";"3392169,06";"1212"
"3306008";"Três Rios";"28414";"78195";"2,21";"2514,89";"10936679,65";"1400"
"3306107";"Valença";"25858";"67768";"2,05";"2669,99";"836663446,96";"1300"
"3306156";"Varre-Sai";"3627";"10200";"2,09";"1932,12";"11587159,34";"1212"
"3306206";"Vassouras";"12858";"33850";"2,11";"2494,60";"12266362,29";"1500"
"3306305";"Volta Redonda";"97973";"261151";"1,77";"3242,29";"26541475,17";"2000"
"3500105";"Adamantina";"13567";"34506";"1,53";"3171,18";"12592314,26";"2100"
"3500204";"Adolfo";"1650";"4351";"1,54";"2308,21";"8205371,50";"1600"
"3500303";"Aguaí";"11480";"32008";"2,00";"2331,22";"6262034,00";"1700"
"3500402";"Águas da Prata";"2830";"7262";"1,73";"2837,39";"6488584,62";"2000"
"3500501";"Águas de Lindóia";"6799";"17806";"1,77";"2732,97";"9291158,62";"2000"
"3500550";"Águas de Santa Bárbara";"2707";"7149";"1,78";"3106,13";"12886818,02";"2000"
"3500600";"Águas de São Pedro";"1153";"2779";"1,59";"4289,25";"19084508,72";"3000"
"3500709";"Agudos";"12933";"37404";"1,97";"2719,19";"7606891,31";"2000"
"3500758";"Alambari";"2139";"6131";"1,82";"2537,14";"6965010,22";"1900"
"3500808";"Alfredo Marcondes";"1726";"4432";"1,50";"2306,62";"4443215,61";"1800"
"3500907";"Altair";"1278";"3439";"1,78";"5022,72";"8461424695,61";"1970"
"3501004";"Altinópolis";"6076";"16768";"1,75";"2296,13";"5833439,91";"1500"
"3501103";"Alto Alegre";"1515";"3831";"1,36";"2151,60";"3530425,35";"1500"
"3501152";"Alumínio";"5941";"17263";"1,87";"2892,26";"6467564,38";"2400"
"3501202";"Álvares Florence";"1530";"3897";"1,50";"2248,87";"5894317,94";"1500"
"3501301";"Álvares Machado";"9869";"27208";"1,72";"2618,66";"10757772,35";"1900"
"3501400";"Álvaro de Carvalho";"1168";"3151";"2,24";"1890,10";"4061078,33";"1300"
"3501509";"Alvinlândia";"1007";"2885";"1,89";"1959,55";"3481137,45";"1212"
"3501608";"Americana";"89200";"236501";"1,58";"4145,76";"36751250,35";"3000"
"3501707";"Américo Brasiliense";"11402";"32901";"1,90";"2283,22";"2958058,15";"1850"
"3501806";"Américo de Campos";"2361";"5868";"1,60";"2544,14";"7386972,20";"2000"
"3501905";"Amparo";"24489";"67681";"1,77";"3262,48";"14590509,05";"2300"
"3502002";"Analândia";"1679";"4580";"1,81";"3184,74";"14096089,65";"2100"
"3502101";"Andradina";"21911";"57887";"1,67";"2902,94";"12139687,19";"2000"
"3502200";"Angatuba";"8488";"23937";"1,89";"2457,00";"6985271,49";"1800"
"3502309";"Anhembi";"2046";"5631";"2,15";"1974,90";"4044073,52";"1400"
"3502408";"Anhumas";"1481";"4001";"1,66";"2246,36";"4766050,64";"1500"
"3502507";"Aparecida";"11364";"32345";"2,31";"2398,37";"5160220,93";"1800"
"3502606";"Aparecida d'Oeste";"1616";"4064";"1,53";"2146,91";"4014666,37";"1500"
"3502705";"Apiaí";"8814";"24475";"1,84";"2083,14";"5631021,42";"1240"
"3502754";"Araçariguama";"7395";"21445";"2,10";"2596,29";"9658084,96";"2000"
"3502804";"Araçatuba";"77766";"199516";"1,61";"3516,39";"24289264,17";"2100"
"3502903";"Araçoiaba da Serra";"11775";"32316";"1,80";"3469,14";"16296250,71";"2300"
"3503000";"Aramina";"2001";"5404";"1,79";"2532,34";"5419484,08";"2000"
"3503109";"Arandu";"2375";"6804";"2,14";"2230,29";"4184979,43";"1800"
"3503158";"Arapeí";"885";"2330";"1,92";"1966,54";"14298103,45";"1240"
"3503208";"Araraquara";"92504";"240399";"1,63";"3685,88";"105816408,31";"2500"
"3503307";"Araras";"47968";"130510";"1,71";"3407,48";"18350991,07";"2400"
"3503356";"Arco-Íris";"731";"2037";"1,84";"1911,88";"1781317,08";"1500"
"3503406";"Arealva";"3075";"8085";"1,77";"2717,26";"11685389,36";"2000"
"3503505";"Areias";"1227";"3498";"2,10";"1990,88";"3313271,35";"1300"
"3503604";"Areiópolis";"3400";"10113";"1,94";"2404,02";"14692517,95";"1800"
"3503703";"Ariranha";"2874";"7596";"1,60";"2581,06";"11455072,22";"2000"
"3503802";"Artur Nogueira";"18150";"51419";"1,83";"2949,46";"11296574,84";"2000"
"3503901";"Arujá";"29334";"86539";"2,08";"3659,68";"28320535,36";"2000"
"3503950";"Aspásia";"679";"1839";"1,53";"2333,79";"18037290,03";"1645"
"3504008";"Assis";"38160";"99859";"1,66";"3415,13";"17593076,81";"2224"
"3504107";"Atibaia";"56506";"157753";"1,94";"4021,11";"27249977,79";"2500"
"3504206";"Auriflama";"5393";"13662";"1,43";"2433,54";"8777976,97";"1600"
"3504305";"Avaí";"1642";"4455";"1,93";"2198,90";"4540847,65";"1600"
"3504404";"Avanhandava";"3537";"9978";"1,94";"2269,89";"7697136,06";"1500"
"3504503";"Avaré";"33459";"90508";"1,89";"3233,33";"291212534,90";"2000"
"3504602";"Bady Bassitt";"9957";"27246";"1,64";"3203,04";"10810170,64";"2500"
"3504701";"Balbinos";"539";"1358";"1,41";"2541,73";"6333204,43";"1612"
"3504800";"Bálsamo";"3708";"9595";"1,44";"2538,36";"6383302,08";"1800"
"3504909";"Bananal";"3710";"9942";"2,09";"2313,14";"6545648,85";"1300"
"3505005";"Barão de Antonina";"1336";"3498";"1,88";"2096,33";"3088865,08";"1500"
"3505104";"Barbosa";"2108";"5632";"1,87";"1692,67";"1982703,83";"1240"
"3505203";"Bariri";"11744";"31527";"1,75";"2774,28";"9615330,13";"2000"
"3505302";"Barra Bonita";"12891";"34240";"1,58";"3161,37";"13737298,34";"2400"
"3505351";"Barra do Chapéu";"1876";"5179";"1,88";"1544,62";"1845555,47";"1212"
"3505401";"Barra do Turvo";"2562";"6833";"2,00";"1917,72";"4925570,22";"1212"
"3505500";"Barretos";"46311";"121946";"1,73";"3334,77";"17007347,39";"2400"
"3505609";"Barrinha";"11196";"32086";"1,94";"2361,79";"3793347,83";"2000"
"3505708";"Barueri";"109448";"316209";"2,31";"5055,06";"415017643,78";"2500"
"3505807";"Bastos";"7530";"21467";"1,76";"2546,48";"6746688,76";"1800"
"3505906";"Batatais";"21410";"58184";"1,73";"3029,24";"12436787,87";"2100"
"3506003";"Bauru";"139983";"371336";"1,81";"3913,81";"49447648,32";"2400"
"3506102";"Bebedouro";"28017";"76076";"1,70";"3039,10";"13970052,49";"2000"
"3506201";"Bento de Abreu";"929";"2605";"1,77";"2556,60";"10280261,05";"2000"
"3506300";"Bernardino de Campos";"3879";"10531";"1,93";"2594,77";"6842628,65";"1922.5"
"3506359";"Bertioga";"22680";"63838";"2,19";"2825,28";"68209796,62";"2000"
"3506409";"Bilac";"2798";"7286";"1,50";"2606,80";"9164959,70";"2000"
"3506508";"Birigui";"45367";"118610";"1,53";"2884,23";"14808164,08";"2000"
"3506607";"Biritiba Mirim";"10427";"29601";"2,04";"2126,84";"4447745,40";"1500"
"3506706";"Boa Esperança do Sul";"4655";"12945";"1,95";"2208,30";"4678571,27";"1600"
"3506805";"Bocaina";"4075";"11223";"1,75";"2549,74";"5488311,11";"2000"
"3506904";"Bofete";"3939";"10442";"1,79";"2274,65";"6064609,62";"1500"
"3507001";"Boituva";"21710";"61008";"1,84";"3378,17";"20140197,21";"2300"
"3507100";"Bom Jesus dos Perdões";"7713";"21891";"2,04";"2665,70";"7780359,48";"2000"
"3507159";"Bom Sucesso de Itararé";"1172";"3543";"1,87";"1921,14";"3362759,78";"1300"
"3507209";"Borá";"322";"907";"1,95";"2139,43";"1802562,75";"1805.5"
"3507308";"Boracéia";"1635";"4715";"1,83";"2253,42";"3989824,20";"1800"
"3507407";"Borborema";"5477";"14176";"1,55";"2704,93";"20012148,54";"1800"
"3507456";"Borebi";"966";"2713";"1,91";"2137,91";"3030616,30";"1600"
"3507506";"Botucatu";"54408";"144597";"1,79";"3523,31";"35539867,77";"2400"
"3507605";"Bragança Paulista";"63424";"176330";"1,93";"3539,89";"18460373,57";"2400"
"3507704";"Braúna";"1965";"5355";"1,68";"2283,21";"10808995,18";"1500"
"3507753";"Brejo Alegre";"962";"2530";"1,52";"2304,43";"44827240,62";"1600"
"3507803";"Brodowski";"8879";"25157";"1,76";"2967,67";"10828252,23";"2000"
"3507902";"Brotas";"8614";"23774";"1,81";"3125,33";"19381280,57";"2500"
"3508009";"Buri";"6972";"20225";"2,15";"2161,18";"164945752,64";"1226"
"3508108";"Buritama";"6691";"17125";"1,58";"2569,84";"9149125,32";"1800"
"3508207";"Buritizal";"1661";"4347";"1,67";"2809,49";"9706220,41";"2000"
"3508306";"Cabrália Paulista";"1597";"4288";"1,90";"2058,29";"3388308,18";"1500"
"3508405";"Cabreúva";"15544";"46882";"2,13";"2757,81";"9488876,28";"2000"
"3508504";"Caçapava";"33646";"95908";"1,96";"3125,85";"12828306,78";"2000"
"3508603";"Cachoeira Paulista";"10903";"31502";"2,15";"2843,02";"109104553,77";"1800"
"3508702";"Caconde";"6208";"17010";"1,87";"2235,11";"6834986,93";"1220"
"3508801";"Cafelândia";"6238";"16590";"1,83";"2818,47";"392418002,36";"1800"
"3508900";"Caiabu";"1467";"3712";"1,39";"2188,64";"3742530,05";"1800"
"3509007";"Caieiras";"32681";"94748";"1,96";"3208,08";"844229008,53";"2000"
"3509106";"Caiuá";"1692";"4307";"1,54";"2032,79";"4386119,03";"1300"
"3509205";"Cajamar";"32631";"92532";"1,83";"3328,15";"22507259,88";"2064"
"3509254";"Cajati";"9906";"28488";"1,91";"2195,01";"8563286,51";"1500"
"3509304";"Cajobi";"3513";"9127";"1,53";"2328,38";"5484376,26";"1800"
"3509403";"Cajuru";"8600";"23738";"1,84";"2473,53";"8438017,85";"1700"
"3509452";"Campina do Monte Alegre";"2194";"5946";"1,92";"2681,94";"482175808,08";"1600"
"3509502";"Campinas";"429504";"1134756";"1,78";"4698,55";"55300925,00";"2600"
"3509601";"Campo Limpo Paulista";"26666";"77179";"2,04";"2913,78";"56133300,96";"2000"
"3509700";"Campos do Jordão";"16107";"46514";"2,22";"2544,14";"8122000,26";"1800"
"3509809";"Campos Novos Paulista";"1806";"4864";"1,86";"2288,61";"10650293,11";"1600"
"3509908";"Cananéia";"4364";"12152";"2,14";"2454,22";"7061378,83";"1500"
"3509957";"Canas";"1575";"4913";"2,27";"2032,77";"4621894,70";"1400"
"3510005";"Cândido Mota";"10895";"29386";"1,66";"2668,72";"12254306,75";"2000"
"3510104";"Cândido Rodrigues";"1102";"2876";"1,44";"2327,85";"6845202,20";"1700"
"3510153";"Canitar";"2077";"6281";"2,04";"2151,31";"2441742,24";"1800"
"3510203";"Capão Bonito";"16041";"46184";"2,06";"2261,06";"7731564,20";"1500"
"3510302";"Capela do Alto";"7115";"20614";"2,04";"2139,87";"19648367,01";"1500"
"3510401";"Capivari";"17188";"49995";"1,98";"2894,42";"7745752,04";"2400"
"3510500";"Caraguatatuba";"48616";"133833";"2,02";"3074,98";"19488718,31";"2000"
"3510609";"Carapicuíba";"136773";"386567";"2,03";"2689,46";"87857552,26";"2000"
"3510708";"Cardoso";"4603";"11312";"1,51";"2417,89";"4895897,66";"1800"
"3510807";"Casa Branca";"9744";"26445";"1,87";"2804,78";"8210805,07";"2000"
"3510906";"Cássia dos Coqueiros";"1076";"2788";"1,56";"2495,70";"14663588,70";"1600"
"3511003";"Castilho";"7326";"19788";"1,78";"2489,28";"7612721,66";"2000"
"3511102";"Catanduva";"44039";"115534";"1,64";"3214,77";"15040457,19";"2200"
"3511201";"Catiguá";"2510";"6991";"1,60";"2613,69";"3762887,54";"2100"
"3511300";"Cedral";"4656";"12560";"1,64";"2987,16";"12651641,48";"2200"
"3511409";"Cerqueira César";"7391";"20231";"1,96";"2673,70";"7692168,89";"2000"
"3511508";"Cerquilho";"15898";"44520";"1,73";"3121,51";"10098293,36";"2400"
"3511607";"Cesário Lange";"6133";"17921";"1,96";"2379,94";"7244645,02";"2000"
"3511706";"Charqueada";"5340";"15529";"1,82";"2686,94";"6884402,37";"2000"
"3511904";"Clementina";"2566";"6963";"1,65";"2169,42";"2795044,06";"1700"
"3512001";"Colina";"6560";"18444";"2,02";"2605,50";"7086355,94";"2000"
"3512100";"Colômbia";"2323";"6394";"2,02";"2158,80";"7574133,01";"1610"
"3512209";"Conchal";"9453";"28026";"2,15";"2583,68";"463945510,20";"1800"
"3512308";"Conchas";"5588";"15146";"1,85";"2674,76";"9709451,98";"1800"
"3512407";"Cordeirópolis";"8524";"24461";"1,85";"2977,89";"9143036,70";"2400"
"3512506";"Coroados";"2021";"5399";"1,61";"2526,04";"10158820,65";"1900"
"3512605";"Coronel Macedo";"1654";"4280";"1,54";"2852,12";"1484423191,31";"1212"
"3512704";"Corumbataí";"1458";"4186";"1,93";"2687,71";"15511450,62";"2000"
"3512803";"Cosmópolis";"21678";"59640";"1,78";"2920,11";"7582046,15";"2243"
"3512902";"Cosmorama";"3267";"8717";"1,75";"2308,15";"5830624,99";"1800"
"3513009";"Cotia";"95886";"273606";"1,89";"4174,43";"208905891,89";"2400"
"3513108";"Cravinhos";"11347";"33204";"1,88";"3128,76";"15743486,21";"2000"
"3513207";"Cristais Paulista";"3262";"9261";"1,91";"2621,06";"12563244,30";"1900"
"3513306";"Cruzália";"822";"2108";"1,48";"2333,45";"4022558,80";"1750"
"3513405";"Cruzeiro";"26774";"74847";"2,01";"2923,95";"12187775,10";"2000"
"3513504";"Cubatão";"40067";"112321";"1,95";"2457,73";"13396886,28";"2000"
"3513603";"Cunha";"8573";"22062";"1,60";"2303,33";"778031689,62";"1212"
"3513702";"Descalvado";"11396";"31613";"1,81";"3193,30";"195732596,52";"2100"
"3513801";"Diadema";"144815";"392325";"1,78";"2653,66";"57658565,10";"2000"
"3513850";"Dirce Reis";"642";"1620";"1,42";"2086,92";"1738508,41";"1700"
"3513900";"Divinolândia";"4189";"10977";"1,54";"2631,45";"10376039,15";"1800"
"3514007";"Dobrada";"3076";"8758";"1,87";"2358,11";"6969640,16";"1800"
"3514106";"Dois Córregos";"8846";"24332";"1,87";"2302,75";"4809566,65";"1600"
"3514205";"Dolcinópolis";"887";"2206";"1,53";"1983,33";"2115899,64";"1500"
"3514304";"Dourado";"3103";"8075";"1,64";"2609,32";"9165384,29";"2000"
"3514403";"Dracena";"17093";"44299";"1,56";"3199,16";"14692852,95";"2160"
"3514502";"Duartina";"4790";"12305";"1,58";"2572,17";"27108231,47";"1600"
"3514601";"Dumont";"3296";"9465";"1,77";"2760,40";"8736908,22";"2000"
"3514700";"Echaporã";"2283";"6204";"1,77";"2411,28";"6470783,06";"1800"
"3514809";"Eldorado";"4590";"13025";"2,13";"2732,94";"2048731289,92";"1262"
"3514908";"Elias Fausto";"5964";"17669";"1,98";"2496,18";"11515856,55";"2000"
"3514924";"Elisiário";"1184";"3138";"1,48";"2399,11";"3993375,87";"2000"
"3514957";"Embaúba";"896";"2323";"1,58";"2164,61";"5773245,02";"1647"
"3515004";"Embu das Artes";"87972";"250101";"2,06";"2173,94";"19520600,97";"1500"
"3515103";"Embu-Guaçu";"23377";"66577";"2,11";"2511,14";"81164761,88";"1660"
"3515129";"Emilianópolis";"1177";"3012";"1,50";"2023,39";"3030946,16";"1400"
"3515152";"Engenheiro Coelho";"6884";"19438";"1,76";"2759,77";"12556386,88";"1900"
"3515186";"Espírito Santo do Pinhal";"14372";"39599";"1,80";"2915,41";"9423525,46";"2000"
"3515194";"Espírito Santo do Turvo";"1482";"4155";"1,85";"1972,87";"2605672,11";"1500"
"3515202";"Estrela d'Oeste";"3464";"9292";"1,70";"2781,83";"9623854,53";"2000"
"3515301";"Estrela do Norte";"971";"2703";"1,54";"2458,91";"17037917,66";"1700"
"3515350";"Euclides da Cunha Paulista";"3022";"7919";"1,65";"1942,52";"5792388,08";"1212"
"3515400";"Fartura";"6214";"16570";"1,68";"2325,12";"5611214,82";"1500"
"3515509";"Fernandópolis";"27621";"71005";"1,54";"3043,92";"13475851,59";"2000"
"3515608";"Fernando Prestes";"2237";"5936";"1,67";"2430,98";"4904792,47";"1800"
"3515657";"Fernão";"613";"1655";"1,65";"2101,81";"3213206,91";"1500"
"3515707";"Ferraz de Vasconcelos";"61296";"178282";"2,06";"2234,24";"7949743,48";"1800"
"3515806";"Flora Rica";"610";"1487";"1,69";"2099,19";"3872874,56";"1452.5"
"3515905";"Floreal";"1120";"2718";"1,31";"2730,53";"11217450,16";"1800"
"3516002";"Flórida Paulista";"4313";"11557";"1,72";"2290,54";"5889686,22";"1800"
"3516101";"Florínea";"1052";"2760";"1,87";"2196,34";"7327755,99";"1500"
"3516200";"Franca";"127909";"350906";"1,81";"3090,12";"14822253,88";"2000"
"3516309";"Francisco Morato";"57668";"164967";"2,27";"1955,65";"186674608,65";"1500"
"3516408";"Franco da Rocha";"49307";"140117";"2,05";"2470,08";"6138761,10";"2000"
"3516507";"Gabriel Monteiro";"1071";"2763";"1,45";"2316,17";"4514198,20";"1600"
"3516606";"Gália";"2441";"6350";"1,57";"2224,19";"6648912,56";"1500"
"3516705";"Garça";"15523";"41937";"1,78";"2676,90";"9032886,31";"2000"
"3516804";"Gastão Vidigal";"1244";"3242";"1,57";"2203,51";"6709626,04";"1300"
"3516853";"Gavião Peixoto";"1640";"4700";"1,97";"2305,58";"5244607,87";"1800"
"3516903";"General Salgado";"4017";"10259";"1,65";"2721,77";"13305807,59";"2000"
"3517000";"Getulina";"3404";"8954";"1,88";"2246,44";"4138782,07";"1600"
"3517109";"Glicério";"1552";"4124";"1,69";"2387,80";"9132867,46";"1600"
"3517208";"Guaiçara";"3987";"11211";"1,90";"2166,36";"3854511,72";"1600"
"3517307";"Guaimbê";"2053";"5485";"1,71";"1958,90";"2299116,61";"1500"
"3517406";"Guaíra";"14707";"39197";"1,65";"2966,44";"13788923,97";"2000"
"3517505";"Guapiaçu";"7735";"21657";"1,77";"2642,59";"11375685,80";"2000"
"3517604";"Guapiara";"6156";"17056";"1,76";"1724,73";"3706998,94";"1212"
"3517703";"Guará";"6681";"18561";"1,90";"2352,72";"6858470,74";"1656"
"3517802";"Guaraçaí";"2941";"7418";"1,54";"2437,83";"6016609,02";"1800"
"3517901";"Guaraci";"3915";"10313";"1,70";"2341,07";"7546962,85";"1700"
"3518008";"Guarani d'Oeste";"808";"1968";"1,52";"2057,00";"4634100,17";"1500"
"3518107";"Guarantã";"2295";"6403";"2,02";"2168,71";"10689444,59";"1500"
"3518206";"Guararapes";"11649";"30985";"1,61";"2657,40";"9382313,34";"2000"
"3518305";"Guararema";"11086";"31184";"1,87";"2891,67";"111604922,29";"1800"
"3518404";"Guaratinguetá";"41900";"117110";"1,99";"3409,49";"17298288,67";"2000"
"3518503";"Guareí";"4513";"12263";"1,73";"2271,88";"6950114,13";"1600"
"3518602";"Guariba";"12897";"36703";"1,78";"2512,74";"5416568,76";"2000"
"3518701";"Guarujá";"99365";"287037";"2,22";"2888,06";"96479076,39";"2000"
"3518800";"Guarulhos";"450353";"1283456";"2,04";"3147,19";"226242238,14";"2000"
"3518859";"Guatapará";"2533";"7275";"1,97";"2287,13";"6658937,88";"1507.5"
"3518909";"Guzolândia";"1630";"4244";"1,60";"1947,95";"2922362,01";"1300"
"3519006";"Herculândia";"3303";"9100";"1,84";"2365,58";"5711342,22";"1800"
"3519055";"Holambra";"5163";"15052";"1,89";"4288,01";"34880444,01";"2500"
"3519071";"Hortolândia";"80791";"232158";"1,80";"3103,19";"10732977,57";"2200"
"3519105";"Iacanga";"3948";"10412";"1,69";"2443,19";"5334237,44";"1860"
"3519204";"Iacri";"2257";"6122";"1,69";"2136,16";"5275155,95";"1431"
"3519253";"Iaras";"1791";"5112";"2,51";"2193,81";"11237152,86";"1500"
"3519303";"Ibaté";"11089";"32166";"1,91";"2220,82";"3607914,75";"1800"
"3519402";"Ibirá";"4404";"11671";"1,71";"2677,38";"9415573,60";"1900"
"3519501";"Ibirarema";"2403";"6363";"1,69";"2624,90";"431334852,41";"1500"
"3519600";"Ibitinga";"22203";"59867";"1,70";"2364,75";"6958459,22";"1700"
"3519709";"Ibiúna";"26339";"75458";"2,07";"2441,00";"59132918,66";"1500"
"3519808";"Icém";"2592";"6920";"1,76";"2574,36";"9473925,50";"1900"
"3519907";"Iepê";"2901";"7583";"1,61";"2340,67";"5119547,41";"1600"
"3520004";"Igaraçu do Tietê";"8187";"22842";"1,99";"2235,03";"3614864,38";"1800"
"3520103";"Igarapava";"9853";"26153";"1,70";"2570,52";"6747600,30";"2000"
"3520202";"Igaratá";"3923";"10571";"1,83";"2571,73";"79349279,28";"1500"
"3520301";"Iguape";"10805";"28960";"2,03";"2195,24";"7956649,00";"1300"
"3520400";"Ilhabela";"12692";"34794";"1,98";"3303,41";"18739329,98";"2100"
"3520426";"Ilha Comprida";"5249";"13297";"1,93";"2381,57";"6151371,60";"1600"
"3520442";"Ilha Solteira";"9704";"25534";"1,60";"3656,56";"14675764,62";"2500"
"3520509";"Indaiatuba";"90742";"255128";"1,78";"4974,34";"84629450,24";"3000"
"3520608";"Indiana";"1919";"5090";"1,62";"2441,58";"6921514,42";"1800"
"3520707";"Indiaporã";"1662";"4028";"1,54";"2231,12";"7732648,63";"1400"
"3520806";"Inúbia Paulista";"1312";"3589";"1,56";"2240,03";"2870981,40";"1800"
"3520905";"Ipaussu";"4877";"13683";"1,91";"2490,63";"5636655,94";"2000"
"3521002";"Iperó";"11765";"33604";"2,09";"2418,16";"47009977,24";"1800"
"3521101";"Ipeúna";"2392";"6830";"1,99";"2901,10";"16034803,93";"2000"
"3521150";"Ipiguá";"2445";"6761";"1,75";"2375,43";"5394490,14";"1650"
"3521200";"Iporanga";"1435";"3970";"2,21";"1833,42";"3436116,42";"1212"
"3521309";"Ipuã";"5337";"14440";"1,65";"2560,65";"9617653,37";"2000"
"3521408";"Iracemápolis";"7539";"21933";"1,76";"3103,02";"7667326,09";"2400"
"3521507";"Irapuã";"2457";"6834";"1,76";"2223,49";"5440345,06";"1600"
"3521606";"Irapuru";"2358";"5879";"1,51";"2220,17";"3443390,84";"1500"
"3521705";"Itaberá";"6515";"17934";"1,70";"2119,14";"6264581,95";"1212"
"3521804";"Itaí";"8659";"24085";"1,89";"2429,47";"7785588,04";"1600"
"3521903";"Itajobi";"6216";"16948";"1,71";"2754,80";"8458248,69";"2000"
"3522000";"Itaju";"1305";"3614";"1,98";"2356,50";"4176117,40";"1806"
"3522109";"Itanhaém";"41961";"112217";"2,08";"2506,73";"9741985,18";"1600"
"3522158";"Itaoca";"1262";"3422";"1,98";"1598,62";"2464897,99";"1212"
"3522208";"Itapecerica da Serra";"54546";"157822";"2,14";"2327,29";"7588389,01";"1700"
"3522307";"Itapetininga";"54533";"154260";"1,95";"3022,62";"31911523,00";"2000"
"3522406";"Itapeva";"31768";"89544";"1,90";"2668,51";"16846898,37";"1700"
"3522505";"Itapevi";"81801";"231876";"2,09";"2297,74";"25447936,88";"1800"
"3522604";"Itapira";"26192";"71426";"1,73";"3028,11";"10294453,33";"2200"
"3522653";"Itapirapuã Paulista";"1559";"4305";"1,91";"1813,11";"3464661,71";"1300"
"3522703";"Itápolis";"15000";"39437";"1,67";"2712,98";"10954289,40";"2000"
"3522802";"Itaporanga";"5214";"14002";"1,79";"2160,95";"6057280,29";"1300"
"3522901";"Itapuí";"4749";"13610";"2,02";"2298,65";"4541575,07";"1800"
"3523008";"Itapura";"1519";"3973";"1,78";"2191,92";"6494522,78";"1500"
"3523107";"Itaquaquecetuba";"122125";"368899";"2,21";"2215,68";"6516014,19";"1700"
"3523206";"Itararé";"16512";"44326";"1,72";"2548,31";"174695902,46";"1500"
"3523305";"Itariri";"5654";"15461";"2,22";"1945,08";"5506262,31";"1212"
"3523404";"Itatiba";"43737";"121174";"1,82";"3838,92";"23880597,44";"2500"
"3523503";"Itatinga";"6023";"18050";"2,16";"2567,40";"4996641,58";"2000"
"3523602";"Itirapina";"4787";"13135";"1,91";"3005,72";"62322578,78";"2000"
"3523701";"Itirapuã";"2005";"5756";"2,19";"1873,38";"2241593,25";"1322.5"
"3523800";"Itobi";"2906";"8000";"1,71";"2242,25";"4673879,66";"1630"
"3523909";"Itu";"59531";"167675";"1,98";"3478,33";"63242748,48";"2200"
"3524006";"Itupeva";"23683";"70531";"1,78";"3980,80";"24560169,41";"2500"
"3524105";"Ituverava";"14031";"37484";"1,65";"2910,84";"18328240,27";"2000"
"3524204";"Jaborandi";"2278";"6197";"1,72";"2670,81";"22265498,01";"1800"
"3524303";"Jaboticabal";"27388";"71608";"1,65";"3366,89";"17785771,24";"2200"
"3524402";"Jacareí";"85059";"239959";"1,88";"3372,95";"22869263,72";"2200"
"3524501";"Jaci";"2637";"7444";"1,75";"2476,96";"6638284,31";"2000"
"3524600";"Jacupiranga";"5828";"16056";"2,00";"2261,02";"7122894,02";"1500"
"3524709";"Jaguariúna";"21437";"59124";"1,90";"3854,39";"24875614,86";"2500"
"3524808";"Jales";"19080";"48638";"1,46";"3168,60";"14317698,12";"2000"
"3524907";"Jambeiro";"2296";"6373";"1,94";"3082,23";"17072366,94";"2000"
"3525003";"Jandira";"42007";"118017";"1,87";"3080,55";"25979443,31";"2000"
"3525102";"Jardinópolis";"14866";"43282";"2,02";"2806,73";"9328524,18";"2000"
"3525201";"Jarinu";"12962";"37465";"1,90";"2778,41";"11992671,84";"2000"
"3525300";"Jaú";"48510";"132753";"1,71";"3101,02";"21347626,86";"2000"
"3525409";"Jeriquara";"1318";"3863";"1,97";"2434,54";"8039967,12";"1860"
"3525508";"Joanópolis";"4662";"12750";"1,90";"2734,50";"9747046,06";"1900"
"3525607";"João Ramalho";"1543";"4363";"1,81";"2963,83";"429630109,10";"2000"
"3525706";"José Bonifácio";"13333";"36517";"1,65";"2961,54";"11285855,13";"2000"
"3525805";"Júlio Mesquita";"1562";"4254";"1,90";"1891,90";"2142943,89";"1300"
"3525854";"Jumirim";"998";"3045";"2,03";"2260,17";"2358424,45";"1900"
"3525904";"Jundiaí";"163202";"441242";"1,66";"5053,75";"38236309,17";"3000"
"3526001";"Junqueirópolis";"7150";"19107";"1,70";"2585,49";"8268186,49";"1900"
"3526100";"Juquiá";"6343";"17109";"2,06";"1989,35";"4002800,62";"1220"
"3526209";"Juquitiba";"9994";"27273";"2,16";"1948,33";"3761498,09";"1300"
"3526308";"Lagoinha";"2075";"4981";"1,47";"2133,31";"8814033,78";"1500"
"3526407";"Laranjal Paulista";"9281";"26171";"1,89";"2925,14";"174485034,31";"2000"
"3526506";"Lavínia";"1829";"4769";"1,76";"2346,50";"4447123,14";"1700"
"3526605";"Lavrinhas";"2388";"7130";"2,18";"2355,44";"7858476,67";"1600"
"3526704";"Leme";"35754";"97929";"1,76";"2730,69";"10601683,81";"2000"
"3526803";"Lençóis Paulista";"22815";"66253";"1,92";"3622,58";"648150855,70";"2500"
"3526902";"Limeira";"104429";"290221";"1,82";"3420,52";"142984179,47";"2300"
"3527009";"Lindóia";"2591";"7014";"2,06";"2671,02";"8274061,62";"2000"
"3527108";"Lins";"28421";"74078";"1,67";"3213,46";"13842235,39";"2100"
"3527207";"Lorena";"30022";"84565";"1,98";"3045,78";"12262526,53";"2000"
"3527256";"Lourdes";"772";"1904";"1,41";"2099,52";"3612196,66";"1500"
"3527306";"Louveira";"17898";"51746";"1,80";"3407,83";"16318957,37";"2300"
"3527405";"Lucélia";"6600";"17475";"1,71";"2411,92";"6795493,15";"1600"
"3527504";"Lucianópolis";"889";"2366";"1,57";"2135,89";"3767922,55";"1600"
"3527603";"Luís Antônio";"4169";"12260";"1,82";"2505,92";"6641447,54";"2000"
"3527702";"Luiziânia";"1729";"4682";"1,70";"2053,25";"5005802,95";"1500"
"3527801";"Lupércio";"1472";"3981";"1,74";"1736,09";"1792807,85";"1215"
"3527900";"Lutécia";"1036";"2661";"1,61";"2286,68";"6637363,07";"1500"
"3528007";"Macatuba";"5651";"16779";"1,99";"2810,17";"6885214,03";"2206"
"3528106";"Macaubal";"3008";"7446";"1,48";"2405,07";"7784088,81";"1700"
"3528205";"Macedônia";"1507";"3927";"1,71";"2518,03";"6978727,46";"2000"
"3528304";"Magda";"1257";"3163";"1,49";"2262,11";"4255140,26";"1600"
"3528403";"Mairinque";"17020";"48915";"1,98";"2802,88";"8676968,81";"2000"
"3528502";"Mairiporã";"33008";"93416";"2,08";"3187,63";"19735433,02";"2000"
"3528601";"Manduri";"3689";"9844";"1,70";"2732,45";"13234356,62";"2000"
"3528700";"Marabá Paulista";"1381";"3496";"1,43";"1908,30";"2231578,46";"1400"
"3528809";"Maracaí";"4828";"12651";"1,59";"2552,92";"10262482,70";"2000"
"3528858";"Marapoama";"1238";"3292";"1,41";"2591,94";"4429043,70";"2000"
"3528908";"Mariápolis";"1382";"3511";"1,59";"3252,01";"1755170380,55";"1500"
"3529005";"Marília";"88375";"235826";"1,70";"3551,95";"172000500,26";"2300"
"3529104";"Marinópolis";"717";"1860";"1,34";"2206,77";"4353669,14";"1700"
"3529203";"Martinópolis";"8845";"23581";"1,74";"2295,11";"5197631,92";"1600"
"3529302";"Matão";"28817";"78930";"1,67";"2972,10";"9355990,29";"2100"
"3529401";"Mauá";"152616";"417259";"1,76";"2666,13";"7494252,15";"2000"
"3529500";"Mendonça";"2309";"6147";"1,52";"2547,69";"8504605,48";"2000"
"3529609";"Meridiano";"1726";"4572";"1,65";"2425,89";"5744955,22";"1900"
"3529658";"Mesópolis";"743";"1951";"1,70";"2038,66";"2247494,38";"1700"
"3529708";"Miguelópolis";"7131";"19372";"1,77";"2254,56";"7357261,72";"1500"
"3529807";"Mineiros do Tietê";"4138";"11200";"1,89";"2068,70";"4806613,16";"1500"
"3529906";"Miracatu";"6839";"18491";"2,04";"2004,13";"4412031,83";"1212"
"3530003";"Mira Estrela";"1239";"3116";"1,42";"2117,09";"3794958,78";"1500"
"3530102";"Mirandópolis";"9107";"23580";"1,60";"2838,09";"9775710,46";"2000"
"3530201";"Mirante do Paranapanema";"6122";"15844";"1,71";"1972,81";"5649810,58";"1212"
"3530300";"Mirassol";"23207";"63200";"1,68";"3327,44";"15263843,15";"2200"
"3530409";"Mirassolândia";"1721";"4664";"1,67";"2306,47";"18139652,71";"1800"
"3530508";"Mococa";"24693";"67275";"1,78";"2846,00";"9886997,44";"2000"
"3530607";"Mogi das Cruzes";"158668";"450620";"2,01";"3514,54";"128532744,82";"2000"
"3530706";"Mogi Guaçu";"54715";"152609";"1,77";"3039,80";"36958193,94";"2300"
"3530805";"Mogi Mirim";"33775";"91894";"1,76";"3652,90";"24558297,80";"2500"
"3530904";"Mombuca";"1232";"3722";"2,31";"2367,57";"5545337,50";"1800"
"3531001";"Monções";"798";"1936";"1,52";"1983,24";"2427547,05";"1500"
"3531100";"Mongaguá";"21564";"59144";"2,19";"2469,66";"5644238,39";"1800"
"3531209";"Monte Alegre do Sul";"3237";"8603";"1,69";"3133,51";"92462809,15";"2000"
"3531308";"Monte Alto";"18050";"47417";"1,56";"2898,20";"7944342,64";"2000"
"3531407";"Monte Aprazível";"8641";"22220";"1,51";"2734,46";"9839348,00";"2000"
"3531506";"Monte Azul Paulista";"6767";"18120";"1,62";"2871,96";"11749887,44";"2000"
"3531605";"Monte Castelo";"1626";"4219";"1,64";"2401,72";"11064032,05";"1600"
"3531704";"Monteiro Lobato";"1568";"4121";"1,95";"2533,98";"8833277,80";"1608"
"3531803";"Monte Mor";"22375";"64556";"1,85";"2596,98";"7618246,74";"2000"
"3531902";"Morro Agudo";"10011";"27839";"1,78";"2458,49";"8702146,30";"1900"
"3532009";"Morungaba";"4771";"13549";"2,00";"2772,70";"10085347,33";"2000"
"3532058";"Motuca";"1412";"4034";"1,79";"2485,40";"4142454,33";"2000"
"3532108";"Murutinga do Sul";"1480";"3712";"1,55";"2426,05";"7825647,89";"1600"
"3532157";"Nantes";"1027";"2660";"1,82";"2286,88";"7064502,06";"1700"
"3532207";"Narandiba";"2060";"5702";"1,71";"2354,68";"6464340,92";"1860"
"3532306";"Natividade da Serra";"2838";"6989";"1,77";"1930,09";"8410916,28";"1212"
"3532405";"Nazaré Paulista";"6718";"18170";"1,88";"2132,05";"4190383,13";"1500"
"3532504";"Neves Paulista";"3718";"9662";"1,61";"2699,70";"10015853,31";"2000"
"3532603";"Nhandeara";"4013";"9751";"1,46";"2576,85";"9059900,89";"1800"
"3532702";"Nipoã";"1761";"4748";"1,80";"2250,70";"6721010,53";"1800"
"3532801";"Nova Aliança";"2501";"6690";"1,59";"2579,23";"10113751,03";"2000"
"3532827";"Nova Campina";"2919";"8489";"1,84";"2920,42";"3250332533,88";"1212"
"3532843";"Nova Canaã Paulista";"819";"2028";"1,30";"2137,51";"3102016,44";"1600"
"3532868";"Nova Castilho";"398";"1062";"1,64";"2597,47";"6088699,94";"2000"
"3532900";"Nova Europa";"3373";"9299";"1,80";"2362,16";"3939754,64";"1800"
"3533007";"Nova Granada";"7284";"19387";"1,71";"2445,13";"6981563,97";"2000"
"3533106";"Nova Guataporanga";"867";"2153";"1,60";"2051,61";"2507377,40";"1500"
"3533205";"Nova Independência";"1471";"4020";"1,59";"2288,22";"3100369,11";"1885"
"3533254";"Novais";"1593";"4412";"1,65";"2050,92";"8457697,96";"1700"
"3533304";"Nova Luzitânia";"1122";"2836";"1,59";"1972,13";"2791685,79";"1212"
"3533403";"Nova Odessa";"22189";"61886";"1,67";"3651,75";"17827293,65";"2700"
"3533502";"Novo Horizonte";"14746";"38235";"1,54";"2853,52";"13374145,50";"2000"
"3533601";"Nuporanga";"2684";"7356";"1,76";"2887,49";"9178115,39";"2000"
"3533700";"Ocauçu";"1622";"4325";"1,70";"2223,21";"4780406,85";"1500"
"3533809";"Óleo";"973";"2512";"1,78";"2113,38";"4152556,01";"1435"
"3533908";"Olímpia";"20415";"54973";"1,69";"3075,48";"14016090,38";"2000"
"3534005";"Onda Verde";"1703";"4766";"1,81";"2425,22";"6192975,21";"2000"
"3534104";"Oriente";"2202";"6060";"1,70";"2425,89";"4777316,66";"2000"
"3534203";"Orindiúva";"2117";"5994";"1,74";"2749,60";"7266122,83";"2200"
"3534302";"Orlândia";"13558";"38253";"1,81";"2988,26";"13559178,96";"2001"
"3534401";"Osasco";"261463";"725608";"1,91";"3626,43";"113878215,32";"2300"
"3534500";"Oscar Bressane";"958";"2465";"1,47";"2159,21";"6418047,36";"1300"
"3534609";"Osvaldo Cruz";"11756";"30012";"1,50";"2788,22";"10480847,96";"2000"
"3534708";"Ourinhos";"37999";"103624";"1,81";"3198,06";"17272483,59";"2000"
"3534757";"Ouroeste";"4044";"10279";"1,50";"2744,86";"11240535,74";"2000"
"3534807";"Ouro Verde";"2929";"7779";"1,66";"1926,71";"3807546,31";"1356"
"3534906";"Pacaembu";"3828";"9765";"1,52";"2568,74";"7542695,79";"1800"
"3535002";"Palestina";"4452";"11452";"1,54";"2579,77";"8222063,95";"2000"
"3535101";"Palmares Paulista";"3430";"9625";"1,73";"2203,29";"2370940,57";"2000"
"3535200";"Palmeira d'Oeste";"3535";"8878";"1,45";"2273,59";"7550260,32";"1500"
"3535309";"Palmital";"7363";"19565";"1,65";"2931,27";"12356419,14";"2000"
"3535408";"Panorama";"5489";"14938";"1,89";"2347,56";"5873195,17";"1762.5"
"3535507";"Paraguaçu Paulista";"14823";"39855";"1,79";"2573,24";"8446709,98";"2000"
"3535606";"Paraibuna";"6622";"17602";"1,87";"2352,27";"6573052,53";"1500"
"3535705";"Paraíso";"2268";"6099";"1,66";"2782,05";"9516399,82";"2000"
"3535804";"Paranapanema";"6841";"19350";"1,83";"2696,74";"11901443,47";"2000"
"3535903";"Paranapuã";"1527";"4013";"1,60";"2445,36";"4632260,23";"2000"
"3536000";"Parapuã";"4102";"10553";"1,64";"2185,82";"3898041,60";"1500"
"3536109";"Pardinho";"2499";"7125";"1,99";"3415,14";"972841507,38";"2000"
"3536208";"Pariquera-Açu";"6868";"19186";"2,03";"2760,40";"1392438078,37";"1600"
"3536257";"Parisi";"1108";"2890";"1,60";"2086,27";"2426426,17";"1612"
"3536307";"Patrocínio Paulista";"5023";"14473";"2,07";"2381,25";"7325277,17";"1800"
"3536406";"Paulicéia";"2930";"7923";"1,83";"2044,63";"5994969,66";"1500"
"3536505";"Paulínia";"37887";"110116";"1,73";"5224,05";"36773651,49";"3000"
"3536570";"Paulistânia";"765";"2087";"1,90";"2156,22";"4458318,44";"1600"
"3536604";"Paulo de Faria";"2910";"7158";"1,54";"2460,76";"96701477,75";"1500"
"3536703";"Pederneiras";"15600";"44632";"1,89";"2844,06";"7889490,85";"2100"
"3536802";"Pedra Bela";"2462";"6526";"1,67";"2120,80";"4814265,67";"1500"
"3536901";"Pedranópolis";"1052";"2737";"1,43";"2494,75";"7227347,74";"1800"
"3537008";"Pedregulho";"5570";"15493";"1,93";"2456,85";"14258277,76";"1800"
"3537107";"Pedreira";"15756";"43010";"1,70";"2702,22";"8218351,43";"2000"
"3537156";"Pedrinhas Paulista";"1063";"2801";"1,41";"2854,42";"11649460,66";"2000"
"3537206";"Pedro de Toledo";"3941";"11238";"2,57";"2048,43";"3633364,95";"1500"
"3537305";"Penápolis";"23207";"61392";"1,66";"2951,46";"16934729,65";"2000"
"3537404";"Pereira Barreto";"9230";"24009";"1,72";"2694,03";"10644220,54";"2000"
"3537503";"Pereiras";"3111";"8721";"2,04";"2372,61";"8711319,40";"1700"
"3537602";"Peruíbe";"25003";"67857";"2,14";"2725,76";"12762023,21";"1784.5"
"3537701";"Piacatu";"2081";"5490";"1,57";"2162,00";"3182948,70";"1500"
"3537800";"Piedade";"19053";"52812";"1,80";"2349,61";"6220229,81";"1600"
"3537909";"Pilar do Sul";"9571";"27534";"1,87";"2603,65";"13778578,15";"1900"
"3538006";"Pindamonhangaba";"57979";"165021";"1,96";"3113,90";"27638497,72";"2000"
"3538105";"Pindorama";"5459";"14473";"1,58";"2741,64";"7664092,33";"2000"
"3538204";"Pinhalzinho";"5650";"15162";"1,73";"2258,57";"3733808,33";"1700"
"3538303";"Piquerobi";"1284";"3264";"1,48";"2072,79";"3468263,71";"1400"
"3538501";"Piquete";"4563";"12433";"1,97";"2488,07";"5581910,97";"1800"
"3538600";"Piracaia";"9516";"25945";"2,07";"2705,69";"9726657,85";"2000"
"3538709";"Piracicaba";"155403";"419769";"1,76";"3982,84";"51752526,56";"2500"
"3538808";"Piraju";"11015";"29332";"1,88";"2731,21";"10251544,79";"2000"
"3538907";"Pirajuí";"7482";"19099";"1,60";"2664,10";"8226805,20";"1800"
"3539004";"Pirangi";"4028";"10849";"1,63";"2691,97";"8704158,24";"2000"
"3539103";"Pirapora do Bom Jesus";"6093";"18305";"2,37";"2117,33";"5156145,82";"1500"
"3539202";"Pirapozinho";"9235";"25282";"1,67";"2754,06";"11959562,96";"2000"
"3539301";"Pirassununga";"27605";"73334";"1,77";"3444,88";"14659229,35";"2200"
"3539400";"Piratininga";"5240";"14964";"1,74";"3970,46";"22165993,79";"2500"
"3539509";"Pitangueiras";"11903";"33631";"1,88";"2506,86";"20559781,53";"2000"
"3539608";"Planalto";"1645";"4386";"1,79";"2268,30";"6562875,32";"1500"
"3539707";"Platina";"1133";"3022";"1,76";"1978,55";"4272733,30";"1500"
"3539806";"Poá";"35374";"103594";"2,04";"2674,55";"6665703,22";"2000"
"3539905";"Poloni";"2168";"5583";"1,68";"2534,95";"7973984,78";"1800"
"3540002";"Pompéia";"7310";"20159";"1,63";"3219,83";"11743376,41";"2300"
"3540101";"Pongaí";"1363";"3393";"1,47";"2418,68";"6276907,65";"1600"
"3540200";"Pontal";"13113";"37010";"1,77";"2511,79";"4955314,62";"2000"
"3540259";"Pontalinda";"1549";"4121";"1,67";"1937,96";"2702141,10";"1500"
"3540309";"Pontes Gestal";"957";"2387";"1,56";"2276,37";"6406169,72";"1600"
"3540408";"Populina";"1614";"4111";"1,58";"2090,11";"4259270,15";"1300"
"3540507";"Porangaba";"3923";"10445";"1,90";"2568,81";"8894476,98";"1900"
"3540606";"Porto Feliz";"18654";"55043";"2,13";"2954,22";"13623249,53";"2000"
"3540705";"Porto Ferreira";"19041";"52544";"1,84";"2762,59";"10635978,08";"2000"
"3540754";"Potim";"5736";"17508";"2,47";"1872,76";"2275781,21";"1380"
"3540804";"Potirendaba";"6803";"18449";"1,68";"2883,27";"7552145,89";"2200"
"3540853";"Pracinha";"539";"1419";"1,67";"1903,58";"2394947,08";"1500"
"3540903";"Pradópolis";"5865";"17071";"1,85";"2800,04";"5427393,36";"2200"
"3541000";"Praia Grande";"130031";"348501";"1,95";"3465,59";"140722693,74";"2400"
"3541059";"Pratânia";"1750";"5126";"2,07";"2283,85";"12161456,40";"1600"
"3541109";"Presidente Alves";"1447";"3800";"1,66";"2590,60";"29705071,26";"1700"
"3541208";"Presidente Bernardes";"4767";"12403";"1,54";"2647,58";"10238192,08";"1800"
"3541307";"Presidente Epitácio";"15034";"39321";"1,62";"2540,34";"8843963,24";"1800"
"3541406";"Presidente Prudente";"85258";"223757";"1,62";"3631,33";"63992094,04";"2300"
"3541505";"Presidente Venceslau";"13690";"34327";"1,51";"3056,09";"14846144,65";"2000"
"3541604";"Promissão";"12858";"35005";"1,79";"2658,71";"7385812,02";"2000"
"3541653";"Quadra";"1191";"3369";"1,95";"2461,83";"10571208,89";"1600"
"3541703";"Quatá";"4827";"13128";"1,64";"2432,17";"6197709,63";"2000"
"3541802";"Queiroz";"1223";"3254";"1,67";"2130,63";"3399634,42";"1600"
"3541901";"Queluz";"3249";"9088";"2,02";"2128,93";"4239547,13";"1500"
"3542008";"Quintana";"2519";"7025";"1,82";"2282,46";"3595850,74";"1800"
"3542107";"Rafard";"3101";"8964";"1,96";"2607,94";"5722309,05";"2000"
"3542206";"Rancharia";"10746";"28513";"1,70";"2626,95";"11093619,64";"1800"
"3542305";"Redenção da Serra";"1680";"4493";"2,29";"1805,03";"4123961,97";"1212"
"3542404";"Regente Feijó";"7519";"20104";"1,65";"2493,46";"7857994,19";"1850"
"3542503";"Reginópolis";"2138";"5637";"1,63";"2600,18";"8101977,14";"2000"
"3542602";"Registro";"21361";"58896";"1,91";"2724,77";"10168664,22";"1800"
"3542701";"Restinga";"2183";"6380";"2,10";"2003,71";"4117111,13";"1500"
"3542800";"Ribeira";"1163";"3130";"1,85";"1874,54";"6570514,79";"1212"
"3542909";"Ribeirão Bonito";"4032";"10946";"1,77";"2472,78";"12522792,15";"1500"
"3543006";"Ribeirão Branco";"6565";"18618";"1,76";"1806,24";"3843296,42";"1212"
"3543105";"Ribeirão Corrente";"1584";"4604";"1,92";"1991,92";"3565873,80";"1400"
"3543204";"Ribeirão do Sul";"1736";"4677";"1,64";"2338,56";"12803044,06";"1330"
"3543238";"Ribeirão dos Índios";"816";"2025";"1,51";"2031,73";"6059907,88";"1500"
"3543253";"Ribeirão Grande";"2669";"7443";"1,58";"1891,19";"1934178,52";"1400"
"3543303";"Ribeirão Pires";"41439";"115071";"1,83";"3010,83";"13439688,88";"2002"
"3543402";"Ribeirão Preto";"265904";"694238";"1,73";"4580,42";"322421227,54";"2630"
"3543501";"Riversul";"2115";"5593";"1,74";"1758,30";"3795492,58";"1212"
"3543600";"Rifaina";"1451";"3999";"2,08";"2520,67";"6401824,37";"1800"
"3543709";"Rincão";"3315";"9064";"2,01";"2370,53";"3780503,44";"1900"
"3543808";"Rinópolis";"3498";"9216";"1,66";"2183,75";"5855184,06";"1500"
"3543907";"Rio Claro";"74059";"200259";"1,71";"3555,52";"19222494,18";"2424"
"3544004";"Rio das Pedras";"10670";"31289";"1,82";"3107,09";"9757384,69";"2400"
"3544103";"Rio Grande da Serra";"15728";"44030";"1,90";"2157,12";"3523137,75";"1700"
"3544202";"Riolândia";"3003";"7883";"1,86";"2093,48";"4682738,29";"1300"
"3544251";"Rosana";"6529";"17246";"1,64";"2692,50";"9913437,66";"1900"
"3544301";"Roseira";"3637";"10828";"2,86";"2458,24";"6196431,36";"1900"
"3544400";"Rubiácea";"998";"2693";"1,67";"2048,43";"2322846,38";"1800"
"3544509";"Rubinéia";"1497";"3815";"1,70";"2697,19";"8299769,89";"2000"
"3544608";"Sabino";"2035";"5112";"1,65";"2095,50";"4665444,96";"1500"
"3544707";"Sagres";"917";"2469";"1,83";"1938,38";"3160005,73";"1400"
"3544806";"Sales";"2466";"6400";"1,57";"2240,03";"4533986,24";"1586"
"3544905";"Sales Oliveira";"4091";"11362";"1,71";"2811,71";"5742168,76";"2200"
"3545001";"Salesópolis";"5393";"15044";"2,10";"2263,82";"14131429,89";"1500"
"3545100";"Salmourão";"1798";"4788";"1,65";"2059,58";"3070532,82";"1500"
"3545159";"Saltinho";"2913";"8155";"1,58";"3270,72";"12662319,13";"2500"
"3545209";"Salto";"46786";"134069";"1,87";"3813,86";"1172705629,56";"2500"
"3545308";"Salto de Pirapora";"15302";"43645";"1,93";"2560,18";"6912928,42";"2000"
"3545407";"Salto Grande";"3351";"8985";"1,84";"2334,13";"6322606,96";"1796"
"3545506";"Sandovalina";"1219";"3521";"1,82";"2143,08";"3240436,74";"1700"
"3545605";"Santa Adélia";"5248";"13957";"1,68";"2514,85";"6637276,25";"2000"
"3545704";"Santa Albertina";"2569";"6340";"1,45";"2400,25";"4416184,01";"2000"
"3545803";"Santa Bárbara d'Oeste";"66064";"183060";"1,69";"3297,12";"156263830,17";"2500"
"3546009";"Santa Branca";"5161";"13962";"2,01";"2438,01";"10288852,00";"1600"
"3546108";"Santa Clara d'Oeste";"946";"2588";"1,79";"2349,94";"5655496,55";"1760"
"3546207";"Santa Cruz da Conceição";"1631";"4271";"1,62";"3128,41";"10496333,37";"2300"
"3546256";"Santa Cruz da Esperança";"764";"2105";"1,82";"2317,81";"5994942,51";"1606"
"3546306";"Santa Cruz das Palmeiras";"10416";"28806";"1,74";"2696,05";"9012175,17";"2000"
"3546405";"Santa Cruz do Rio Pardo";"16711";"46303";"1,81";"3024,13";"12049586,89";"2001"
"3546504";"Santa Ernestina";"2201";"6108";"1,66";"2688,53";"8500560,28";"2200"
"3546603";"Santa Fé do Sul";"13400";"34646";"1,62";"3123,74";"12582168,99";"2100"
"3546702";"Santa Gertrudes";"8137";"23471";"1,70";"3634,43";"5024368969,68";"2400"
"3546801";"Santa Isabel";"18726";"53003";"1,95";"2547,01";"141467412,77";"1700"
"3546900";"Santa Lúcia";"2463";"7141";"1,85";"2320,12";"2710024,98";"2000"
"3547007";"Santa Maria da Serra";"1854";"5239";"1,99";"2326,77";"6780528,68";"1800"
"3547106";"Santa Mercedes";"1142";"2956";"1,60";"2312,33";"9032495,52";"1600"
"3547205";"Santana da Ponte Pensa";"667";"1670";"1,33";"2091,35";"4421373,79";"1300"
"3547304";"Santana de Parnaíba";"52310";"154045";"1,87";"6131,16";"98060564,95";"2500"
"3547403";"Santa Rita d'Oeste";"1089";"2733";"1,40";"2053,10";"2037130,80";"1570"
"3547502";"Santa Rita do Passa Quatro";"9460";"24674";"1,56";"3125,76";"11316764,64";"2300"
"3547601";"Santa Rosa de Viterbo";"8597";"23369";"1,73";"2704,76";"7502469,44";"2000"
"3547650";"Santa Salete";"646";"1643";"1,36";"2572,75";"3311210,11";"2000"
"3547700";"Santo Anastácio";"6888";"17908";"1,58";"2625,34";"8226361,76";"1800"
"3547809";"Santo André";"280354";"745559";"1,63";"4436,37";"37743117,50";"3000"
"3547908";"Santo Antônio da Alegria";"2566";"6756";"1,74";"2191,60";"5479923,56";"1500"
"3548005";"Santo Antônio de Posse";"7986";"23161";"2,10";"2478,60";"5899122,22";"2000"
"3548054";"Santo Antônio do Aracanguá";"3135";"8360";"1,61";"2350,91";"4434676,85";"2000"
"3548104";"Santo Antônio do Jardim";"2146";"6126";"1,92";"2308,03";"7386927,72";"1700"
"3548203";"Santo Antônio do Pinhal";"2604";"7118";"1,97";"2822,24";"15943515,62";"1800"
"3548302";"Santo Expedito";"1194";"3000";"1,54";"2154,96";"9161663,65";"1450"
"3548401";"Santópolis do Aguapeí";"1470";"3899";"1,77";"1962,06";"4402199,18";"1500"
"3548500";"Santos";"167455";"416760";"1,68";"5690,33";"171670219,08";"3500"
"3548609";"São Bento do Sapucaí";"4283";"11606";"1,98";"2726,78";"13359316,58";"1700"
"3548708";"São Bernardo do Campo";"300644";"809581";"1,74";"4147,27";"133488943,71";"2500"
"3548807";"São Caetano do Sul";"61987";"164930";"1,63";"6554,02";"69757872,66";"4000"
"3548906";"São Carlos";"96611";"253661";"1,73";"3819,55";"32807817,73";"2500"
"3549003";"São Francisco";"1044";"2602";"1,38";"2225,67";"5580188,84";"1600"
"3549102";"São João da Boa Vista";"34670";"92281";"1,68";"3405,75";"16727176,34";"2300"
"3549201";"São João das Duas Pontes";"980";"2575";"1,65";"2202,65";"3277676,75";"1800"
"3549250";"São João de Iracema";"687";"1845";"1,82";"2379,38";"5483708,51";"1800"
"3549300";"São João do Pau d'Alho";"925";"2229";"1,37";"2203,79";"2972393,07";"1500"
"3549409";"São Joaquim da Barra";"17404";"48446";"1,82";"2890,54";"10402785,75";"2100"
"3549508";"São José da Bela Vista";"2667";"7597";"1,99";"1963,80";"4832873,32";"1500"
"3549607";"São José do Barreiro";"1443";"3828";"2,08";"2056,60";"6155781,02";"1212"
"3549706";"São José do Rio Pardo";"18747";"51946";"1,87";"2868,03";"10375463,62";"2000"
"3549805";"São José do Rio Preto";"185594";"477318";"1,63";"4162,13";"94301889,11";"2500"
"3549904";"São José dos Campos";"247851";"695155";"1,91";"4414,00";"111431580,00";"2500"
"3549953";"São Lourenço da Serra";"5837";"15987";"1,91";"2416,34";"11802405,36";"1500"
"3550001";"São Luiz do Paraitinga";"4161";"10296";"1,61";"2246,54";"8603279,24";"1500"
"3550100";"São Manuel";"13523";"37212";"1,88";"2696,64";"7950303,26";"2000"
"3550209";"São Miguel Arcanjo";"11242";"31954";"1,99";"2256,95";"7104054,45";"1500"
"3550308";"São Paulo";"4307291";"11394012";"1,86";"4961,95";"196373090,54";"2500"
"3550407";"São Pedro";"13918";"38091";"1,90";"3047,49";"11523845,07";"2001"
"3550506";"São Pedro do Turvo";"2609";"7210";"1,73";"2223,79";"7979506,73";"1500"
"3550605";"São Roque";"28460";"79276";"2,07";"3582,25";"21638549,02";"2400"
"3550704";"São Sebastião";"28970";"81411";"2,07";"3016,20";"46141762,65";"2000"
"3550803";"São Sebastião da Grama";"3862";"10399";"1,63";"2317,99";"4341545,48";"1600"
"3550902";"São Simão";"4871";"13388";"1,90";"2833,93";"9790427,77";"2000"
"3551009";"São Vicente";"119677";"324191";"2,14";"2783,37";"10707791,55";"2000"
"3551108";"Sarapuí";"3706";"10289";"1,98";"4138,81";"2096023949,54";"1700"
"3551207";"Sarutaiá";"1362";"3660";"1,77";"1800,95";"2181328,43";"1240"
"3551306";"Sebastianópolis do Sul";"1246";"3124";"1,35";"2630,48";"11002281,99";"2000"
"3551405";"Serra Azul";"3085";"8990";"2,06";"2214,88";"5321676,38";"1600"
"3551504";"Serrana";"14886";"43775";"1,96";"2502,09";"302740104,28";"1980"
"3551603";"Serra Negra";"11174";"29798";"1,86";"3010,04";"13502130,04";"2000"
"3551702";"Sertãozinho";"45875";"126731";"1,68";"3338,45";"13878573,12";"2500"
"3551801";"Sete Barras";"4480";"12685";"2,27";"1891,23";"4411923,21";"1212"
"3551900";"Severínia";"5058";"14534";"1,98";"2513,41";"6933151,03";"2000"
"3552007";"Silveiras";"2230";"6174";"2,02";"2055,00";"5394096,97";"1280"
"3552106";"Socorro";"15111";"39982";"1,65";"2760,17";"9152056,98";"2000"
"3552205";"Sorocaba";"261524";"719468";"1,78";"4062,07";"96707345,85";"2500"
"3552304";"Sud Mennucci";"2810";"7351";"1,63";"2279,34";"3011862,77";"1800"
"3552403";"Sumaré";"98544";"279321";"1,78";"2996,35";"11421860,34";"2100"
"3552502";"Suzano";"105737";"306808";"1,98";"2702,23";"13646360,54";"2000"
"3552551";"Suzanápolis";"1279";"3407";"1,62";"2272,52";"3418444,86";"1900"
"3552601";"Tabapuã";"4328";"11240";"1,55";"2564,28";"14493842,29";"1955"
"3552700";"Tabatinga";"5512";"14728";"1,69";"2244,71";"6611980,01";"1600"
"3552809";"Taboão da Serra";"99418";"273306";"1,90";"3110,30";"25660462,85";"2000"
"3552908";"Taciba";"2323";"6257";"1,74";"2322,01";"6558387,74";"1700"
"3553005";"Taguaí";"4353";"12657";"1,81";"2037,59";"6157572,02";"1394"
"3553104";"Taiaçu";"2086";"5677";"1,79";"2063,01";"3103756,17";"1500"
"3553203";"Taiúva";"2091";"5516";"1,83";"2574,39";"12413043,13";"1900"
"3553302";"Tambaú";"7619";"21366";"1,95";"2617,06";"6943791,41";"2000"
"3553401";"Tanabi";"9549";"25213";"1,65";"2647,19";"7942729,25";"1800"
"3553500";"Tapiraí";"2808";"7958";"2,04";"2008,76";"3726513,43";"1500"
"3553609";"Tapiratiba";"4204";"11751";"1,76";"2414,34";"4701647,59";"1900"
"3553658";"Taquaral";"949";"2619";"1,79";"2217,85";"7538987,85";"1500"
"3553708";"Taquaritinga";"19809";"52098";"1,73";"2723,24";"10540346,46";"2000"
"3553807";"Taquarituba";"8367";"23139";"1,90";"2397,43";"9051637,51";"1500"
"3553856";"Taquarivaí";"2331";"6868";"1,85";"2081,56";"7235502,63";"1500"
"3553906";"Tarabai";"2319";"6510";"1,77";"2168,05";"7167681,21";"1663"
"3553955";"Tarumã";"5231";"14875";"1,72";"2378,85";"4005229,09";"2000"
"3554003";"Tatuí";"44199";"123688";"1,94";"2894,03";"35188201,62";"2000"
"3554102";"Taubaté";"112832";"309631";"1,90";"3672,15";"43466190,49";"2440"
"3554201";"Tejupá";"1434";"4127";"2,00";"1835,96";"2462407,44";"1212"
"3554300";"Teodoro Sampaio";"8104";"22118";"1,65";"2277,02";"4454988,68";"1700"
"3554409";"Terra Roxa";"2925";"7867";"1,53";"2591,26";"15542098,51";"2000"
"3554508";"Tietê";"13833";"37541";"1,77";"3214,03";"185364366,71";"2100"
"3554607";"Timburi";"975";"2451";"1,57";"1807,06";"2838289,44";"1212"
"3554656";"Torre de Pedra";"814";"2046";"1,51";"2142,37";"2813110,66";"1500"
"3554706";"Torrinha";"3418";"9275";"1,90";"2814,62";"6652895,95";"2200"
"3554755";"Trabiju";"598";"1680";"1,69";"2016,51";"2967314,14";"1500"
"3554805";"Tremembé";"15140";"44335";"2,13";"3726,04";"20921152,56";"2200"
"3554904";"Três Fronteiras";"2587";"6800";"1,56";"2489,89";"8876325,98";"1900"
"3554953";"Tuiuti";"2527";"6778";"1,81";"2185,67";"3550745,97";"1500"
"3555000";"Tupã";"24061";"63301";"1,64";"2921,08";"12499322,79";"2000"
"3555109";"Tupi Paulista";"5569";"14014";"1,42";"2945,22";"13081005,40";"2000"
"3555208";"Turiúba";"756";"1818";"1,58";"2514,89";"7475338,55";"1700"
"3555307";"Turmalina";"711";"1665";"1,15";"2346,40";"4959669,81";"1550"
"3555356";"Ubarana";"1920";"5361";"1,80";"2023,69";"2549737,12";"1600"
"3555406";"Ubatuba";"33956";"92641";"2,03";"2788,62";"12338697,43";"1800"
"3555505";"Ubirajara";"1832";"5129";"2,02";"2334,77";"16956426,05";"1600"
"3555604";"Uchoa";"3982";"10370";"1,62";"2680,58";"7296541,30";"2000"
"3555703";"União Paulista";"585";"1603";"1,92";"2150,55";"3121014,91";"1700"
"3555802";"Urânia";"3434";"8808";"1,61";"2490,94";"35789859,00";"1800"
"3555901";"Uru";"538";"1384";"1,55";"2351,16";"5289595,19";"1800"
"3556008";"Urupês";"5205";"13714";"1,54";"2484,31";"6394567,48";"1800"
"3556107";"Valentim Gentil";"5173";"14067";"1,56";"2486,91";"4900586,64";"2000"
"3556206";"Valinhos";"46354";"126069";"1,59";"5794,12";"80940443,85";"3001"
"3556305";"Valparaíso";"7763";"21282";"1,88";"2599,87";"6181563,76";"2000"
"3556354";"Vargem";"3658";"10491";"2,02";"2317,34";"3506925,25";"1800"
"3556404";"Vargem Grande do Sul";"14591";"40017";"1,83";"2536,72";"7049106,31";"2000"
"3556453";"Vargem Grande Paulista";"17645";"50315";"1,96";"3850,83";"25010238,13";"2222"
"3556503";"Várzea Paulista";"40492";"115557";"1,86";"2680,44";"4953861,20";"2000"
"3556602";"Vera Cruz";"3569";"10127";"2,02";"2517,44";"6091187,44";"1800"
"3556701";"Vinhedo";"27415";"76282";"1,71";"6111,64";"75813219,32";"3000"
"3556800";"Viradouro";"6225";"17364";"1,74";"4019,37";"11364436156,66";"2000"
"3556909";"Vista Alegre do Alto";"2865";"8104";"1,80";"2535,61";"8532107,74";"2000"
"3556958";"Vitória Brasil";"693";"1794";"1,48";"2109,71";"2405820,18";"1500"
"3557006";"Votorantim";"44333";"126897";"1,90";"3443,12";"417181744,12";"2300"
"3557105";"Votuporanga";"37331";"96486";"1,54";"3233,55";"15133898,73";"2100"
"3557154";"Zacarias";"1055";"2690";"1,53";"2414,29";"15167952,92";"1700"
"3557204";"Chavantes";"4343";"12164";"1,93";"2451,84";"14451646,47";"2000"
"3557303";"Estiva Gerbi";"3812";"11236";"1,82";"2807,13";"8366375,27";"2000"
"4100103";"Abatiá";"2711";"7194";"1,69";"1864,90";"2434193,09";"1212"
"4100202";"Adrianópolis";"2304";"6204";"2,06";"2032,20";"4691013,60";"1243"
"4100301";"Agudos do Sul";"3633";"10169";"2,03";"2157,13";"10463955,54";"1500"
"4100400";"Almirante Tamandaré";"40796";"119406";"2,03";"2552,05";"15581428,82";"2000"
"4100459";"Altamira do Paraná";"1330";"3586";"1,72";"2276,76";"10617646,83";"1561"
"4100509";"Altônia";"7196";"18662";"1,53";"2237,58";"8136444,88";"1500"
"4100608";"Alto Paraná";"5065";"13866";"1,79";"2259,19";"6765968,44";"1600"
"4100707";"Alto Piquiri";"3683";"9689";"1,75";"2065,12";"3512014,25";"1500"
"4100806";"Alvorada do Sul";"3888";"10199";"1,76";"2518,23";"11218367,19";"1700"
"4100905";"Amaporã";"1733";"4752";"1,73";"1813,77";"1944237,37";"1400"
"4101002";"Ampére";"7293";"19603";"1,50";"3174,55";"20172183,16";"2400"
"4101051";"Anahy";"1116";"2918";"1,64";"2177,10";"12419863,04";"1411"
"4101101";"Andirá";"7475";"19784";"1,60";"2387,12";"8059952,21";"1593"
"4101150";"Ângulo";"1221";"3233";"1,57";"2484,06";"16185245,59";"1670"
"4101200";"Antonina";"6522";"18026";"2,13";"2340,92";"6323726,21";"1500"
"4101309";"Antônio Olinto";"2771";"7013";"1,53";"2093,30";"8196101,08";"1250"
"4101408";"Apucarana";"48133";"129577";"1,61";"2929,08";"11643768,86";"2000"
"4101507";"Arapongas";"43959";"118924";"1,57";"3084,98";"13046293,39";"2000"
"4101606";"Arapoti";"9190";"25689";"1,77";"2849,46";"15740902,61";"1980.5"
"4101655";"Arapuã";"1337";"3527";"1,44";"2133,83";"16779073,38";"1212"
"4101705";"Araruna";"5457";"14463";"1,47";"2347,97";"19959060,53";"1600"
"4101804";"Araucária";"53283";"151559";"1,75";"2814,26";"6300795,79";"2100"
"4101853";"Ariranha do Ivaí";"894";"2329";"1,48";"2235,04";"9815128,33";"1412"
"4101903";"Assaí";"5145";"13673";"1,55";"2291,82";"10901605,60";"1300"
"4102000";"Assis Chateaubriand";"13907";"36732";"1,56";"2840,77";"11364770,29";"2000"
"4102109";"Astorga";"9556";"25394";"1,52";"2687,81";"43565489,86";"1836"
"4102208";"Atalaia";"1469";"3839";"1,45";"2669,80";"5799524,72";"2000"
"4102307";"Balsa Nova";"4792";"13387";"1,72";"2651,15";"8014234,94";"2000"
"4102406";"Bandeirantes";"11314";"31138";"1,69";"2528,88";"11105939,52";"1680"
"4102505";"Barbosa Ferraz";"4306";"10753";"1,44";"1954,47";"4138536,65";"1212"
"4102604";"Barracão";"3602";"9692";"1,79";"2630,47";"8119785,51";"1800"
"4102703";"Barra do Jacaré";"1045";"2813";"1,64";"2463,63";"10856956,12";"1600"
"4102752";"Bela Vista da Caroba";"1461";"4031";"1,40";"3252,39";"33978967,43";"2000"
"4102802";"Bela Vista do Paraíso";"5533";"14774";"1,56";"2375,24";"8267855,85";"1500"
"4102901";"Bituruna";"5183";"15523";"1,97";"2407,38";"7059363,42";"1800"
"4103008";"Boa Esperança";"1731";"4556";"1,54";"2592,79";"8668038,11";"1800"
"4103024";"Boa Esperança do Iguaçu";"881";"2442";"1,41";"4954,49";"117995343,04";"2000"
"4103040";"Boa Ventura de São Roque";"2239";"6302";"1,54";"2890,19";"30926952,40";"1500"
"4103057";"Boa Vista da Aparecida";"2893";"7898";"1,85";"2003,02";"4761508,66";"1300"
"4103107";"Bocaiúva do Sul";"4650";"13256";"2,01";"2407,86";"27931740,13";"1600"
"4103156";"Bom Jesus do Sul";"1540";"3980";"1,45";"2333,90";"11747907,27";"1311"
"4103206";"Bom Sucesso";"2440";"6576";"1,74";"2130,17";"4123958,38";"1600"
"4103222";"Bom Sucesso do Sul";"1181";"3202";"1,45";"2963,77";"25120385,54";"1800"
"4103305";"Borrazópolis";"3054";"7734";"1,40";"2267,72";"11577022,83";"1500"
"4103354";"Braganey";"1862";"4853";"1,53";"2123,03";"3976242,84";"1450"
"4103370";"Brasilândia do Sul";"1424";"3705";"1,58";"2117,74";"11682433,09";"1500"
"4103404";"Cafeara";"1006";"2623";"1,56";"2355,80";"10228218,25";"1600"
"4103453";"Cafelândia";"6776";"18994";"1,70";"2922,01";"10470341,42";"2000"
"4103479";"Cafezal do Sul";"1730";"4464";"1,51";"2190,29";"10544665,05";"1500"
"4103503";"Califórnia";"3180";"8655";"1,68";"2152,25";"4659103,15";"1500"
"4103602";"Cambará";"8363";"23069";"1,85";"2425,33";"8286501,09";"1600"
"4103701";"Cambé";"39155";"106952";"1,59";"2842,83";"8834970,43";"2000"
"4103800";"Cambira";"3530";"9448";"1,50";"2441,16";"10535485,70";"1712"
"4103909";"Campina da Lagoa";"6022";"15680";"1,64";"2534,70";"9745201,15";"1700"
"4103958";"Campina do Simão";"1379";"3936";"1,86";"2199,14";"7373975,64";"1212"
"4104006";"Campina Grande do Sul";"16927";"47706";"1,84";"2753,36";"258565746,14";"2000"
"4104055";"Campo Bonito";"1463";"4024";"1,63";"2499,07";"6939959,74";"1730"
"4104105";"Campo do Tenente";"2460";"7499";"2,23";"2050,41";"5534258,18";"1355"
"4104204";"Campo Largo";"49348";"136037";"1,69";"3020,44";"9640576,76";"2200"
"4104253";"Campo Magro";"10870";"30129";"1,86";"2270,10";"4001094,04";"1800"
"4104303";"Campo Mourão";"37340";"98779";"1,60";"3475,39";"130178408,67";"2288.5"
"4104402";"Cândido de Abreu";"5588";"15233";"1,88";"2258,88";"10096871,29";"1400"
"4104428";"Candói";"5317";"14959";"1,74";"2483,15";"13995902,80";"1600"
"4104451";"Cantagalo";"3894";"10907";"1,81";"2244,04";"9784140,11";"1212"
"4104501";"Capanema";"7854";"20424";"1,53";"3130,79";"21990182,74";"2000"
"4104600";"Capitão Leônidas Marques";"5488";"14639";"1,60";"2522,75";"7874246,41";"1740"
"4104659";"Carambeí";"7901";"23235";"1,85";"2934,16";"18672209,03";"2000"
"4104709";"Carlópolis";"6181";"16814";"1,78";"2350,40";"8975417,94";"1500"
"4104808";"Cascavel";"129849";"345791";"1,68";"3882,37";"56890932,93";"2500"
"4104907";"Castro";"25030";"72921";"1,97";"2897,87";"30600590,54";"2000"
"4105003";"Catanduvas";"3371";"10288";"2,37";"2627,18";"26992602,89";"1500"
"4105102";"Centenário do Sul";"4242";"10787";"1,55";"2069,23";"3070302,26";"1500"
"4105201";"Cerro Azul";"5838";"16125";"1,86";"1838,53";"8227239,79";"1212"
"4105300";"Céu Azul";"4177";"11060";"1,50";"2686,62";"10371473,32";"2000"
"4105409";"Chopinzinho";"7724";"21036";"1,65";"2740,07";"17655027,21";"1800"
"4105508";"Cianorte";"29521";"79305";"1,54";"3055,85";"14016258,12";"2000"
"4105607";"Cidade Gaúcha";"4244";"11405";"1,69";"2558,45";"9484038,50";"1800"
"4105706";"Clevelândia";"5305";"14967";"1,88";"2700,82";"12158902,86";"1900"
"4105805";"Colombo";"81733";"231940";"1,86";"2842,67";"372350997,20";"2000"
"4105904";"Colorado";"8807";"22726";"1,46";"3053,89";"10664010,01";"2300"
"4106001";"Congonhinhas";"3152";"8293";"1,86";"2079,54";"7513291,26";"1220"
"4106100";"Conselheiro Mairinck";"1341";"3461";"1,61";"2383,44";"12152909,12";"1500"
"4106209";"Contenda";"6796";"19117";"1,73";"2302,61";"10361047,33";"1700"
"4106308";"Corbélia";"6417";"17363";"1,63";"2900,99";"11333502,53";"2000"
"4106407";"Cornélio Procópio";"16957";"44845";"1,59";"3340,55";"15656173,33";"2300"
"4106456";"Coronel Domingos Soares";"2006";"5634";"1,77";"1973,31";"6118793,15";"1500"
"4106506";"Coronel Vivida";"8594";"23317";"1,65";"2920,20";"14683820,91";"2000"
"4106555";"Corumbataí do Sul";"1468";"3757";"1,43";"1838,65";"2212858,16";"1212"
"4106571";"Cruzeiro do Iguaçu";"1536";"4092";"1,65";"2727,98";"16575212,98";"1943.5"
"4106605";"Cruzeiro do Oeste";"8710";"22512";"1,56";"2413,32";"5976245,80";"1800"
"4106704";"Cruzeiro do Sul";"1729";"4490";"1,55";"2105,00";"3441735,14";"1500"
"4106803";"Cruz Machado";"5682";"15945";"1,65";"1959,84";"11266826,52";"1212"
"4106852";"Cruzmaltina";"1076";"2892";"1,52";"2044,38";"3543062,38";"1300"
"4106902";"Curitiba";"685853";"1766164";"1,68";"5394,90";"104719485,07";"3000"
"4107009";"Curiúva";"5044";"13626";"1,55";"2107,47";"4622758,92";"1500"
"4107108";"Diamante do Norte";"1887";"5140";"1,59";"2369,47";"4062650,63";"1900"
"4107124";"Diamante do Sul";"1183";"3171";"1,62";"1897,32";"10475799,09";"1212"
"4107157";"Diamante D'Oeste";"1681";"4518";"1,73";"2331,01";"7277061,11";"1600"
"4107207";"Dois Vizinhos";"16962";"44758";"1,53";"3551,08";"26029912,50";"2400"
"4107256";"Douradina";"3461";"9161";"1,52";"2805,21";"14897491,11";"1800"
"4107306";"Doutor Camargo";"2519";"6311";"1,44";"2582,79";"12856495,29";"2000"
"4107405";"Enéas Marques";"2207";"5980";"1,53";"4400,52";"85160775,58";"2000"
"4107504";"Engenheiro Beltrão";"4798";"12423";"1,46";"2534,10";"7460936,06";"1800"
"4107520";"Esperança Nova";"709";"1849";"1,44";"2240,25";"3369995,58";"1990"
"4107538";"Entre Rios do Oeste";"1711";"4572";"1,55";"3484,02";"26463884,88";"2400"
"4107546";"Espigão Alto do Iguaçu";"1734";"4793";"1,87";"2450,95";"18812655,22";"1325"
"4107553";"Farol";"1137";"3038";"1,49";"2432,02";"12472444,53";"1600"
"4107603";"Faxinal";"6106";"16279";"1,60";"2410,22";"9734904,89";"1400"
"4107652";"Fazenda Rio Grande";"50430";"148703";"1,75";"2631,96";"5366604,79";"2000"
"4107702";"Fênix";"1772";"4467";"1,39";"2194,04";"5895025,29";"1400"
"4107736";"Fernandes Pinheiro";"2161";"6251";"1,77";"2084,48";"6792671,41";"1213"
"4107751";"Figueira";"2946";"8058";"1,91";"2090,93";"3420634,29";"1400"
"4107801";"Floraí";"1933";"4774";"1,34";"2324,25";"4427197,11";"1700"
"4107850";"Flor da Serra do Sul";"1625";"4357";"1,61";"3291,38";"26588499,95";"1700"
"4107900";"Floresta";"3872";"10454";"1,64";"2678,99";"15022797,80";"2000"
"4108007";"Florestópolis";"4264";"11442";"1,55";"2177,64";"3551201,85";"1700"
"4108106";"Flórida";"968";"2651";"1,62";"2311,49";"15018548,31";"1700"
"4108205";"Formosa do Oeste";"3009";"7626";"1,38";"2575,96";"12946019,46";"1800"
"4108304";"Foz do Iguaçu";"100226";"282252";"1,97";"3549,27";"21056088,45";"2100"
"4108320";"Francisco Alves";"2863";"8111";"1,89";"2243,74";"10314734,68";"1600"
"4108403";"Francisco Beltrão";"36855";"95366";"1,50";"3684,23";"39208766,38";"2400"
"4108452";"Foz do Jordão";"1781";"4926";"1,70";"2091,57";"4790837,66";"1212"
"4108502";"General Carneiro";"3833";"11006";"2,07";"2115,80";"4900639,12";"1500"
"4108551";"Godoy Moreira";"1184";"2977";"1,48";"1817,50";"4183883,61";"1212"
"4108601";"Goioerê";"10761";"28386";"1,64";"2769,63";"11469175,19";"1800"
"4108650";"Goioxim";"2305";"6563";"1,85";"2484,31";"22233973,37";"1212"
"4108700";"Grandes Rios";"2121";"5606";"1,60";"1968,01";"7403032,63";"1212"
"4108809";"Guaíra";"11738";"31885";"1,84";"2776,32";"34604210,51";"1712"
"4108908";"Guairaçá";"2431";"6582";"1,60";"2036,61";"5553618,66";"1500"
"4108957";"Guamiranga";"2793";"7817";"1,60";"2435,53";"11883030,56";"1500"
"4109005";"Guapirama";"1730";"4624";"1,68";"2163,21";"9561049,16";"1450"
"4109104";"Guaporema";"833";"2181";"1,67";"2825,37";"23324316,11";"1812"
"4109203";"Guaraci";"1815";"4728";"1,58";"2483,72";"7165652,21";"2000"
"4109302";"Guaraniaçu";"5255";"13689";"1,59";"2449,49";"13335270,44";"1706"
"4109401";"Guarapuava";"63944";"180659";"1,87";"3142,87";"32200068,98";"2000"
"4109500";"Guaraqueçaba";"2571";"7370";"2,25";"1626,47";"3122156,38";"1212"
"4109609";"Guaratuba";"15356";"41967";"2,02";"2904,65";"12669982,73";"2000"
"4109658";"Honório Serpa";"1775";"4935";"1,66";"3346,02";"30941711,35";"2000"
"4109708";"Ibaiti";"10744";"28687";"1,69";"2294,13";"5977457,03";"1500"
"4109757";"Ibema";"2350";"6218";"1,68";"2067,99";"3251782,43";"1500"
"4109807";"Ibiporã";"18782";"51341";"1,63";"2778,85";"8288473,96";"2000"
"4109906";"Icaraíma";"3335";"8939";"1,70";"2211,71";"5474847,17";"1500"
"4110003";"Iguaraçu";"1957";"5328";"1,59";"2479,27";"5201083,20";"2000"
"4110052";"Iguatu";"828";"2140";"1,51";"2152,50";"6630445,38";"1500"
"4110078";"Imbaú";"4751";"14238";"2,13";"2109,82";"3860375,99";"1700"
"4110102";"Imbituva";"10314";"29821";"1,70";"2476,93";"6571183,11";"1800"
"4110201";"Inácio Martins";"3294";"9660";"1,93";"1833,98";"6109411,41";"1212"
"4110300";"Inajá";"995";"2532";"1,55";"1865,60";"2273000,38";"1212"
"4110409";"Indianópolis";"1665";"4439";"1,60";"2107,06";"2720012,99";"1500"
"4110508";"Ipiranga";"4914";"14137";"1,63";"2384,14";"10014332,60";"1500"
"4110607";"Iporã";"5757";"15645";"1,73";"2436,39";"8355750,91";"1600"
"4110656";"Iracema do Oeste";"866";"2343";"1,51";"2126,30";"2438192,56";"1700"
"4110706";"Irati";"21729";"59056";"1,59";"2862,39";"11993657,04";"1957"
"4110805";"Iretama";"3956";"10590";"1,67";"2215,37";"4804757,96";"1500"
"4110904";"Itaguajé";"1677";"4467";"1,79";"2159,60";"4145936,50";"1500"
"4110953";"Itaipulândia";"4120";"11479";"1,74";"2814,18";"9373738,87";"2000"
"4111001";"Itambaracá";"2184";"5851";"1,64";"2230,74";"26829844,40";"1240"
"4111100";"Itambé";"2332";"6103";"1,53";"2760,88";"114614297,67";"2000"
"4111209";"Itapejara d'Oeste";"4487";"12305";"1,63";"2583,55";"16826502,92";"1800"
"4111258";"Itaperuçu";"10511";"31190";"1,96";"2067,18";"2501129,54";"1800"
"4111308";"Itaúna do Sul";"1313";"3572";"1,71";"1917,01";"2871453,61";"1212"
"4111407";"Ivaí";"4584";"13186";"1,79";"2096,08";"6523764,28";"1300"
"4111506";"Ivaiporã";"12759";"32596";"1,48";"2697,34";"10869805,88";"1680"
"4111555";"Ivaté";"2579";"6815";"1,51";"2025,70";"2540828,51";"1500"
"4111605";"Ivatuba";"1066";"2690";"1,37";"2942,41";"13020542,65";"2000"
"4111704";"Jaboti";"2046";"5419";"1,49";"2290,23";"7343996,87";"1500"
"4111803";"Jacarezinho";"14378";"40212";"1,96";"2679,73";"9953695,48";"1700"
"4111902";"Jaguapitã";"5506";"15022";"1,74";"2632,72";"5645978,47";"2000"
"4112009";"Jaguariaíva";"12767";"34944";"1,80";"2564,36";"9832516,11";"1800"
"4112108";"Jandaia do Sul";"8167";"21271";"1,50";"2810,51";"11782651,52";"2000"
"4112207";"Janiópolis";"2314";"5856";"1,50";"2097,94";"9111533,29";"1212"
"4112306";"Japira";"1833";"4970";"1,66";"2137,75";"5315399,18";"1400"
"4112405";"Japurá";"3472";"9144";"1,46";"2454,30";"7318087,23";"1800"
"4112504";"Jardim Alegre";"4569";"11999";"1,51";"2194,55";"5245688,51";"1500"
"4112603";"Jardim Olinda";"492";"1334";"1,60";"1976,02";"13030311,48";"1300"
"4112702";"Jataizinho";"4260";"11760";"1,78";"2102,23";"2827028,31";"1600"
"4112751";"Jesuítas";"3784";"10485";"1,76";"2504,53";"9489934,39";"2000"
"4112801";"Joaquim Távora";"4369";"11858";"1,64";"2335,31";"9387247,10";"1600"
"4112900";"Jundiaí do Sul";"1251";"3333";"1,81";"2004,74";"11524759,25";"1212"
"4112959";"Juranda";"2930";"7770";"1,57";"2680,77";"14343733,66";"1800"
"4113007";"Jussara";"2496";"6688";"1,60";"2534,12";"4225503,17";"2000"
"4113106";"Kaloré";"1750";"4530";"1,45";"2125,51";"12875996,71";"1212"
"4113205";"Lapa";"16656";"44932";"1,67";"2644,58";"11640968,44";"1800"
"4113254";"Laranjal";"1888";"5597";"1,81";"2051,63";"9173689,93";"1300"
"4113304";"Laranjeiras do Sul";"11855";"31930";"1,70";"3119,26";"20267157,16";"2000"
"4113403";"Leópolis";"1414";"3750";"1,67";"2210,63";"10719735,36";"1500"
"4113429";"Lidianópolis";"1534";"3931";"1,46";"1957,84";"4739508,76";"1212"
"4113452";"Lindoeste";"1877";"5168";"1,66";"2253,34";"6876715,84";"1600"
"4113502";"Loanda";"8565";"23055";"1,62";"2805,25";"8935945,66";"2000"
"4113601";"Lobato";"1734";"4599";"1,63";"2447,28";"8847949,81";"1700"
"4113700";"Londrina";"209364";"552029";"1,65";"4181,00";"47309634,59";"2500"
"4113734";"Luiziana";"2451";"6688";"1,54";"2846,76";"984717997,41";"1500"
"4113759";"Lunardelli";"1898";"4872";"1,59";"1841,65";"3915579,78";"1212"
"4113809";"Lupionópolis";"1868";"4789";"1,53";"2087,68";"3286963,25";"1600"
"4113908";"Mallet";"4926";"13411";"1,67";"2760,35";"22539407,08";"2000"
"4114005";"Mamborê";"5229";"13423";"1,45";"2826,90";"17297452,10";"1800"
"4114104";"Mandaguaçu";"11302";"31397";"1,59";"2644,59";"8363715,24";"2000"
"4114203";"Mandaguari";"13677";"36577";"1,60";"2734,62";"7459071,38";"2000"
"4114302";"Mandirituba";"9731";"27396";"1,88";"2317,58";"8900104,27";"1600"
"4114351";"Manfrinópolis";"1033";"2768";"1,43";"2734,41";"15253444,00";"1800"
"4114401";"Mangueirinha";"5914";"16586";"1,71";"2619,79";"13615801,26";"1700"
"4114500";"Manoel Ribas";"4938";"14219";"1,97";"2973,22";"23387059,26";"1800"
"4114609";"Marechal Cândido Rondon";"21041";"55619";"1,61";"3222,64";"14040520,11";"2400"
"4114708";"Maria Helena";"2278";"5859";"1,48";"2142,69";"6657119,98";"1500"
"4114807";"Marialva";"15259";"41710";"1,58";"2990,71";"9552750,23";"2200"
"4114906";"Marilândia do Sul";"3138";"8621";"1,68";"2300,82";"7075185,19";"1500"
"4115002";"Marilena";"2655";"7249";"1,55";"1993,58";"2384742,01";"1500"
"4115101";"Mariluz";"3675";"9825";"1,71";"1985,46";"4609628,81";"1300"
"4115200";"Maringá";"156493";"407140";"1,57";"4585,27";"50087135,00";"3000"
"4115309";"Mariópolis";"2417";"6366";"1,58";"3243,65";"47879249,46";"2000"
"4115358";"Maripá";"2319";"6545";"1,68";"2706,92";"6773881,56";"2000"
"4115408";"Marmeleiro";"5909";"15892";"1,52";"2896,51";"17961414,25";"1900"
"4115457";"Marquinho";"1591";"4503";"1,61";"2644,65";"20336229,85";"1400"
"4115507";"Marumbi";"1803";"4699";"1,47";"2157,38";"4709662,47";"1500"
"4115606";"Matelândia";"6501";"18374";"1,88";"2742,02";"6530537,82";"2000"
"4115705";"Matinhos";"15010";"39190";"1,87";"2910,14";"10167501,08";"2000"
"4115739";"Mato Rico";"1223";"3259";"1,55";"2031,16";"13257776,42";"1212"
"4115754";"Mauá da Serra";"3301";"9376";"1,81";"2065,70";"3274715,24";"1500"
"4115804";"Medianeira";"19553";"54215";"1,73";"3398,43";"15312771,51";"2420"
"4115853";"Mercedes";"2149";"5926";"1,58";"2889,27";"18690143,48";"2000"
"4115903";"Mirador";"818";"2236";"1,85";"1970,27";"3124353,92";"1500"
"4116000";"Miraselva";"751";"1966";"1,68";"2157,79";"3943455,89";"1500"
"4116059";"Missal";"4133";"11021";"1,58";"2871,43";"8295640,10";"2400"
"4116109";"Moreira Sales";"4495";"11126";"1,56";"2001,20";"5302661,76";"1300"
"4116208";"Morretes";"6646";"18303";"2,08";"2669,00";"185089169,91";"1500"
"4116307";"Munhoz de Melo";"1463";"3937";"1,68";"2601,62";"18793150,47";"1500"
"4116406";"Nossa Senhora das Graças";"1362";"3663";"1,54";"2488,35";"5892880,68";"2000"
"4116505";"Nova Aliança do Ivaí";"480";"1323";"1,65";"2399,75";"5848723,25";"1800"
"4116604";"Nova América da Colina";"1164";"3280";"1,74";"1810,49";"2700797,82";"1212"
"4116703";"Nova Aurora";"4893";"13728";"2,00";"2832,58";"10170939,23";"2100"
"4116802";"Nova Cantu";"2542";"6785";"1,62";"2382,57";"13608713,71";"1500"
"4116901";"Nova Esperança";"9985";"26528";"1,54";"2613,78";"9334280,67";"1800"
"4116950";"Nova Esperança do Sudoeste";"2055";"5597";"1,55";"5208,72";"106016623,35";"2224"
"4117008";"Nova Fátima";"2733";"7223";"1,64";"2093,96";"7235085,56";"1212"
"4117057";"Nova Laranjeiras";"4011";"12047";"2,47";"2051,63";"11857398,09";"1212"
"4117107";"Nova Londrina";"4750";"12870";"1,63";"2806,22";"13597721,11";"2000"
"4117206";"Nova Olímpia";"2262";"5822";"1,45";"1926,01";"2995965,89";"1300"
"4117214";"Nova Santa Bárbara";"1600";"4184";"1,60";"1884,56";"2272176,24";"1300"
"4117222";"Nova Santa Rosa";"3104";"8284";"1,60";"2798,07";"10701816,63";"2000"
"4117255";"Nova Prata do Iguaçu";"4513";"12684";"1,79";"3308,92";"24655851,97";"2000"
"4117271";"Nova Tebas";"2550";"6830";"1,61";"2439,98";"18485487,94";"1212"
"4117297";"Novo Itacolomi";"1159";"3124";"1,33";"2393,30";"8492533,30";"1700"
"4117305";"Ortigueira";"8744";"24074";"1,77";"2114,68";"7770117,80";"1400"
"4117404";"Ourizona";"1196";"3187";"1,55";"2569,06";"14671497,27";"1800"
"4117453";"Ouro Verde do Oeste";"2467";"6740";"1,57";"2352,40";"6511133,23";"1800"
"4117503";"Paiçandu";"16546";"45915";"1,60";"2339,18";"8992544,03";"1900"
"4117602";"Palmas";"16300";"48069";"1,91";"2786,80";"268368905,68";"2000"
"4117701";"Palmeira";"12161";"33789";"1,68";"2928,43";"12938655,57";"2000"
"4117800";"Palmital";"4748";"13024";"1,77";"2158,41";"6066331,69";"1212"
"4117909";"Palotina";"12654";"34921";"1,72";"3607,98";"26863018,04";"2400"
"4118006";"Paraíso do Norte";"4900";"13223";"1,69";"2745,10";"15660897,12";"2000"
"4118105";"Paranacity";"3490";"9484";"1,70";"2217,77";"3679784,98";"1600"
"4118204";"Paranaguá";"48997";"145414";"2,17";"2994,77";"11562290,65";"2000"
"4118303";"Paranapoema";"909";"2394";"1,45";"1966,39";"2948029,77";"1422.5"
"4118402";"Paranavaí";"34312";"91651";"1,62";"3127,83";"17967079,51";"2000"
"4118451";"Pato Bragado";"2116";"5732";"1,70";"2850,67";"9759098,58";"2200"
"4118501";"Pato Branco";"34313";"91622";"1,65";"3990,54";"143612206,75";"2500"
"4118600";"Paula Freitas";"2056";"5663";"1,59";"2673,36";"12847138,43";"1800"
"4118709";"Paulo Frontin";"2301";"6320";"1,64";"2703,14";"21744808,94";"1900"
"4118808";"Peabiru";"5005";"13305";"1,73";"2369,52";"6881818,44";"1570"
"4118857";"Perobal";"2639";"7184";"1,59";"2208,13";"4403712,18";"1600"
"4118907";"Pérola";"4537";"11815";"1,50";"2277,73";"6315559,53";"1500"
"4119004";"Pérola d'Oeste";"2399";"6210";"1,41";"3395,36";"26300451,96";"2000"
"4119103";"Piên";"4706";"13646";"1,83";"2624,58";"7968299,22";"2000"
"4119152";"Pinhais";"45875";"126394";"1,78";"3727,51";"85112783,71";"2400"
"4119202";"Pinhalão";"2420";"6538";"1,69";"2188,25";"6830927,45";"1300"
"4119251";"Pinhal de São Bento";"956";"2761";"1,70";"2795,62";"18725520,72";"1665"
"4119301";"Pinhão";"10423";"29832";"1,84";"1983,46";"5364694,98";"1212"
"4119400";"Piraí do Sul";"8300";"23593";"1,99";"2571,15";"11366401,30";"1706"
"4119509";"Piraquara";"38025";"111935";"2,05";"2570,93";"118939280,37";"2000"
"4119608";"Pitanga";"12309";"33491";"1,60";"2786,40";"20465201,15";"1600"
"4119657";"Pitangueiras";"1099";"3042";"1,56";"2509,87";"16879986,36";"1700"
"4119707";"Planaltina do Paraná";"1470";"4061";"1,75";"2119,95";"8915606,85";"1400"
"4119806";"Planalto";"5306";"14318";"1,92";"3539,42";"214693995,30";"2000"
"4119905";"Ponta Grossa";"127640";"356210";"1,85";"3550,24";"22824187,40";"2400"
"4119954";"Pontal do Paraná";"11731";"30403";"1,85";"3004,58";"385280680,07";"2000"
"4120002";"Porecatu";"4343";"11481";"1,55";"2709,30";"7442852,96";"2000"
"4120101";"Porto Amazonas";"1471";"4089";"1,67";"2562,96";"6612537,29";"1895"
"4120150";"Porto Barreiro";"1133";"3110";"1,56";"3103,02";"29416984,02";"1800"
"4120200";"Porto Rico";"1120";"3159";"1,94";"2983,46";"13369537,04";"2000"
"4120309";"Porto Vitória";"1238";"3533";"1,78";"2242,95";"3458897,22";"1700"
"4120333";"Prado Ferreira";"1369";"3703";"1,60";"2124,35";"11312734,79";"1500"
"4120358";"Pranchita";"2148";"5737";"1,55";"3388,14";"40435159,80";"2000"
"4120408";"Presidente Castelo Branco";"1554";"4325";"1,66";"2363,08";"3539780,08";"1800"
"4120507";"Primeiro de Maio";"3806";"10062";"1,65";"2570,35";"9276568,91";"2000"
"4120606";"Prudentópolis";"17679";"49033";"1,73";"2321,47";"8093771,86";"1500"
"4120655";"Quarto Centenário";"1542";"4191";"1,63";"2108,96";"5223769,77";"1500"
"4120705";"Quatiguá";"3149";"8070";"1,43";"2333,64";"7747091,12";"1600"
"4120804";"Quatro Barras";"8461";"24146";"1,85";"3414,23";"29224376,39";"2300"
"4120853";"Quatro Pontes";"1696";"4480";"1,48";"3431,23";"20354825,01";"2500"
"4120903";"Quedas do Iguaçu";"11132";"30598";"1,76";"2314,99";"7261821,47";"1500"
"4121000";"Querência do Norte";"3928";"10666";"1,71";"2133,88";"6301006,09";"1300"
"4121109";"Quinta do Sol";"1797";"4901";"1,56";"2248,80";"6435377,11";"1500"
"4121208";"Quitandinha";"6767";"18377";"1,63";"2059,86";"5949262,64";"1475"
"4121257";"Ramilândia";"1460";"4210";"2,05";"2151,70";"3712279,93";"1700"
"4121307";"Rancho Alegre";"1412";"3512";"1,41";"2292,53";"52384587,56";"1250"
"4121356";"Rancho Alegre D'Oeste";"969";"2618";"1,54";"2102,50";"2468394,01";"1800"
"4121406";"Realeza";"7426";"19205";"1,53";"3621,61";"25221495,37";"2400"
"4121505";"Rebouças";"5312";"14503";"1,64";"2128,24";"10235669,59";"1300"
"4121604";"Renascença";"2498";"6835";"1,60";"3202,02";"37029103,81";"2000"
"4121703";"Reserva";"8972";"24441";"1,66";"2225,20";"10556373,74";"1320"
"4121752";"Reserva do Iguaçu";"2249";"6543";"1,72";"2090,61";"12478853,32";"1220"
"4121802";"Ribeirão Claro";"4583";"12330";"1,69";"2519,48";"7023166,01";"1800"
"4121901";"Ribeirão do Pinhal";"4901";"12959";"1,72";"2058,77";"6897178,83";"1212"
"4122008";"Rio Azul";"4927";"13933";"1,67";"2388,24";"14241034,19";"1500"
"4122107";"Rio Bom";"1240";"3155";"1,38";"2216,70";"6511942,26";"1500"
"4122156";"Rio Bonito do Iguaçu";"4824";"13911";"1,69";"2380,33";"9163063,99";"1500"
"4122172";"Rio Branco do Ivaí";"1372";"3794";"1,60";"1804,35";"4588160,99";"1212"
"4122206";"Rio Branco do Sul";"13315";"37473";"1,99";"2075,74";"4702421,95";"1800"
"4122305";"Rio Negro";"10991";"31209";"1,93";"3133,44";"13523676,81";"2200"
"4122404";"Rolândia";"25775";"71182";"1,71";"2769,37";"10126439,44";"2000"
"4122503";"Roncador";"4327";"11212";"1,50";"2229,75";"5650237,48";"1500"
"4122602";"Rondon";"3371";"9092";"1,65";"2397,21";"5181017,59";"1800"
"4122651";"Rosário do Ivaí";"2079";"5409";"1,60";"2126,64";"12385595,34";"1212"
"4122701";"Sabáudia";"3170";"8822";"1,63";"2529,74";"9804179,43";"2000"
"4122800";"Salgado Filho";"1550";"4060";"1,42";"2942,74";"24704378,63";"1750"
"4122909";"Salto do Itararé";"1997";"5189";"1,70";"2136,34";"5190238,00";"1400"
"4123006";"Salto do Lontra";"5630";"15207";"1,58";"3282,57";"27669955,11";"2000"
"4123105";"Santa Amélia";"1290";"3382";"1,77";"1934,64";"4958129,52";"1212"
"4123204";"Santa Cecília do Pavão";"1301";"3343";"1,60";"1876,14";"4790073,59";"1212"
"4123303";"Santa Cruz de Monte Castelo";"3225";"8572";"1,56";"2370,94";"8696851,37";"1600"
"4123402";"Santa Fé";"4254";"11340";"1,57";"2358,56";"4241056,20";"1750"
"4123501";"Santa Helena";"9524";"25472";"1,61";"3168,44";"19957260,25";"2000"
"4123600";"Santa Inês";"677";"1748";"1,52";"1984,54";"2905250,64";"1500"
"4123709";"Santa Isabel do Ivaí";"3469";"8906";"1,51";"2330,18";"8514400,83";"1600"
"4123808";"Santa Izabel do Oeste";"5176";"14048";"1,65";"3729,74";"35420816,21";"2400"
"4123824";"Santa Lúcia";"1389";"3644";"1,65";"2077,25";"3167743,58";"1212"
"4123857";"Santa Maria do Oeste";"3606";"9923";"1,65";"2036,38";"8506659,03";"1212"
"4123907";"Santa Mariana";"4216";"11051";"1,68";"2387,31";"6926469,65";"1500"
"4123956";"Santa Mônica";"1249";"3349";"1,70";"1727,06";"2904750,05";"1212"
"4124004";"Santana do Itararé";"2099";"5482";"1,59";"2273,27";"21392537,65";"1230"
"4124020";"Santa Tereza do Oeste";"4667";"13173";"1,70";"2563,87";"8925124,83";"2000"
"4124053";"Santa Terezinha de Itaipu";"8619";"24258";"1,72";"2837,49";"9647086,30";"2000"
"4124103";"Santo Antônio da Platina";"16071";"44193";"1,84";"2674,98";"157565090,64";"1608"
"4124202";"Santo Antônio do Caiuá";"980";"2493";"1,44";"2072,81";"5061383,88";"1500"
"4124301";"Santo Antônio do Paraíso";"819";"2125";"1,54";"2059,54";"3527717,27";"1460"
"4124400";"Santo Antônio do Sudoeste";"8391";"23511";"1,85";"3031,91";"19279986,80";"2000"
"4124509";"Santo Inácio";"2277";"6171";"1,50";"2817,24";"10880420,52";"2000"
"4124608";"São Carlos do Ivaí";"2370";"6547";"1,68";"2492,80";"9672731,74";"1917"
"4124707";"São Jerônimo da Serra";"3949";"10797";"1,85";"1839,97";"5192873,88";"1212"
"4124806";"São João";"4544";"11874";"1,49";"3122,78";"33805527,89";"2000"
"4124905";"São João do Caiuá";"2179";"5571";"1,56";"2035,07";"36894420,79";"1212"
"4125001";"São João do Ivaí";"4211";"10591";"1,46";"2142,71";"11884608,16";"1212"
"4125100";"São João do Triunfo";"4908";"13707";"1,62";"2561,76";"10751791,56";"1500"
"4125209";"São Jorge d'Oeste";"3556";"9369";"1,51";"2962,13";"31715881,63";"1800"
"4125308";"São Jorge do Ivaí";"1922";"5155";"1,40";"3147,83";"34117273,33";"2000"
"4125357";"São Jorge do Patrocínio";"2513";"6493";"1,41";"2354,68";"4723436,28";"1700"
"4125407";"São José da Boa Vista";"2358";"6018";"1,62";"2389,10";"23866100,66";"1212"
"4125456";"São José das Palmeiras";"1513";"3956";"1,59";"2239,26";"6400986,52";"1600"
"4125506";"São José dos Pinhais";"117123";"327696";"1,76";"3300,70";"52635152,92";"2400"
"4125555";"São Manoel do Paraná";"808";"2138";"1,45";"2271,96";"17760557,74";"1500"
"4125605";"São Mateus do Sul";"15513";"42327";"1,58";"2955,48";"26947522,45";"2000"
"4125704";"São Miguel do Iguaçu";"10685";"29083";"1,62";"3011,09";"15384325,79";"2000"
"4125753";"São Pedro do Iguaçu";"2206";"5738";"1,63";"2287,19";"9172216,99";"1700"
"4125803";"São Pedro do Ivaí";"3353";"8688";"1,51";"2493,15";"9635685,01";"1700"
"4125902";"São Pedro do Paraná";"983";"2651";"1,57";"2545,74";"7072335,82";"1900"
"4126009";"São Sebastião da Amoreira";"2985";"8058";"1,71";"2204,81";"6949262,35";"1243.5"
"4126108";"São Tomé";"1950";"5231";"1,77";"2158,94";"3305691,39";"1500"
"4126207";"Sapopema";"2401";"6652";"1,65";"1913,70";"4062977,80";"1300"
"4126256";"Sarandi";"42844";"118300";"1,65";"2533,51";"5770534,38";"2000"
"4126272";"Saudade do Iguaçu";"2119";"6108";"1,76";"3142,68";"21824177,43";"2000"
"4126306";"Sengés";"6101";"17247";"1,81";"2487,20";"170861494,74";"1700"
"4126355";"Serranópolis do Iguaçu";"1841";"5007";"1,70";"3024,02";"10235594,86";"2001"
"4126405";"Sertaneja";"2190";"5614";"1,52";"2524,84";"15168560,06";"1600"
"4126504";"Sertanópolis";"5838";"15912";"1,54";"2772,89";"8199713,39";"2000"
"4126603";"Siqueira Campos";"8615";"22720";"1,58";"2299,48";"6586517,81";"1600"
"4126652";"Sulina";"1340";"3438";"1,44";"4689,05";"73406847,40";"2400"
"4126678";"Tamarana";"3686";"10604";"1,93";"2068,57";"4575935,38";"1500"
"4126702";"Tamboara";"1865";"4880";"1,59";"2236,54";"6168229,58";"1635"
"4126801";"Tapejara";"5815";"15861";"1,71";"2238,03";"4154924,53";"1750"
"4126900";"Tapira";"2251";"5709";"1,50";"2157,96";"6819604,49";"1500"
"4127007";"Teixeira Soares";"3326";"9513";"1,83";"2449,03";"14409357,56";"1500"
"4127106";"Telêmaco Borba";"26428";"74699";"1,78";"3232,10";"36194529,43";"2500"
"4127205";"Terra Boa";"6507";"17509";"1,56";"2366,57";"8003038,53";"1700"
"4127304";"Terra Rica";"5526";"14806";"1,57";"2395,51";"8823454,07";"1700"
"4127403";"Terra Roxa";"6763";"18112";"1,70";"2654,55";"14276331,48";"1800"
"4127502";"Tibagi";"7030";"19922";"1,90";"2492,90";"9680856,84";"1800"
"4127601";"Tijucas do Sul";"6400";"17576";"1,81";"2351,91";"7654964,51";"1600"
"4127700";"Toledo";"56386";"150015";"1,54";"3538,80";"20012226,43";"2424"
"4127809";"Tomazina";"3196";"8421";"1,56";"2497,14";"20611057,32";"1454"
"4127858";"Três Barras do Paraná";"4098";"11128";"1,62";"2678,29";"22348716,66";"1500"
"4127882";"Tunas do Paraná";"2104";"6215";"2,12";"2234,68";"24204013,05";"1500"
"4127908";"Tuneiras do Oeste";"3072";"8058";"1,64";"2221,46";"4882625,66";"1700"
"4127957";"Tupãssi";"3045";"8076";"1,52";"2681,78";"7937389,83";"2000"
"4127965";"Turvo";"5015";"14225";"1,65";"2322,15";"12078462,75";"1500"
"4128005";"Ubiratã";"9227";"24690";"1,58";"2828,08";"12697410,38";"2000"
"4128104";"Umuarama";"44241";"116696";"1,59";"3313,87";"18601544,72";"2000"
"4128203";"União da Vitória";"19978";"54804";"1,89";"2791,27";"9958876,51";"2000"
"4128302";"Uniflor";"805";"2135";"1,42";"1883,01";"2011616,14";"1300"
"4128401";"Uraí";"4041";"10384";"1,52";"2476,28";"9313147,77";"1500"
"4128500";"Wenceslau Braz";"7100";"19043";"1,77";"2406,93";"10266582,74";"1500"
"4128534";"Ventania";"3443";"9660";"1,65";"2155,09";"3946452,42";"1700"
"4128559";"Vera Cruz do Oeste";"3140";"8213";"1,65";"2268,52";"8945485,27";"1500"
"4128609";"Verê";"2921";"7915";"1,59";"3123,96";"27692858,98";"2000"
"4128625";"Alto Paraíso";"1135";"3001";"1,73";"2480,58";"3451676,33";"2000"
"4128633";"Doutor Ulysses";"2067";"5696";"1,57";"1536,18";"1609396,53";"1212"
"4128658";"Virmond";"1404";"3809";"1,47";"2808,80";"36889088,80";"1600"
"4128708";"Vitorino";"3485";"9702";"1,75";"2875,99";"12742168,48";"2015"
"4128807";"Xambrê";"2199";"5786";"1,60";"2107,95";"6825670,60";"1400"
"4200051";"Abdon Batista";"969";"2593";"1,45";"2945,02";"14613638,16";"2000"
"4200101";"Abelardo Luz";"6016";"17232";"1,88";"2902,92";"16445489,18";"2000"
"4200200";"Agrolândia";"3914";"10987";"1,66";"3022,25";"12140807,82";"2424"
"4200309";"Agronômica";"2229";"6035";"1,66";"3267,00";"11264519,67";"2500"
"4200408";"Água Doce";"2427";"6487";"1,90";"3949,67";"63999712,78";"2200"
"4200507";"Águas de Chapecó";"2274";"6034";"1,64";"2826,70";"15447265,42";"2000"
"4200556";"Águas Frias";"1026";"2839";"1,43";"3655,29";"26556902,17";"2400"
"4200606";"Águas Mornas";"2460";"6743";"1,56";"2853,92";"10445896,24";"2200"
"4200705";"Alfredo Wagner";"3893";"10465";"1,63";"2536,35";"13045225,73";"1550"
"4200754";"Alto Bela Vista";"725";"1856";"1,64";"3316,39";"26523923,36";"2212"
"4200804";"Anchieta";"2276";"5934";"1,45";"3579,29";"42620244,71";"2000"
"4200903";"Angelina";"1993";"5330";"1,57";"2277,18";"5179409,57";"1600"
"4201000";"Anita Garibaldi";"3125";"8281";"1,49";"2245,75";"6276359,50";"1500"
"4201109";"Anitápolis";"1331";"3578";"1,67";"2568,64";"9843255,14";"1800"
"4201208";"Antônio Carlos";"3777";"11199";"1,70";"3069,77";"9339747,86";"2400"
"4201257";"Apiúna";"3535";"9811";"1,72";"2597,94";"8890722,16";"2000"
"4201273";"Arabutã";"1605";"4377";"1,66";"3122,35";"19481718,06";"2424"
"4201307";"Araquari";"15020";"45198";"2,03";"2576,87";"4365314,13";"2000"
"4201406";"Araranguá";"26770";"71511";"1,63";"3198,27";"11527228,15";"2300"
"4201505";"Armazém";"3250";"8829";"1,55";"2851,69";"20772756,79";"2000"
"4201604";"Arroio Trinta";"1391";"3556";"1,36";"3149,93";"12385300,35";"2400"
"4201653";"Arvoredo";"869";"2502";"1,69";"3429,59";"29772280,27";"2000"
"4201703";"Ascurra";"3019";"8316";"1,83";"2748,64";"15895910,65";"2000"
"4201802";"Atalanta";"1200";"3223";"1,61";"2959,57";"8650170,20";"2257"
"4201901";"Aurora";"2431";"6767";"1,52";"3557,04";"23053023,38";"2500"
"4201950";"Balneário Arroio do Silva";"6020";"15759";"1,94";"2514,01";"4956372,94";"2000"
"4202008";"Balneário Camboriú";"57862";"138701";"1,68";"6074,78";"52787277,68";"4000"
"4202057";"Balneário Barra do Sul";"5793";"14882";"1,74";"2909,84";"7018748,01";"2400"
"4202073";"Balneário Gaivota";"5970";"15640";"1,77";"2773,51";"7682217,83";"2000"
"4202081";"Bandeirante";"1141";"3143";"1,73";"2733,67";"9202684,91";"2000"
"4202099";"Barra Bonita";"611";"1661";"1,67";"4545,77";"99581928,30";"2424"
"4202107";"Barra Velha";"16156";"45139";"2,01";"3309,81";"9048912,86";"2500"
"4202131";"Bela Vista do Toldo";"2081";"5854";"1,67";"2287,47";"13124287,79";"1212"
"4202156";"Belmonte";"953";"2657";"1,76";"2922,80";"14218372,64";"2000"
"4202206";"Benedito Novo";"3711";"10496";"1,82";"2405,90";"3528124,57";"2000"
"4202305";"Biguaçu";"28289";"76473";"1,85";"3064,48";"9225226,34";"2364"
"4202404";"Blumenau";"137275";"358531";"1,63";"4230,38";"42843195,87";"2800"
"4202438";"Bocaina do Sul";"1324";"3512";"1,61";"2342,87";"6893703,43";"1500"
"4202453";"Bombinhas";"9062";"24870";"1,83";"3310,23";"13656521,74";"2400"
"4202503";"Bom Jardim da Serra";"1528";"4023";"1,74";"2595,13";"5986008,96";"2000"
"4202537";"Bom Jesus";"974";"2775";"1,71";"2479,98";"5292979,41";"1900"
"4202578";"Bom Jesus do Oeste";"804";"2181";"1,49";"4302,84";"36656080,98";"2424"
"4202602";"Bom Retiro";"3037";"8408";"1,84";"2781,97";"94952426,63";"1853"
"4202701";"Botuverá";"1973";"5355";"1,54";"3909,77";"2074190151,46";"2400"
"4202800";"Braço do Norte";"11856";"33733";"1,72";"3133,83";"18317528,08";"2200"
"4202859";"Braço do Trombudo";"1491";"3969";"1,54";"2859,51";"6753764,10";"2224"
"4202875";"Brunópolis";"935";"2486";"1,33";"2701,76";"26821653,59";"1500"
"4202909";"Brusque";"50275";"140884";"1,72";"3660,56";"40572984,57";"2600"
"4203006";"Caçador";"26331";"73600";"1,86";"3186,10";"13784305,32";"2200"
"4203105";"Caibi";"2310";"6295";"1,71";"3067,33";"22007383,79";"2000"
"4203154";"Calmon";"1127";"3439";"2,38";"1887,04";"2322990,03";"1400"
"4203204";"Camboriú";"36483";"102994";"1,93";"3304,50";"38999371,88";"2500"
"4203253";"Capão Alto";"1002";"2625";"1,68";"2207,62";"4379149,96";"1500"
"4203303";"Campo Alegre";"4403";"12440";"1,76";"2564,68";"7346044,30";"2000"
"4203402";"Campo Belo do Sul";"2675";"7246";"1,65";"2152,37";"8289252,12";"1280"
"4203501";"Campo Erê";"3482";"9563";"1,89";"3133,52";"25576257,66";"2000"
"4203600";"Campos Novos";"13591";"36788";"1,66";"3203,39";"11856059,24";"2400"
"4203709";"Canelinha";"4490";"12816";"1,96";"2291,29";"4091920,54";"1800"
"4203808";"Canoinhas";"19730";"54737";"1,73";"3041,40";"12247633,44";"2000"
"4203907";"Capinzal";"8946";"23280";"1,52";"3004,91";"10303541,12";"2200"
"4203956";"Capivari de Baixo";"8586";"23930";"1,77";"2963,73";"11566348,20";"2400"
"4204004";"Catanduvas";"3813";"10539";"1,79";"4039,32";"4381500480,06";"2200"
"4204103";"Caxambu do Sul";"1675";"4612";"1,57";"3530,13";"26788266,54";"2000"
"4204152";"Celso Ramos";"1031";"2805";"1,39";"2473,32";"11924677,50";"1500"
"4204178";"Cerro Negro";"1197";"3317";"1,65";"1894,15";"3559479,98";"1212"
"4204194";"Chapadão do Lageado";"1078";"2946";"1,38";"2903,40";"12976519,76";"2400"
"4204202";"Chapecó";"92889";"251823";"1,81";"4135,50";"673700334,83";"2500"
"4204251";"Cocal do Sul";"6227";"17206";"1,56";"3322,79";"6573540,88";"2700"
"4204301";"Concórdia";"30413";"81404";"1,64";"3393,52";"15699099,60";"2424"
"4204350";"Cordilheira Alta";"1664";"4781";"1,60";"3394,48";"16129014,51";"2424"
"4204400";"Coronel Freitas";"3721";"10359";"1,58";"3547,51";"29344513,03";"2000"
"4204459";"Coronel Martins";"762";"2060";"1,42";"3862,08";"46526949,84";"2000"
"4204509";"Corupá";"5427";"15228";"1,81";"2971,44";"7241914,85";"2400"
"4204558";"Correia Pinto";"5639";"15700";"1,71";"2776,13";"200076079,99";"2000"
"4204608";"Criciúma";"79750";"212139";"1,66";"3804,00";"34932583,81";"2500"
"4204707";"Cunha Porã";"4189";"10864";"1,41";"3371,99";"25478846,22";"2212"
"4204756";"Cunhataí";"703";"1964";"1,44";"2710,55";"13460018,74";"2000"
"4204806";"Curitibanos";"14314";"39975";"1,84";"3242,28";"306060073,30";"2000"
"4204905";"Descanso";"3128";"8505";"1,55";"3479,91";"26401454,74";"2400"
"4205001";"Dionísio Cerqueira";"5630";"14977";"1,63";"3468,19";"48607796,48";"1700"
"4205100";"Dona Emma";"1455";"4206";"1,88";"2973,47";"9828826,60";"2400"
"4205159";"Doutor Pedrinho";"1363";"3637";"1,58";"2538,55";"4951150,73";"2000"
"4205175";"Entre Rios";"1173";"3402";"1,61";"2088,02";"4979360,59";"1500"
"4205191";"Ermo";"807";"2246";"1,59";"3233,74";"227502963,06";"2000"
"4205209";"Erval Velho";"1878";"4822";"1,52";"3007,44";"27442126,46";"2000"
"4205308";"Faxinal dos Guedes";"4035";"11189";"1,70";"3035,72";"12754148,23";"2200"
"4205357";"Flor do Sertão";"663";"1783";"1,56";"3369,09";"52296345,49";"2000"
"4205407";"Florianópolis";"219705";"532813";"1,60";"6173,62";"66737967,89";"3500"
"4205431";"Formosa do Sul";"949";"2668";"1,77";"3432,69";"26855257,65";"2100"
"4205456";"Forquilhinha";"10851";"31318";"1,70";"2762,32";"5346614,30";"2196"
"4205506";"Fraiburgo";"11911";"33445";"1,80";"2982,63";"10267166,28";"2100"
"4205555";"Frei Rogério";"866";"2411";"1,48";"2825,60";"13743799,06";"1800"
"4205605";"Galvão";"1155";"3167";"1,64";"3666,88";"46341047,01";"2000"
"4205704";"Garopaba";"11257";"29798";"1,68";"3705,30";"17260480,09";"2500"
"4205803";"Garuva";"6213";"18486";"2,14";"2755,57";"12067388,27";"2000"
"4205902";"Gaspar";"25845";"72452";"1,70";"3063,76";"8170423,23";"2400"
"4206009";"Governador Celso Ramos";"6150";"16889";"1,66";"3371,00";"159320169,22";"2500"
"4206108";"Grão-Pará";"2174";"6264";"1,73";"3814,63";"49063441,60";"2400"
"4206207";"Gravatal";"4626";"12359";"1,55";"2594,26";"5129148,57";"2000"
"4206306";"Guabiruba";"8367";"24543";"1,68";"3091,04";"17807507,73";"2500"
"4206405";"Guaraciaba";"3986";"10790";"1,46";"5003,19";"82397810,27";"2424"
"4206504";"Guaramirim";"16297";"46605";"1,77";"3524,94";"43595774,00";"2800"
"4206603";"Guarujá do Sul";"1946";"4827";"1,31";"3247,78";"33743736,89";"2000"
"4206652";"Guatambú";"2913";"8425";"1,74";"3046,15";"15703015,01";"2109.5"
"4206702";"Herval d'Oeste";"8275";"21707";"1,66";"2913,11";"8058333,49";"2200"
"4206751";"Ibiam";"716";"2003";"1,72";"4213,94";"42868665,32";"2500"
"4206801";"Ibicaré";"1250";"3267";"1,62";"3486,12";"44196478,94";"2200"
"4206900";"Ibirama";"7261";"19846";"1,80";"3086,74";"9515592,94";"2424"
"4207007";"Içara";"21067";"58867";"1,65";"3127,45";"82263471,22";"2400"
"4207106";"Ilhota";"5861";"17033";"1,75";"2739,56";"7043430,58";"2100"
"4207205";"Imaruí";"4582";"11869";"1,64";"2237,19";"6486866,73";"1500"
"4207304";"Imbituba";"19931";"52173";"1,72";"3174,57";"11893453,55";"2200"
"4207403";"Imbuia";"2182";"5965";"1,51";"2944,86";"11823394,50";"2200"
"4207502";"Indaial";"25814";"71407";"1,71";"3098,54";"10579133,13";"2400"
"4207577";"Iomerê";"1066";"2877";"1,38";"3991,95";"36432908,10";"2500"
"4207601";"Ipira";"1835";"4575";"1,39";"2927,00";"16724573,43";"2000"
"4207650";"Iporã do Oeste";"3401";"9263";"1,57";"3956,44";"39557255,00";"2400"
"4207684";"Ipuaçu";"2523";"7711";"2,12";"2005,73";"7099049,94";"1212"
"4207700";"Ipumirim";"2812";"7816";"1,68";"4000,79";"40851865,40";"2424"
"4207759";"Iraceminha";"1466";"3984";"1,61";"3433,32";"26941745,20";"2000"
"4207809";"Irani";"3654";"10187";"1,73";"2834,54";"9046841,50";"2000"
"4207858";"Irati";"787";"2069";"1,41";"2475,90";"6853118,70";"2000"
"4207908";"Irineópolis";"3603";"10246";"1,73";"3005,65";"36386733,53";"1650"
"4208005";"Itá";"2686";"7025";"1,53";"4434,43";"64686400,29";"2424"
"4208104";"Itaiópolis";"7708";"21993";"1,95";"2742,48";"11394138,87";"2000"
"4208203";"Itajaí";"94053";"262626";"1,91";"4143,54";"39045392,16";"2700"
"4208302";"Itapema";"27423";"75690";"1,92";"4815,70";"39546162,21";"3000"
"4208401";"Itapiranga";"6004";"16621";"1,78";"4255,39";"51134185,92";"2424"
"4208450";"Itapoá";"11491";"30664";"1,86";"3259,93";"10968202,94";"2500"
"4208500";"Ituporanga";"9510";"26356";"1,69";"3264,56";"12129736,74";"2400"
"4208609";"Jaborá";"1543";"4302";"1,78";"3659,88";"44606018,04";"2000"
"4208708";"Jacinto Machado";"3951";"10620";"1,60";"3138,90";"8641403,13";"2424"
"4208807";"Jaguaruna";"7564";"20365";"1,67";"3067,10";"9603552,01";"2424"
"4208906";"Jaraguá do Sul";"66374";"181962";"1,67";"3837,98";"34436151,42";"2600"
"4208955";"Jardinópolis";"676";"1776";"1,45";"4283,20";"53350160,28";"2400"
"4209003";"Joaçaba";"11769";"29991";"1,59";"4823,44";"822246719,61";"3000"
"4209102";"Joinville";"221957";"612327";"1,76";"4010,42";"102097239,18";"2500"
"4209151";"José Boiteux";"1871";"5971";"2,89";"2687,04";"19641635,63";"2000"
"4209177";"Jupiá";"947";"2551";"1,41";"3816,33";"35548137,34";"2008"
"4209201";"Lacerdópolis";"828";"2241";"1,54";"4636,38";"33121821,04";"3000"
"4209300";"Lages";"59933";"164202";"1,86";"3397,83";"20954442,97";"2100"
"4209409";"Laguna";"16383";"42537";"1,68";"2786,86";"8672147,70";"1980"
"4209458";"Lajeado Grande";"584";"1699";"1,92";"4321,55";"56888185,03";"2400"
"4209508";"Laurentino";"2938";"7906";"1,55";"3221,33";"9078712,85";"2400"
"4209607";"Lauro Müller";"5281";"14381";"1,56";"3041,73";"10620571,45";"2400"
"4209706";"Lebon Régis";"3873";"11447";"2,06";"2157,77";"6129362,24";"1300"
"4209805";"Leoberto Leal";"1217";"3315";"1,48";"2697,24";"10395934,07";"2000"
"4209854";"Lindóia do Sul";"1637";"4525";"1,61";"3837,33";"36906176,41";"2400"
"4209904";"Lontras";"4659";"12851";"1,75";"2712,11";"5512989,90";"2013"
"4210001";"Luiz Alves";"3984";"11680";"1,80";"3088,73";"8120274,69";"2500"
"4210035";"Luzerna";"2283";"5786";"1,46";"3947,80";"23130175,64";"2600"
"4210050";"Macieira";"648";"1778";"1,45";"2689,07";"8109083,45";"2000"
"4210100";"Mafra";"20079";"54988";"1,77";"3061,56";"12129581,37";"2000"
"4210209";"Major Gercino";"1201";"3207";"1,78";"2338,40";"5719542,29";"1800"
"4210308";"Major Vieira";"2672";"7386";"1,67";"2496,03";"13584535,43";"1500"
"4210407";"Maracajá";"2744";"7749";"1,69";"2883,21";"6206944,41";"2400"
"4210506";"Maravilha";"10619";"28055";"1,43";"3190,98";"12598145,65";"2400"
"4210555";"Marema";"742";"2184";"1,85";"5439,65";"100552356,29";"2424"
"4210605";"Massaranduba";"6204";"17147";"1,70";"3255,90";"144062511,72";"2500"
"4210704";"Matos Costa";"964";"2759";"2,12";"2011,64";"8557465,87";"1400"
"4210803";"Meleiro";"2585";"6936";"1,46";"3055,47";"9936246,53";"2400"
"4210852";"Mirim Doce";"902";"2508";"1,69";"2239,14";"2943746,39";"1800"
"4210902";"Modelo";"1531";"4080";"1,45";"4172,84";"37682481,57";"2500"
"4211009";"Mondaí";"3779";"10043";"1,55";"3433,77";"28943470,74";"2200"
"4211058";"Monte Carlo";"3167";"9107";"1,97";"1904,80";"2822543,47";"1407"
"4211108";"Monte Castelo";"2676";"7722";"1,94";"2208,99";"10631930,12";"1500"
"4211207";"Morro da Fumaça";"6391";"18508";"1,85";"2739,29";"30056804,03";"2000"
"4211256";"Morro Grande";"1088";"3010";"1,49";"2368,71";"3667606,05";"2000"
"4211306";"Navegantes";"29442";"86202";"2,12";"3334,33";"157818830,93";"2400"
"4211405";"Nova Erechim";"1874";"5155";"1,57";"3948,13";"39457699,67";"2400"
"4211454";"Nova Itaberaba";"1684";"4536";"1,52";"3771,45";"19282924,41";"2480"
"4211504";"Nova Trento";"5022";"13651";"1,54";"2937,54";"6416463,55";"2200"
"4211603";"Nova Veneza";"4870";"13604";"1,57";"3095,05";"11487576,60";"2400"
"4211652";"Novo Horizonte";"908";"2641";"1,73";"3311,52";"17760462,43";"2200"
"4211702";"Orleans";"8538";"23605";"1,60";"3216,11";"17267060,41";"2421"
"4211751";"Otacílio Costa";"6307";"17283";"1,56";"3156,31";"170214767,88";"2300"
"4211801";"Ouro";"2653";"7015";"1,61";"3898,82";"29335817,86";"2400"
"4211850";"Ouro Verde";"783";"2167";"1,57";"2439,72";"11688746,33";"1600"
"4211876";"Paial";"692";"1927";"1,76";"2758,82";"24156709,98";"2000"
"4211892";"Painel";"841";"2215";"1,86";"2008,02";"5592862,41";"1285"
"4211900";"Palhoça";"81729";"221553";"1,79";"3611,13";"92188027,14";"2500"
"4212007";"Palma Sola";"2781";"7591";"1,59";"3516,73";"33777991,43";"2000"
"4212056";"Palmeira";"960";"2559";"1,71";"2827,80";"75169751,41";"2000"
"4212106";"Palmitos";"6048";"15568";"1,48";"3193,31";"27383502,22";"2000"
"4212205";"Papanduva";"6896";"19143";"1,77";"2658,43";"8833431,25";"1850"
"4212239";"Paraíso";"1574";"4240";"1,52";"5012,65";"66582868,55";"2500"
"4212254";"Passo de Torres";"4746";"12880";"1,85";"2904,79";"8280383,52";"2000"
"4212270";"Passos Maia";"1336";"4017";"1,98";"3045,21";"25564513,06";"1800"
"4212304";"Paulo Lopes";"3289";"9038";"1,74";"2642,19";"9802602,48";"2000"
"4212403";"Pedras Grandes";"1588";"4242";"1,47";"2610,20";"6881009,42";"2000"
"4212502";"Penha";"11982";"33619";"1,98";"3233,29";"16933329,72";"2400"
"4212601";"Peritiba";"1200";"2992";"1,36";"3721,58";"26926004,79";"2400"
"4212650";"Pescaria Brava";"3822";"10167";"1,60";"2313,06";"4017611,59";"1800"
"4212700";"Petrolândia";"2443";"6715";"1,43";"4611,55";"229459599,61";"1700"
"4212809";"Balneário Piçarras";"9832";"27018";"2,00";"3731,36";"16731176,28";"2500"
"4212908";"Pinhalzinho";"8160";"21917";"1,55";"3624,31";"29635009,03";"2450"
"4213005";"Pinheiro Preto";"1175";"3473";"1,70";"3439,66";"8373580,75";"2500"
"4213104";"Piratuba";"2284";"5736";"1,45";"2690,45";"5976829,11";"2000"
"4213153";"Planalto Alegre";"1058";"2942";"1,73";"2916,21";"19532461,42";"2000"
"4213203";"Pomerode";"11949";"34247";"1,79";"3331,77";"14711296,54";"2500"
"4213302";"Ponte Alta";"1599";"4437";"1,78";"2403,55";"16797126,51";"1500"
"4213351";"Ponte Alta do Norte";"1063";"3205";"2,14";"2150,96";"3050897,96";"1500"
"4213401";"Ponte Serrada";"3779";"10615";"2,04";"2617,00";"13817610,16";"1900"
"4213500";"Porto Belo";"9875";"27531";"1,94";"3692,55";"13041321,34";"2500"
"4213609";"Porto União";"11869";"32756";"1,86";"3246,34";"16363416,93";"2000"
"4213708";"Pouso Redondo";"6067";"17102";"1,85";"2891,07";"9040177,15";"2100"
"4213807";"Praia Grande";"3233";"8245";"1,58";"2222,93";"3817781,80";"1600"
"4213906";"Presidente Castello Branco";"606";"1689";"1,77";"2984,62";"12441301,50";"2000"
"4214003";"Presidente Getúlio";"7008";"19993";"1,91";"2977,39";"19506881,39";"2000"
"4214102";"Presidente Nereu";"873";"2258";"1,44";"2880,16";"10952675,29";"2000"
"4214151";"Princesa";"1093";"2958";"1,42";"3830,55";"44772766,53";"2000"
"4214201";"Quilombo";"3843";"10983";"1,79";"3312,36";"23297882,71";"2224"
"4214300";"Rancho Queimado";"1246";"3273";"1,51";"3599,29";"18455224,24";"2400"
"4214409";"Rio das Antas";"2239";"6253";"1,83";"2641,54";"7145517,50";"2000"
"4214508";"Rio do Campo";"2343";"6438";"1,68";"3281,61";"26068189,20";"2001"
"4214607";"Rio do Oeste";"2731";"7607";"1,73";"3456,81";"32319518,71";"2040"
"4214706";"Rio dos Cedros";"3850";"10844";"1,75";"2751,96";"6011608,43";"2200"
"4214805";"Rio do Sul";"27416";"72189";"1,68";"3963,43";"66406097,00";"2500"
"4214904";"Rio Fortuna";"1582";"4700";"1,79";"3370,06";"22500799,58";"2100"
"4215000";"Rio Negrinho";"13742";"39200";"1,88";"2719,58";"15863883,45";"2000"
"4215059";"Rio Rufino";"871";"2396";"1,93";"2823,41";"31234509,63";"1600"
"4215075";"Riqueza";"1836";"4759";"1,49";"2686,36";"10316831,17";"1800"
"4215109";"Rodeio";"4697";"12689";"1,64";"2807,03";"7405875,25";"2200"
"4215208";"Romelândia";"1859";"4803";"1,53";"4015,02";"60833630,94";"2000"
"4215307";"Salete";"2748";"7481";"1,66";"2667,26";"6083046,38";"2110"
"4215356";"Saltinho";"1356";"3628";"1,63";"3418,02";"50372283,14";"1900"
"4215406";"Salto Veloso";"1663";"4390";"1,48";"3445,80";"46693892,26";"2000"
"4215455";"Sangão";"4251";"12854";"2,02";"2529,38";"7766760,53";"2000"
"4215505";"Santa Cecília";"5383";"15526";"2,00";"2595,25";"7524677,18";"2000"
"4215554";"Santa Helena";"881";"2423";"1,61";"3862,69";"81006311,43";"1600"
"4215604";"Santa Rosa de Lima";"737";"2076";"1,67";"2643,08";"4393476,71";"2001"
"4215653";"Santa Rosa do Sul";"3674";"9773";"1,56";"2686,45";"6506812,64";"2224"
"4215679";"Santa Terezinha";"2944";"8065";"1,59";"2550,79";"4678244,97";"2100"
"4215687";"Santa Terezinha do Progresso";"955";"2576";"1,65";"3040,12";"25095232,59";"1800"
"4215695";"Santiago do Sul";"577";"1642";"1,37";"3236,18";"53398574,70";"1980"
"4215703";"Santo Amaro da Imperatriz";"10185";"27021";"1,67";"3158,10";"8625730,78";"2400"
"4215752";"São Bernardino";"975";"2671";"1,55";"3541,14";"30313435,03";"2000"
"4215802";"São Bento do Sul";"30054";"83255";"1,62";"3142,90";"16664518,15";"2300"
"4215901";"São Bonifácio";"1124";"2939";"1,48";"2648,29";"7529657,74";"2002"
"4216008";"São Carlos";"3873";"10269";"1,59";"3339,46";"30273200,47";"2200"
"4216057";"São Cristóvão do Sul";"1475";"4289";"1,97";"2308,13";"5979235,69";"1600"
"4216107";"São Domingos";"3453";"9201";"1,57";"3670,63";"20723829,25";"2400"
"4216206";"São Francisco do Sul";"19370";"52416";"1,85";"3240,59";"17334719,06";"2400"
"4216255";"São João do Oeste";"2347";"6272";"1,30";"4831,49";"67043206,28";"2500"
"4216305";"São João Batista";"11623";"32633";"1,72";"2680,65";"7742228,37";"2000"
"4216354";"São João do Itaperiú";"1490";"4459";"1,87";"2850,92";"15390431,94";"2000"
"4216404";"São João do Sul";"3323";"8641";"1,55";"2452,05";"6230489,72";"2000"
"4216503";"São Joaquim";"9578";"25879";"1,78";"2738,40";"11872341,57";"1800"
"4216602";"São José";"105573";"269440";"1,67";"4142,18";"46756933,49";"3000"
"4216701";"São José do Cedro";"5336";"14024";"1,47";"4033,98";"64910385,83";"2100"
"4216800";"São José do Cerrito";"3327";"8707";"1,52";"2008,68";"5746126,62";"1212"
"4216909";"São Lourenço do Oeste";"8983";"24639";"1,72";"3587,90";"31641375,04";"2300"
"4217006";"São Ludgero";"4660";"13505";"1,71";"3099,20";"12492279,26";"2400"
"4217105";"São Martinho";"1167";"3402";"1,70";"3071,45";"12189306,73";"2400"
"4217154";"São Miguel da Boa Vista";"662";"1781";"1,43";"3714,65";"413830153,49";"1800"
"4217204";"São Miguel do Oeste";"17296";"44095";"1,47";"3772,52";"20241762,04";"2500"
"4217253";"São Pedro de Alcântara";"1734";"4590";"1,50";"3364,03";"9453317,65";"2424"
"4217303";"Saudades";"3595";"10249";"1,79";"3332,49";"19308379,40";"2300"
"4217402";"Schroeder";"6835";"20053";"1,69";"3191,44";"8369745,13";"2500"
"4217501";"Seara";"6667";"18609";"1,73";"3545,28";"26639472,57";"2400"
"4217550";"Serra Alta";"1230";"3303";"1,49";"2606,28";"13467848,18";"2000"
"4217600";"Siderópolis";"4961";"13683";"1,69";"2938,71";"6159049,94";"2400"
"4217709";"Sombrio";"11048";"29956";"1,74";"2654,32";"18859107,09";"2000"
"4217758";"Sul Brasil";"999";"2832";"1,59";"4247,14";"67211842,56";"2000"
"4217808";"Taió";"6824";"18249";"1,60";"3286,74";"18098832,58";"2240"
"4217907";"Tangará";"3050";"8138";"1,55";"3548,65";"12049591,73";"2500"
"4217956";"Tigrinhos";"863";"2328";"1,25";"2306,50";"1832112,72";"2000"
"4218004";"Tijucas";"18229";"51215";"1,84";"3150,68";"10493649,82";"2400"
"4218103";"Timbé do Sul";"1988";"5356";"1,64";"2894,98";"16169944,63";"2200"
"4218202";"Timbó";"16731";"46035";"1,70";"3529,86";"18085304,81";"2500"
"4218251";"Timbó Grande";"2520";"7334";"1,94";"2026,78";"4723380,95";"1400"
"4218301";"Três Barras";"6573";"19718";"2,10";"2406,00";"5009678,37";"1800"
"4218350";"Treviso";"1367";"3773";"1,54";"3138,36";"5793712,22";"2800"
"4218400";"Treze de Maio";"2586";"7356";"1,69";"2472,72";"6386595,22";"1900"
"4218509";"Treze Tílias";"3249";"8770";"1,66";"3861,93";"37110385,50";"2500"
"4218608";"Trombudo Central";"2724";"7222";"1,53";"2968,30";"9616237,66";"2400"
"4218707";"Tubarão";"42129";"109328";"1,57";"3578,89";"18446781,52";"2500"
"4218756";"Tunápolis";"1764";"4904";"1,58";"4845,91";"90823271,11";"2224"
"4218806";"Turvo";"4814";"12990";"1,50";"3330,42";"63293923,03";"2424"
"4218855";"União do Oeste";"1026";"2774";"1,49";"3519,74";"41621993,95";"2000"
"4218905";"Urubici";"3956";"10813";"2,01";"3286,11";"20513301,24";"2000"
"4218954";"Urupema";"962";"2647";"1,62";"2626,48";"22050217,39";"1500"
"4219002";"Urussanga";"7763";"20882";"1,56";"2917,63";"7934019,82";"2300"
"4219101";"Vargeão";"1291";"3633";"1,63";"3665,97";"39839061,09";"2200"
"4219150";"Vargem";"1009";"2627";"1,50";"2307,33";"8493431,05";"1556"
"4219176";"Vargem Bonita";"1609";"4569";"1,79";"3152,02";"24374838,03";"2000"
"4219200";"Vidal Ramos";"2330";"6142";"1,50";"2648,99";"5563992,52";"2300"
"4219309";"Videira";"20539";"55294";"1,67";"3383,05";"17483192,26";"2400"
"4219358";"Vitor Meireles";"1922";"5368";"1,88";"2474,33";"5842261,69";"2048"
"4219408";"Witmarsum";"1527";"4242";"1,58";"3208,52";"16392864,09";"2237"
"4219507";"Xanxerê";"19294";"51364";"1,67";"3478,40";"20420156,21";"2424"
"4219606";"Xavantina";"1253";"3651";"1,68";"5291,57";"84063786,09";"2500"
"4219705";"Xaxim";"11645";"31895";"1,62";"3589,04";"17039844,55";"2500"
"4219853";"Zortéa";"1463";"3929";"1,75";"2411,80";"17629600,88";"1900"
"4220000";"Balneário Rincão";"5808";"15950";"2,12";"2936,31";"12211146,31";"2100"
"4300034";"Aceguá";"1573";"4153";"1,82";"3576,29";"48028297,35";"2000"
"4300059";"Água Santa";"1378";"3902";"1,81";"4213,77";"75103097,92";"2200"
"4300109";"Agudo";"6132";"15974";"1,52";"2676,48";"13295294,14";"1800"
"4300208";"Ajuricaba";"2592";"6666";"1,32";"3444,82";"44149957,77";"2000"
"4300307";"Alecrim";"2553";"6120";"1,34";"2699,80";"22776673,73";"1500"
"4300406";"Alegrete";"28242";"71923";"1,73";"2766,41";"59628441,63";"1600"
"4300455";"Alegria";"1453";"3651";"1,34";"3038,36";"32959866,74";"1475"
"4300471";"Almirante Tamandaré do Sul";"798";"1968";"1,28";"3349,88";"19801287,23";"2400"
"4300505";"Alpestre";"2845";"7108";"1,36";"2704,82";"17965196,54";"1800"
"4300554";"Alto Alegre";"692";"1787";"1,37";"3100,20";"19780713,09";"2000"
"4300570";"Alto Feliz";"1230";"3072";"1,35";"2683,39";"7879248,72";"2200"
"4300604";"Alvorada";"68775";"186616";"1,94";"2286,93";"14047517,86";"1800"
"4300638";"Amaral Ferrador";"2009";"5278";"1,53";"1769,00";"5618580,19";"1212"
"4300646";"Ametista do Sul";"2899";"7634";"1,48";"2255,26";"14473084,76";"1400"
"4300661";"André da Rocha";"437";"1135";"1,60";"3071,02";"38801379,22";"1970"
"4300703";"Anta Gorda";"2235";"5954";"1,60";"4174,59";"61812208,57";"2424"
"4300802";"Antônio Prado";"5001";"12990";"1,45";"3157,55";"13380914,62";"2400"
"4300851";"Arambaré";"1729";"4107";"1,65";"2304,19";"6051681,05";"1500"
"4300877";"Araricá";"3215";"8524";"1,53";"2022,08";"2902806,11";"1500"
"4300901";"Aratiba";"2573";"6477";"1,46";"3445,33";"31178939,17";"2400"
"4301008";"Arroio do Meio";"8407";"21836";"1,40";"2904,23";"9698628,23";"2200"
"4301057";"Arroio do Sal";"4463";"11029";"1,66";"2655,88";"8836609,47";"2000"
"4301073";"Arroio do Padre";"820";"2584";"2,40";"3048,14";"18691570,39";"1800"
"4301107";"Arroio dos Ratos";"5513";"14007";"1,82";"2262,31";"5531020,32";"1500"
"4301206";"Arroio do Tigre";"4451";"12051";"1,51";"2363,68";"10176136,15";"1500"
"4301305";"Arroio Grande";"7269";"17514";"1,67";"2216,77";"16445706,72";"1212"
"4301404";"Arvorezinha";"3929";"10300";"1,67";"2697,07";"13483636,82";"2000"
"4301503";"Augusto Pestana";"2834";"7149";"1,28";"4067,36";"63954569,89";"2100"
"4301552";"Áurea";"1318";"3396";"1,45";"2260,37";"7493947,51";"1650"
"4301602";"Bagé";"45295";"117160";"1,83";"2822,04";"18284331,13";"1600"
"4301636";"Balneário Pinhal";"6098";"14881";"1,84";"2293,06";"5522641,77";"1500"
"4301651";"Barão";"2418";"6440";"1,50";"3003,07";"8818129,10";"2424"
"4301701";"Barão de Cotegipe";"2680";"7054";"1,62";"3582,33";"119850744,57";"2424"
"4301750";"Barão do Triunfo";"2409";"5878";"1,57";"1855,93";"4093447,06";"1212"
"4301800";"Barracão";"1926";"4816";"1,37";"2625,42";"17401695,08";"1500"
"4301859";"Barra do Guarita";"1179";"3155";"1,91";"2227,97";"8547732,44";"1600"
"4301875";"Barra do Quaraí";"1462";"4231";"2,28";"2280,35";"9335723,30";"1500"
"4301909";"Barra do Ribeiro";"4795";"12186";"1,81";"2381,37";"7374363,37";"1520"
"4301925";"Barra do Rio Azul";"620";"1696";"1,50";"3966,97";"46764296,59";"2000"
"4301958";"Barra Funda";"896";"2489";"1,42";"3248,24";"16151590,00";"2224"
"4302006";"Barros Cassal";"3695";"9254";"1,49";"2244,35";"9332016,09";"1212"
"4302055";"Benjamin Constant do Sul";"725";"2082";"2,05";"2560,31";"13114301,85";"1600"
"4302105";"Bento Gonçalves";"48809";"122519";"1,44";"3819,92";"154514117,69";"2500"
"4302154";"Boa Vista das Missões";"760";"1917";"1,32";"2483,48";"7838270,81";"1500"
"4302204";"Boa Vista do Buricá";"2735";"6913";"1,25";"2911,62";"18719523,63";"2001"
"4302220";"Boa Vista do Cadeado";"851";"2219";"1,36";"3486,61";"51112590,52";"2000"
"4302238";"Boa Vista do Incra";"839";"2270";"1,42";"3034,29";"22382877,92";"2000"
"4302253";"Boa Vista do Sul";"1052";"2774";"1,56";"3090,65";"16079185,99";"2424"
"4302303";"Bom Jesus";"4191";"11138";"2,03";"2048,82";"5320645,02";"1300"
"4302352";"Bom Princípio";"4996";"13085";"1,52";"2955,51";"7289887,34";"2400"
"4302378";"Bom Progresso";"821";"2096";"1,41";"2429,01";"8078940,40";"1480"
"4302402";"Bom Retiro do Sul";"4863";"12228";"1,41";"2410,70";"10999050,38";"1800"
"4302451";"Boqueirão do Leão";"2440";"6225";"1,47";"2257,21";"5485679,54";"1500"
"4302501";"Bossoroca";"2359";"5887";"1,62";"2422,66";"11158216,06";"1500"
"4302584";"Bozano";"807";"2150";"1,65";"3231,62";"16501935,18";"2224"
"4302600";"Braga";"1238";"3258";"1,55";"2233,70";"8484320,41";"1400"
"4302659";"Brochier";"2019";"4934";"1,43";"2683,40";"9616014,53";"2000"
"4302709";"Butiá";"7350";"19056";"1,77";"2388,42";"43664674,20";"1500"
"4302808";"Caçapava do Sul";"13436";"32353";"1,53";"2397,47";"8009157,64";"1500"
"4302907";"Cacequi";"4268";"11075";"1,76";"2326,30";"9817781,24";"1400"
"4303004";"Cachoeira do Sul";"31796";"79475";"1,63";"3009,15";"289278622,48";"1800"
"4303103";"Cachoeirinha";"52484";"135865";"1,61";"3034,93";"46600207,59";"2000"
"4303202";"Cacique Doble";"1660";"4601";"2,03";"2380,39";"22524709,97";"1212"
"4303301";"Caibaté";"1895";"4684";"1,34";"2862,54";"15722140,97";"2000"
"4303400";"Caiçara";"1854";"4815";"1,41";"3705,17";"301367169,24";"2000"
"4303509";"Camaquã";"23842";"61634";"1,64";"2537,16";"8691976,40";"1700"
"4303558";"Camargo";"1125";"2971";"1,48";"4049,72";"50780990,94";"2440"
"4303608";"Cambará do Sul";"2414";"6309";"1,55";"2396,59";"7329694,85";"1800"
"4303673";"Campestre da Serra";"1284";"3235";"1,33";"2298,25";"4088555,52";"1800"
"4303707";"Campina das Missões";"2301";"5882";"1,39";"3487,77";"37716385,09";"2000"
"4303806";"Campinas do Sul";"2060";"5250";"1,44";"3002,88";"13235371,81";"2100"
"4303905";"Campo Bom";"24057";"62743";"1,48";"3042,13";"11350976,61";"2000"
"4304002";"Campo Novo";"1920";"4968";"1,60";"2403,91";"13918556,55";"1500"
"4304101";"Campos Borges";"1458";"3609";"1,28";"2521,35";"14115802,33";"1500"
"4304200";"Candelária";"11381";"28667";"1,46";"2254,78";"6880141,96";"1500"
"4304309";"Cândido Godói";"2439";"6293";"1,38";"3563,06";"38773466,36";"2011"
"4304358";"Candiota";"4103";"10624";"1,71";"2419,90";"8631144,37";"1700"
"4304408";"Canela";"18302";"48644";"1,76";"3279,12";"17789398,25";"2200"
"4304507";"Canguçu";"19308";"49541";"1,66";"2306,39";"11301498,98";"1329"
"4304606";"Canoas";"132820";"344790";"1,83";"3594,30";"20842590,34";"2400"
"4304614";"Canudos do Vale";"648";"1656";"1,12";"2443,58";"10931262,02";"1500"
"4304622";"Capão Bonito do Sul";"691";"1733";"1,41";"2616,97";"23881010,20";"1500"
"4304630";"Capão da Canoa";"23875";"63355";"1,95";"3365,89";"18871672,14";"2200"
"4304655";"Capão do Cipó";"1165";"3107";"1,35";"2919,68";"15485905,80";"2000"
"4304663";"Capão do Leão";"10141";"26367";"1,78";"2021,07";"4879003,19";"1500"
"4304671";"Capivari do Sul";"1495";"3989";"1,75";"2855,80";"15947128,16";"2000"
"4304689";"Capela de Santana";"4236";"11133";"1,69";"2141,29";"4469090,07";"1600"
"4304697";"Capitão";"1054";"2921";"1,67";"2540,35";"10858339,32";"1827.5"
"4304705";"Carazinho";"24216";"61362";"1,61";"3250,23";"62250565,23";"2234"
"4304713";"Caraá";"3016";"7393";"1,44";"2052,65";"6776827,89";"1350"
"4304804";"Carlos Barbosa";"11648";"30358";"1,40";"3953,86";"103683340,89";"3000"
"4304853";"Carlos Gomes";"513";"1368";"1,68";"2599,38";"22602738,55";"1600"
"4304903";"Casca";"3614";"9433";"1,56";"4628,86";"52391807,75";"2900"
"4304952";"Caseiros";"1110";"2998";"1,66";"3829,29";"57678796,90";"2000"
"4305009";"Catuípe";"3370";"8666";"1,46";"3227,82";"28604722,38";"2000"
"4305108";"Caxias do Sul";"184835";"461758";"1,50";"3786,95";"82581012,25";"2500"
"4305116";"Centenário";"1031";"2715";"1,40";"3092,39";"23419765,50";"2000"
"4305124";"Cerrito";"2434";"5782";"1,49";"2136,41";"6285923,98";"1250"
"4305132";"Cerro Branco";"1582";"3800";"1,20";"1952,71";"2936915,19";"1212"
"4305157";"Cerro Grande";"915";"2379";"1,41";"2472,24";"10472051,28";"1500"
"4305173";"Cerro Grande do Sul";"3580";"9125";"1,58";"2022,63";"9216207,95";"1212"
"4305207";"Cerro Largo";"5350";"13528";"1,44";"3216,59";"22618312,81";"2000"
"4305306";"Chapada";"3814";"9517";"1,28";"2705,50";"10566755,75";"2000"
"4305355";"Charqueadas";"11993";"31149";"1,68";"3141,76";"11623217,55";"2200"
"4305371";"Charrua";"959";"2768";"2,05";"3164,48";"42280076,31";"1500"
"4305405";"Chiapetta";"1523";"3912";"1,54";"3604,34";"34095995,43";"2000"
"4305439";"Chuí";"2385";"6256";"1,98";"2420,39";"8583123,52";"1800"
"4305447";"Chuvisca";"1669";"4597";"1,53";"2425,47";"7162858,79";"1500"
"4305454";"Cidreira";"6843";"17009";"1,96";"2599,23";"7280895,41";"1745"
"4305504";"Ciríaco";"1677";"4140";"1,45";"2660,23";"17452838,66";"1500"
"4305587";"Colinas";"946";"2414";"1,59";"3216,21";"28978662,42";"2424"
"4305603";"Colorado";"1280";"3253";"1,40";"3557,99";"19398302,05";"2400"
"4305702";"Condor";"2388";"6388";"1,56";"2885,75";"13468286,41";"2000"
"4305801";"Constantina";"3790";"10377";"1,61";"3335,51";"30973651,56";"2000"
"4305835";"Coqueiro Baixo";"502";"1290";"1,39";"2981,52";"15954369,96";"2000"
"4305850";"Coqueiros do Sul";"894";"2205";"1,26";"4550,86";"93042683,83";"2400"
"4305871";"Coronel Barros";"1092";"2808";"1,40";"3710,60";"29625079,18";"2400"
"4305900";"Coronel Bicaco";"2329";"6137";"1,74";"2144,11";"7318034,14";"1212"
"4305934";"Coronel Pilar";"565";"1607";"1,91";"3972,96";"12722477,46";"3000"
"4305959";"Cotiporã";"1433";"3833";"1,62";"2770,62";"9650564,70";"2000"
"4305975";"Coxilha";"1015";"2655";"1,41";"2952,41";"9853043,21";"2000"
"4306007";"Crissiumal";"5263";"12806";"1,35";"3047,40";"31053151,54";"1800"
"4306056";"Cristal";"2766";"7281";"1,67";"2374,62";"16998775,25";"1500"
"4306072";"Cristal do Sul";"1057";"2689";"1,35";"2107,94";"17873146,06";"1212"
"4306106";"Cruz Alta";"22756";"58534";"1,67";"3188,29";"19686546,50";"2000"
"4306130";"Cruzaltense";"616";"1635";"1,49";"3896,23";"62005965,11";"2400"
"4306205";"Cruzeiro do Sul";"4585";"11468";"1,37";"2419,30";"6488172,84";"1900"
"4306304";"David Canabarro";"1658";"4318";"1,34";"2915,19";"19537163,40";"2000"
"4306320";"Derrubadas";"1074";"2751";"1,31";"3102,05";"29453107,97";"1600"
"4306353";"Dezesseis de Novembro";"1017";"2507";"1,37";"2371,38";"15522487,97";"1600"
"4306379";"Dilermando de Aguiar";"1147";"2806";"1,81";"1952,31";"6875249,65";"1212"
"4306403";"Dois Irmãos";"11923";"30596";"1,40";"3172,64";"15530472,13";"2200"
"4306429";"Dois Irmãos das Missões";"798";"2090";"1,58";"2541,35";"68052829,32";"1215"
"4306452";"Dois Lajeados";"1161";"3086";"1,45";"3201,06";"18705736,80";"2000"
"4306502";"Dom Feliciano";"5088";"13026";"1,64";"2298,07";"11357196,56";"1350"
"4306551";"Dom Pedro de Alcântara";"1050";"2555";"1,50";"2150,29";"2202198,34";"1800"
"4306601";"Dom Pedrito";"14307";"36547";"1,82";"2579,46";"12418185,78";"1500"
"4306700";"Dona Francisca";"1223";"3077";"1,59";"2076,00";"4287618,41";"1212"
"4306734";"Doutor Maurício Cardoso";"1820";"4443";"1,30";"3006,26";"20419321,66";"2000"
"4306759";"Doutor Ricardo";"710";"1888";"1,61";"2803,92";"11851722,87";"2000"
"4306767";"Eldorado do Sul";"14465";"39392";"1,95";"2763,58";"14043466,59";"1800"
"4306809";"Encantado";"9028";"22785";"1,49";"3142,67";"13894337,90";"2219"
"4306908";"Encruzilhada do Sul";"9601";"23721";"1,63";"2155,18";"7330208,57";"1300"
"4306924";"Engenho Velho";"441";"1292";"2,61";"2432,94";"10141943,49";"1400"
"4306932";"Entre-Ijuís";"3582";"9113";"1,47";"2565,48";"10172167,33";"1800"
"4306957";"Entre Rios do Sul";"1087";"2674";"1,45";"2688,58";"16978666,33";"1600"
"4306973";"Erebango";"1069";"3028";"2,18";"2585,09";"23719317,54";"1400"
"4307005";"Erechim";"42109";"105006";"1,48";"3644,11";"19327276,83";"2500"
"4307054";"Ernestina";"1250";"3019";"1,34";"2645,40";"6373993,02";"2000"
"4307104";"Herval";"2668";"6170";"1,59";"1907,16";"9124404,86";"1212"
"4307203";"Erval Grande";"1953";"4920";"1,44";"2500,94";"53730749,97";"1500"
"4307302";"Erval Seco";"2609";"6778";"1,54";"2836,88";"130548339,49";"1220"
"4307401";"Esmeralda";"1248";"3195";"1,62";"3002,59";"129472019,63";"1500"
"4307450";"Esperança do Sul";"1272";"3217";"1,40";"2214,99";"7468523,86";"1230"
"4307500";"Espumoso";"5793";"15000";"1,48";"3084,36";"19249088,58";"2001"
"4307559";"Estação";"2172";"5582";"1,35";"2798,89";"6581070,07";"2001.5"
"4307609";"Estância Velha";"17902";"47811";"1,52";"3154,62";"14656171,76";"2100"
"4307708";"Esteio";"29279";"75948";"1,71";"3150,22";"11173462,44";"2200"
"4307807";"Estrela";"12415";"32069";"1,58";"3132,78";"11710686,17";"2400"
"4307815";"Estrela Velha";"1159";"3064";"1,51";"2501,66";"8524455,56";"1981"
"4307831";"Eugênio de Castro";"1112";"2608";"1,34";"2732,33";"19853557,33";"1500"
"4307864";"Fagundes Varela";"883";"2566";"2,11";"3451,51";"20900646,25";"2424"
"4307906";"Farroupilha";"26997";"70139";"1,48";"3112,52";"9933034,97";"2400"
"4308003";"Faxinal do Soturno";"2581";"6698";"1,55";"2851,67";"14883385,39";"1800"
"4308052";"Faxinalzinho";"1004";"2515";"1,45";"2947,70";"30056403,82";"1800"
"4308078";"Fazenda Vilanova";"1646";"4281";"1,76";"2189,49";"6353242,74";"1500"
"4308102";"Feliz";"5394";"13679";"1,39";"2997,04";"10624868,81";"2300"
"4308201";"Flores da Cunha";"11799";"30857";"1,42";"3560,44";"15536079,56";"2500"
"4308250";"Floriano Peixoto";"694";"1667";"1,11";"2631,69";"20742809,96";"2000"
"4308300";"Fontoura Xavier";"3699";"9535";"1,42";"2149,36";"8533166,38";"1240"
"4308409";"Formigueiro";"2536";"6301";"1,58";"2195,51";"9235186,76";"1300"
"4308433";"Forquetinha";"955";"2393";"1,29";"2338,75";"16078538,63";"1225"
"4308458";"Fortaleza dos Valos";"1730";"4456";"1,41";"3054,38";"15845976,49";"2000"
"4308508";"Frederico Westphalen";"12715";"32392";"1,44";"3451,24";"31588949,16";"2400"
"4308607";"Garibaldi";"13395";"34261";"1,43";"3637,90";"18422177,16";"2500"
"4308656";"Garruchos";"1056";"2684";"1,53";"2288,87";"31225861,98";"1212"
"4308706";"Gaurama";"2197";"5579";"1,33";"3660,97";"37894960,78";"2400"
"4308805";"General Câmara";"3148";"7612";"1,60";"2203,78";"6297426,55";"1500"
"4308854";"Gentil";"646";"1744";"1,57";"16439,56";"31556190141,97";"2424"
"4308904";"Getúlio Vargas";"6680";"16433";"1,40";"3352,18";"16200017,91";"2424"
"4309001";"Giruá";"6128";"15921";"1,60";"2438,62";"9420726,00";"1600"
"4309050";"Glorinha";"2989";"7646";"1,55";"2453,91";"6624819,01";"1800"
"4309100";"Gramado";"15381";"40024";"1,64";"3830,90";"27364868,00";"2500"
"4309126";"Gramado dos Loureiros";"719";"2002";"2,80";"2076,52";"2412900,99";"1600"
"4309159";"Gramado Xavier";"1244";"3303";"1,63";"2066,47";"4851670,42";"1500"
"4309209";"Gravataí";"101764";"264289";"1,74";"2755,53";"10668623,82";"2000"
"4309258";"Guabiju";"562";"1414";"1,53";"3031,97";"45562783,73";"1212"
"4309308";"Guaíba";"35161";"92632";"1,77";"2757,54";"9947144,46";"2000"
"4309407";"Guaporé";"9621";"25067";"1,57";"3084,22";"9934752,47";"2400"
"4309506";"Guarani das Missões";"2802";"7308";"1,50";"3009,52";"16559991,79";"2001"
"4309555";"Harmonia";"2022";"5378";"1,47";"2905,98";"12068076,37";"2400"
"4309571";"Herveiras";"967";"2538";"1,62";"2251,06";"4489971,55";"1500"
"4309605";"Horizontina";"7624";"18788";"1,38";"3575,51";"17172587,83";"2500"
"4309654";"Hulha Negra";"2205";"5974";"1,92";"2461,65";"14678101,18";"1500"
"4309704";"Humaitá";"1887";"4680";"1,37";"2799,97";"16568602,96";"1500"
"4309753";"Ibarama";"1414";"3722";"1,41";"2342,60";"7596826,62";"1500"
"4309803";"Ibiaçá";"1770";"4408";"1,32";"3249,63";"23626273,02";"2200"
"4309902";"Ibiraiaras";"2525";"6776";"1,62";"3226,98";"21411583,75";"2300"
"4309951";"Ibirapuitã";"1459";"3714";"1,42";"2706,50";"29194227,94";"1609"
"4310009";"Ibirubá";"8365";"21490";"1,48";"3964,83";"32041551,98";"2500"
"4310108";"Igrejinha";"12766";"32655";"1,52";"2588,93";"10983604,82";"1800"
"4310207";"Ijuí";"32532";"83879";"1,61";"3620,09";"23246406,04";"2400"
"4310306";"Ilópolis";"1504";"4108";"1,59";"2972,45";"22828160,68";"2000"
"4310330";"Imbé";"10455";"26763";"1,85";"2899,44";"10083206,07";"2000"
"4310363";"Imigrante";"1182";"3067";"1,56";"3091,65";"11524163,75";"2424"
"4310405";"Independência";"2484";"6423";"1,56";"3298,45";"26020538,10";"2000"
"4310413";"Inhacorá";"782";"2014";"1,49";"2062,14";"3955808,45";"1212"
"4310439";"Ipê";"2137";"5394";"1,41";"2670,82";"7570334,52";"2000"
"4310462";"Ipiranga do Sul";"675";"1717";"1,24";"4227,35";"52589269,13";"2424"
"4310504";"Iraí";"2834";"7336";"1,68";"2370,83";"11841459,00";"1212"
"4310538";"Itaara";"2111";"5530";"1,75";"3992,38";"39311117,10";"2100"
"4310553";"Itacurubi";"1170";"2990";"1,68";"2046,91";"5773282,66";"1300"
"4310579";"Itapuca";"725";"1937";"1,55";"2975,58";"18646633,50";"2000"
"4310603";"Itaqui";"12907";"35562";"2,04";"2618,51";"12931057,87";"1600"
"4310652";"Itati";"1040";"2627";"1,62";"1966,16";"2828107,70";"1400"
"4310702";"Itatiba do Sul";"1285";"3188";"1,44";"2504,96";"6451634,10";"2000"
"4310751";"Ivorá";"740";"1916";"1,67";"5534,94";"5507949301,41";"1600"
"4310801";"Ivoti";"8616";"22840";"1,40";"3688,27";"18127290,66";"2424"
"4310850";"Jaboticaba";"1499";"3769";"1,32";"2298,28";"22631876,83";"1212"
"4310876";"Jacuizinho";"778";"2027";"1,35";"2223,70";"22785614,14";"1212"
"4310900";"Jacutinga";"1299";"3307";"1,45";"3139,08";"10543103,01";"2400"
"4311007";"Jaguarão";"10836";"26443";"1,63";"2566,72";"11665146,80";"1500"
"4311106";"Jaguari";"4309";"10475";"1,33";"2773,81";"12733663,80";"1800"
"4311122";"Jaquirana";"1391";"3686";"1,80";"1687,74";"2133403,18";"1212"
"4311130";"Jari";"1332";"3348";"1,38";"2149,24";"6704483,90";"1212"
"4311155";"Jóia";"2777";"7158";"1,58";"3107,64";"36132166,89";"1600"
"4311205";"Júlio de Castilhos";"6964";"18082";"1,74";"2956,88";"176379839,90";"1500"
"4311239";"Lagoa Bonita do Sul";"866";"2248";"1,37";"2271,67";"5909956,08";"1500"
"4311254";"Lagoão";"2030";"5331";"1,34";"1898,67";"5867650,96";"1212"
"4311270";"Lagoa dos Três Cantos";"654";"1731";"1,37";"3844,42";"33640062,18";"2500"
"4311304";"Lagoa Vermelha";"10771";"27403";"1,59";"3026,60";"15155894,99";"2000"
"4311403";"Lajeado";"37971";"93021";"1,44";"3653,81";"21747241,34";"2424"
"4311429";"Lajeado do Bugre";"983";"2598";"1,61";"1734,01";"8938013,39";"1212"
"4311502";"Lavras do Sul";"2924";"7080";"1,76";"2478,75";"12841206,39";"1300"
"4311601";"Liberato Salzano";"1827";"4778";"1,55";"3022,95";"24407559,80";"1700"
"4311627";"Lindolfo Collor";"2310";"6233";"1,52";"2167,61";"2619112,19";"1800"
"4311643";"Linha Nova";"665";"1683";"1,42";"2545,91";"11965063,16";"2000"
"4311700";"Machadinho";"2296";"5727";"1,50";"2291,22";"11386602,28";"1400"
"4311718";"Maçambará";"1631";"4424";"1,72";"5536,46";"16069244806,03";"1800"
"4311734";"Mampituba";"1229";"3119";"1,49";"1967,87";"1926775,11";"1500"
"4311759";"Manoel Viana";"2767";"6791";"1,42";"2401,07";"14145600,18";"1500"
"4311775";"Maquiné";"2907";"7402";"1,62";"2224,91";"5611492,47";"1500"
"4311791";"Maratá";"973";"2462";"1,38";"2867,41";"8849605,32";"2212"
"4311809";"Marau";"17278";"44987";"1,56";"3319,94";"16605173,26";"2400"
"4311908";"Marcelino Ramos";"1732";"4305";"1,44";"2959,37";"17807378,41";"2000"
"4311981";"Mariana Pimentel";"1639";"3907";"1,55";"2186,71";"7469151,99";"1300"
"4312005";"Mariano Moro";"757";"1858";"1,27";"3166,97";"35103129,46";"2000"
"4312054";"Marques de Souza";"1574";"3968";"1,55";"2523,63";"6302169,75";"2000"
"4312104";"Mata";"1959";"4669";"1,38";"2216,92";"6802969,61";"1212"
"4312138";"Mato Castelhano";"915";"2416";"1,44";"2803,67";"9832823,93";"2000"
"4312153";"Mato Leitão";"1883";"4843";"1,39";"2263,85";"5728551,32";"1600"
"4312179";"Mato Queimado";"697";"1788";"1,28";"2768,02";"17538822,16";"1700"
"4312203";"Maximiliano de Almeida";"1645";"4186";"1,47";"2597,64";"18980135,46";"1500"
"4312252";"Minas do Leão";"2808";"7496";"1,81";"2331,64";"5642832,60";"1800"
"4312302";"Miraguaí";"1573";"4224";"1,65";"2700,99";"20684634,69";"1500"
"4312351";"Montauri";"535";"1493";"1,66";"3835,51";"19666908,38";"2500"
"4312377";"Monte Alegre dos Campos";"1194";"3180";"1,73";"2101,54";"4290768,74";"1600"
"4312385";"Monte Belo do Sul";"917";"2557";"1,61";"3203,43";"8098007,88";"2400"
"4312401";"Montenegro";"24334";"62372";"1,64";"3079,72";"19117991,02";"2001"
"4312427";"Mormaço";"1058";"2754";"1,51";"2372,54";"6690918,50";"1800"
"4312443";"Morrinhos do Sul";"1270";"3049";"1,23";"2549,38";"4357388,97";"2200"
"4312450";"Morro Redondo";"2505";"6023";"1,46";"2299,59";"4455957,98";"1600"
"4312476";"Morro Reuter";"2297";"6013";"1,30";"2494,09";"3979662,70";"2000"
"4312500";"Mostardas";"4588";"12064";"2,01";"2189,44";"10277892,73";"1400"
"4312609";"Muçum";"1785";"4566";"1,61";"3050,48";"9096118,76";"2400"
"4312617";"Muitos Capões";"1093";"2871";"1,82";"5419,84";"8338718269,98";"1800"
"4312625";"Muliterno";"602";"1706";"1,76";"3862,31";"58112739,68";"1925"
"4312658";"Não-Me-Toque";"6974";"17797";"1,44";"3641,47";"19795051,27";"2500"
"4312674";"Nicolau Vergueiro";"769";"1924";"1,44";"4329,07";"45737707,52";"2424"
"4312708";"Nonoai";"5131";"13660";"1,84";"2686,22";"16753239,86";"1700"
"4312757";"Nova Alvorada";"1170";"3157";"1,45";"4243,31";"75732746,19";"2424"
"4312807";"Nova Araçá";"1811";"4954";"1,96";"3438,61";"19097607,20";"2424"
"4312906";"Nova Bassano";"3291";"9606";"1,91";"3689,45";"19078112,89";"2500"
"4312955";"Nova Boa Vista";"796";"2042";"1,25";"3489,51";"26029583,89";"2400"
"4313003";"Nova Bréscia";"1213";"3044";"1,37";"3699,89";"16194903,79";"2500"
"4313011";"Nova Candelária";"1182";"3061";"1,24";"3996,96";"34324296,24";"2424"
"4313037";"Nova Esperança do Sul";"1906";"4863";"1,40";"2272,61";"5088268,36";"1500"
"4313060";"Nova Hartz";"7570";"20036";"1,54";"2145,86";"3728324,20";"1600"
"4313086";"Nova Pádua";"810";"2343";"1,53";"3312,89";"11230126,76";"2424"
"4313102";"Nova Palma";"2041";"5584";"1,72";"3072,29";"22545587,73";"2000"
"4313201";"Nova Petrópolis";"9041";"23109";"1,53";"3454,49";"14570864,91";"2450"
"4313300";"Nova Prata";"9881";"25552";"1,54";"3303,40";"13965724,67";"2500"
"4313334";"Nova Ramada";"864";"2163";"1,26";"4940,60";"87182338,07";"2424"
"4313359";"Nova Roma do Sul";"1246";"3456";"1,68";"3153,52";"8459195,08";"2500"
"4313375";"Nova Santa Rita";"10268";"28978";"1,92";"2630,78";"7434366,30";"2000"
"4313391";"Novo Cabrais";"1458";"3560";"1,25";"2503,18";"9857321,43";"2000"
"4313409";"Novo Hamburgo";"89846";"226451";"1,59";"3408,47";"32181444,69";"2000"
"4313425";"Novo Machado";"1304";"3179";"1,26";"2263,17";"13269758,00";"1400"
"4313441";"Novo Tiradentes";"819";"2146";"1,49";"2801,70";"31290579,21";"1212"
"4313466";"Novo Xingu";"622";"1646";"1,47";"3629,31";"36337945,86";"2000"
"4313490";"Novo Barreiro";"1647";"4272";"1,52";"2140,30";"7591390,08";"1500"
"4313508";"Osório";"17757";"45925";"1,71";"3314,29";"17325403,07";"2000"
"4313607";"Paim Filho";"1414";"3629";"1,34";"3100,56";"30555214,02";"1900"
"4313656";"Palmares do Sul";"5166";"12797";"1,76";"2255,18";"7757812,52";"1500"
"4313706";"Palmeira das Missões";"12773";"32906";"1,56";"2894,30";"11860120,10";"2000"
"4313805";"Palmitinho";"3005";"7817";"1,42";"2689,48";"13027394,01";"1800"
"4313904";"Panambi";"16485";"43407";"1,47";"3524,96";"16688643,53";"2500"
"4313953";"Pantano Grande";"3971";"10185";"1,89";"2395,93";"8552909,93";"1600"
"4314001";"Paraí";"2654";"7194";"1,45";"3768,11";"36378126,75";"2500"
"4314027";"Paraíso do Sul";"2617";"6468";"1,51";"1879,48";"2903375,46";"1212"
"4314035";"Pareci Novo";"1680";"4297";"1,50";"2706,36";"6517040,06";"2000"
"4314050";"Parobé";"19882";"51846";"1,54";"2256,13";"4245715,90";"1615"
"4314068";"Passa Sete";"1520";"3945";"1,27";"1962,86";"5743373,57";"1212"
"4314076";"Passo do Sobrado";"2381";"5993";"1,37";"2223,70";"11150910,25";"1300"
"4314100";"Passo Fundo";"81729";"204776";"1,72";"3828,03";"34777782,83";"2500"
"4314134";"Paulo Bento";"793";"2144";"1,50";"4732,31";"69402087,06";"2424"
"4314159";"Paverama";"3149";"7923";"1,57";"2081,76";"6463195,12";"1489.5"
"4314175";"Pedras Altas";"862";"2052";"1,47";"2385,81";"20257107,03";"1500"
"4314209";"Pedro Osório";"3084";"7449";"1,73";"2135,26";"8632758,18";"1250"
"4314308";"Pejuçara";"1373";"3735";"1,49";"2648,75";"8068576,51";"2000"
"4314407";"Pelotas";"130706";"323586";"1,70";"3279,39";"147447141,49";"2000"
"4314423";"Picada Café";"2031";"5351";"1,37";"2708,93";"6479731,88";"2000"
"4314456";"Pinhal";"1089";"2958";"1,37";"2652,31";"16106726,95";"1700"
"4314464";"Pinhal da Serra";"885";"2244";"1,43";"2230,46";"4145726,54";"1500"
"4314472";"Pinhal Grande";"1474";"3803";"1,57";"3264,26";"42850565,40";"1500"
"4314498";"Pinheirinho do Vale";"1696";"4535";"1,58";"2627,99";"27164279,82";"1500"
"4314506";"Pinheiro Machado";"4882";"11194";"1,47";"2051,75";"4618491,72";"1212"
"4314548";"Pinto Bandeira";"919";"2693";"1,91";"3773,60";"10148377,18";"3000"
"4314555";"Pirapó";"917";"2247";"1,24";"2239,04";"6550510,59";"1500"
"4314605";"Piratini";"7509";"17465";"1,43";"1984,13";"5230910,60";"1212"
"4314704";"Planalto";"4048";"10395";"1,53";"2118,40";"13340322,26";"1212"
"4314753";"Poço das Antas";"842";"2171";"1,42";"2712,20";"11811226,78";"2000"
"4314779";"Pontão";"1259";"3296";"1,47";"2921,92";"13922444,56";"2200"
"4314787";"Ponte Preta";"585";"1575";"1,49";"3990,37";"70962981,43";"2424"
"4314803";"Portão";"12935";"33846";"1,59";"2582,35";"6453006,56";"2000"
"4314902";"Porto Alegre";"558228";"1322515";"1,68";"5383,55";"304104439,94";"3000"
"4315008";"Porto Lucena";"1824";"4349";"1,45";"2594,00";"12122222,11";"1500"
"4315057";"Porto Mauá";"843";"2138";"1,54";"2236,36";"5315861,89";"1400"
"4315073";"Porto Vera Cruz";"665";"1560";"1,25";"2377,86";"8408550,71";"1300"
"4315107";"Porto Xavier";"3927";"9922";"1,54";"2407,26";"10863017,66";"1400"
"4315131";"Pouso Novo";"664";"1738";"1,51";"2535,70";"17115208,69";"1600"
"4315149";"Presidente Lucena";"1112";"3077";"1,45";"2352,54";"11757250,10";"1900"
"4315156";"Progresso";"2105";"5325";"1,34";"2160,90";"5121323,51";"1325"
"4315172";"Protásio Alves";"752";"2025";"1,44";"3990,79";"55409111,47";"2424"
"4315206";"Putinga";"1365";"3745";"1,68";"2753,19";"12909207,72";"1900"
"4315305";"Quaraí";"8678";"23356";"2,11";"2342,31";"14498410,89";"1300"
"4315313";"Quatro Irmãos";"577";"1552";"1,51";"3505,03";"44676041,24";"1800"
"4315321";"Quevedos";"1033";"2501";"1,32";"2178,33";"7353031,89";"1212"
"4315354";"Quinze de Novembro";"1503";"3860";"1,37";"4580,83";"75598771,10";"2400"
"4315404";"Redentora";"3099";"9716";"2,92";"1607,55";"2280820,07";"1212"
"4315453";"Relvado";"695";"1783";"1,42";"2267,02";"2864754,42";"2000"
"4315503";"Restinga Sêca";"5902";"14882";"1,60";"2363,04";"8128852,23";"1500"
"4315552";"Rio dos Índios";"1087";"2820";"1,39";"2536,52";"20612906,64";"1280"
"4315602";"Rio Grande";"74556";"190614";"1,78";"3121,44";"182442139,66";"2000"
"4315701";"Rio Pardo";"13556";"34403";"1,67";"2185,03";"5713797,36";"1400"
"4315750";"Riozinho";"1725";"4420";"1,54";"1969,65";"2400807,25";"1500"
"4315800";"Roca Sales";"4049";"10351";"1,49";"2568,99";"5516647,38";"1900"
"4315909";"Rodeio Bonito";"2582";"6647";"1,38";"2833,71";"20934609,80";"1800"
"4315958";"Rolador";"913";"2288";"1,43";"2140,55";"8187319,18";"1212"
"4316006";"Rolante";"8233";"21219";"1,48";"2371,82";"13886377,48";"1600"
"4316105";"Ronda Alta";"3548";"9703";"1,86";"3569,85";"47743349,56";"2000"
"4316204";"Rondinha";"1755";"4980";"1,59";"4941,94";"69111702,07";"2442"
"4316303";"Roque Gonzales";"2585";"6562";"1,49";"2593,61";"13181389,04";"1500"
"4316402";"Rosário do Sul";"13803";"36414";"1,81";"2520,19";"85596284,72";"1400"
"4316428";"Sagrada Família";"973";"2480";"1,35";"2098,22";"8537288,64";"1350"
"4316436";"Saldanha Marinho";"1035";"2565";"1,26";"2942,42";"17032520,78";"2000"
"4316451";"Salto do Jacuí";"4014";"10116";"1,53";"2538,85";"11681813,78";"1500"
"4316477";"Salvador das Missões";"1118";"2871";"1,20";"2900,93";"17812145,51";"2240"
"4316501";"Salvador do Sul";"2669";"6860";"1,43";"2816,03";"6892429,01";"2300"
"4316600";"Sananduva";"6613";"16382";"1,33";"3316,51";"20548450,03";"2300"
"4316709";"Santa Bárbara do Sul";"3200";"8097";"1,39";"3141,08";"24553799,45";"2000"
"4316733";"Santa Cecília do Sul";"617";"1674";"1,54";"3833,16";"40938733,57";"2400"
"4316758";"Santa Clara do Sul";"2580";"6830";"1,34";"2723,03";"6290164,21";"2400"
"4316808";"Santa Cruz do Sul";"53649";"132214";"1,47";"3599,98";"311791725,65";"2200"
"4316907";"Santa Maria";"106295";"268699";"1,79";"4188,54";"1154383148,71";"2400"
"4316956";"Santa Maria do Herval";"2411";"6332";"1,33";"2265,74";"7066554,44";"1800"
"4316972";"Santa Margarida do Sul";"1037";"2596";"1,64";"2445,55";"12101738,35";"1500"
"4317004";"Santana da Boa Vista";"3043";"7017";"1,37";"1849,44";"4257591,74";"1212"
"4317103";"Sant'Ana do Livramento";"31757";"83940";"2,07";"2725,48";"19220489,02";"1500"
"4317202";"Santa Rosa";"30005";"76458";"1,45";"3440,70";"18842913,46";"2400"
"4317251";"Santa Tereza";"592";"1503";"1,48";"3025,05";"8931712,62";"2424"
"4317301";"Santa Vitória do Palmar";"12510";"30762";"1,68";"2451,82";"9829139,79";"1500"
"4317400";"Santiago";"19644";"48667";"1,51";"3347,05";"18938148,51";"2000"
"4317509";"Santo Ângelo";"29689";"76182";"1,64";"3343,47";"19225007,44";"2000"
"4317558";"Santo Antônio do Palma";"748";"2091";"1,76";"4052,21";"52546385,11";"2424"
"4317608";"Santo Antônio da Patrulha";"17068";"42618";"1,54";"2376,57";"6606578,01";"1600"
"4317707";"Santo Antônio das Missões";"4086";"10238";"1,63";"2306,88";"11361446,53";"1500"
"4317756";"Santo Antônio do Planalto";"812";"2079";"1,39";"2883,38";"13330840,07";"2000"
"4317806";"Santo Augusto";"5471";"13897";"1,45";"2881,67";"12571215,09";"1840"
"4317905";"Santo Cristo";"5911";"15271";"1,37";"3673,23";"43702065,27";"2224"
"4317954";"Santo Expedito do Sul";"916";"2349";"1,31";"3982,99";"46211357,48";"2300"
"4318002";"São Borja";"22559";"59172";"1,77";"2699,52";"12878734,26";"1600"
"4318051";"São Domingos do Sul";"1057";"2749";"1,46";"3477,96";"28154328,17";"2500"
"4318101";"São Francisco de Assis";"7246";"17532";"1,50";"2405,34";"11351105,69";"1215"
"4318200";"São Francisco de Paula";"8009";"21063";"1,93";"2524,44";"6640308,04";"1800"
"4318309";"São Gabriel";"22285";"58110";"1,83";"2727,45";"17080970,42";"1500"
"4318408";"São Jerônimo";"8089";"20908";"1,79";"2730,09";"15833859,00";"1600"
"4318424";"São João da Urtiga";"1739";"4461";"1,25";"3076,72";"24868695,30";"1800"
"4318432";"São João do Polêsine";"1041";"2617";"1,58";"2936,72";"12218004,81";"1800"
"4318440";"São Jorge";"1083";"2909";"1,59";"4167,34";"67286541,19";"2400"
"4318457";"São José das Missões";"932";"2362";"1,41";"2410,27";"14419319,76";"1500"
"4318465";"São José do Herval";"746";"1896";"1,42";"2264,22";"17657830,79";"1212"
"4318481";"São José do Hortêncio";"1693";"4444";"1,44";"2413,64";"2752732,85";"2000"
"4318499";"São José do Inhacorá";"956";"2406";"1,24";"2874,87";"22456895,02";"2000"
"4318507";"São José do Norte";"10190";"25355";"1,54";"1883,12";"2958626,40";"1212"
"4318606";"São José do Ouro";"2738";"6834";"1,32";"3463,95";"31742405,94";"2000"
"4318614";"São José do Sul";"921";"2356";"1,45";"2349,64";"4504602,82";"1700"
"4318622";"São José dos Ausentes";"1456";"4148";"2,09";"2070,08";"12562865,22";"1300"
"4318705";"São Leopoldo";"84184";"216249";"1,71";"3197,22";"39579099,33";"2000"
"4318804";"São Lourenço do Sul";"15248";"41882";"2,04";"2843,28";"16278174,44";"1800"
"4318903";"São Luiz Gonzaga";"13557";"34455";"1,62";"2815,51";"13256764,52";"1800"
"4319000";"São Marcos";"8225";"21072";"1,41";"3089,45";"7922745,49";"2400"
"4319109";"São Martinho";"2216";"5478";"1,25";"2827,24";"17144028,41";"2000"
"4319125";"São Martinho da Serra";"1147";"2860";"1,49";"2565,31";"16214751,58";"1500"
"4319158";"São Miguel das Missões";"2804";"7043";"1,48";"2366,42";"13690429,57";"1431"
"4319208";"São Nicolau";"2047";"5105";"1,69";"1977,36";"7575701,57";"1212"
"4319307";"São Paulo das Missões";"2231";"5835";"1,40";"3043,16";"22814768,62";"1600"
"4319356";"São Pedro da Serra";"1309";"3548";"1,49";"2770,30";"8619966,96";"2300"
"4319364";"São Pedro das Missões";"671";"1755";"1,40";"1848,94";"5249862,01";"1212"
"4319372";"São Pedro do Butiá";"1169";"3069";"1,41";"3821,98";"48533062,94";"2400"
"4319406";"São Pedro do Sul";"6419";"15532";"1,54";"2286,98";"6651739,73";"1400"
"4319505";"São Sebastião do Caí";"9429";"24307";"1,68";"2720,47";"9711771,02";"2000"
"4319604";"São Sepé";"8601";"21071";"1,51";"2432,49";"9403718,90";"1500"
"4319703";"São Valentim";"1239";"3201";"1,60";"2973,54";"15778376,69";"1800"
"4319711";"São Valentim do Sul";"846";"2204";"1,63";"2506,42";"14233850,24";"1515"
"4319737";"São Valério do Sul";"822";"2521";"2,42";"2969,91";"464426826,44";"1212"
"4319752";"São Vendelino";"852";"2251";"1,41";"3377,16";"7744459,66";"2600"
"4319802";"São Vicente do Sul";"3114";"8030";"1,73";"2549,86";"19750132,31";"1400"
"4319901";"Sapiranga";"28696";"75284";"1,58";"2494,24";"6742266,35";"1800"
"4320008";"Sapucaia do Sul";"50173";"131854";"1,70";"2660,66";"7790986,47";"2000"
"4320107";"Sarandi";"8620";"22695";"1,57";"3064,32";"121885754,16";"2000"
"4320206";"Seberi";"4695";"11924";"1,50";"2456,43";"13274249,26";"1500"
"4320230";"Sede Nova";"1068";"2688";"1,38";"3753,74";"81643046,55";"1800"
"4320263";"Segredo";"2321";"5999";"1,32";"2125,30";"8658005,04";"1212"
"4320305";"Selbach";"1973";"5066";"1,42";"4064,41";"36125010,22";"2500"
"4320321";"Senador Salgado Filho";"1044";"2667";"1,46";"2663,47";"21774683,12";"1500"
"4320354";"Sentinela do Sul";"2109";"5234";"1,55";"1936,84";"4379215,02";"1212"
"4320404";"Serafina Corrêa";"6226";"16926";"1,64";"3129,90";"15107713,72";"2200"
"4320453";"Sério";"780";"1941";"1,27";"2302,32";"6667891,71";"1500"
"4320503";"Sertão";"2191";"5523";"1,39";"2728,51";"6565774,97";"2400"
"4320552";"Sertão Santana";"2345";"5788";"1,56";"2261,92";"5497052,88";"1500"
"4320578";"Sete de Setembro";"696";"1805";"1,42";"2374,27";"12259578,18";"1212"
"4320602";"Severiano de Almeida";"1309";"3402";"1,36";"3343,89";"27171502,88";"2200"
"4320651";"Silveira Martins";"789";"2019";"1,49";"3304,76";"14650537,19";"2200"
"4320677";"Sinimbu";"3206";"8558";"1,54";"1850,23";"3364059,26";"1212"
"4320701";"Sobradinho";"5582";"14043";"1,46";"2564,27";"9148707,42";"1700"
"4320800";"Soledade";"11715";"29763";"1,59";"2886,50";"36103005,86";"1900"
"4320859";"Tabaí";"1744";"4461";"1,60";"2226,83";"3439282,36";"1800"
"4320909";"Tapejara";"9340";"24493";"1,66";"3263,71";"50074711,58";"2400"
"4321006";"Tapera";"4045";"10542";"1,52";"3386,80";"21204547,03";"2400"
"4321105";"Tapes";"6011";"14661";"1,64";"2390,19";"13562036,35";"1500"
"4321204";"Taquara";"20888";"52661";"1,60";"2807,41";"10700459,02";"2000"
"4321303";"Taquari";"10099";"25040";"1,58";"2671,71";"7295008,09";"2000"
"4321329";"Taquaruçu do Sul";"1136";"3108";"1,59";"3460,75";"46294401,57";"2000"
"4321352";"Tavares";"2146";"5183";"1,62";"1944,84";"3451980,17";"1212"
"4321402";"Tenente Portela";"5332";"14471";"2,13";"2791,55";"14375422,63";"1800"
"4321436";"Terra de Areia";"4005";"10311";"1,61";"2390,21";"4324435,73";"1800"
"4321451";"Teutônia";"12776";"32594";"1,40";"2693,34";"8126963,30";"2000"
"4321469";"Tio Hugo";"1241";"3258";"1,50";"2524,01";"16657469,34";"2000"
"4321477";"Tiradentes do Sul";"2029";"5129";"1,50";"2722,85";"20780484,05";"1500"
"4321493";"Toropi";"1058";"2549";"1,22";"2105,58";"7460945,95";"1212"
"4321501";"Torres";"16524";"41501";"1,64";"3423,96";"17232696,01";"2200"
"4321600";"Tramandaí";"21083";"54090";"2,00";"2952,90";"11864317,33";"2000"
"4321626";"Travesseiro";"830";"2148";"1,49";"2384,95";"20115160,24";"1300"
"4321634";"Três Arroios";"1028";"2591";"1,33";"3656,35";"26213948,78";"2424"
"4321667";"Três Cachoeiras";"4201";"10925";"1,41";"2645,35";"10320566,41";"2000"
"4321709";"Três Coroas";"9275";"24235";"1,60";"2438,17";"6624499,08";"1800"
"4321808";"Três de Maio";"9873";"24815";"1,43";"3275,26";"18269062,69";"2400"
"4321832";"Três Forquilhas";"1059";"2746";"1,71";"2152,67";"2661481,13";"1813.5"
"4321857";"Três Palmeiras";"1738";"4716";"1,77";"2238,93";"13674761,64";"1500"
"4321907";"Três Passos";"9952";"24981";"1,45";"3144,33";"22677951,59";"2000"
"4321956";"Trindade do Sul";"2836";"7548";"1,71";"3156,66";"28904420,95";"2000"
"4322004";"Triunfo";"10566";"27295";"1,72";"2403,13";"13493175,12";"1800"
"4322103";"Tucunduva";"2268";"5533";"1,35";"2915,64";"8257787,45";"2212"
"4322152";"Tunas";"1398";"3664";"1,44";"1881,23";"5459803,64";"1212"
"4322186";"Tupanci do Sul";"560";"1371";"1,22";"2545,39";"12448067,50";"1500"
"4322202";"Tupanciretã";"7786";"19920";"1,77";"2870,85";"70877391,04";"1500"
"4322251";"Tupandi";"1840";"5020";"1,39";"2674,60";"8166727,87";"2001"
"4322301";"Tuparendi";"3367";"8351";"1,34";"3170,55";"14941467,25";"2300"
"4322327";"Turuçu";"1205";"3413";"2,09";"2634,21";"28883070,02";"1400"
"4322343";"Ubiretama";"766";"1982";"1,34";"4414,21";"48076426,63";"2200"
"4322350";"União da Serra";"436";"1170";"1,37";"4608,77";"49955944,25";"2424"
"4322376";"Unistalda";"806";"1992";"1,40";"2034,09";"5209115,57";"1212"
"4322400";"Uruguaiana";"41707";"116405";"2,15";"2896,09";"20138765,18";"1800"
"4322509";"Vacaria";"23641";"63782";"1,89";"2844,34";"14281240,43";"2000"
"4322525";"Vale Verde";"1294";"3150";"1,42";"1925,73";"5084146,95";"1212"
"4322533";"Vale do Sol";"3776";"9873";"1,51";"2126,08";"5157447,32";"1500"
"4322541";"Vale Real";"2260";"6049";"1,40";"2533,79";"4533435,35";"2000"
"4322558";"Vanini";"788";"2004";"1,26";"2730,05";"8546048,28";"2000"
"4322608";"Venâncio Aires";"27672";"68094";"1,41";"2483,74";"48645677,52";"1700"
"4322707";"Vera Cruz";"10333";"26604";"1,45";"2379,33";"5450019,54";"1674.5"
"4322806";"Veranópolis";"9531";"23961";"1,49";"3180,07";"17047459,80";"2100"
"4322855";"Vespasiano Corrêa";"642";"1813";"1,96";"6954,63";"131294769,77";"3000"
"4322905";"Viadutos";"1896";"4769";"1,53";"2607,02";"12034897,13";"1850"
"4323002";"Viamão";"84605";"223476";"1,95";"2529,74";"10976662,87";"1800"
"4323101";"Vicente Dutra";"1788";"4655";"1,63";"2230,55";"9469583,31";"1212"
"4323200";"Victor Graeff";"1098";"2767";"1,32";"3799,40";"26929119,71";"2424"
"4323309";"Vila Flores";"1316";"3610";"1,72";"2887,35";"12075541,00";"2000"
"4323358";"Vila Lângaro";"774";"2079";"1,41";"3489,14";"26769979,54";"2200"
"4323408";"Vila Maria";"1646";"4381";"1,50";"3682,40";"38997331,49";"2200"
"4323457";"Vila Nova do Sul";"1598";"3850";"1,40";"2244,97";"18640154,85";"1224"
"4323507";"Vista Alegre";"1010";"2645";"1,52";"4319,42";"91534021,44";"2000"
"4323606";"Vista Alegre do Prata";"573";"1586";"1,76";"3940,04";"52752787,32";"2100"
"4323705";"Vista Gaúcha";"1108";"2783";"1,29";"2861,09";"10435479,42";"2000"
"4323754";"Vitória das Missões";"1312";"3254";"1,21";"2501,55";"30681250,55";"1212"
"4323770";"Westfália";"1112";"3094";"1,76";"3415,01";"14532510,77";"2500"
"4323804";"Xangri-lá";"5790";"16423";"2,00";"3969,21";"423999694,75";"2400"
"5000203";"Água Clara";"5611";"16668";"2,04";"2839,49";"10661829,33";"2200"
"5000252";"Alcinópolis";"1770";"4522";"1,69";"2759,27";"10095194,97";"2000"
"5000609";"Amambai";"13627";"39036";"2,26";"2398,17";"12487892,29";"1300"
"5000708";"Anastácio";"8575";"24093";"2,07";"2146,08";"10555106,49";"1250"
"5000807";"Anaurilândia";"2913";"7583";"1,77";"2336,48";"11796466,98";"1800"
"5000856";"Angélica";"3977";"10693";"1,76";"2411,43";"4562490,98";"1800"
"5000906";"Antônio João";"3176";"9293";"2,40";"1951,46";"11540728,87";"1212"
"5001003";"Aparecida do Taboado";"10296";"27596";"1,85";"2503,62";"8382526,76";"1800"
"5001102";"Aquidauana";"15913";"46461";"2,63";"2511,61";"11978549,48";"1400"
"5001243";"Aral Moreira";"3370";"10653";"2,75";"2126,76";"6414805,43";"1345"
"5001508";"Bandeirantes";"2917";"7889";"2,07";"2910,58";"23754255,52";"2000"
"5001904";"Bataguassu";"8237";"22833";"1,74";"2513,14";"8372866,24";"1769.5"
"5002001";"Batayporã";"3868";"10684";"1,80";"2300,44";"12270544,52";"1600"
"5002100";"Bela Vista";"7231";"21442";"2,43";"2367,23";"12464958,51";"1336"
"5002159";"Bodoquena";"3045";"8520";"2,14";"2354,87";"6700633,92";"1500"
"5002209";"Bonito";"8259";"23411";"2,06";"2803,57";"12569493,72";"1900"
"5002308";"Brasilândia";"4235";"11494";"1,72";"2495,35";"7281421,64";"2000"
"5002407";"Caarapó";"10657";"30506";"2,05";"2503,92";"8928385,70";"1715"
"5002605";"Camapuã";"5434";"13526";"1,64";"2723,53";"10407098,85";"2000"
"5002704";"Campo Grande";"325830";"891107";"1,95";"3824,26";"30135937,64";"2000"
"5002803";"Caracol";"1717";"5024";"2,13";"2365,46";"10194976,89";"1500"
"5002902";"Cassilândia";"8259";"20756";"1,71";"2617,97";"8835049,51";"1800"
"5002951";"Chapadão do Sul";"10886";"30743";"1,83";"3988,88";"139446135,10";"2500"
"5003108";"Corguinho";"1858";"4780";"1,91";"2253,84";"4863075,12";"1500"
"5003157";"Coronel Sapucaia";"4478";"14207";"2,79";"1522,89";"4376067,46";"1212"
"5003207";"Corumbá";"30096";"95184";"2,96";"2756,46";"13646249,41";"1500"
"5003256";"Costa Rica";"9392";"25942";"1,80";"2815,68";"40732822,71";"2000"
"5003306";"Coxim";"12127";"31940";"1,81";"2718,70";"17054149,20";"1500"
"5003454";"Deodápolis";"5131";"13657";"1,64";"2233,29";"9209274,22";"1500"
"5003488";"Dois Irmãos do Buriti";"3637";"10623";"2,29";"2228,51";"12591821,51";"1212"
"5003504";"Douradina";"2012";"5573";"1,71";"2191,68";"6740528,55";"1300"
"5003702";"Dourados";"85946";"241105";"2,01";"3498,72";"38662985,12";"2000"
"5003751";"Eldorado";"4175";"11329";"1,83";"2252,24";"6683596,93";"1500"
"5003801";"Fátima do Sul";"7847";"20563";"1,61";"2482,88";"10348363,04";"1500"
"5003900";"Figueirão";"1363";"3528";"1,98";"3186,45";"71910635,85";"2200"
"5004007";"Glória de Dourados";"3953";"10414";"1,71";"2662,51";"10392003,49";"1800"
"5004106";"Guia Lopes da Laguna";"3586";"9911";"2,08";"2052,59";"4294079,39";"1250"
"5004304";"Iguatemi";"5061";"13766";"1,79";"2455,64";"11822309,97";"1500"
"5004403";"Inocência";"3130";"8334";"1,82";"2807,86";"11677024,24";"2000"
"5004502";"Itaporã";"8358";"24123";"2,22";"2169,58";"7614035,30";"1300"
"5004601";"Itaquiraí";"6917";"19258";"1,86";"2218,23";"6723974,13";"1500"
"5004700";"Ivinhema";"10294";"27711";"1,61";"2519,67";"8740628,42";"1800"
"5004809";"Japorã";"2488";"8126";"3,33";"1483,94";"2179168,34";"1212"
"5004908";"Jaraguari";"2717";"7106";"1,85";"2343,54";"7288409,86";"1600"
"5005004";"Jardim";"8341";"23788";"2,25";"2847,22";"22619208,77";"1500"
"5005103";"Jateí";"1261";"3578";"1,89";"2623,78";"10342646,50";"1700"
"5005152";"Juti";"2385";"6713";"2,01";"2148,94";"4408294,12";"1500"
"5005202";"Ladário";"6386";"21485";"3,07";"2568,38";"8380863,01";"1500"
"5005251";"Laguna Carapã";"2346";"6779";"1,99";"2475,51";"17053920,29";"1500"
"5005400";"Maracaju";"15753";"44886";"2,16";"3024,39";"16310300,32";"2000"
"5005608";"Miranda";"7838";"25310";"3,17";"2015,84";"10677694,22";"1212"
"5005681";"Mundo Novo";"7044";"18811";"1,73";"2396,13";"8503476,24";"1500"
"5005707";"Naviraí";"18548";"49805";"1,69";"2829,63";"14153688,96";"1800"
"5005806";"Nioaque";"4650";"13198";"2,08";"2282,77";"10057159,74";"1500"
"5006002";"Nova Alvorada do Sul";"7788";"21802";"1,94";"2440,54";"6188382,78";"2000"
"5006200";"Nova Andradina";"17569";"48308";"1,84";"2913,32";"14665065,17";"2000"
"5006259";"Novo Horizonte do Sul";"1796";"4719";"1,64";"2115,52";"3636172,36";"1500"
"5006275";"Paraíso das Águas";"1954";"5484";"1,75";"3080,10";"16056210,79";"2400"
"5006309";"Paranaíba";"15806";"40526";"1,72";"2761,11";"14712976,04";"1800"
"5006358";"Paranhos";"3632";"12728";"4,44";"1756,05";"5888189,19";"1212"
"5006408";"Pedro Gomes";"2701";"6882";"1,67";"2255,89";"14655212,64";"1212"
"5006606";"Ponta Porã";"30462";"91373";"2,52";"3041,90";"976732508,47";"1700"
"5006903";"Porto Murtinho";"4032";"12747";"3,01";"2328,96";"8659338,50";"1500"
"5007109";"Ribas do Rio Pardo";"7796";"22983";"2,23";"2796,82";"10869324,42";"2000"
"5007208";"Rio Brilhante";"13128";"37128";"2,00";"2817,02";"92143378,02";"2000"
"5007307";"Rio Negro";"1769";"4823";"1,99";"2393,75";"7212979,79";"1600"
"5007406";"Rio Verde de Mato Grosso";"7312";"19706";"1,93";"2457,84";"11416128,77";"1600"
"5007505";"Rochedo";"1892";"5172";"2,00";"2231,41";"5335726,22";"1600"
"5007554";"Santa Rita do Pardo";"2514";"6989";"1,81";"2250,80";"5002026,96";"1800"
"5007695";"São Gabriel do Oeste";"10670";"29456";"1,88";"3393,26";"22523798,04";"2350"
"5007703";"Sete Quedas";"3668";"10953";"2,36";"2245,28";"9424450,77";"1212"
"5007802";"Selvíria";"3006";"8050";"1,77";"2230,07";"12189462,51";"1500"
"5007901";"Sidrolândia";"16548";"47024";"2,14";"2314,32";"9580997,90";"1500"
"5007935";"Sonora";"5241";"14442";"1,86";"2768,23";"14033680,83";"2000"
"5007950";"Tacuru";"3242";"10786";"4,13";"1901,25";"10799286,56";"1212"
"5007976";"Taquarussu";"1377";"3619";"1,62";"2196,00";"4226550,99";"1700"
"5008008";"Terenos";"6448";"17539";"2,00";"2287,33";"6017288,47";"1600"
"5008305";"Três Lagoas";"47880";"131028";"1,85";"3125,14";"14082074,33";"2000"
"5008404";"Vicentina";"2391";"6307";"1,72";"2410,56";"6086063,97";"1600"
"5100102";"Acorizal";"1815";"4985";"2,03";"2007,97";"4293250,39";"1212"
"5100201";"Água Boa";"10342";"28663";"1,99";"3586,78";"20299638,67";"2500"
"5100250";"Alta Floresta";"20918";"58451";"1,87";"3792,39";"1291630559,58";"2424"
"5100300";"Alto Araguaia";"6644";"17040";"1,89";"3038,52";"13488510,19";"2100"
"5100359";"Alto Boa Vista";"1775";"5638";"3,44";"2731,57";"21950041,18";"1700"
"5100409";"Alto Garças";"4583";"12979";"2,36";"2694,94";"15916233,07";"2000"
"5100508";"Alto Paraguai";"3012";"7995";"2,18";"1842,11";"4695468,25";"1240"
"5100607";"Alto Taquari";"3912";"10849";"1,85";"3343,85";"16277851,94";"2400"
"5100805";"Apiacás";"2797";"8477";"2,88";"3127,92";"15518735,13";"2000"
"5101001";"Araguaiana";"1450";"3777";"1,67";"2343,32";"8845451,57";"1600"
"5101209";"Araguainha";"408";"1005";"1,97";"2481,44";"6863820,77";"1500"
"5101258";"Araputanga";"5498";"14664";"1,74";"2525,95";"10971030,26";"1700"
"5101308";"Arenápolis";"3809";"10525";"1,91";"2523,26";"8599686,79";"1500"
"5101407";"Aripuanã";"7744";"24177";"2,45";"3412,65";"22614484,62";"2500"
"5101605";"Barão de Melgaço";"2428";"7210";"2,65";"1651,79";"2570761,21";"1212"
"5101704";"Barra do Bugres";"10543";"29240";"2,00";"2738,89";"14478825,15";"1800"
"5101803";"Barra do Garças";"25255";"68812";"2,40";"3099,27";"15341816,44";"2000"
"5101852";"Bom Jesus do Araguaia";"2474";"7230";"1,98";"2942,43";"15895251,32";"2226.5"
"5101902";"Brasnorte";"5717";"16651";"2,32";"3184,44";"14131025,71";"2428"
"5102504";"Cáceres";"31062";"89189";"2,25";"2894,84";"15795991,55";"1600"
"5102603";"Campinápolis";"3651";"14595";"9,71";"2501,53";"12671510,95";"1400"
"5102637";"Campo Novo do Parecis";"15294";"45382";"2,03";"3660,17";"18940562,72";"2700"
"5102678";"Campo Verde";"15418";"44439";"1,91";"3418,59";"19868525,22";"2400"
"5102686";"Campos de Júlio";"2880";"8587";"2,10";"3692,24";"17123008,54";"2600"
"5102694";"Canabrava do Norte";"1564";"4453";"2,02";"2873,29";"17288587,65";"2000"
"5102702";"Canarana";"8869";"25725";"2,75";"4140,72";"84122711,92";"2800"
"5102793";"Carlinda";"3784";"10318";"1,71";"2563,05";"8506150,64";"2000"
"5102850";"Castanheira";"2722";"7457";"1,69";"2574,80";"9470774,43";"2000"
"5103007";"Chapada dos Guimarães";"6882";"18888";"2,24";"2925,14";"16781467,33";"1700"
"5103056";"Cláudia";"3395";"9586";"1,92";"2654,41";"7916386,50";"2000"
"5103106";"Cocalinho";"2271";"6180";"1,82";"2529,23";"6161111,67";"2000"
"5103205";"Colíder";"11741";"31222";"1,66";"2995,19";"17171079,24";"2000"
"5103254";"Colniza";"8829";"25403";"1,80";"2555,86";"13051599,92";"2000"
"5103304";"Comodoro";"6393";"17998";"2,07";"2798,74";"29262255,15";"2000"
"5103353";"Confresa";"11908";"34994";"2,13";"2870,01";"12933401,61";"2000"
"5103361";"Conquista D'Oeste";"1330";"3737";"1,85";"2853,03";"8671010,29";"2025"
"5103379";"Cotriguaçu";"3880";"10963";"1,79";"2979,19";"14016062,90";"2000"
"5103403";"Cuiabá";"232190";"646540";"2,13";"4524,06";"48168825,48";"2500"
"5103437";"Curvelândia";"1794";"4898";"1,66";"2099,32";"4689398,29";"1300"
"5103452";"Denise";"2474";"6998";"2,01";"2561,25";"10255399,59";"2000"
"5103502";"Diamantino";"7500";"21775";"2,05";"3018,80";"13349979,41";"2000"
"5103601";"Dom Aquino";"3026";"7827";"1,88";"2420,34";"8708855,65";"1500"
"5103700";"Feliz Natal";"3319";"10296";"2,65";"3041,54";"13816960,87";"2050.5"
"5103809";"Figueirópolis D'Oeste";"1211";"3174";"1,46";"2774,13";"10215007,64";"2000"
"5103858";"Gaúcha do Norte";"2659";"8502";"3,01";"3006,29";"13131915,42";"2400"
"5103908";"General Carneiro";"1841";"5681";"5,25";"2165,48";"5707800,92";"1212"
"5103957";"Glória D'Oeste";"1113";"2874";"1,54";"2143,42";"4520893,75";"1212"
"5104104";"Guarantã do Norte";"10908";"30993";"1,96";"2871,83";"14416456,88";"2000"
"5104203";"Guiratinga";"4399";"10756";"1,70";"2376,70";"11990794,39";"1300"
"5104500";"Indiavaí";"837";"2200";"1,72";"2241,46";"3578544,63";"1912"
"5104526";"Ipiranga do Norte";"2546";"7638";"1,92";"4049,68";"423963156,90";"2500"
"5104542";"Itanhangá";"2552";"7490";"2,17";"3180,30";"21046228,74";"2424"
"5104559";"Itaúba";"1741";"5003";"1,98";"2966,12";"19976167,34";"2000"
"5104609";"Itiquira";"4292";"12193";"2,03";"2904,83";"10507613,17";"2000"
"5104807";"Jaciara";"10284";"28409";"1,87";"2667,64";"13165796,86";"1800"
"5104906";"Jangada";"2548";"7420";"2,31";"2058,14";"9076313,02";"1250"
"5105002";"Jauru";"3091";"8328";"1,73";"2946,29";"14633385,90";"2000"
"5105101";"Juara";"12096";"34562";"2,10";"3022,09";"16868193,74";"2154.5"
"5105150";"Juína";"16695";"45547";"1,87";"2915,83";"25429138,28";"2000"
"5105176";"Juruena";"3619";"10209";"1,92";"2818,11";"20763343,39";"2000"
"5105200";"Juscimeira";"4326";"11408";"1,82";"2410,29";"8764614,20";"1800"
"5105234";"Lambari D'Oeste";"1723";"4780";"1,82";"2095,34";"2247065,13";"1800"
"5105259";"Lucas do Rio Verde";"27712";"83535";"2,07";"4306,99";"597203636,04";"2600"
"5105309";"Luciara";"812";"2482";"3,23";"2023,40";"4030739,73";"1212"
"5105507";"Vila Bela da Santíssima Trindade";"5367";"16665";"2,58";"2934,47";"22202002,38";"2000"
"5105580";"Marcelândia";"3818";"11333";"2,43";"3007,91";"11896014,88";"2000"
"5105606";"Matupá";"6848";"19938";"2,04";"3318,82";"17699449,35";"2424"
"5105622";"Mirassol d'Oeste";"9863";"26528";"1,70";"2575,11";"10013860,46";"1600"
"5105903";"Nobres";"5258";"15426";"2,24";"2683,43";"9555736,55";"1800"
"5106000";"Nortelândia";"2130";"5820";"1,97";"2281,03";"5848438,44";"1500"
"5106109";"Nossa Senhora do Livramento";"4598";"12902";"2,22";"1995,44";"5666725,02";"1212"
"5106158";"Nova Bandeirantes";"4935";"13579";"2,00";"2614,36";"7849057,25";"2000"
"5106174";"Nova Nazaré";"1103";"3882";"6,24";"3122,70";"12851810,24";"2400"
"5106182";"Nova Lacerda";"2353";"6591";"2,17";"2899,68";"13926119,74";"2000"
"5106190";"Nova Santa Helena";"1506";"4234";"1,95";"2998,74";"17360436,59";"2190"
"5106208";"Nova Brasilândia";"1540";"3889";"1,90";"2291,72";"5205911,16";"1800"
"5106216";"Nova Canaã do Norte";"4289";"11680";"1,60";"2635,46";"15397725,79";"2000"
"5106224";"Nova Mutum";"18165";"55525";"2,10";"4041,39";"744121023,81";"2500"
"5106232";"Nova Olímpia";"5742";"16324";"2,08";"2482,45";"5653381,75";"2000"
"5106240";"Nova Ubiratã";"3741";"11430";"2,14";"2935,43";"7114264,03";"2200"
"5106257";"Nova Xavantina";"9282";"24176";"1,86";"2895,07";"12941268,02";"2000"
"5106265";"Novo Mundo";"2222";"6484";"2,10";"2542,93";"7066496,44";"2424"
"5106273";"Novo Horizonte do Norte";"1255";"3344";"1,60";"2632,93";"4634412,56";"2100"
"5106281";"Novo São Joaquim";"2529";"6788";"1,87";"2715,23";"8647159,61";"2000"
"5106299";"Paranaíta";"4080";"11627";"1,81";"2818,77";"8778146,61";"2000"
"5106307";"Paranatinga";"9089";"26009";"2,56";"2726,18";"12322923,08";"2000"
"5106315";"Novo Santo Antônio";"730";"2003";"1,78";"2249,31";"5257981,85";"1500"
"5106372";"Pedra Preta";"6650";"17935";"1,75";"2337,72";"7339497,92";"1600"
"5106422";"Peixoto de Azevedo";"10865";"32439";"2,45";"2262,36";"14875026,06";"1600"
"5106455";"Planalto da Serra";"1116";"3145";"1,95";"2626,31";"13309352,78";"1843"
"5106505";"Poconé";"10365";"31152";"2,67";"1934,75";"4764099,23";"1212"
"5106653";"Pontal do Araguaia";"2622";"6932";"1,87";"2888,54";"12938256,52";"2000"
"5106703";"Ponte Branca";"834";"2004";"1,58";"2321,14";"5416636,52";"1389"
"5106752";"Pontes e Lacerda";"18302";"51709";"1,92";"3027,40";"73620824,54";"2000"
"5106778";"Porto Alegre do Norte";"4064";"11986";"2,40";"2298,27";"10817722,89";"1212"
"5106802";"Porto dos Gaúchos";"2046";"5533";"1,70";"3117,07";"57531131,93";"2200"
"5106828";"Porto Esperidião";"3453";"10120";"2,23";"2255,74";"6750547,07";"1500"
"5106851";"Porto Estrela";"1175";"3215";"1,93";"1755,04";"2092155,75";"1212"
"5107008";"Poxoréu";"8316";"23057";"2,62";"2192,20";"5254512,42";"1500"
"5107040";"Primavera do Leste";"28965";"84687";"2,02";"3930,82";"23342741,51";"2500"
"5107065";"Querência";"8433";"26189";"2,45";"3919,05";"41800559,76";"2500"
"5107107";"São José dos Quatro Marcos";"6780";"17815";"1,55";"2512,90";"10488881,24";"1800"
"5107156";"Reserva do Cabaçal";"830";"2109";"1,87";"2495,39";"19834921,26";"1400"
"5107180";"Ribeirão Cascalheira";"3500";"10004";"3,19";"2713,08";"14104353,66";"2000"
"5107198";"Ribeirãozinho";"1010";"2582";"1,69";"2588,32";"8505804,50";"1620.5"
"5107206";"Rio Branco";"1744";"4523";"1,63";"2673,39";"19171492,10";"1500"
"5107248";"Santa Carmem";"1723";"5339";"2,25";"3406,86";"21254128,24";"2500"
"5107263";"Santo Afonso";"952";"2505";"2,03";"3819,40";"755090459,92";"2000"
"5107297";"São José do Povo";"1141";"2875";"1,55";"2121,52";"4420217,13";"1212"
"5107305";"São José do Rio Claro";"5189";"14768";"1,84";"3048,84";"208078857,46";"2000"
"5107354";"São José do Xingu";"1922";"5882";"2,74";"2675,65";"11280321,12";"2000"
"5107404";"São Pedro da Cipa";"1511";"4169";"2,02";"2321,81";"7104551,91";"1795"
"5107578";"Rondolândia";"1037";"3314";"2,93";"2212,14";"4415547,80";"1500"
"5107602";"Rondonópolis";"86822";"242699";"1,93";"3420,11";"29905022,42";"2000"
"5107701";"Rosário Oeste";"5523";"15340";"2,20";"2322,13";"6817134,85";"1400"
"5107743";"Santa Cruz do Xingu";"886";"2610";"2,46";"3617,01";"67536204,31";"2000"
"5107750";"Salto do Céu";"1385";"3670";"1,65";"2315,08";"4574515,23";"1600"
"5107768";"Santa Rita do Trivelato";"1050";"3254";"2,03";"3254,05";"14689809,11";"2200"
"5107776";"Santa Terezinha";"2336";"7556";"3,60";"2322,40";"12042120,03";"1500"
"5107792";"Santo Antônio do Leste";"1292";"4093";"3,16";"2641,66";"5835656,67";"2000"
"5107800";"Santo Antônio de Leverger";"5115";"15159";"2,62";"2424,68";"9788815,48";"1554"
"5107859";"São Félix do Araguaia";"4618";"13012";"2,31";"2854,92";"11820810,02";"2000"
"5107875";"Sapezal";"9279";"27676";"2,00";"4083,99";"243843594,99";"2800"
"5107883";"Serra Nova Dourada";"641";"1799";"2,12";"2437,50";"3319352,11";"2000"
"5107909";"Sinop";"68502";"195391";"2,09";"4044,04";"150475905,03";"2600"
"5107925";"Sorriso";"37030";"110139";"2,11";"4271,70";"61415636,83";"2800"
"5107941";"Tabaporã";"3300";"9667";"1,86";"3236,08";"13873651,44";"2500"
"5107958";"Tangará da Serra";"38022";"105637";"1,97";"3300,26";"17417057,79";"2100"
"5108006";"Tapurah";"4598";"14048";"2,17";"3862,13";"14808235,84";"3000"
"5108055";"Terra Nova do Norte";"3845";"10604";"1,77";"3058,25";"12555625,47";"2400"
"5108105";"Tesouro";"1152";"3008";"2,21";"2406,75";"34764937,67";"1400"
"5108204";"Torixoréu";"1702";"4145";"1,55";"2322,33";"6906512,40";"1212"
"5108303";"União do Sul";"1320";"3820";"2,10";"2848,07";"31990392,57";"2000"
"5108352";"Vale de São Domingos";"1097";"2902";"1,59";"2480,73";"4914292,00";"2000"
"5108402";"Várzea Grande";"103277";"298949";"2,17";"2521,50";"7480611,26";"1790.5"
"5108501";"Vera";"4281";"12741";"2,24";"3038,84";"18987119,37";"2001"
"5108600";"Vila Rica";"6880";"19698";"2,20";"2962,35";"14856843,43";"2000"
"5108808";"Nova Guarita";"1670";"4536";"1,63";"2943,11";"9177382,70";"2400"
"5108857";"Nova Marilândia";"1241";"3521";"2,10";"2623,87";"7660528,59";"1900"
"5108907";"Nova Maringá";"1920";"5691";"2,16";"3288,88";"13644559,83";"2500"
"5108956";"Nova Monte Verde";"2987";"8290";"1,94";"2759,41";"9605580,17";"2000"
"5200050";"Abadia de Goiás";"6229";"18715";"2,35";"2270,25";"7229999,86";"1500"
"5200100";"Abadiânia";"6158";"16915";"2,24";"2018,70";"4326418,94";"1215"
"5200134";"Acreúna";"7894";"21314";"1,82";"2568,56";"14080702,55";"1795"
"5200159";"Adelândia";"914";"2278";"1,58";"2361,88";"20007531,99";"1400"
"5200175";"Água Fria de Goiás";"1797";"4911";"2,01";"2006,98";"4704884,22";"1212"
"5200209";"Água Limpa";"745";"1842";"1,49";"2307,96";"5755446,57";"1500"
"5200258";"Águas Lindas de Goiás";"74456";"225231";"2,22";"1958,17";"23931390,31";"1400"
"5200308";"Alexânia";"9711";"26893";"2,03";"2317,55";"9409262,70";"1300"
"5200506";"Aloândia";"812";"1968";"1,40";"2497,70";"17375495,36";"1700"
"5200555";"Alto Horizonte";"2161";"6052";"1,91";"2764,25";"10717679,06";"2000"
"5200605";"Alto Paraíso de Goiás";"3620";"10001";"2,71";"3206,32";"20494504,48";"2000"
"5200803";"Alvorada do Norte";"2954";"8444";"2,08";"4163,71";"13543480489,38";"1212"
"5200829";"Amaralina";"1280";"3259";"1,63";"2008,09";"5687640,08";"1212"
"5200852";"Americano do Brasil";"2107";"5247";"1,59";"1896,07";"5190765,18";"1212"
"5200902";"Amorinópolis";"1255";"2998";"1,50";"2329,64";"9794872,97";"1375"
"5201108";"Anápolis";"142214";"396687";"1,92";"3148,10";"37389334,12";"2000"
"5201207";"Anhanguera";"358";"924";"2,06";"2272,93";"3098644,18";"1600"
"5201306";"Anicuns";"7156";"18454";"1,47";"2339,47";"7471013,10";"1500"
"5201405";"Aparecida de Goiânia";"186211";"522375";"1,96";"2609,98";"32804335,26";"2000"
"5201454";"Aparecida do Rio Doce";"1099";"2872";"1,66";"2454,05";"7369424,95";"1734"
"5201504";"Aporé";"1567";"4318";"1,87";"2711,68";"12116311,89";"2200"
"5201603";"Araçu";"1528";"3759";"1,66";"1924,21";"4224462,56";"1212"
"5201702";"Aragarças";"6636";"18193";"2,11";"2319,96";"5694733,36";"1400"
"5201801";"Aragoiânia";"4648";"11846";"1,99";"2304,66";"8360570,77";"1500"
"5202155";"Araguapaz";"2776";"7130";"1,64";"2125,23";"4690494,38";"1500"
"5202353";"Arenópolis";"1208";"2946";"1,47";"2300,22";"10009800,98";"1500"
"5202502";"Aruanã";"3034";"8224";"2,03";"2533,60";"14172998,05";"1630"
"5202601";"Aurilândia";"1363";"3266";"1,52";"2504,68";"12240562,92";"1500"
"5202809";"Avelinópolis";"1117";"2868";"1,44";"2187,92";"5678941,62";"1500"
"5203104";"Baliza";"1286";"3341";"1,81";"2119,43";"4073949,30";"1220"
"5203203";"Barro Alto";"3648";"10316";"1,93";"2488,62";"10115722,81";"1875"
"5203302";"Bela Vista de Goiás";"12904";"34318";"1,82";"2556,31";"13126716,78";"1800"
"5203401";"Bom Jardim de Goiás";"3109";"7780";"1,50";"2307,58";"7198856,65";"1400"
"5203500";"Bom Jesus de Goiás";"8662";"23831";"1,83";"2744,71";"15047023,58";"2000"
"5203559";"Bonfinópolis";"3805";"10257";"1,96";"2153,68";"6883667,54";"1500"
"5203575";"Bonópolis";"1237";"3282";"1,72";"2223,08";"12346137,78";"1600"
"5203609";"Brazabrantes";"1548";"3991";"1,69";"2087,75";"10474153,00";"1400"
"5203807";"Britânia";"2138";"5657";"1,63";"2422,28";"9642797,43";"1707"
"5203906";"Buriti Alegre";"4184";"10433";"1,60";"2283,65";"11023555,85";"1500"
"5203939";"Buriti de Goiás";"1108";"2732";"1,41";"2173,04";"6214444,34";"1212"
"5203962";"Buritinópolis";"1106";"3141";"1,77";"1550,01";"1713183,19";"1212"
"5204003";"Cabeceiras";"2736";"7547";"1,89";"2051,83";"4241010,61";"1275"
"5204102";"Cachoeira Alta";"4296";"11344";"1,80";"2742,38";"16173482,57";"1900"
"5204201";"Cachoeira de Goiás";"591";"1405";"1,46";"2179,82";"8238271,66";"1500"
"5204250";"Cachoeira Dourada";"3019";"7771";"1,57";"2427,96";"9308660,67";"1800"
"5204300";"Caçu";"5354";"13703";"1,59";"3049,50";"25977414,05";"2000"
"5204409";"Caiapônia";"6386";"16409";"1,61";"2743,29";"12631711,35";"1900"
"5204508";"Caldas Novas";"36748";"98232";"1,80";"2945,56";"106858391,76";"1800"
"5204557";"Caldazinha";"1710";"4503";"1,73";"2252,31";"5466540,55";"1500"
"5204607";"Campestre de Goiás";"1397";"3751";"1,75";"2179,97";"7373740,88";"1400"
"5204656";"Campinaçu";"1418";"3708";"1,68";"2198,35";"8080970,10";"1245"
"5204706";"Campinorte";"4635";"12489";"1,70";"2435,55";"9940517,43";"1500"
"5204805";"Campo Alegre de Goiás";"2616";"7397";"1,90";"2783,34";"14903969,52";"2000"
"5204854";"Campo Limpo de Goiás";"2696";"8062";"2,04";"1963,36";"4068602,67";"1214"
"5204904";"Campos Belos";"6289";"17996";"2,02";"2131,55";"8274116,12";"1212"
"5204953";"Campos Verdes";"1500";"4003";"1,84";"1682,01";"3091550,40";"1212"
"5205000";"Carmo do Rio Verde";"3694";"9680";"1,61";"2225,20";"7068345,14";"1500"
"5205059";"Castelândia";"1189";"2970";"1,51";"2215,22";"22224236,42";"1212"
"5205109";"Catalão";"42423";"113904";"1,75";"3721,31";"2459057371,57";"2400"
"5205208";"Caturaí";"1962";"5178";"1,71";"1981,23";"3946630,41";"1212"
"5205307";"Cavalcante";"3482";"9543";"2,69";"1873,79";"6148757,35";"1212"
"5205406";"Ceres";"8357";"21937";"1,63";"3396,81";"148150245,40";"2000"
"5205455";"Cezarina";"3220";"8086";"1,68";"2279,89";"8174912,57";"1500"
"5205471";"Chapadão do Céu";"4286";"12840";"1,81";"3655,90";"17856813,99";"2900"
"5205497";"Cidade Ocidental";"31789";"91614";"2,05";"2250,64";"7392530,12";"1500"
"5205513";"Cocalzinho de Goiás";"8982";"24853";"2,06";"1940,72";"4931219,09";"1300"
"5205521";"Colinas do Sul";"1489";"4013";"2,25";"2054,29";"11869385,07";"1212"
"5205703";"Córrego do Ouro";"1021";"2454";"1,37";"2738,08";"7254517,12";"2000"
"5205802";"Corumbá de Goiás";"3719";"10351";"2,28";"2172,21";"7591035,44";"1212"
"5205901";"Corumbaíba";"3506";"9103";"1,73";"2630,00";"9630937,41";"1800"
"5206206";"Cristalina";"21443";"62083";"2,25";"2661,02";"333430778,83";"1500"
"5206305";"Cristianópolis";"1396";"3477";"1,66";"2570,03";"17939553,29";"1500"
"5206404";"Crixás";"6186";"17006";"1,79";"2525,29";"8106232,52";"1800"
"5206503";"Cromínia";"1536";"3879";"1,55";"2615,20";"8812365,48";"1700"
"5206602";"Cumari";"1150";"2904";"1,68";"2423,47";"5032181,62";"1800"
"5206701";"Damianópolis";"1367";"3768";"1,77";"1504,35";"2089742,00";"1212"
"5206800";"Damolândia";"1090";"2717";"1,37";"1697,24";"1324630,84";"1212"
"5206909";"Davinópolis";"768";"1899";"1,67";"1947,89";"3178948,83";"1212"
"5207105";"Diorama";"832";"2054";"1,33";"2210,53";"2830613,33";"1800"
"5207253";"Doverlândia";"2767";"6939";"1,53";"2506,30";"8436099,74";"1800"
"5207352";"Edealina";"1648";"3981";"1,39";"2469,46";"13270120,71";"1500"
"5207402";"Edéia";"4365";"11640";"1,72";"2876,77";"20836726,67";"1800"
"5207501";"Estrela do Norte";"1269";"3205";"1,55";"2265,76";"16959019,37";"1245"
"5207535";"Faina";"2814";"7036";"1,48";"1981,32";"3488222,23";"1212"
"5207600";"Fazenda Nova";"2423";"5844";"1,34";"2485,47";"6817341,52";"1721"
"5207808";"Firminópolis";"4054";"10359";"1,67";"2692,64";"11132014,58";"1700"
"5207907";"Flores de Goiás";"4313";"13395";"3,41";"1650,58";"6328207,11";"1212"
"5208004";"Formosa";"40743";"114794";"2,09";"2803,23";"17589555,63";"1500"
"5208103";"Formoso";"1816";"4658";"1,71";"2375,05";"12615797,58";"1300"
"5208152";"Gameleira de Goiás";"1284";"3455";"1,76";"2661,65";"31514831,56";"1490"
"5208301";"Divinópolis de Goiás";"1645";"4457";"1,84";"1774,71";"5485325,79";"1212"
"5208400";"Goianápolis";"4923";"13876";"2,04";"2245,38";"11020255,01";"1500"
"5208509";"Goiandira";"1898";"4958";"1,69";"2703,92";"16632827,98";"2000"
"5208608";"Goianésia";"26026";"73255";"1,85";"2828,19";"15549653,46";"1900"
"5208707";"Goiânia";"549053";"1434371";"1,73";"4654,22";"194173914,62";"2500"
"5208806";"Goianira";"25193";"71826";"1,93";"2120,11";"3632442,49";"1600"
"5208905";"Goiás";"9592";"23914";"1,61";"2712,77";"11317969,67";"1800"
"5209101";"Goiatuba";"13556";"35481";"1,69";"2965,72";"15491074,77";"2000"
"5209150";"Gouvelândia";"1678";"4381";"1,67";"2261,22";"9813408,63";"1600"
"5209200";"Guapó";"7170";"19530";"1,98";"2189,59";"4557646,25";"1500"
"5209291";"Guaraíta";"913";"2188";"1,21";"2017,34";"3801286,42";"1212"
"5209408";"Guarani de Goiás";"1436";"4082";"2,12";"1634,32";"2362540,00";"1212"
"5209457";"Guarinos";"883";"2159";"1,53";"1632,58";"1809698,96";"1200"
"5209606";"Heitoraí";"1355";"3344";"1,40";"2181,58";"16134451,58";"1212"
"5209705";"Hidrolândia";"9707";"27625";"2,05";"3279,35";"450730937,21";"1800"
"5209804";"Hidrolina";"1370";"3540";"1,55";"2252,32";"20263417,01";"1212"
"5209903";"Iaciara";"3540";"10498";"2,44";"1730,10";"9350439,62";"1212"
"5209937";"Inaciolândia";"2207";"5886";"1,78";"2166,74";"9095707,18";"1500"
"5209952";"Indiara";"6325";"16997";"1,75";"2460,01";"8790727,42";"1900"
"5210000";"Inhumas";"19576";"51891";"1,62";"2722,13";"24738844,45";"1800"
"5210109";"Ipameri";"9709";"25407";"1,87";"2636,45";"11438948,25";"1612"
"5210158";"Ipiranga de Goiás";"1181";"2912";"1,44";"2092,28";"6374716,70";"1212"
"5210208";"Iporá";"13971";"35341";"1,53";"2866,88";"20238764,73";"1800"
"5210307";"Israelândia";"1030";"2502";"1,42";"1890,08";"3727636,68";"1240"
"5210406";"Itaberaí";"16002";"44616";"1,84";"2463,91";"15623528,91";"1500"
"5210562";"Itaguari";"1952";"4963";"1,54";"2003,85";"3332963,06";"1246"
"5210604";"Itaguaru";"1979";"4894";"1,54";"2140,38";"23195669,92";"1212"
"5210802";"Itajá";"1749";"4366";"1,50";"2618,28";"17991311,62";"1612"
"5210901";"Itapaci";"7793";"21056";"1,77";"2548,19";"13531439,54";"1600"
"5211008";"Itapirapuã";"3136";"7979";"1,65";"2359,35";"12986758,40";"1212"
"5211206";"Itapuranga";"10512";"25929";"1,44";"2340,93";"8600122,50";"1500"
"5211305";"Itarumã";"2336";"6069";"1,66";"3096,03";"36184322,66";"2000"
"5211404";"Itauçu";"2939";"7647";"1,62";"2143,82";"8309696,48";"1212"
"5211503";"Itumbiara";"39706";"107278";"1,84";"3178,95";"50485659,06";"2000"
"5211602";"Ivolândia";"1092";"2679";"1,50";"2488,96";"26401177,05";"1434"
"5211701";"Jandaia";"2527";"6269";"1,53";"2607,47";"10278815,47";"1605.5"
"5211800";"Jaraguá";"16597";"45058";"1,81";"2160,51";"12048711,52";"1500"
"5211909";"Jataí";"38266";"104967";"1,93";"3237,94";"23180760,88";"2000"
"5212006";"Jaupaci";"1137";"2837";"1,47";"1771,69";"1863046,93";"1230"
"5212055";"Jesúpolis";"833";"2123";"1,73";"1852,31";"5571234,34";"1212"
"5212105";"Joviânia";"2730";"7106";"1,55";"2774,77";"18011851,41";"1818"
"5212204";"Jussara";"7662";"19491";"1,54";"2616,71";"13328666,61";"1800"
"5212253";"Lagoa Santa";"537";"1389";"1,82";"2398,32";"4443470,93";"1806"
"5212303";"Leopoldo de Bulhões";"3250";"8641";"1,87";"1990,94";"6575150,82";"1300"
"5212501";"Luziânia";"71947";"207900";"2,24";"2154,92";"11857413,88";"1380"
"5212600";"Mairipotaba";"1064";"2538";"1,43";"2562,11";"24499020,26";"1400"
"5212709";"Mambaí";"2601";"8107";"2,32";"1704,68";"8185511,49";"1212"
"5212808";"Mara Rosa";"4088";"10651";"1,72";"2456,54";"11805554,66";"1300"
"5212907";"Marzagão";"1000";"2758";"1,90";"2519,36";"13525331,62";"1700"
"5212956";"Matrinchã";"1557";"4014";"1,52";"1954,75";"6657702,40";"1212"
"5213004";"Maurilândia";"3772";"10203";"1,79";"2339,09";"6376634,14";"1800"
"5213053";"Mimoso de Goiás";"980";"2614";"1,96";"1865,73";"3320217,30";"1212"
"5213087";"Minaçu";"9897";"26695";"1,69";"2422,66";"10036085,71";"1500"
"5213103";"Mineiros";"24776";"69751";"1,98";"3006,90";"26348072,07";"2000"
"5213400";"Moiporá";"708";"1684";"1,45";"2481,21";"22322783,45";"1467"
"5213509";"Monte Alegre de Goiás";"2330";"6684";"2,65";"1533,63";"4742022,31";"1212"
"5213707";"Montes Claros de Goiás";"3423";"8732";"1,57";"2792,87";"15176989,51";"2000"
"5213756";"Montividiu";"4424";"12424";"1,71";"3358,54";"17954408,07";"2424"
"5213772";"Montividiu do Norte";"1510";"3775";"2,00";"1814,05";"2362991,51";"1245"
"5213806";"Morrinhos";"19723";"51007";"1,74";"2796,49";"12786955,59";"2000"
"5213855";"Morro Agudo de Goiás";"976";"2427";"1,51";"1776,68";"2938692,14";"1212"
"5213905";"Mossâmedes";"1861";"4650";"1,47";"2486,51";"13313190,59";"1500"
"5214002";"Mozarlândia";"5228";"14627";"1,93";"2451,66";"8450414,77";"1800"
"5214051";"Mundo Novo";"2272";"6163";"1,73";"2208,15";"16344543,21";"1300"
"5214101";"Mutunópolis";"1378";"3534";"1,53";"2063,06";"10139884,87";"1212"
"5214408";"Nazário";"3119";"8176";"1,67";"2137,40";"6811406,70";"1300"
"5214507";"Nerópolis";"11181";"31879";"1,91";"2378,15";"12936737,06";"1500"
"5214606";"Niquelândia";"13259";"34696";"1,66";"2208,83";"9970224,88";"1212"
"5214705";"Nova América";"904";"2319";"1,61";"1923,00";"6053097,81";"1212"
"5214804";"Nova Aurora";"832";"2087";"1,56";"1895,91";"5165697,66";"1200"
"5214838";"Nova Crixás";"4685";"12709";"1,74";"2608,02";"8689361,73";"2000"
"5214861";"Nova Glória";"3284";"8291";"1,58";"2058,92";"11280609,89";"1212"
"5214879";"Nova Iguaçu de Goiás";"1110";"3007";"1,90";"2424,18";"9649279,92";"1800"
"5214903";"Nova Roma";"1153";"3056";"2,04";"1884,41";"6098506,92";"1212"
"5215009";"Nova Veneza";"3464";"9444";"1,88";"2489,09";"10776405,66";"1500"
"5215207";"Novo Brasil";"1523";"3527";"1,39";"2360,86";"5782771,97";"1600"
"5215231";"Novo Gama";"34251";"103562";"2,39";"1926,39";"3322562,83";"1320"
"5215256";"Novo Planalto";"1428";"3710";"1,61";"1964,46";"4916783,74";"1200"
"5215306";"Orizona";"6267";"16299";"1,54";"3412,51";"40140281,47";"1912"
"5215405";"Ouro Verde de Goiás";"1508";"4048";"1,83";"2027,00";"3686742,49";"1220"
"5215504";"Ouvidor";"2607";"7174";"1,61";"2774,62";"18634650,68";"2000"
"5215603";"Padre Bernardo";"12087";"34693";"2,23";"2012,38";"9544832,90";"1212"
"5215652";"Palestina de Goiás";"1203";"3129";"1,51";"2525,61";"15704054,57";"1500"
"5215702";"Palmeiras de Goiás";"11589";"31802";"1,77";"2411,43";"9130690,24";"1500"
"5215801";"Palmelo";"893";"2227";"1,65";"2841,41";"18569047,90";"1600"
"5215900";"Palminópolis";"1519";"3851";"1,41";"2501,06";"12512377,67";"1700"
"5216007";"Panamá";"995";"2449";"1,47";"2177,59";"5048178,97";"1319"
"5216304";"Paranaiguara";"3067";"7544";"1,43";"2071,61";"7171515,70";"1216"
"5216403";"Paraúna";"4078";"10620";"1,60";"3033,51";"16618557,56";"2000"
"5216452";"Perolândia";"1057";"2958";"2,02";"2662,64";"6168959,65";"2000"
"5216809";"Petrolina de Goiás";"3749";"9532";"1,67";"2182,46";"7260937,96";"1214"
"5216908";"Pilar de Goiás";"893";"2328";"1,67";"1787,76";"1586717,01";"1212"
"5217104";"Piracanjuba";"9932";"24697";"1,57";"2775,11";"16688901,59";"1800"
"5217203";"Piranhas";"4610";"11623";"1,58";"2698,30";"16017505,07";"1800"
"5217302";"Pirenópolis";"9776";"26518";"2,11";"2650,25";"93029231,39";"1500"
"5217401";"Pires do Rio";"12264";"32061";"1,78";"2752,40";"13952467,97";"1800"
"5217609";"Planaltina";"35179";"104146";"2,20";"1966,91";"5584214,74";"1250"
"5217708";"Pontalina";"7355";"18147";"1,51";"3088,31";"669908847,77";"1600"
"5218003";"Porangatu";"16372";"44090";"1,81";"2596,27";"15653964,47";"1500"
"5218052";"Porteirão";"1482";"4066";"1,85";"2837,85";"17325029,89";"2000"
"5218102";"Portelândia";"1246";"3280";"1,76";"2284,46";"6114519,45";"1600"
"5218300";"Posse";"11970";"34757";"2,10";"2617,67";"14327196,19";"1300"
"5218391";"Professor Jamil";"1428";"3638";"1,73";"2466,63";"39786499,87";"1425"
"5218508";"Quirinópolis";"17985";"48155";"1,74";"2856,95";"14306137,49";"2000"
"5218607";"Rialma";"4473";"12071";"1,74";"2503,95";"10117411,00";"1595"
"5218706";"Rianápolis";"1591";"3970";"1,66";"2132,72";"4741679,91";"1500"
"5218789";"Rio Quente";"1387";"3816";"2,02";"2710,40";"9824178,76";"1800"
"5218805";"Rio Verde";"80442";"224725";"1,93";"3470,22";"26616074,82";"2000"
"5218904";"Rubiataba";"7656";"19666";"1,55";"2391,95";"7838801,20";"1800"
"5219001";"Sanclerlândia";"3129";"7870";"1,47";"2359,78";"5746403,63";"1500"
"5219100";"Santa Bárbara de Goiás";"2250";"6144";"1,95";"2314,40";"11844133,79";"1500"
"5219209";"Santa Cruz de Goiás";"1241";"2999";"1,56";"3382,23";"20609088,64";"2003"
"5219258";"Santa Fé de Goiás";"1859";"4936";"1,69";"2830,36";"69784562,73";"1800"
"5219308";"Santa Helena de Goiás";"14249";"38287";"1,83";"2821,74";"90451937,06";"1800"
"5219357";"Santa Isabel";"1397";"3530";"1,49";"2042,56";"5676616,99";"1212"
"5219407";"Santa Rita do Araguaia";"2301";"5910";"1,76";"2579,20";"15111030,02";"1600"
"5219456";"Santa Rita do Novo Destino";"1020";"2679";"1,76";"1880,22";"5162047,57";"1212"
"5219506";"Santa Rosa de Goiás";"1071";"2805";"1,60";"2046,75";"16160516,21";"1212"
"5219605";"Santa Tereza de Goiás";"1317";"3293";"1,69";"2009,82";"3366024,36";"1250"
"5219704";"Santa Terezinha de Goiás";"3901";"10603";"2,00";"1999,40";"6716333,70";"1212"
"5219712";"Santo Antônio da Barra";"1570";"4262";"1,70";"2077,18";"10224987,53";"1250"
"5219738";"Santo Antônio de Goiás";"2634";"7381";"1,83";"2869,73";"17611767,43";"1800"
"5219753";"Santo Antônio do Descoberto";"24174";"71859";"2,28";"1884,28";"4196287,45";"1212"
"5219803";"São Domingos";"3467";"9663";"2,35";"1677,13";"3117922,84";"1212"
"5219902";"São Francisco de Goiás";"2361";"6358";"1,67";"2006,66";"10421773,50";"1224"
"5220009";"São João d'Aliança";"4260";"13526";"3,99";"1886,56";"8764783,77";"1212"
"5220058";"São João da Paraúna";"697";"1774";"1,58";"2991,05";"43740722,29";"1300"
"5220108";"São Luís de Montes Belos";"13082";"33650";"1,58";"2927,43";"12964892,90";"2000"
"5220157";"São Luiz do Norte";"1797";"4832";"1,88";"2032,59";"4867975,89";"1212"
"5220207";"São Miguel do Araguaia";"8202";"21704";"1,72";"2570,51";"13341729,77";"1800"
"5220264";"São Miguel do Passa Quatro";"1652";"4366";"1,66";"3315,89";"39508137,17";"2000"
"5220280";"São Patrício";"832";"2136";"1,51";"2230,67";"13002863,01";"1500"
"5220405";"São Simão";"6696";"16966";"1,60";"3002,73";"3917944435,75";"1500"
"5220454";"Senador Canedo";"52364";"155329";"2,01";"2505,42";"7779968,83";"1800"
"5220504";"Serranópolis";"2939";"7914";"1,92";"2592,61";"7729900,65";"2000"
"5220603";"Silvânia";"8140";"22098";"1,85";"2952,91";"21305113,17";"1800"
"5220686";"Simolândia";"2002";"5725";"2,09";"1569,61";"3075529,06";"1212"
"5220702";"Sítio d'Abadia";"1012";"2914";"2,30";"1588,16";"4630258,77";"1212"
"5221007";"Taquaral de Goiás";"1612";"4018";"1,44";"2078,37";"9135215,06";"1212"
"5221080";"Teresina de Goiás";"917";"2690";"2,98";"1794,94";"5916773,31";"1212"
"5221197";"Terezópolis de Goiás";"2819";"7934";"2,09";"2022,20";"8945237,19";"1212"
"5221304";"Três Ranchos";"1143";"2914";"1,73";"2378,67";"8079273,58";"1508"
"5221403";"Trindade";"50651";"141560";"1,82";"2320,93";"7403349,40";"1500"
"5221452";"Trombas";"1223";"3116";"1,74";"1892,18";"2406148,00";"1245"
"5221502";"Turvânia";"1808";"4470";"1,63";"2455,88";"8927564,13";"1500"
"5221551";"Turvelândia";"1760";"4985";"1,73";"2123,75";"4598686,85";"1400"
"5221577";"Uirapuru";"1069";"2797";"1,71";"1864,37";"4140241,14";"1212"
"5221601";"Uruaçu";"15771";"42331";"1,82";"2619,03";"12393056,80";"1500"
"5221700";"Uruana";"5270";"13620";"1,60";"2235,86";"6469491,62";"1488"
"5221809";"Urutaí";"1362";"3547";"1,60";"2719,34";"17164430,98";"1500"
"5221858";"Valparaíso de Goiás";"71169";"198531";"1,92";"2745,60";"7252071,64";"2000"
"5221908";"Varjão";"1553";"3716";"1,47";"2529,00";"72015538,05";"1500"
"5222005";"Vianópolis";"5499";"14889";"1,69";"2904,50";"17651536,90";"2000"
"5222054";"Vicentinópolis";"3144";"8665";"1,80";"2507,01";"16373467,27";"1800"
"5222203";"Vila Boa";"1461";"4181";"2,42";"1691,88";"6249339,42";"1212"
"5222302";"Vila Propício";"2180";"5808";"1,97";"2165,28";"13034972,35";"1500"
"5300108";"Brasília";"988076";"2792471";"2,13";"5784,31";"211007412,05";"3000"
