ANO;UF;Codmun7;Município;IDHM;IDHM_E;IDHM_L;IDHM_R
2010;11;1100015;ALTA FLORESTA D'OESTE;0,641;0,526;0,763;0,657
2010;11;1100023;ARIQUEMES;0,702;0,600;0,806;0,716
2010;11;1100031;CABIXI;0,650;0,559;0,757;0,650
2010;11;1100049;CACOAL;0,718;0,620;0,821;0,727
2010;11;1100056;CEREJEIRAS;0,692;0,602;0,799;0,688
2010;11;1100064;COLORADO DO OESTE;0,685;0,584;0,814;0,676
2010;11;1100072;CORUMBIARA;0,613;0,473;0,774;0,630
2010;11;1100080;COSTA MARQUES;0,611;0,493;0,751;0,616
2010;11;1100098;ESPIGÃO D'OESTE;0,672;0,536;0,819;0,691
2010;11;1100106;GUAJARÁ-MIRIM;0,657;0,519;0,823;0,663
2010;11;1100114;JARU;0,689;0,577;0,825;0,687
2010;11;1100122;JI-PARANÁ;0,714;0,617;0,810;0,728
2010;11;1100130;MACHADINHO D'OESTE;0,596;0,446;0,755;0,629
2010;11;1100148;NOVA BRASILÂNDIA D'OESTE;0,643;0,524;0,763;0,664
2010;11;1100155;OURO PRETO DO OESTE;0,682;0,569;0,812;0,687
2010;11;1100189;PIMENTA BUENO;0,710;0,613;0,803;0,726
2010;11;1100205;PORTO VELHO;0,736;0,638;0,819;0,764
2010;11;1100254;PRESIDENTE MÉDICI;0,664;0,550;0,792;0,671
2010;11;1100262;RIO CRESPO;0,643;0,513;0,813;0,637
2010;11;1100288;ROLIM DE MOURA;0,700;0,598;0,808;0,709
2010;11;1100296;SANTA LUZIA D'OESTE;0,670;0,564;0,812;0,657
2010;11;1100304;VILHENA;0,731;0,659;0,808;0,734
2010;11;1100320;SÃO MIGUEL DO GUAPORÉ;0,646;0,537;0,781;0,644
2010;11;1100338;NOVA MAMORÉ;0,587;0,424;0,769;0,619
2010;11;1100346;ALVORADA D'OESTE;0,643;0,534;0,763;0,654
2010;11;1100379;ALTO ALEGRE DOS PARECIS;0,592;0,443;0,777;0,603
2010;11;1100403;ALTO PARAÍSO;0,625;0,457;0,804;0,664
2010;11;1100452;BURITIS;0,616;0,479;0,751;0,650
2010;11;1100502;NOVO HORIZONTE DO OESTE;0,634;0,527;0,799;0,606
2010;11;1100601;CACAULÂNDIA;0,646;0,506;0,801;0,664
2010;11;1100700;CAMPO NOVO DE RONDÔNIA;0,593;0,404;0,772;0,667
2010;11;1100809;CANDEIAS DO JAMARI;0,649;0,512;0,819;0,652
2010;11;1100908;CASTANHEIRAS;0,658;0,547;0,803;0,650
2010;11;1100924;CHUPINGUAIA;0,652;0,514;0,820;0,659
2010;11;1100940;CUJUBIM;0,612;0,439;0,789;0,663
2010;11;1101005;GOVERNADOR JORGE TEIXEIRA;0,596;0,444;0,762;0,627
2010;11;1101104;ITAPUÃ DO OESTE;0,614;0,488;0,751;0,633
2010;11;1101203;MINISTRO ANDREAZZA;0,638;0,518;0,776;0,647
2010;11;1101302;MIRANTE DA SERRA;0,643;0,494;0,800;0,673
2010;11;1101401;MONTE NEGRO;0,607;0,454;0,762;0,645
2010;11;1101435;NOVA UNIÃO;0,587;0,442;0,753;0,608
2010;11;1101450;PARECIS;0,617;0,485;0,800;0,604
2010;11;1101468;PIMENTEIRAS DO OESTE;0,665;0,545;0,816;0,662
2010;11;1101476;PRIMAVERA DE RONDÔNIA;0,641;0,512;0,799;0,645
2010;11;1101484;SÃO FELIPE D'OESTE;0,649;0,571;0,780;0,615
2010;11;1101492;SÃO FRANCISCO DO GUAPORÉ;0,611;0,462;0,751;0,657
2010;11;1101500;SERINGUEIRAS;0,598;0,427;0,779;0,644
2010;11;1101559;TEIXEIRÓPOLIS;0,643;0,498;0,818;0,653
2010;11;1101609;THEOBROMA;0,589;0,434;0,757;0,622
2010;11;1101708;URUPÁ;0,609;0,471;0,772;0,621
2010;11;1101757;VALE DO ANARI;0,584;0,421;0,756;0,626
2010;11;1101807;VALE DO PARAÍSO;0,627;0,485;0,792;0,641
2010;12;1200013;ACRELÂNDIA;0,604;0,466;0,808;0,584
2010;12;1200054;ASSIS BRASIL;0,588;0,456;0,770;0,578
2010;12;1200104;BRASILÉIA;0,614;0,485;0,770;0,619
2010;12;1200138;BUJARI;0,589;0,439;0,772;0,603
2010;12;1200179;CAPIXABA;0,575;0,398;0,794;0,601
2010;12;1200203;CRUZEIRO DO SUL;0,664;0,582;0,776;0,648
2010;12;1200252;EPITACIOLÂNDIA;0,653;0,553;0,771;0,654
2010;12;1200302;FEIJÓ;0,539;0,388;0,723;0,559
2010;12;1200328;JORDÃO;0,469;0,283;0,731;0,499
2010;12;1200336;MÂNCIO LIMA;0,625;0,546;0,770;0,580
2010;12;1200344;MANOEL URBANO;0,551;0,373;0,767;0,586
2010;12;1200351;MARECHAL THAUMATURGO;0,501;0,361;0,726;0,479
2010;12;1200385;PLÁCIDO DE CASTRO;0,622;0,517;0,786;0,593
2010;12;1200393;PORTO WALTER;0,532;0,397;0,726;0,521
2010;12;1200401;RIO BRANCO;0,727;0,661;0,798;0,729
2010;12;1200427;RODRIGUES ALVES;0,567;0,477;0,736;0,518
2010;12;1200435;SANTA ROSA DO PURUS;0,517;0,340;0,781;0,519
2010;12;1200450;SENADOR GUIOMARD;0,640;0,513;0,786;0,649
2010;12;1200500;SENA MADUREIRA;0,603;0,456;0,810;0,593
2010;12;1200609;TARAUACÁ;0,539;0,392;0,720;0,554
2010;12;1200708;XAPURI;0,599;0,448;0,773;0,621
2010;12;1200807;PORTO ACRE;0,576;0,418;0,771;0,593
2010;13;1300029;ALVARÃES;0,527;0,377;0,778;0,499
2010;13;1300060;AMATURÁ;0,560;0,455;0,773;0,499
2010;13;1300086;ANAMÃ;0,594;0,526;0,741;0,537
2010;13;1300102;ANORI;0,561;0,433;0,757;0,540
2010;13;1300144;APUÍ;0,637;0,540;0,772;0,621
2010;13;1300201;ATALAIA DO NORTE;0,450;0,259;0,733;0,481
2010;13;1300300;AUTAZES;0,577;0,446;0,799;0,539
2010;13;1300409;BARCELOS;0,500;0,315;0,728;0,545
2010;13;1300508;BARREIRINHA;0,574;0,522;0,774;0,469
2010;13;1300607;BENJAMIN CONSTANT;0,574;0,471;0,763;0,526
2010;13;1300631;BERURI;0,506;0,346;0,731;0,512
2010;13;1300680;BOA VISTA DO RAMOS;0,565;0,484;0,750;0,496
2010;13;1300706;BOCA DO ACRE;0,588;0,455;0,777;0,576
2010;13;1300805;BORBA;0,560;0,425;0,776;0,532
2010;13;1300839;CAAPIRANGA;0,569;0,436;0,775;0,544
2010;13;1300904;CANUTAMA;0,530;0,379;0,752;0,522
2010;13;1301001;CARAUARI;0,549;0,416;0,745;0,534
2010;13;1301100;CAREIRO;0,557;0,431;0,779;0,515
2010;13;1301159;CAREIRO DA VÁRZEA;0,568;0,450;0,779;0,523
2010;13;1301209;COARI;0,586;0,425;0,780;0,606
2010;13;1301308;CODAJÁS;0,563;0,421;0,775;0,546
2010;13;1301407;EIRUNEPÉ;0,563;0,431;0,756;0,548
2010;13;1301506;ENVIRA;0,509;0,349;0,727;0,521
2010;13;1301605;FONTE BOA;0,530;0,400;0,719;0,518
2010;13;1301654;GUAJARÁ;0,532;0,387;0,762;0,510
2010;13;1301704;HUMAITÁ;0,605;0,451;0,791;0,621
2010;13;1301803;IPIXUNA;0,481;0,302;0,772;0,476
2010;13;1301852;IRANDUBA;0,613;0,476;0,799;0,607
2010;13;1301902;ITACOATIARA;0,644;0,534;0,811;0,618
2010;13;1301951;ITAMARATI;0,477;0,266;0,772;0,529
2010;13;1302009;ITAPIRANGA;0,654;0,594;0,792;0,594
2010;13;1302108;JAPURÁ;0,522;0,345;0,748;0,552
2010;13;1302207;JURUÁ;0,522;0,376;0,704;0,538
2010;13;1302306;JUTAÍ;0,516;0,340;0,766;0,528
2010;13;1302405;LÁBREA;0,531;0,374;0,744;0,538
2010;13;1302504;MANACAPURU;0,614;0,481;0,795;0,604
2010;13;1302553;MANAQUIRI;0,596;0,510;0,748;0,556
2010;13;1302603;MANAUS;0,737;0,658;0,826;0,738
2010;13;1302702;MANICORÉ;0,582;0,456;0,747;0,580
2010;13;1302801;MARAÃ;0,498;0,348;0,763;0,466
2010;13;1302900;MAUÉS;0,588;0,464;0,800;0,549
2010;13;1303007;NHAMUNDÁ;0,586;0,503;0,779;0,513
2010;13;1303106;NOVA OLINDA DO NORTE;0,558;0,412;0,780;0,541
2010;13;1303205;NOVO AIRÃO;0,570;0,434;0,776;0,551
2010;13;1303304;NOVO ARIPUANÃ;0,554;0,421;0,759;0,532
2010;13;1303403;PARINTINS;0,658;0,605;0,800;0,589
2010;13;1303502;PAUINI;0,496;0,317;0,724;0,531
2010;13;1303536;PRESIDENTE FIGUEIREDO;0,647;0,538;0,802;0,627
2010;13;1303569;RIO PRETO DA EVA;0,611;0,493;0,785;0,590
2010;13;1303601;SANTA ISABEL DO RIO NEGRO;0,479;0,323;0,737;0,461
2010;13;1303700;SANTO ANTÔNIO DO IÇÁ;0,490;0,353;0,759;0,438
2010;13;1303809;SÃO GABRIEL DA CACHOEIRA;0,609;0,476;0,777;0,610
2010;13;1303908;SÃO PAULO DE OLIVENÇA;0,521;0,386;0,780;0,471
2010;13;1303957;SÃO SEBASTIÃO DO UATUMÃ;0,577;0,464;0,739;0,561
2010;13;1304005;SILVES;0,632;0,584;0,791;0,546
2010;13;1304062;TABATINGA;0,616;0,505;0,769;0,602
2010;13;1304104;TAPAUÁ;0,502;0,355;0,694;0,512
2010;13;1304203;TEFÉ;0,639;0,511;0,801;0,637
2010;13;1304237;TONANTINS;0,548;0,416;0,779;0,508
2010;13;1304260;UARINI;0,527;0,378;0,724;0,535
2010;13;1304302;URUCARÁ;0,620;0,575;0,754;0,551
2010;13;1304401;URUCURITUBA;0,588;0,487;0,776;0,538
2010;14;1400027;AMAJARI;0,484;0,319;0,815;0,437
2010;14;1400050;ALTO ALEGRE;0,542;0,379;0,813;0,518
2010;14;1400100;BOA VISTA;0,752;0,708;0,816;0,737
2010;14;1400159;BONFIM;0,626;0,509;0,809;0,597
2010;14;1400175;CANTÁ;0,619;0,509;0,803;0,581
2010;14;1400209;CARACARAÍ;0,624;0,518;0,780;0,601
2010;14;1400233;CAROEBE;0,639;0,549;0,791;0,600
2010;14;1400282;IRACEMA;0,582;0,434;0,810;0,560
2010;14;1400308;MUCAJAÍ;0,665;0,547;0,813;0,661
2010;14;1400407;NORMANDIA;0,594;0,502;0,801;0,520
2010;14;1400456;PACARAIMA;0,650;0,558;0,788;0,624
2010;14;1400472;RORAINÓPOLIS;0,619;0,519;0,798;0,574
2010;14;1400506;SÃO JOÃO DA BALIZA;0,655;0,587;0,780;0,614
2010;14;1400605;SÃO LUIZ;0,649;0,574;0,788;0,605
2010;14;1400704;UIRAMUTÃ;0,453;0,276;0,766;0,439
2010;15;1500107;ABAETETUBA;0,628;0,537;0,798;0,579
2010;15;1500131;ABEL FIGUEIREDO;0,622;0,481;0,800;0,625
2010;15;1500206;ACARÁ;0,506;0,332;0,757;0,517
2010;15;1500305;AFUÁ;0,489;0,311;0,774;0,485
2010;15;1500347;ÁGUA AZUL DO NORTE;0,564;0,399;0,797;0,563
2010;15;1500404;ALENQUER;0,564;0,436;0,779;0,529
2010;15;1500503;ALMEIRIM;0,642;0,497;0,809;0,659
2010;15;1500602;ALTAMIRA;0,665;0,548;0,811;0,662
2010;15;1500701;ANAJÁS;0,484;0,290;0,774;0,506
2010;15;1500800;ANANINDEUA;0,718;0,658;0,821;0,684
2010;15;1500859;ANAPU;0,548;0,371;0,788;0,563
2010;15;1500909;AUGUSTO CORRÊA;0,520;0,380;0,772;0,480
2010;15;1500958;AURORA DO PARÁ;0,519;0,358;0,773;0,504
2010;15;1501006;AVEIRO;0,541;0,450;0,748;0,470
2010;15;1501105;BAGRE;0,471;0,280;0,777;0,481
2010;15;1501204;BAIÃO;0,578;0,467;0,770;0,538
2010;15;1501253;BANNACH;0,594;0,420;0,784;0,635
2010;15;1501303;BARCARENA;0,662;0,564;0,801;0,643
2010;15;1501402;BELÉM;0,746;0,673;0,822;0,751
2010;15;1501451;BELTERRA;0,588;0,478;0,775;0,548
2010;15;1501501;BENEVIDES;0,665;0,592;0,798;0,623
2010;15;1501576;BOM JESUS DO TOCANTINS;0,589;0,437;0,777;0,601
2010;15;1501600;BONITO;0,546;0,398;0,770;0,531
2010;15;1501709;BRAGANÇA;0,600;0,486;0,755;0,589
2010;15;1501725;BRASIL NOVO;0,613;0,451;0,809;0,632
2010;15;1501758;BREJO GRANDE DO ARAGUAIA;0,591;0,473;0,743;0,588
2010;15;1501782;BREU BRANCO;0,568;0,422;0,781;0,555
2010;15;1501808;BREVES;0,503;0,312;0,778;0,524
2010;15;1501907;BUJARU;0,552;0,437;0,779;0,495
2010;15;1501956;CACHOEIRA DO PIRIÁ;0,473;0,303;0,779;0,449
2010;15;1502004;CACHOEIRA DO ARARI;0,546;0,398;0,778;0,525
2010;15;1502103;CAMETÁ;0,577;0,474;0,754;0,538
2010;15;1502152;CANAÃ DOS CARAJÁS;0,673;0,569;0,801;0,670
2010;15;1502202;CAPANEMA;0,655;0,580;0,794;0,610
2010;15;1502301;CAPITÃO POÇO;0,548;0,385;0,747;0,573
2010;15;1502400;CASTANHAL;0,673;0,582;0,800;0,654
2010;15;1502509;CHAVES;0,453;0,234;0,769;0,516
2010;15;1502608;COLARES;0,602;0,528;0,763;0,541
2010;15;1502707;CONCEIÇÃO DO ARAGUAIA;0,640;0,540;0,770;0,631
2010;15;1502756;CONCÓRDIA DO PARÁ;0,566;0,438;0,741;0,560
2010;15;1502764;CUMARU DO NORTE;0,550;0,330;0,795;0,635
2010;15;1502772;CURIONÓPOLIS;0,636;0,536;0,809;0,592
2010;15;1502806;CURRALINHO;0,502;0,323;0,769;0,508
2010;15;1502855;CURUÁ;0,578;0,495;0,780;0,501
2010;15;1502905;CURUÇÁ;0,582;0,480;0,758;0,542
2010;15;1502939;DOM ELISEU;0,615;0,502;0,763;0,606
2010;15;1502954;ELDORADO DOS CARAJÁS;0,560;0,405;0,757;0,572
2010;15;1503002;FARO;0,563;0,470;0,756;0,501
2010;15;1503044;FLORESTA DO ARAGUAIA;0,583;0,437;0,792;0,573
2010;15;1503077;GARRAFÃO DO NORTE;0,526;0,353;0,763;0,540
2010;15;1503093;GOIANÉSIA DO PARÁ;0,560;0,404;0,743;0,585
2010;15;1503101;GURUPÁ;0,509;0,333;0,777;0,510
2010;15;1503200;IGARAPÉ-AÇU;0,595;0,490;0,743;0,579
2010;15;1503309;IGARAPÉ-MIRI;0,547;0,413;0,770;0,514
2010;15;1503408;INHANGAPI;0,572;0,456;0,748;0,550
2010;15;1503457;IPIXUNA DO PARÁ;0,489;0,304;0,757;0,508
2010;15;1503507;IRITUIA;0,559;0,427;0,763;0,536
2010;15;1503606;ITAITUBA;0,640;0,510;0,800;0,644
2010;15;1503705;ITUPIRANGA;0,528;0,364;0,746;0,543
2010;15;1503754;JACAREACANGA;0,505;0,279;0,800;0,577
2010;15;1503804;JACUNDÁ;0,622;0,509;0,752;0,628
2010;15;1503903;JURUTI;0,592;0,501;0,756;0,547
2010;15;1504000;LIMOEIRO DO AJURU;0,541;0,425;0,754;0,493
2010;15;1504059;MÃE DO RIO;0,599;0,458;0,763;0,615
2010;15;1504109;MAGALHÃES BARATA;0,597;0,507;0,801;0,524
2010;15;1504208;MARABÁ;0,668;0,564;0,785;0,673
2010;15;1504307;MARACANÃ;0,570;0,454;0,764;0,534
2010;15;1504406;MARAPANIM;0,609;0,521;0,760;0,570
2010;15;1504422;MARITUBA;0,676;0,628;0,793;0,621
2010;15;1504455;MEDICILÂNDIA;0,582;0,408;0,800;0,605
2010;15;1504505;MELGAÇO;0,418;0,207;0,776;0,454
2010;15;1504604;MOCAJUBA;0,575;0,467;0,754;0,539
2010;15;1504703;MOJU;0,547;0,375;0,757;0,578
2010;15;1504802;MONTE ALEGRE;0,589;0,495;0,764;0,541
2010;15;1504901;MUANÁ;0,547;0,391;0,775;0,540
2010;15;1504950;NOVA ESPERANÇA DO PIRIÁ;0,502;0,346;0,757;0,482
2010;15;1504976;NOVA IPIXUNA;0,581;0,435;0,766;0,590
2010;15;1505007;NOVA TIMBOTEUA;0,609;0,507;0,791;0,564
2010;15;1505031;NOVO PROGRESSO;0,673;0,519;0,828;0,709
2010;15;1505064;NOVO REPARTIMENTO;0,537;0,376;0,741;0,557
2010;15;1505106;ÓBIDOS;0,594;0,499;0,756;0,556
2010;15;1505205;OEIRAS DO PARÁ;0,507;0,344;0,754;0,502
2010;15;1505304;ORIXIMINÁ;0,623;0,520;0,778;0,599
2010;15;1505403;OURÉM;0,568;0,438;0,727;0,575
2010;15;1505437;OURILÂNDIA DO NORTE;0,624;0,467;0,795;0,653
2010;15;1505486;PACAJÁ;0,515;0,338;0,746;0,541
2010;15;1505494;PALESTINA DO PARÁ;0,589;0,467;0,761;0,574
2010;15;1505502;PARAGOMINAS;0,645;0,514;0,781;0,667
2010;15;1505536;PARAUAPEBAS;0,715;0,644;0,809;0,701
2010;15;1505551;PAU D'ARCO;0,574;0,443;0,748;0,571
2010;15;1505601;PEIXE-BOI;0,581;0,478;0,754;0,543
2010;15;1505635;PIÇARRA;0,563;0,402;0,792;0,561
2010;15;1505650;PLACAS;0,552;0,404;0,770;0,541
2010;15;1505700;PONTA DE PEDRAS;0,562;0,412;0,773;0,558
2010;15;1505809;PORTEL;0,483;0,286;0,767;0,513
2010;15;1505908;PORTO DE MOZ;0,503;0,322;0,770;0,512
2010;15;1506005;PRAINHA;0,523;0,359;0,779;0,512
2010;15;1506104;PRIMAVERA;0,577;0,435;0,772;0,571
2010;15;1506112;QUATIPURU;0,543;0,397;0,732;0,550
2010;15;1506138;REDENÇÃO;0,672;0,561;0,804;0,674
2010;15;1506161;RIO MARIA;0,638;0,495;0,804;0,651
2010;15;1506187;RONDON DO PARÁ;0,602;0,457;0,788;0,606
2010;15;1506195;RURÓPOLIS;0,548;0,392;0,764;0,548
2010;15;1506203;SALINÓPOLIS;0,647;0,541;0,798;0,628
2010;15;1506302;SALVATERRA;0,608;0,488;0,793;0,580
2010;15;1506351;SANTA BÁRBARA DO PARÁ;0,627;0,546;0,784;0,575
2010;15;1506401;SANTA CRUZ DO ARARI;0,557;0,461;0,775;0,483
2010;15;1506500;SANTA ISABEL DO PARÁ;0,659;0,576;0,798;0,622
2010;15;1506559;SANTA LUZIA DO PARÁ;0,546;0,424;0,724;0,530
2010;15;1506583;SANTA MARIA DAS BARREIRAS;0,544;0,370;0,783;0,555
2010;15;1506609;SANTA MARIA DO PARÁ;0,598;0,471;0,764;0,595
2010;15;1506708;SANTANA DO ARAGUAIA;0,602;0,478;0,774;0,591
2010;15;1506807;SANTARÉM;0,691;0,648;0,807;0,632
2010;15;1506906;SANTARÉM NOVO;0,587;0,502;0,774;0,520
2010;15;1507003;SANTO ANTÔNIO DO TAUÁ;0,632;0,561;0,753;0,598
2010;15;1507102;SÃO CAETANO DE ODIVELAS;0,585;0,473;0,767;0,552
2010;15;1507151;SÃO DOMINGOS DO ARAGUAIA;0,594;0,451;0,738;0,629
2010;15;1507201;SÃO DOMINGOS DO CAPIM;0,532;0,382;0,773;0,509
2010;15;1507300;SÃO FÉLIX DO XINGU;0,594;0,411;0,798;0,638
2010;15;1507409;SÃO FRANCISCO DO PARÁ;0,608;0,502;0,785;0,571
2010;15;1507458;SÃO GERALDO DO ARAGUAIA;0,595;0,447;0,793;0,594
2010;15;1507466;SÃO JOÃO DA PONTA;0,583;0,495;0,767;0,522
2010;15;1507474;SÃO JOÃO DE PIRABAS;0,539;0,393;0,753;0,529
2010;15;1507508;SÃO JOÃO DO ARAGUAIA;0,550;0,424;0,741;0,530
2010;15;1507607;SÃO MIGUEL DO GUAMÁ;0,591;0,471;0,752;0,582
2010;15;1507706;SÃO SEBASTIÃO DA BOA VISTA;0,558;0,439;0,760;0,520
2010;15;1507755;SAPUCAIA;0,590;0,405;0,792;0,639
2010;15;1507805;SENADOR JOSÉ PORFÍRIO;0,514;0,338;0,754;0,533
2010;15;1507904;SOURE;0,615;0,525;0,760;0,583
2010;15;1507953;TAILÂNDIA;0,588;0,450;0,776;0,583
2010;15;1507961;TERRA ALTA;0,605;0,536;0,743;0,555
2010;15;1507979;TERRA SANTA;0,635;0,558;0,763;0,602
2010;15;1508001;TOMÉ-AÇU;0,586;0,424;0,798;0,596
2010;15;1508035;TRACUATEUA;0,531;0,376;0,776;0,514
2010;15;1508050;TRAIRÃO;0,562;0,392;0,763;0,594
2010;15;1508084;TUCUMÃ;0,659;0,525;0,813;0,670
2010;15;1508100;TUCURUÍ;0,666;0,548;0,800;0,675
2010;15;1508126;ULIANÓPOLIS;0,604;0,425;0,759;0,682
2010;15;1508159;URUARÁ;0,589;0,420;0,798;0,609
2010;15;1508209;VIGIA;0,617;0,516;0,768;0,594
2010;15;1508308;VISEU;0,515;0,366;0,776;0,482
2010;15;1508357;VITÓRIA DO XINGU;0,596;0,451;0,792;0,594
2010;15;1508407;XINGUARA;0,646;0,503;0,800;0,671
2010;16;1600055;SERRA DO NAVIO;0,709;0,692;0,783;0,659
2010;16;1600105;AMAPÁ;0,642;0,532;0,790;0,631
2010;16;1600154;PEDRA BRANCA DO AMAPARI;0,626;0,502;0,779;0,628
2010;16;1600204;CALÇOENE;0,643;0,550;0,759;0,636
2010;16;1600212;CUTIAS;0,628;0,566;0,760;0,576
2010;16;1600238;FERREIRA GOMES;0,656;0,542;0,820;0,635
2010;16;1600253;ITAUBAL;0,576;0,477;0,758;0,528
2010;16;1600279;LARANJAL DO JARI;0,665;0,573;0,801;0,641
2010;16;1600303;MACAPÁ;0,733;0,663;0,820;0,723
2010;16;1600402;MAZAGÃO;0,592;0,449;0,758;0,609
2010;16;1600501;OIAPOQUE;0,658;0,527;0,779;0,693
2010;16;1600535;PORTO GRANDE;0,640;0,554;0,777;0,610
2010;16;1600550;PRACUÚBA;0,614;0,544;0,790;0,539
2010;16;1600600;SANTANA;0,692;0,638;0,794;0,654
2010;16;1600709;TARTARUGALZINHO;0,592;0,473;0,794;0,553
2010;16;1600808;VITÓRIA DO JARI;0,619;0,517;0,781;0,587
2010;17;1700251;ABREULÂNDIA;0,665;0,502;0,835;0,700
2010;17;1700301;AGUIARNÓPOLIS;0,657;0,571;0,804;0,618
2010;17;1700350;ALIANÇA DO TOCANTINS;0,663;0,596;0,801;0,610
2010;17;1700400;ALMAS;0,636;0,524;0,796;0,616
2010;17;1700707;ALVORADA;0,708;0,623;0,843;0,677
2010;17;1701002;ANANÁS;0,671;0,605;0,804;0,621
2010;17;1701051;ANGICO;0,648;0,612;0,773;0,576
2010;17;1701101;APARECIDA DO RIO NEGRO;0,651;0,588;0,791;0,593
2010;17;1701309;ARAGOMINAS;0,593;0,461;0,739;0,611
2010;17;1701903;ARAGUACEMA;0,639;0,553;0,805;0,587
2010;17;1702000;ARAGUAÇU;0,675;0,602;0,796;0,642
2010;17;1702109;ARAGUAÍNA;0,752;0,712;0,821;0,727
2010;17;1702158;ARAGUANÃ;0,604;0,473;0,756;0,617
2010;17;1702208;ARAGUATINS;0,631;0,525;0,793;0,604
2010;17;1702307;ARAPOEMA;0,680;0,601;0,810;0,645
2010;17;1702406;ARRAIAS;0,651;0,523;0,829;0,636
2010;17;1702554;AUGUSTINÓPOLIS;0,670;0,619;0,793;0,614
2010;17;1702703;AURORA DO TOCANTINS;0,677;0,570;0,804;0,676
2010;17;1702901;AXIXÁ DO TOCANTINS;0,627;0,566;0,733;0,595
2010;17;1703008;BABAÇULÂNDIA;0,642;0,568;0,792;0,589
2010;17;1703057;BANDEIRANTES DO TOCANTINS;0,638;0,571;0,797;0,570
2010;17;1703073;BARRA DO OURO;0,603;0,517;0,760;0,557
2010;17;1703107;BARROLÂNDIA;0,642;0,541;0,817;0,600
2010;17;1703206;BERNARDO SAYÃO;0,638;0,573;0,748;0,606
2010;17;1703305;BOM JESUS DO TOCANTINS;0,660;0,555;0,833;0,621
2010;17;1703602;BRASILÂNDIA DO TOCANTINS;0,684;0,601;0,831;0,640
2010;17;1703701;BREJINHO DE NAZARÉ;0,686;0,619;0,820;0,635
2010;17;1703800;BURITI DO TOCANTINS;0,627;0,601;0,713;0,575
2010;17;1703826;CACHOEIRINHA;0,627;0,590;0,762;0,548
2010;17;1703842;CAMPOS LINDOS;0,544;0,377;0,738;0,578
2010;17;1703867;CARIRI DO TOCANTINS;0,662;0,549;0,826;0,639
2010;17;1703883;CARMOLÂNDIA;0,640;0,521;0,810;0,621
2010;17;1703891;CARRASCO BONITO;0,594;0,531;0,728;0,543
2010;17;1703909;CASEARA;0,658;0,534;0,825;0,647
2010;17;1704105;CENTENÁRIO;0,569;0,461;0,700;0,571
2010;17;1704600;CHAPADA DE AREIA;0,619;0,529;0,726;0,619
2010;17;1705102;CHAPADA DA NATIVIDADE;0,620;0,497;0,814;0,590
2010;17;1705508;COLINAS DO TOCANTINS;0,701;0,614;0,814;0,690
2010;17;1705557;COMBINADO;0,697;0,639;0,815;0,649
2010;17;1705607;CONCEIÇÃO DO TOCANTINS;0,592;0,478;0,739;0,588
2010;17;1706001;COUTO MAGALHÃES;0,605;0,508;0,760;0,574
2010;17;1706100;CRISTALÂNDIA;0,673;0,570;0,805;0,663
2010;17;1706258;CRIXÁS DO TOCANTINS;0,644;0,555;0,798;0,603
2010;17;1706506;DARCINÓPOLIS;0,581;0,429;0,764;0,597
2010;17;1707009;DIANÓPOLIS;0,701;0,624;0,822;0,673
2010;17;1707108;DIVINÓPOLIS DO TOCANTINS;0,683;0,585;0,816;0,667
2010;17;1707207;DOIS IRMÃOS DO TOCANTINS;0,583;0,442;0,813;0,551
2010;17;1707306;DUERÉ;0,679;0,566;0,846;0,654
2010;17;1707405;ESPERANTINA;0,570;0,524;0,715;0,495
2010;17;1707553;FÁTIMA;0,697;0,638;0,813;0,653
2010;17;1707652;FIGUEIRÓPOLIS;0,689;0,600;0,822;0,664
2010;17;1707702;FILADÉLFIA;0,621;0,522;0,792;0,578
2010;17;1708205;FORMOSO DO ARAGUAIA;0,670;0,587;0,801;0,640
2010;17;1708254;FORTALEZA DO TABOCÃO;0,659;0,575;0,808;0,616
2010;17;1708304;GOIANORTE;0,621;0,497;0,805;0,598
2010;17;1709005;GOIATINS;0,576;0,462;0,765;0,541
2010;17;1709302;GUARAÍ;0,741;0,670;0,839;0,724
2010;17;1709500;GURUPI;0,759;0,706;0,843;0,736
2010;17;1709807;IPUEIRAS;0,620;0,518;0,797;0,576
2010;17;1710508;ITACAJÁ;0,612;0,491;0,798;0,585
2010;17;1710706;ITAGUATINS;0,616;0,511;0,799;0,572
2010;17;1710904;ITAPIRATINS;0,601;0,446;0,796;0,611
2010;17;1711100;ITAPORÃ DO TOCANTINS;0,650;0,531;0,842;0,613
2010;17;1711506;JAÚ DO TOCANTINS;0,662;0,529;0,815;0,672
2010;17;1711803;JUARINA;0,584;0,478;0,742;0,563
2010;17;1711902;LAGOA DA CONFUSÃO;0,627;0,496;0,787;0,630
2010;17;1711951;LAGOA DO TOCANTINS;0,579;0,471;0,758;0,543
2010;17;1712009;LAJEADO;0,675;0,573;0,798;0,673
2010;17;1712157;LAVANDEIRA;0,660;0,620;0,775;0,598
2010;17;1712405;LIZARDA;0,570;0,415;0,765;0,584
2010;17;1712454;LUZINÓPOLIS;0,639;0,605;0,726;0,593
2010;17;1712504;MARIANÓPOLIS DO TOCANTINS;0,631;0,504;0,792;0,630
2010;17;1712702;MATEIROS;0,607;0,463;0,823;0,586
2010;17;1712801;MAURILÂNDIA DO TOCANTINS;0,580;0,498;0,724;0,542
2010;17;1713205;MIRACEMA DO TOCANTINS;0,684;0,579;0,820;0,675
2010;17;1713304;MIRANORTE;0,662;0,571;0,804;0,633
2010;17;1713601;MONTE DO CARMO;0,622;0,489;0,808;0,608
2010;17;1713700;MONTE SANTO DO TOCANTINS;0,620;0,547;0,760;0,572
2010;17;1713809;PALMEIRAS DO TOCANTINS;0,628;0,522;0,810;0,586
2010;17;1713957;MURICILÂNDIA;0,596;0,524;0,745;0,543
2010;17;1714203;NATIVIDADE;0,673;0,556;0,847;0,646
2010;17;1714302;NAZARÉ;0,643;0,576;0,792;0,584
2010;17;1714880;NOVA OLINDA;0,631;0,535;0,765;0,614
2010;17;1715002;NOVA ROSALÂNDIA;0,661;0,628;0,791;0,582
2010;17;1715101;NOVO ACORDO;0,639;0,530;0,797;0,618
2010;17;1715150;NOVO ALEGRE;0,699;0,654;0,812;0,642
2010;17;1715259;NOVO JARDIM;0,596;0,520;0,730;0,559
2010;17;1715507;OLIVEIRA DE FÁTIMA;0,675;0,614;0,798;0,627
2010;17;1715705;PALMEIRANTE;0,571;0,436;0,756;0,564
2010;17;1715754;PALMEIRÓPOLIS;0,673;0,571;0,817;0,652
2010;17;1716109;PARAÍSO DO TOCANTINS;0,764;0,706;0,831;0,759
2010;17;1716208;PARANÃ;0,595;0,461;0,777;0,588
2010;17;1716307;PAU D'ARCO;0,661;0,587;0,792;0,621
2010;17;1716505;PEDRO AFONSO;0,732;0,664;0,846;0,699
2010;17;1716604;PEIXE;0,674;0,555;0,812;0,679
2010;17;1716653;PEQUIZEIRO;0,627;0,518;0,806;0,589
2010;17;1716703;COLMÉIA;0,671;0,574;0,816;0,645
2010;17;1717008;PINDORAMA DO TOCANTINS;0,605;0,521;0,733;0,579
2010;17;1717206;PIRAQUÊ;0,621;0,511;0,792;0,593
2010;17;1717503;PIUM;0,650;0,527;0,822;0,633
2010;17;1717800;PONTE ALTA DO BOM JESUS;0,603;0,455;0,820;0,589
2010;17;1717909;PONTE ALTA DO TOCANTINS;0,624;0,531;0,779;0,587
2010;17;1718006;PORTO ALEGRE DO TOCANTINS;0,645;0,584;0,785;0,586
2010;17;1718204;PORTO NACIONAL;0,740;0,701;0,826;0,699
2010;17;1718303;PRAIA NORTE;0,583;0,517;0,730;0,526
2010;17;1718402;PRESIDENTE KENNEDY;0,669;0,582;0,820;0,628
2010;17;1718451;PUGMIL;0,669;0,595;0,809;0,621
2010;17;1718501;RECURSOLÂNDIA;0,500;0,345;0,738;0,490
2010;17;1718550;RIACHINHO;0,572;0,490;0,760;0,503
2010;17;1718659;RIO DA CONCEIÇÃO;0,608;0,561;0,718;0,557
2010;17;1718709;RIO DOS BOIS;0,616;0,501;0,795;0,588
2010;17;1718758;RIO SONO;0,600;0,482;0,779;0,574
2010;17;1718808;SAMPAIO;0,606;0,590;0,691;0,546
2010;17;1718840;SANDOLÂNDIA;0,659;0,578;0,791;0,626
2010;17;1718865;SANTA FÉ DO ARAGUAIA;0,616;0,482;0,804;0,604
2010;17;1718881;SANTA MARIA DO TOCANTINS;0,634;0,543;0,784;0,600
2010;17;1718899;SANTA RITA DO TOCANTINS;0,651;0,527;0,830;0,630
2010;17;1718907;SANTA ROSA DO TOCANTINS;0,595;0,471;0,780;0,574
2010;17;1719004;SANTA TEREZA DO TOCANTINS;0,662;0,575;0,817;0,618
2010;17;1720002;SANTA TEREZINHA DO TOCANTINS;0,637;0,584;0,758;0,583
2010;17;1720101;SÃO BENTO DO TOCANTINS;0,605;0,506;0,736;0,595
2010;17;1720150;SÃO FÉLIX DO TOCANTINS;0,574;0,446;0,771;0,550
2010;17;1720200;SÃO MIGUEL DO TOCANTINS;0,623;0,544;0,762;0,582
2010;17;1720259;SÃO SALVADOR DO TOCANTINS;0,605;0,471;0,794;0,592
2010;17;1720309;SÃO SEBASTIÃO DO TOCANTINS;0,573;0,487;0,748;0,516
2010;17;1720499;SÃO VALÉRIO;0,643;0,539;0,814;0,605
2010;17;1720655;SILVANÓPOLIS;0,675;0,592;0,814;0,638
2010;17;1720804;SÍTIO NOVO DO TOCANTINS;0,604;0,526;0,762;0,550
2010;17;1720853;SUCUPIRA;0,667;0,599;0,794;0,623
2010;17;1720903;TAGUATINGA;0,634;0,497;0,818;0,628
2010;17;1720937;TAIPAS DO TOCANTINS;0,601;0,470;0,798;0,578
2010;17;1720978;TALISMÃ;0,654;0,535;0,801;0,654
2010;17;1721000;PALMAS;0,788;0,749;0,827;0,789
2010;17;1721109;TOCANTÍNIA;0,589;0,459;0,782;0,570
2010;17;1721208;TOCANTINÓPOLIS;0,681;0,623;0,801;0,634
2010;17;1721257;TUPIRAMA;0,670;0,593;0,808;0,629
2010;17;1721307;TUPIRATINS;0,587;0,425;0,791;0,601
2010;17;1722081;WANDERLÂNDIA;0,638;0,561;0,748;0,619
2010;17;1722107;XAMBIOÁ;0,671;0,570;0,818;0,648
2010;21;2100055;AÇAILÂNDIA;0,672;0,602;0,785;0,643
2010;21;2100105;AFONSO CUNHA;0,529;0,434;0,725;0,471
2010;21;2100154;ÁGUA DOCE DO MARANHÃO;0,500;0,363;0,697;0,494
2010;21;2100204;ALCÂNTARA;0,573;0,475;0,753;0,525
2010;21;2100303;ALDEIAS ALTAS;0,513;0,374;0,720;0,500
2010;21;2100402;ALTAMIRA DO MARANHÃO;0,549;0,473;0,719;0,486
2010;21;2100436;ALTO ALEGRE DO MARANHÃO;0,554;0,444;0,744;0,516
2010;21;2100477;ALTO ALEGRE DO PINDARÉ;0,558;0,483;0,774;0,465
2010;21;2100501;ALTO PARNAÍBA;0,633;0,474;0,785;0,683
2010;21;2100550;AMAPÁ DO MARANHÃO;0,520;0,406;0,688;0,503
2010;21;2100600;AMARANTE DO MARANHÃO;0,555;0,441;0,716;0,541
2010;21;2100709;ANAJATUBA;0,581;0,492;0,762;0,523
2010;21;2100808;ANAPURUS;0,581;0,502;0,764;0,511
2010;21;2100832;APICUM-AÇU;0,568;0,483;0,718;0,529
2010;21;2100873;ARAGUANÃ;0,533;0,444;0,706;0,483
2010;21;2100907;ARAIOSES;0,521;0,402;0,709;0,497
2010;21;2100956;ARAME;0,512;0,365;0,701;0,525
2010;21;2101004;ARARI;0,626;0,546;0,764;0,587
2010;21;2101103;AXIXÁ;0,641;0,634;0,776;0,535
2010;21;2101202;BACABAL;0,651;0,591;0,753;0,619
2010;21;2101251;BACABEIRA;0,629;0,580;0,768;0,558
2010;21;2101301;BACURI;0,578;0,484;0,737;0,540
2010;21;2101350;BACURITUBA;0,537;0,479;0,681;0,474
2010;21;2101400;BALSAS;0,687;0,597;0,807;0,674
2010;21;2101509;BARÃO DE GRAJAÚ;0,592;0,484;0,743;0,578
2010;21;2101608;BARRA DO CORDA;0,606;0,498;0,763;0,585
2010;21;2101707;BARREIRINHAS;0,570;0,479;0,752;0,515
2010;21;2101731;BELÁGUA;0,512;0,455;0,707;0,417
2010;21;2101772;BELA VISTA DO MARANHÃO;0,554;0,450;0,735;0,515
2010;21;2101806;BENEDITO LEITE;0,546;0,426;0,719;0,531
2010;21;2101905;BEQUIMÃO;0,601;0,561;0,757;0,510
2010;21;2101939;BERNARDO DO MEARIM;0,604;0,547;0,742;0,544
2010;21;2101970;BOA VISTA DO GURUPI;0,545;0,461;0,681;0,515
2010;21;2102002;BOM JARDIM;0,538;0,400;0,750;0,519
2010;21;2102036;BOM JESUS DAS SELVAS;0,558;0,431;0,751;0,537
2010;21;2102077;BOM LUGAR;0,562;0,493;0,741;0,486
2010;21;2102101;BREJO;0,562;0,454;0,758;0,517
2010;21;2102150;BREJO DE AREIA;0,519;0,408;0,677;0,507
2010;21;2102200;BURITI;0,548;0,480;0,714;0,479
2010;21;2102309;BURITI BRAVO;0,590;0,506;0,752;0,539
2010;21;2102325;BURITICUPU;0,556;0,455;0,708;0,533
2010;21;2102358;BURITIRANA;0,583;0,505;0,725;0,540
2010;21;2102374;CACHOEIRA GRANDE;0,537;0,476;0,773;0,422
2010;21;2102408;CAJAPIÓ;0,553;0,505;0,720;0,466
2010;21;2102507;CAJARI;0,523;0,421;0,747;0,456
2010;21;2102556;CAMPESTRE DO MARANHÃO;0,652;0,586;0,774;0,611
2010;21;2102606;CÂNDIDO MENDES;0,561;0,456;0,745;0,520
2010;21;2102705;CANTANHEDE;0,565;0,468;0,774;0,497
2010;21;2102754;CAPINZAL DO NORTE;0,537;0,430;0,698;0,517
2010;21;2102804;CAROLINA;0,634;0,529;0,802;0,600
2010;21;2102903;CARUTAPERA;0,574;0,476;0,747;0,533
2010;21;2103000;CAXIAS;0,624;0,543;0,753;0,595
2010;21;2103109;CEDRAL;0,605;0,570;0,748;0,520
2010;21;2103125;CENTRAL DO MARANHÃO;0,585;0,557;0,713;0,503
2010;21;2103158;CENTRO DO GUILHERME;0,542;0,442;0,707;0,510
2010;21;2103174;CENTRO NOVO DO MARANHÃO;0,518;0,382;0,717;0,508
2010;21;2103208;CHAPADINHA;0,604;0,517;0,770;0,554
2010;21;2103257;CIDELÂNDIA;0,600;0,529;0,728;0,562
2010;21;2103307;CODÓ;0,595;0,492;0,754;0,568
2010;21;2103406;COELHO NETO;0,564;0,454;0,728;0,544
2010;21;2103505;COLINAS;0,596;0,524;0,709;0,571
2010;21;2103554;CONCEIÇÃO DO LAGO-AÇU;0,512;0,370;0,738;0,492
2010;21;2103604;COROATÁ;0,576;0,475;0,737;0,545
2010;21;2103703;CURURUPU;0,612;0,525;0,768;0,568
2010;21;2103752;DAVINÓPOLIS;0,607;0,535;0,747;0,561
2010;21;2103802;DOM PEDRO;0,622;0,545;0,759;0,582
2010;21;2103901;DUQUE BACELAR;0,533;0,451;0,693;0,485
2010;21;2104008;ESPERANTINÓPOLIS;0,586;0,503;0,713;0,561
2010;21;2104057;ESTREITO;0,659;0,536;0,800;0,666
2010;21;2104073;FEIRA NOVA DO MARANHÃO;0,532;0,405;0,729;0,511
2010;21;2104081;FERNANDO FALCÃO;0,443;0,286;0,728;0,417
2010;21;2104099;FORMOSA DA SERRA NEGRA;0,556;0,459;0,774;0,485
2010;21;2104107;FORTALEZA DOS NOGUEIRAS;0,616;0,534;0,773;0,566
2010;21;2104206;FORTUNA;0,580;0,494;0,706;0,558
2010;21;2104305;GODOFREDO VIANA;0,604;0,546;0,750;0,537
2010;21;2104404;GONÇALVES DIAS;0,568;0,445;0,758;0,542
2010;21;2104503;GOVERNADOR ARCHER;0,565;0,481;0,687;0,545
2010;21;2104552;GOVERNADOR EDISON LOBÃO;0,629;0,552;0,764;0,589
2010;21;2104602;GOVERNADOR EUGÊNIO BARROS;0,572;0,462;0,736;0,550
2010;21;2104628;GOVERNADOR LUIZ ROCHA;0,544;0,459;0,692;0,508
2010;21;2104651;GOVERNADOR NEWTON BELLO;0,521;0,387;0,718;0,509
2010;21;2104677;GOVERNADOR NUNES FREIRE;0,569;0,472;0,722;0,540
2010;21;2104701;GRAÇA ARANHA;0,570;0,459;0,748;0,538
2010;21;2104800;GRAJAÚ;0,609;0,497;0,754;0,603
2010;21;2104909;GUIMARÃES;0,625;0,592;0,772;0,535
2010;21;2105005;HUMBERTO DE CAMPOS;0,535;0,455;0,759;0,443
2010;21;2105104;ICATU;0,546;0,472;0,727;0,475
2010;21;2105153;IGARAPÉ DO MEIO;0,569;0,506;0,687;0,530
2010;21;2105203;IGARAPÉ GRANDE;0,614;0,536;0,747;0,578
2010;21;2105302;IMPERATRIZ;0,731;0,698;0,803;0,697
2010;21;2105351;ITAIPAVA DO GRAJAÚ;0,518;0,419;0,726;0,456
2010;21;2105401;ITAPECURU MIRIM;0,599;0,539;0,747;0,534
2010;21;2105427;ITINGA DO MARANHÃO;0,630;0,545;0,764;0,601
2010;21;2105450;JATOBÁ;0,561;0,481;0,702;0,522
2010;21;2105476;JENIPAPO DOS VIEIRAS;0,490;0,346;0,766;0,445
2010;21;2105500;JOÃO LISBOA;0,641;0,573;0,785;0,585
2010;21;2105609;JOSELÂNDIA;0,561;0,445;0,743;0,533
2010;21;2105658;JUNCO DO MARANHÃO;0,552;0,443;0,690;0,550
2010;21;2105708;LAGO DA PEDRA;0,589;0,502;0,724;0,561
2010;21;2105807;LAGO DO JUNCO;0,581;0,492;0,741;0,537
2010;21;2105906;LAGO VERDE;0,557;0,466;0,731;0,508
2010;21;2105922;LAGOA DO MATO;0,566;0,475;0,726;0,525
2010;21;2105948;LAGO DOS RODRIGUES;0,602;0,534;0,737;0,555
2010;21;2105963;LAGOA GRANDE DO MARANHÃO;0,502;0,360;0,731;0,480
2010;21;2105989;LAJEADO NOVO;0,589;0,494;0,738;0,561
2010;21;2106003;LIMA CAMPOS;0,581;0,481;0,705;0,578
2010;21;2106102;LORETO;0,582;0,495;0,771;0,516
2010;21;2106201;LUÍS DOMINGUES;0,588;0,512;0,734;0,541
2010;21;2106300;MAGALHÃES DE ALMEIDA;0,567;0,499;0,729;0,502
2010;21;2106326;MARACAÇUMÉ;0,582;0,501;0,719;0,546
2010;21;2106359;MARAJÁ DO SENA;0,452;0,299;0,774;0,400
2010;21;2106375;MARANHÃOZINHO;0,550;0,465;0,719;0,497
2010;21;2106409;MATA ROMA;0,570;0,494;0,776;0,483
2010;21;2106508;MATINHA;0,619;0,560;0,731;0,579
2010;21;2106607;MATÕES;0,550;0,434;0,739;0,519
2010;21;2106631;MATÕES DO NORTE;0,533;0,436;0,768;0,452
2010;21;2106672;MILAGRES DO MARANHÃO;0,527;0,413;0,764;0,465
2010;21;2106706;MIRADOR;0,545;0,451;0,740;0,485
2010;21;2106755;MIRANDA DO NORTE;0,610;0,550;0,751;0,550
2010;21;2106805;MIRINZAL;0,622;0,582;0,756;0,546
2010;21;2106904;MONÇÃO;0,546;0,464;0,704;0,499
2010;21;2107001;MONTES ALTOS;0,575;0,486;0,732;0,534
2010;21;2107100;MORROS;0,548;0,480;0,706;0,485
2010;21;2107209;NINA RODRIGUES;0,585;0,547;0,774;0,474
2010;21;2107258;NOVA COLINAS;0,566;0,481;0,749;0,502
2010;21;2107308;NOVA IORQUE;0,584;0,489;0,729;0,558
2010;21;2107357;NOVA OLINDA DO MARANHÃO;0,581;0,484;0,755;0,536
2010;21;2107407;OLHO D'ÁGUA DAS CUNHÃS;0,589;0,491;0,754;0,551
2010;21;2107456;OLINDA NOVA DO MARANHÃO;0,575;0,531;0,724;0,495
2010;21;2107506;PAÇO DO LUMIAR;0,724;0,739;0,796;0,646
2010;21;2107605;PALMEIRÂNDIA;0,556;0,492;0,715;0,488
2010;21;2107704;PARAIBANO;0,580;0,473;0,723;0,572
2010;21;2107803;PARNARAMA;0,542;0,416;0,758;0,504
2010;21;2107902;PASSAGEM FRANCA;0,532;0,401;0,717;0,525
2010;21;2108009;PASTOS BONS;0,610;0,559;0,753;0,540
2010;21;2108058;PAULINO NEVES;0,561;0,511;0,720;0,481
2010;21;2108108;PAULO RAMOS;0,549;0,447;0,677;0,546
2010;21;2108207;PEDREIRAS;0,682;0,621;0,792;0,644
2010;21;2108256;PEDRO DO ROSÁRIO;0,516;0,415;0,696;0,475
2010;21;2108306;PENALVA;0,554;0,472;0,693;0,519
2010;21;2108405;PERI MIRIM;0,599;0,572;0,744;0,506
2010;21;2108454;PERITORÓ;0,564;0,464;0,774;0,499
2010;21;2108504;PINDARÉ-MIRIM;0,633;0,592;0,755;0,568
2010;21;2108603;PINHEIRO;0,637;0,579;0,771;0,579
2010;21;2108702;PIO XII;0,541;0,408;0,727;0,535
2010;21;2108801;PIRAPEMAS;0,576;0,514;0,741;0,501
2010;21;2108900;POÇÃO DE PEDRAS;0,576;0,481;0,732;0,543
2010;21;2109007;PORTO FRANCO;0,684;0,606;0,796;0,664
2010;21;2109056;PORTO RICO DO MARANHÃO;0,615;0,561;0,772;0,538
2010;21;2109106;PRESIDENTE DUTRA;0,653;0,563;0,788;0,628
2010;21;2109205;PRESIDENTE JUSCELINO;0,563;0,532;0,743;0,452
2010;21;2109239;PRESIDENTE MÉDICI;0,591;0,522;0,762;0,518
2010;21;2109270;PRESIDENTE SARNEY;0,557;0,472;0,752;0,486
2010;21;2109304;PRESIDENTE VARGAS;0,587;0,560;0,768;0,470
2010;21;2109403;PRIMEIRA CRUZ;0,512;0,414;0,722;0,448
2010;21;2109452;RAPOSA;0,626;0,587;0,735;0,568
2010;21;2109502;RIACHÃO;0,576;0,442;0,757;0,572
2010;21;2109551;RIBAMAR FIQUENE;0,615;0,527;0,744;0,592
2010;21;2109601;ROSÁRIO;0,632;0,592;0,752;0,566
2010;21;2109700;SAMBAÍBA;0,565;0,456;0,728;0,542
2010;21;2109759;SANTA FILOMENA DO MARANHÃO;0,525;0,435;0,722;0,461
2010;21;2109809;SANTA HELENA;0,571;0,471;0,746;0,531
2010;21;2109908;SANTA INÊS;0,674;0,615;0,788;0,633
2010;21;2110005;SANTA LUZIA;0,550;0,452;0,700;0,525
2010;21;2110039;SANTA LUZIA DO PARUÁ;0,599;0,510;0,723;0,583
2010;21;2110104;SANTA QUITÉRIA DO MARANHÃO;0,555;0,458;0,760;0,490
2010;21;2110203;SANTA RITA;0,609;0,551;0,743;0,553
2010;21;2110237;SANTANA DO MARANHÃO;0,510;0,394;0,758;0,445
2010;21;2110278;SANTO AMARO DO MARANHÃO;0,518;0,416;0,738;0,454
2010;21;2110302;SANTO ANTÔNIO DOS LOPES;0,566;0,465;0,714;0,547
2010;21;2110401;SÃO BENEDITO DO RIO PRETO;0,541;0,452;0,749;0,468
2010;21;2110500;SÃO BENTO;0,602;0,545;0,762;0,525
2010;21;2110609;SÃO BERNARDO;0,572;0,479;0,762;0,514
2010;21;2110658;SÃO DOMINGOS DO AZEITÃO;0,590;0,486;0,732;0,576
2010;21;2110708;SÃO DOMINGOS DO MARANHÃO;0,582;0,504;0,713;0,549
2010;21;2110807;SÃO FÉLIX DE BALSAS;0,557;0,430;0,778;0,517
2010;21;2110856;SÃO FRANCISCO DO BREJÃO;0,584;0,479;0,748;0,556
2010;21;2110906;SÃO FRANCISCO DO MARANHÃO;0,528;0,400;0,733;0,503
2010;21;2111003;SÃO JOÃO BATISTA;0,598;0,577;0,752;0,493
2010;21;2111029;SÃO JOÃO DO CARÚ;0,509;0,397;0,684;0,487
2010;21;2111052;SÃO JOÃO DO PARAÍSO;0,609;0,542;0,753;0,554
2010;21;2111078;SÃO JOÃO DO SOTER;0,517;0,401;0,711;0,486
2010;21;2111102;SÃO JOÃO DOS PATOS;0,615;0,522;0,726;0,613
2010;21;2111201;SÃO JOSÉ DE RIBAMAR;0,708;0,700;0,790;0,642
2010;21;2111250;SÃO JOSÉ DOS BASÍLIOS;0,557;0,480;0,719;0,501
2010;21;2111300;SÃO LUÍS;0,768;0,752;0,813;0,741
2010;21;2111409;SÃO LUÍS GONZAGA DO MARANHÃO;0,540;0,438;0,716;0,503
2010;21;2111508;SÃO MATEUS DO MARANHÃO;0,616;0,515;0,723;0,627
2010;21;2111532;SÃO PEDRO DA ÁGUA BRANCA;0,605;0,523;0,735;0,577
2010;21;2111573;SÃO PEDRO DOS CRENTES;0,600;0,524;0,738;0,558
2010;21;2111607;SÃO RAIMUNDO DAS MANGABEIRAS;0,610;0,521;0,749;0,583
2010;21;2111631;SÃO RAIMUNDO DO DOCA BEZERRA;0,516;0,410;0,700;0,478
2010;21;2111672;SÃO ROBERTO;0,516;0,391;0,738;0,475
2010;21;2111706;SÃO VICENTE FERRER;0,592;0,541;0,762;0,504
2010;21;2111722;SATUBINHA;0,493;0,369;0,720;0,450
2010;21;2111748;SENADOR ALEXANDRE COSTA;0,538;0,435;0,689;0,520
2010;21;2111763;SENADOR LA ROCQUE;0,602;0,515;0,743;0,570
2010;21;2111789;SERRANO DO MARANHÃO;0,519;0,433;0,735;0,440
2010;21;2111805;SÍTIO NOVO;0,564;0,456;0,774;0,509
2010;21;2111904;SUCUPIRA DO NORTE;0,579;0,505;0,731;0,526
2010;21;2111953;SUCUPIRA DO RIACHÃO;0,568;0,447;0,761;0,538
2010;21;2112001;TASSO FRAGOSO;0,599;0,491;0,777;0,562
2010;21;2112100;TIMBIRAS;0,537;0,427;0,730;0,498
2010;21;2112209;TIMON;0,649;0,579;0,768;0,614
2010;21;2112233;TRIZIDELA DO VALE;0,606;0,534;0,738;0,565
2010;21;2112274;TUFILÂNDIA;0,555;0,481;0,709;0,502
2010;21;2112308;TUNTUM;0,572;0,483;0,726;0,534
2010;21;2112407;TURIAÇU;0,561;0,461;0,776;0,493
2010;21;2112456;TURILÂNDIA;0,536;0,402;0,774;0,495
2010;21;2112506;TUTÓIA;0,561;0,451;0,722;0,543
2010;21;2112605;URBANO SANTOS;0,588;0,522;0,770;0,506
2010;21;2112704;VARGEM GRANDE;0,542;0,425;0,768;0,487
2010;21;2112803;VIANA;0,618;0,548;0,758;0,567
2010;21;2112852;VILA NOVA DOS MARTÍRIOS;0,581;0,491;0,718;0,555
2010;21;2112902;VITÓRIA DO MEARIM;0,596;0,534;0,733;0,540
2010;21;2113009;VITORINO FREIRE;0,570;0,477;0,688;0,563
2010;21;2114007;ZÉ DOCA;0,595;0,505;0,745;0,559
2010;22;2200053;ACAUÃ;0,528;0,411;0,692;0,517
2010;22;2200103;AGRICOLÂNDIA;0,599;0,526;0,742;0,550
2010;22;2200202;ÁGUA BRANCA;0,639;0,569;0,763;0,600
2010;22;2200251;ALAGOINHA DO PIAUÍ;0,531;0,391;0,716;0,535
2010;22;2200277;ALEGRETE DO PIAUÍ;0,585;0,475;0,749;0,564
2010;22;2200301;ALTO LONGÁ;0,585;0,470;0,751;0,567
2010;22;2200400;ALTOS;0,614;0,512;0,767;0,590
2010;22;2200459;ALVORADA DO GURGUÉIA;0,578;0,496;0,749;0,520
2010;22;2200509;AMARANTE;0,598;0,497;0,750;0,574
2010;22;2200608;ANGICAL DO PIAUÍ;0,630;0,555;0,737;0,610
2010;22;2200707;ANÍSIO DE ABREU;0,594;0,512;0,768;0,534
2010;22;2200806;ANTÔNIO ALMEIDA;0,620;0,527;0,781;0,579
2010;22;2200905;AROAZES;0,583;0,468;0,752;0,563
2010;22;2200954;AROEIRAS DO ITAIM;0,519;0,378;0,738;0,502
2010;22;2201002;ARRAIAL;0,560;0,449;0,761;0,514
2010;22;2201051;ASSUNÇÃO DO PIAUÍ;0,499;0,382;0,706;0,462
2010;22;2201101;AVELINO LOPES;0,554;0,442;0,722;0,532
2010;22;2201150;BAIXA GRANDE DO RIBEIRO;0,564;0,446;0,751;0,537
2010;22;2201176;BARRA D'ALCÂNTARA;0,577;0,471;0,777;0,526
2010;22;2201200;BARRAS;0,595;0,485;0,779;0,558
2010;22;2201309;BARREIRAS DO PIAUÍ;0,557;0,423;0,730;0,560
2010;22;2201408;BARRO DURO;0,612;0,514;0,729;0,611
2010;22;2201507;BATALHA;0,545;0,398;0,755;0,540
2010;22;2201556;BELA VISTA DO PIAUÍ;0,576;0,519;0,709;0,520
2010;22;2201572;BELÉM DO PIAUÍ;0,551;0,448;0,696;0,537
2010;22;2201606;BENEDITINOS;0,557;0,394;0,780;0,561
2010;22;2201705;BERTOLÍNIA;0,612;0,507;0,758;0,596
2010;22;2201739;BETÂNIA DO PIAUÍ;0,489;0,342;0,702;0,486
2010;22;2201770;BOA HORA;0,575;0,460;0,772;0,534
2010;22;2201804;BOCAINA;0,632;0,532;0,773;0,614
2010;22;2201903;BOM JESUS;0,668;0,562;0,799;0,665
2010;22;2201919;BOM PRINCÍPIO DO PIAUÍ;0,532;0,372;0,770;0,526
2010;22;2201929;BONFIM DO PIAUÍ;0,542;0,415;0,707;0,542
2010;22;2201945;BOQUEIRÃO DO PIAUÍ;0,560;0,434;0,729;0,555
2010;22;2201960;BRASILEIRA;0,577;0,446;0,752;0,572
2010;22;2201988;BREJO DO PIAUÍ;0,515;0,354;0,725;0,531
2010;22;2202000;BURITI DOS LOPES;0,565;0,452;0,735;0,544
2010;22;2202026;BURITI DOS MONTES;0,574;0,460;0,780;0,527
2010;22;2202059;CABECEIRAS DO PIAUÍ;0,583;0,476;0,769;0,540
2010;22;2202075;CAJAZEIRAS DO PIAUÍ;0,562;0,449;0,752;0,525
2010;22;2202083;CAJUEIRO DA PRAIA;0,546;0,400;0,739;0,551
2010;22;2202091;CALDEIRÃO GRANDE DO PIAUÍ;0,588;0,486;0,744;0,561
2010;22;2202109;CAMPINAS DO PIAUÍ;0,544;0,397;0,776;0,524
2010;22;2202117;CAMPO ALEGRE DO FIDALGO;0,537;0,385;0,762;0,528
2010;22;2202133;CAMPO GRANDE DO PIAUÍ;0,560;0,446;0,721;0,545
2010;22;2202174;CAMPO LARGO DO PIAUÍ;0,528;0,401;0,766;0,479
2010;22;2202208;CAMPO MAIOR;0,656;0,566;0,793;0,629
2010;22;2202251;CANAVIEIRA;0,583;0,485;0,778;0,525
2010;22;2202307;CANTO DO BURITI;0,576;0,462;0,724;0,571
2010;22;2202406;CAPITÃO DE CAMPOS;0,583;0,465;0,773;0,552
2010;22;2202455;CAPITÃO GERVÁSIO OLIVEIRA;0,553;0,464;0,725;0,503
2010;22;2202505;CARACOL;0,552;0,409;0,771;0,533
2010;22;2202539;CARAÚBAS DO PIAUÍ;0,505;0,347;0,775;0,480
2010;22;2202554;CARIDADE DO PIAUÍ;0,541;0,426;0,715;0,520
2010;22;2202604;CASTELO DO PIAUÍ;0,587;0,473;0,754;0,566
2010;22;2202653;CAXINGÓ;0,488;0,329;0,708;0,498
2010;22;2202703;COCAL;0,497;0,334;0,712;0,516
2010;22;2202711;COCAL DE TELHA;0,555;0,399;0,780;0,550
2010;22;2202729;COCAL DOS ALVES;0,498;0,315;0,779;0,504
2010;22;2202737;COIVARAS;0,565;0,453;0,732;0,543
2010;22;2202752;COLÔNIA DO GURGUÉIA;0,628;0,550;0,778;0,578
2010;22;2202778;COLÔNIA DO PIAUÍ;0,588;0,462;0,772;0,570
2010;22;2202802;CONCEIÇÃO DO CANINDÉ;0,589;0,482;0,759;0,559
2010;22;2202851;CORONEL JOSÉ DIAS;0,546;0,433;0,725;0,518
2010;22;2202901;CORRENTE;0,642;0,540;0,789;0,620
2010;22;2203008;CRISTALÂNDIA DO PIAUÍ;0,573;0,469;0,770;0,521
2010;22;2203107;CRISTINO CASTRO;0,566;0,434;0,713;0,586
2010;22;2203206;CURIMATÁ;0,607;0,527;0,741;0,574
2010;22;2203230;CURRAIS;0,542;0,438;0,743;0,490
2010;22;2203255;CURRALINHOS;0,555;0,438;0,762;0,512
2010;22;2203271;CURRAL NOVO DO PIAUÍ;0,527;0,422;0,685;0,506
2010;22;2203305;DEMERVAL LOBÃO;0,618;0,515;0,781;0,588
2010;22;2203354;DIRCEU ARCOVERDE;0,561;0,436;0,718;0,563
2010;22;2203404;DOM EXPEDITO LOPES;0,601;0,488;0,762;0,583
2010;22;2203420;DOMINGOS MOURÃO;0,550;0,403;0,755;0,547
2010;22;2203453;DOM INOCÊNCIO;0,549;0,439;0,756;0,498
2010;22;2203503;ELESBÃO VELOSO;0,580;0,450;0,758;0,573
2010;22;2203602;ELISEU MARTINS;0,595;0,462;0,742;0,616
2010;22;2203701;ESPERANTINA;0,605;0,497;0,769;0,579
2010;22;2203750;FARTURA DO PIAUÍ;0,548;0,441;0,738;0,506
2010;22;2203800;FLORES DO PIAUÍ;0,547;0,443;0,704;0,525
2010;22;2203859;FLORESTA DO PIAUÍ;0,538;0,391;0,753;0,530
2010;22;2203909;FLORIANO;0,700;0,633;0,802;0,676
2010;22;2204006;FRANCINÓPOLIS;0,564;0,475;0,722;0,523
2010;22;2204105;FRANCISCO AYRES;0,577;0,450;0,756;0,565
2010;22;2204154;FRANCISCO MACEDO;0,553;0,425;0,701;0,567
2010;22;2204204;FRANCISCO SANTOS;0,608;0,498;0,754;0,598
2010;22;2204303;FRONTEIRAS;0,619;0,511;0,748;0,621
2010;22;2204352;GEMINIANO;0,561;0,446;0,755;0,524
2010;22;2204402;GILBUÉS;0,548;0,380;0,753;0,574
2010;22;2204501;GUADALUPE;0,650;0,542;0,794;0,639
2010;22;2204550;GUARIBAS;0,508;0,381;0,711;0,483
2010;22;2204600;HUGO NAPOLEÃO;0,599;0,524;0,776;0,528
2010;22;2204659;ILHA GRANDE;0,563;0,472;0,708;0,534
2010;22;2204709;INHUMA;0,624;0,560;0,772;0,562
2010;22;2204808;IPIRANGA DO PIAUÍ;0,630;0,583;0,765;0,560
2010;22;2204907;ISAÍAS COELHO;0,582;0,410;0,767;0,628
2010;22;2205003;ITAINÓPOLIS;0,541;0,401;0,725;0,545
2010;22;2205102;ITAUEIRA;0,583;0,460;0,727;0,594
2010;22;2205151;JACOBINA DO PIAUÍ;0,535;0,416;0,724;0,509
2010;22;2205201;JAICÓS;0,524;0,366;0,709;0,556
2010;22;2205250;JARDIM DO MULATO;0,593;0,550;0,711;0,532
2010;22;2205276;JATOBÁ DO PIAUÍ;0,566;0,442;0,780;0,525
2010;22;2205300;JERUMENHA;0,591;0,461;0,787;0,569
2010;22;2205359;JOÃO COSTA;0,561;0,460;0,752;0,510
2010;22;2205409;JOAQUIM PIRES;0,522;0,384;0,765;0,485
2010;22;2205458;JOCA MARQUES;0,504;0,353;0,726;0,501
2010;22;2205508;JOSÉ DE FREITAS;0,618;0,512;0,781;0,591
2010;22;2205516;JUAZEIRO DO PIAUÍ;0,570;0,470;0,753;0,522
2010;22;2205524;JÚLIO BORGES;0,582;0,508;0,777;0,500
2010;22;2205532;JUREMA;0,555;0,435;0,767;0,511
2010;22;2205540;LAGOINHA DO PIAUÍ;0,597;0,488;0,776;0,561
2010;22;2205557;LAGOA ALEGRE;0,550;0,425;0,728;0,538
2010;22;2205565;LAGOA DO BARRO DO PIAUÍ;0,502;0,358;0,744;0,474
2010;22;2205573;LAGOA DE SÃO FRANCISCO;0,529;0,400;0,743;0,499
2010;22;2205581;LAGOA DO PIAUÍ;0,583;0,464;0,778;0,548
2010;22;2205599;LAGOA DO SÍTIO;0,541;0,421;0,745;0,504
2010;22;2205607;LANDRI SALES;0,584;0,480;0,738;0,563
2010;22;2205706;LUÍS CORREIA;0,541;0,398;0,730;0,544
2010;22;2205805;LUZILÂNDIA;0,545;0,420;0,700;0,550
2010;22;2205854;MADEIRO;0,563;0,489;0,772;0,472
2010;22;2205904;MANOEL EMÍDIO;0,573;0,466;0,758;0,534
2010;22;2205953;MARCOLÂNDIA;0,562;0,438;0,700;0,578
2010;22;2206001;MARCOS PARENTE;0,590;0,494;0,717;0,580
2010;22;2206050;MASSAPÊ DO PIAUÍ;0,525;0,386;0,730;0,514
2010;22;2206100;MATIAS OLÍMPIO;0,562;0,438;0,779;0,521
2010;22;2206209;MIGUEL ALVES;0,539;0,396;0,742;0,533
2010;22;2206308;MIGUEL LEÃO;0,623;0,533;0,782;0,579
2010;22;2206357;MILTON BRANDÃO;0,508;0,357;0,772;0,476
2010;22;2206407;MONSENHOR GIL;0,615;0,524;0,781;0,568
2010;22;2206506;MONSENHOR HIPÓLITO;0,561;0,404;0,739;0,591
2010;22;2206605;MONTE ALEGRE DO PIAUÍ;0,578;0,474;0,768;0,531
2010;22;2206654;MORRO CABEÇA NO TEMPO;0,542;0,435;0,774;0,472
2010;22;2206670;MORRO DO CHAPÉU DO PIAUÍ;0,550;0,418;0,742;0,536
2010;22;2206696;MURICI DOS PORTELAS;0,530;0,391;0,777;0,489
2010;22;2206704;NAZARÉ DO PIAUÍ;0,576;0,510;0,707;0,531
2010;22;2206720;NAZÁRIA;0,602;0,512;0,780;0,546
2010;22;2206753;NOSSA SENHORA DE NAZARÉ;0,586;0,462;0,780;0,557
2010;22;2206803;NOSSA SENHORA DOS REMÉDIOS;0,533;0,411;0,732;0,503
2010;22;2206902;NOVO ORIENTE DO PIAUÍ;0,562;0,418;0,775;0,547
2010;22;2206951;NOVO SANTO ANTÔNIO;0,528;0,392;0,702;0,536
2010;22;2207009;OEIRAS;0,634;0,547;0,753;0,619
2010;22;2207108;OLHO D'ÁGUA DO PIAUÍ;0,576;0,477;0,746;0,537
2010;22;2207207;PADRE MARCOS;0,541;0,427;0,699;0,531
2010;22;2207306;PAES LANDIM;0,575;0,492;0,721;0,537
2010;22;2207355;PAJEÚ DO PIAUÍ;0,559;0,427;0,732;0,560
2010;22;2207405;PALMEIRA DO PIAUÍ;0,557;0,431;0,704;0,570
2010;22;2207504;PALMEIRAIS;0,562;0,443;0,776;0,515
2010;22;2207553;PAQUETÁ;0,509;0,348;0,731;0,519
2010;22;2207603;PARNAGUÁ;0,575;0,464;0,777;0,526
2010;22;2207702;PARNAÍBA;0,687;0,604;0,816;0,658
2010;22;2207751;PASSAGEM FRANCA DO PIAUÍ;0,561;0,393;0,758;0,594
2010;22;2207777;PATOS DO PIAUÍ;0,563;0,448;0,755;0,529
2010;22;2207793;PAU D'ARCO DO PIAUÍ;0,514;0,376;0,742;0,488
2010;22;2207801;PAULISTANA;0,600;0,472;0,767;0,596
2010;22;2207850;PAVUSSU;0,526;0,379;0,748;0,512
2010;22;2207900;PEDRO II;0,571;0,428;0,767;0,566
2010;22;2207934;PEDRO LAURENTINO;0,562;0,496;0,746;0,479
2010;22;2207959;NOVA SANTA RITA;0,554;0,425;0,770;0,520
2010;22;2208007;PICOS;0,698;0,621;0,800;0,684
2010;22;2208106;PIMENTEIRAS;0,566;0,423;0,774;0,553
2010;22;2208205;PIO IX;0,564;0,440;0,758;0,538
2010;22;2208304;PIRACURUCA;0,596;0,478;0,770;0,575
2010;22;2208403;PIRIPIRI;0,635;0,533;0,775;0,621
2010;22;2208502;PORTO;0,549;0,406;0,758;0,537
2010;22;2208551;PORTO ALEGRE DO PIAUÍ;0,563;0,452;0,732;0,539
2010;22;2208601;PRATA DO PIAUÍ;0,565;0,448;0,764;0,527
2010;22;2208650;QUEIMADA NOVA;0,515;0,368;0,758;0,490
2010;22;2208700;REDENÇÃO DO GURGUÉIA;0,589;0,478;0,766;0,557
2010;22;2208809;REGENERAÇÃO;0,591;0,498;0,714;0,582
2010;22;2208858;RIACHO FRIO;0,541;0,431;0,761;0,483
2010;22;2208874;RIBEIRA DO PIAUÍ;0,520;0,368;0,758;0,505
2010;22;2208908;RIBEIRO GONÇALVES;0,601;0,485;0,787;0,568
2010;22;2209005;RIO GRANDE DO PIAUÍ;0,572;0,442;0,767;0,552
2010;22;2209104;SANTA CRUZ DO PIAUÍ;0,601;0,530;0,720;0,570
2010;22;2209153;SANTA CRUZ DOS MILAGRES;0,577;0,509;0,719;0,524
2010;22;2209203;SANTA FILOMENA;0,544;0,385;0,789;0,530
2010;22;2209302;SANTA LUZ;0,588;0,490;0,768;0,539
2010;22;2209351;SANTANA DO PIAUÍ;0,574;0,476;0,736;0,539
2010;22;2209377;SANTA ROSA DO PIAUÍ;0,567;0,483;0,699;0,539
2010;22;2209401;SANTO ANTÔNIO DE LISBOA;0,584;0,473;0,704;0,597
2010;22;2209450;SANTO ANTÔNIO DOS MILAGRES;0,619;0,582;0,776;0,524
2010;22;2209500;SANTO INÁCIO DO PIAUÍ;0,613;0,546;0,776;0,543
2010;22;2209559;SÃO BRAZ DO PIAUÍ;0,596;0,514;0,771;0,533
2010;22;2209609;SÃO FÉLIX DO PIAUÍ;0,610;0,520;0,742;0,587
2010;22;2209658;SÃO FRANCISCO DE ASSIS DO PIAUÍ;0,485;0,336;0,734;0,462
2010;22;2209708;SÃO FRANCISCO DO PIAUÍ;0,570;0,448;0,744;0,557
2010;22;2209757;SÃO GONÇALO DO GURGUÉIA;0,560;0,438;0,701;0,572
2010;22;2209807;SÃO GONÇALO DO PIAUÍ;0,616;0,588;0,739;0,538
2010;22;2209856;SÃO JOÃO DA CANABRAVA;0,559;0,446;0,726;0,539
2010;22;2209872;SÃO JOÃO DA FRONTEIRA;0,515;0,351;0,753;0,516
2010;22;2209906;SÃO JOÃO DA SERRA;0,582;0,478;0,757;0,545
2010;22;2209955;SÃO JOÃO DA VARJOTA;0,559;0,460;0,708;0,536
2010;22;2209971;SÃO JOÃO DO ARRAIAL;0,523;0,401;0,720;0,496
2010;22;2210003;SÃO JOÃO DO PIAUÍ;0,645;0,567;0,769;0,615
2010;22;2210052;SÃO JOSÉ DO DIVINO;0,565;0,440;0,775;0,529
2010;22;2210102;SÃO JOSÉ DO PEIXE;0,573;0,449;0,766;0,548
2010;22;2210201;SÃO JOSÉ DO PIAUÍ;0,552;0,423;0,700;0,569
2010;22;2210300;SÃO JULIÃO;0,594;0,455;0,775;0,593
2010;22;2210359;SÃO LOURENÇO DO PIAUÍ;0,595;0,499;0,753;0,560
2010;22;2210375;SÃO LUIS DO PIAUÍ;0,554;0,433;0,757;0,520
2010;22;2210383;SÃO MIGUEL DA BAIXA GRANDE;0,563;0,413;0,774;0,557
2010;22;2210391;SÃO MIGUEL DO FIDALGO;0,535;0,407;0,747;0,505
2010;22;2210409;SÃO MIGUEL DO TAPUIO;0,556;0,434;0,780;0,508
2010;22;2210508;SÃO PEDRO DO PIAUÍ;0,595;0,492;0,776;0,553
2010;22;2210607;SÃO RAIMUNDO NONATO;0,661;0,587;0,779;0,631
2010;22;2210623;SEBASTIÃO BARROS;0,536;0,394;0,770;0,508
2010;22;2210631;SEBASTIÃO LEAL;0,562;0,467;0,736;0,516
2010;22;2210656;SIGEFREDO PACHECO;0,581;0,496;0,764;0,518
2010;22;2210706;SIMÕES;0,575;0,440;0,771;0,560
2010;22;2210805;SIMPLÍCIO MENDES;0,627;0,525;0,767;0,613
2010;22;2210904;SOCORRO DO PIAUÍ;0,561;0,465;0,739;0,513
2010;22;2210938;SUSSUAPARA;0,586;0,476;0,749;0,563
2010;22;2210953;TAMBORIL DO PIAUÍ;0,501;0,360;0,685;0,509
2010;22;2210979;TANQUE DO PIAUÍ;0,579;0,499;0,704;0,553
2010;22;2211001;TERESINA;0,751;0,707;0,820;0,731
2010;22;2211100;UNIÃO;0,577;0,453;0,781;0,542
2010;22;2211209;URUÇUÍ;0,631;0,516;0,794;0,614
2010;22;2211308;VALENÇA DO PIAUÍ;0,647;0,566;0,773;0,620
2010;22;2211357;VÁRZEA BRANCA;0,553;0,440;0,743;0,518
2010;22;2211407;VÁRZEA GRANDE;0,571;0,474;0,708;0,554
2010;22;2211506;VERA MENDES;0,503;0,375;0,685;0,494
2010;22;2211605;VILA NOVA DO PIAUÍ;0,565;0,471;0,685;0,559
2010;22;2211704;WALL FERRAZ;0,544;0,443;0,708;0,513
2010;23;2300101;ABAIARA;0,628;0,612;0,748;0,540
2010;23;2300150;ACARAPE;0,606;0,562;0,709;0,559
2010;23;2300200;ACARAÚ;0,601;0,517;0,758;0,554
2010;23;2300309;ACOPIARA;0,595;0,517;0,724;0,563
2010;23;2300408;AIUABA;0,569;0,474;0,749;0,518
2010;23;2300507;ALCÂNTARAS;0,600;0,524;0,751;0,549
2010;23;2300606;ALTANEIRA;0,602;0,515;0,774;0,547
2010;23;2300705;ALTO SANTO;0,601;0,499;0,774;0,563
2010;23;2300754;AMONTADA;0,606;0,582;0,761;0,503
2010;23;2300804;ANTONINA DO NORTE;0,599;0,506;0,772;0,550
2010;23;2300903;APUIARÉS;0,618;0,593;0,741;0,536
2010;23;2301000;AQUIRAZ;0,641;0,550;0,788;0,608
2010;23;2301109;ARACATI;0,655;0,624;0,742;0,607
2010;23;2301208;ARACOIABA;0,615;0,556;0,759;0,550
2010;23;2301257;ARARENDÁ;0,590;0,516;0,763;0,522
2010;23;2301307;ARARIPE;0,564;0,459;0,759;0,515
2010;23;2301406;ARATUBA;0,622;0,587;0,775;0,530
2010;23;2301505;ARNEIROZ;0,618;0,564;0,740;0,565
2010;23;2301604;ASSARÉ;0,600;0,482;0,783;0,573
2010;23;2301703;AURORA;0,605;0,521;0,764;0,557
2010;23;2301802;BAIXIO;0,627;0,575;0,763;0,563
2010;23;2301851;BANABUIÚ;0,606;0,530;0,779;0,540
2010;23;2301901;BARBALHA;0,683;0,637;0,817;0,613
2010;23;2301950;BARREIRA;0,616;0,551;0,771;0,551
2010;23;2302008;BARRO;0,599;0,510;0,758;0,556
2010;23;2302057;BARROQUINHA;0,571;0,505;0,720;0,512
2010;23;2302107;BATURITÉ;0,619;0,548;0,753;0,574
2010;23;2302206;BEBERIBE;0,638;0,571;0,778;0,585
2010;23;2302305;BELA CRUZ;0,623;0,598;0,760;0,533
2010;23;2302404;BOA VIAGEM;0,598;0,504;0,768;0,553
2010;23;2302503;BREJO SANTO;0,647;0,592;0,768;0,596
2010;23;2302602;CAMOCIM;0,620;0,578;0,729;0,565
2010;23;2302701;CAMPOS SALES;0,630;0,556;0,769;0,584
2010;23;2302800;CANINDÉ;0,612;0,526;0,765;0,571
2010;23;2302909;CAPISTRANO;0,611;0,593;0,730;0,527
2010;23;2303006;CARIDADE;0,592;0,505;0,779;0,528
2010;23;2303105;CARIRÉ;0,596;0,526;0,749;0,537
2010;23;2303204;CARIRIAÇU;0,578;0,483;0,730;0,549
2010;23;2303303;CARIÚS;0,597;0,519;0,751;0,546
2010;23;2303402;CARNAUBAL;0,593;0,513;0,760;0,536
2010;23;2303501;CASCAVEL;0,646;0,578;0,793;0,587
2010;23;2303600;CATARINA;0,618;0,560;0,764;0,551
2010;23;2303659;CATUNDA;0,609;0,587;0,717;0,537
2010;23;2303709;CAUCAIA;0,682;0,632;0,808;0,620
2010;23;2303808;CEDRO;0,627;0,553;0,753;0,592
2010;23;2303907;CHAVAL;0,586;0,536;0,716;0,524
2010;23;2303931;CHORÓ;0,585;0,523;0,778;0,493
2010;23;2303956;CHOROZINHO;0,604;0,522;0,742;0,570
2010;23;2304004;COREAÚ;0,610;0,568;0,758;0,526
2010;23;2304103;CRATEÚS;0,644;0,550;0,787;0,618
2010;23;2304202;CRATO;0,713;0,673;0,822;0,655
2010;23;2304236;CROATÁ;0,590;0,544;0,760;0,497
2010;23;2304251;CRUZ;0,632;0,586;0,752;0,573
2010;23;2304269;DEPUTADO IRAPUAN PINHEIRO;0,609;0,562;0,742;0,542
2010;23;2304277;ERERÊ;0,610;0,547;0,754;0,551
2010;23;2304285;EUSÉBIO;0,701;0,621;0,794;0,700
2010;23;2304301;FARIAS BRITO;0,633;0,605;0,774;0,541
2010;23;2304350;FORQUILHA;0,644;0,602;0,760;0,583
2010;23;2304400;FORTALEZA;0,754;0,695;0,824;0,749
2010;23;2304459;FORTIM;0,624;0,588;0,734;0,562
2010;23;2304509;FRECHEIRINHA;0,604;0,536;0,746;0,551
2010;23;2304608;GENERAL SAMPAIO;0,568;0,449;0,744;0,548
2010;23;2304657;GRAÇA;0,570;0,477;0,755;0,514
2010;23;2304707;GRANJA;0,559;0,453;0,778;0,495
2010;23;2304806;GRANJEIRO;0,585;0,526;0,715;0,533
2010;23;2304905;GROAÍRAS;0,633;0,598;0,724;0,585
2010;23;2304954;GUAIÚBA;0,617;0,560;0,768;0,546
2010;23;2305001;GUARACIABA DO NORTE;0,609;0,528;0,776;0,552
2010;23;2305100;GUARAMIRANGA;0,637;0,610;0,736;0,576
2010;23;2305209;HIDROLÂNDIA;0,597;0,499;0,775;0,549
2010;23;2305233;HORIZONTE;0,658;0,610;0,788;0,594
2010;23;2305266;IBARETAMA;0,577;0,489;0,759;0,517
2010;23;2305308;IBIAPINA;0,608;0,525;0,767;0,559
2010;23;2305332;IBICUITINGA;0,606;0,571;0,758;0,514
2010;23;2305357;ICAPUÍ;0,616;0,541;0,757;0,572
2010;23;2305407;ICÓ;0,606;0,536;0,731;0,568
2010;23;2305506;IGUATU;0,677;0,599;0,808;0,642
2010;23;2305605;INDEPENDÊNCIA;0,632;0,592;0,759;0,561
2010;23;2305654;IPAPORANGA;0,579;0,506;0,766;0,502
2010;23;2305704;IPAUMIRIM;0,606;0,491;0,729;0,621
2010;23;2305803;IPU;0,618;0,532;0,762;0,583
2010;23;2305902;IPUEIRAS;0,573;0,479;0,735;0,534
2010;23;2306009;IRACEMA;0,652;0,632;0,733;0,597
2010;23;2306108;IRAUÇUBA;0,605;0,557;0,755;0,526
2010;23;2306207;ITAIÇABA;0,656;0,642;0,758;0,581
2010;23;2306256;ITAITINGA;0,626;0,548;0,768;0,583
2010;23;2306306;ITAPAGÉ;0,623;0,568;0,760;0,561
2010;23;2306405;ITAPIPOCA;0,640;0,613;0,761;0,562
2010;23;2306504;ITAPIÚNA;0,604;0,542;0,775;0,525
2010;23;2306553;ITAREMA;0,606;0,558;0,753;0,529
2010;23;2306603;ITATIRA;0,562;0,463;0,747;0,514
2010;23;2306702;JAGUARETAMA;0,612;0,535;0,776;0,552
2010;23;2306801;JAGUARIBARA;0,618;0,559;0,735;0,575
2010;23;2306900;JAGUARIBE;0,621;0,543;0,760;0,580
2010;23;2307007;JAGUARUANA;0,624;0,548;0,779;0,568
2010;23;2307106;JARDIM;0,614;0,542;0,779;0,547
2010;23;2307205;JATI;0,651;0,634;0,776;0,562
2010;23;2307254;JIJOCA DE JERICOACOARA;0,652;0,625;0,723;0,614
2010;23;2307304;JUAZEIRO DO NORTE;0,694;0,642;0,810;0,644
2010;23;2307403;JUCÁS;0,598;0,511;0,772;0,541
2010;23;2307502;LAVRAS DA MANGABEIRA;0,613;0,515;0,778;0,576
2010;23;2307601;LIMOEIRO DO NORTE;0,682;0,623;0,804;0,633
2010;23;2307635;MADALENA;0,610;0,545;0,778;0,536
2010;23;2307650;MARACANAÚ;0,686;0,665;0,788;0,617
2010;23;2307700;MARANGUAPE;0,659;0,618;0,788;0,587
2010;23;2307809;MARCO;0,612;0,553;0,734;0,564
2010;23;2307908;MARTINÓPOLE;0,599;0,522;0,760;0,541
2010;23;2308005;MASSAPÊ;0,616;0,554;0,778;0,541
2010;23;2308104;MAURITI;0,605;0,526;0,772;0,544
2010;23;2308203;MERUOCA;0,618;0,554;0,761;0,559
2010;23;2308302;MILAGRES;0,628;0,569;0,777;0,561
2010;23;2308351;MILHÃ;0,626;0,558;0,784;0,560
2010;23;2308377;MIRAÍMA;0,592;0,523;0,778;0,510
2010;23;2308401;MISSÃO VELHA;0,622;0,552;0,754;0,579
2010;23;2308500;MOMBAÇA;0,582;0,489;0,735;0,549
2010;23;2308609;MONSENHOR TABOSA;0,610;0,538;0,773;0,545
2010;23;2308708;MORADA NOVA;0,610;0,525;0,758;0,569
2010;23;2308807;MORAÚJO;0,581;0,516;0,768;0,495
2010;23;2308906;MORRINHOS;0,588;0,511;0,760;0,524
2010;23;2309003;MUCAMBO;0,607;0,541;0,732;0,565
2010;23;2309102;MULUNGU;0,607;0,534;0,759;0,551
2010;23;2309201;NOVA OLINDA;0,625;0,554;0,779;0,567
2010;23;2309300;NOVA RUSSAS;0,614;0,524;0,754;0,585
2010;23;2309409;NOVO ORIENTE;0,605;0,526;0,763;0,552
2010;23;2309458;OCARA;0,594;0,519;0,771;0,524
2010;23;2309508;ORÓS;0,636;0,557;0,793;0,582
2010;23;2309607;PACAJUS;0,659;0,596;0,788;0,609
2010;23;2309706;PACATUBA;0,675;0,652;0,779;0,605
2010;23;2309805;PACOTI;0,635;0,580;0,773;0,571
2010;23;2309904;PACUJÁ;0,621;0,571;0,745;0,562
2010;23;2310001;PALHANO;0,638;0,628;0,723;0,572
2010;23;2310100;PALMÁCIA;0,622;0,551;0,742;0,590
2010;23;2310209;PARACURU;0,637;0,581;0,746;0,597
2010;23;2310258;PARAIPABA;0,634;0,602;0,738;0,574
2010;23;2310308;PARAMBU;0,570;0,460;0,764;0,526
2010;23;2310407;PARAMOTI;0,583;0,518;0,741;0,515
2010;23;2310506;PEDRA BRANCA;0,603;0,521;0,779;0,541
2010;23;2310605;PENAFORTE;0,646;0,626;0,761;0,566
2010;23;2310704;PENTECOSTE;0,629;0,604;0,734;0,562
2010;23;2310803;PEREIRO;0,601;0,534;0,776;0,525
2010;23;2310852;PINDORETAMA;0,636;0,588;0,754;0,581
2010;23;2310902;PIQUET CARNEIRO;0,600;0,523;0,779;0,530
2010;23;2310951;PIRES FERREIRA;0,591;0,526;0,769;0,510
2010;23;2311009;PORANGA;0,581;0,500;0,746;0,527
2010;23;2311108;PORTEIRAS;0,622;0,592;0,765;0,531
2010;23;2311207;POTENGI;0,562;0,441;0,759;0,529
2010;23;2311231;POTIRETAMA;0,604;0,538;0,754;0,544
2010;23;2311264;QUITERIANÓPOLIS;0,594;0,518;0,774;0,524
2010;23;2311306;QUIXADÁ;0,659;0,624;0,775;0,592
2010;23;2311355;QUIXELÔ;0,591;0,520;0,725;0,548
2010;23;2311405;QUIXERAMOBIM;0,642;0,567;0,789;0,592
2010;23;2311504;QUIXERÉ;0,622;0,556;0,774;0,560
2010;23;2311603;REDENÇÃO;0,626;0,577;0,750;0,567
2010;23;2311702;RERIUTABA;0,601;0,509;0,761;0,560
2010;23;2311801;RUSSAS;0,674;0,626;0,791;0,617
2010;23;2311900;SABOEIRO;0,575;0,499;0,715;0,533
2010;23;2311959;SALITRE;0,540;0,434;0,732;0,497
2010;23;2312007;SANTANA DO ACARAÚ;0,587;0,500;0,755;0,536
2010;23;2312106;SANTANA DO CARIRI;0,612;0,557;0,779;0,527
2010;23;2312205;SANTA QUITÉRIA;0,616;0,553;0,775;0,546
2010;23;2312304;SÃO BENEDITO;0,611;0,531;0,764;0,562
2010;23;2312403;SÃO GONÇALO DO AMARANTE;0,665;0,646;0,775;0,587
2010;23;2312502;SÃO JOÃO DO JAGUARIBE;0,654;0,576;0,784;0,620
2010;23;2312601;SÃO LUÍS DO CURU;0,620;0,593;0,719;0,558
2010;23;2312700;SENADOR POMPEU;0,619;0,537;0,770;0,574
2010;23;2312809;SENADOR SÁ;0,603;0,565;0,735;0,528
2010;23;2312908;SOBRAL;0,714;0,675;0,832;0,647
2010;23;2313005;SOLONÓPOLE;0,625;0,574;0,754;0,565
2010;23;2313104;TABULEIRO DO NORTE;0,645;0,547;0,791;0,620
2010;23;2313203;TAMBORIL;0,580;0,476;0,779;0,526
2010;23;2313252;TARRAFAS;0,576;0,482;0,751;0,529
2010;23;2313302;TAUÁ;0,633;0,560;0,773;0,585
2010;23;2313351;TEJUÇUOCA;0,584;0,520;0,742;0,517
2010;23;2313401;TIANGUÁ;0,657;0,587;0,768;0,628
2010;23;2313500;TRAIRI;0,606;0,577;0,739;0,522
2010;23;2313559;TURURU;0,606;0,576;0,760;0,508
2010;23;2313609;UBAJARA;0,648;0,594;0,769;0,595
2010;23;2313708;UMARI;0,591;0,497;0,778;0,535
2010;23;2313757;UMIRIM;0,587;0,524;0,751;0,514
2010;23;2313807;URUBURETAMA;0,639;0,608;0,760;0,564
2010;23;2313906;URUOCA;0,566;0,485;0,745;0,503
2010;23;2313955;VARJOTA;0,611;0,545;0,728;0,575
2010;23;2314003;VÁRZEA ALEGRE;0,629;0,576;0,759;0,569
2010;23;2314102;VIÇOSA DO CEARÁ;0,571;0,475;0,753;0,521
2010;24;2400109;ACARI;0,679;0,634;0,779;0,633
2010;24;2400208;AÇU;0,661;0,568;0,795;0,641
2010;24;2400307;AFONSO BEZERRA;0,585;0,502;0,713;0,560
2010;24;2400406;ÁGUA NOVA;0,616;0,572;0,776;0,527
2010;24;2400505;ALEXANDRIA;0,606;0,491;0,779;0,581
2010;24;2400604;ALMINO AFONSO;0,624;0,568;0,739;0,578
2010;24;2400703;ALTO DO RODRIGUES;0,672;0,585;0,800;0,647
2010;24;2400802;ANGICOS;0,624;0,530;0,756;0,606
2010;24;2400901;ANTÔNIO MARTINS;0,578;0,458;0,760;0,554
2010;24;2401008;APODI;0,639;0,571;0,747;0,611
2010;24;2401107;AREIA BRANCA;0,682;0,621;0,790;0,647
2010;24;2401206;ARÊS;0,606;0,523;0,725;0,587
2010;24;2401305;AUGUSTO SEVERO;0,621;0,495;0,774;0,624
2010;24;2401404;BAÍA FORMOSA;0,609;0,534;0,718;0,590
2010;24;2401453;BARAÚNA;0,574;0,446;0,756;0,562
2010;24;2401503;BARCELONA;0,566;0,442;0,726;0,564
2010;24;2401602;BENTO FERNANDES;0,582;0,494;0,737;0,542
2010;24;2401651;BODÓ;0,629;0,565;0,772;0,570
2010;24;2401701;BOM JESUS;0,584;0,460;0,743;0,583
2010;24;2401800;BREJINHO;0,592;0,492;0,722;0,585
2010;24;2401859;CAIÇARA DO NORTE;0,574;0,454;0,727;0,572
2010;24;2401909;CAIÇARA DO RIO DO VENTO;0,587;0,499;0,734;0,553
2010;24;2402006;CAICÓ;0,710;0,619;0,824;0,703
2010;24;2402105;CAMPO REDONDO;0,626;0,584;0,758;0,554
2010;24;2402204;CANGUARETAMA;0,579;0,486;0,718;0,557
2010;24;2402303;CARAÚBAS;0,638;0,556;0,786;0,594
2010;24;2402402;CARNAÚBA DOS DANTAS;0,659;0,577;0,796;0,624
2010;24;2402501;CARNAUBAIS;0,589;0,476;0,738;0,583
2010;24;2402600;CEARÁ-MIRIM;0,616;0,505;0,774;0,599
2010;24;2402709;CERRO CORÁ;0,607;0,518;0,754;0,573
2010;24;2402808;CORONEL EZEQUIEL;0,587;0,476;0,778;0,545
2010;24;2402907;CORONEL JOÃO PESSOA;0,578;0,471;0,748;0,549
2010;24;2403004;CRUZETA;0,654;0,621;0,748;0,602
2010;24;2403103;CURRAIS NOVOS;0,691;0,617;0,794;0,673
2010;24;2403202;DOUTOR SEVERIANO;0,621;0,566;0,747;0,567
2010;24;2403251;PARNAMIRIM;0,766;0,726;0,825;0,750
2010;24;2403301;ENCANTO;0,629;0,536;0,787;0,589
2010;24;2403400;EQUADOR;0,623;0,546;0,765;0,578
2010;24;2403509;ESPÍRITO SANTO;0,558;0,423;0,748;0,549
2010;24;2403608;EXTREMOZ;0,660;0,555;0,808;0,640
2010;24;2403707;FELIPE GUERRA;0,636;0,575;0,768;0,582
2010;24;2403756;FERNANDO PEDROZA;0,597;0,519;0,727;0,565
2010;24;2403806;FLORÂNIA;0,642;0,560;0,775;0,611
2010;24;2403905;FRANCISCO DANTAS;0,606;0,523;0,732;0,582
2010;24;2404002;FRUTUOSO GOMES;0,597;0,512;0,737;0,565
2010;24;2404101;GALINHOS;0,564;0,429;0,723;0,578
2010;24;2404200;GOIANINHA;0,638;0,537;0,783;0,619
2010;24;2404309;GOVERNADOR DIX-SEPT ROSADO;0,592;0,485;0,759;0,564
2010;24;2404408;GROSSOS;0,664;0,585;0,790;0,633
2010;24;2404507;GUAMARÉ;0,626;0,505;0,769;0,632
2010;24;2404606;IELMO MARINHO;0,550;0,418;0,766;0,521
2010;24;2404705;IPANGUAÇU;0,603;0,518;0,744;0,568
2010;24;2404804;IPUEIRA;0,679;0,633;0,788;0,627
2010;24;2404853;ITAJÁ;0,624;0,539;0,769;0,586
2010;24;2404903;ITAÚ;0,614;0,542;0,727;0,588
2010;24;2405009;JAÇANÃ;0,604;0,509;0,773;0,559
2010;24;2405108;JANDAÍRA;0,569;0,462;0,709;0,561
2010;24;2405207;JANDUÍS;0,615;0,529;0,776;0,567
2010;24;2405306;JANUÁRIO CICCO;0,574;0,481;0,771;0,511
2010;24;2405405;JAPI;0,569;0,480;0,726;0,528
2010;24;2405504;JARDIM DE ANGICOS;0,565;0,437;0,740;0,557
2010;24;2405603;JARDIM DE PIRANHAS;0,603;0,469;0,792;0,590
2010;24;2405702;JARDIM DO SERIDÓ;0,663;0,584;0,772;0,647
2010;24;2405801;JOÃO CÂMARA;0,595;0,484;0,724;0,600
2010;24;2405900;JOÃO DIAS;0,530;0,390;0,771;0,495
2010;24;2406007;JOSÉ DA PENHA;0,608;0,489;0,788;0,583
2010;24;2406106;JUCURUTU;0,601;0,492;0,755;0,583
2010;24;2406155;JUNDIÁ;0,595;0,492;0,775;0,552
2010;24;2406205;LAGOA D'ANTA;0,601;0,507;0,739;0,580
2010;24;2406304;LAGOA DE PEDRAS;0,553;0,436;0,734;0,529
2010;24;2406403;LAGOA DE VELHOS;0,589;0,458;0,789;0,566
2010;24;2406502;LAGOA NOVA;0,585;0,483;0,764;0,542
2010;24;2406601;LAGOA SALGADA;0,582;0,464;0,771;0,551
2010;24;2406700;LAJES;0,624;0,557;0,756;0,578
2010;24;2406809;LAJES PINTADAS;0,625;0,568;0,769;0,559
2010;24;2406908;LUCRÉCIA;0,646;0,551;0,785;0,624
2010;24;2407005;LUÍS GOMES;0,608;0,531;0,776;0,545
2010;24;2407104;MACAÍBA;0,640;0,545;0,784;0,613
2010;24;2407203;MACAU;0,665;0,572;0,792;0,650
2010;24;2407252;MAJOR SALES;0,617;0,529;0,774;0,573
2010;24;2407302;MARCELINO VIEIRA;0,609;0,510;0,776;0,571
2010;24;2407401;MARTINS;0,622;0,538;0,772;0,580
2010;24;2407500;MAXARANGUAPE;0,608;0,506;0,764;0,582
2010;24;2407609;MESSIAS TARGINO;0,644;0,565;0,779;0,608
2010;24;2407708;MONTANHAS;0,557;0,447;0,700;0,553
2010;24;2407807;MONTE ALEGRE;0,609;0,507;0,770;0,578
2010;24;2407906;MONTE DAS GAMELEIRAS;0,598;0,509;0,752;0,560
2010;24;2408003;MOSSORÓ;0,720;0,663;0,811;0,694
2010;24;2408102;NATAL;0,763;0,694;0,835;0,768
2010;24;2408201;NÍSIA FLORESTA;0,622;0,518;0,773;0,601
2010;24;2408300;NOVA CRUZ;0,629;0,537;0,788;0,589
2010;24;2408409;OLHO-D'ÁGUA DO BORGES;0,585;0,482;0,719;0,577
2010;24;2408508;OURO BRANCO;0,645;0,558;0,789;0,610
2010;24;2408607;PARANÁ;0,589;0,496;0,776;0,532
2010;24;2408706;PARAÚ;0,603;0,522;0,721;0,582
2010;24;2408805;PARAZINHO;0,549;0,424;0,719;0,543
2010;24;2408904;PARELHAS;0,676;0,617;0,802;0,625
2010;24;2408953;RIO DO FOGO;0,569;0,457;0,738;0,546
2010;24;2409100;PASSA E FICA;0,606;0,516;0,763;0,565
2010;24;2409209;PASSAGEM;0,589;0,501;0,747;0,547
2010;24;2409308;PATU;0,618;0,513;0,768;0,599
2010;24;2409332;SANTA MARIA;0,590;0,477;0,779;0,554
2010;24;2409407;PAU DOS FERROS;0,678;0,584;0,803;0,666
2010;24;2409506;PEDRA GRANDE;0,559;0,430;0,773;0,526
2010;24;2409605;PEDRA PRETA;0,558;0,435;0,752;0,530
2010;24;2409704;PEDRO AVELINO;0,583;0,435;0,788;0,577
2010;24;2409803;PEDRO VELHO;0,568;0,442;0,738;0,562
2010;24;2409902;PENDÊNCIAS;0,631;0,526;0,753;0,633
2010;24;2410009;PILÕES;0,614;0,527;0,777;0,566
2010;24;2410108;POÇO BRANCO;0,587;0,471;0,766;0,562
2010;24;2410207;PORTALEGRE;0,621;0,547;0,754;0,581
2010;24;2410256;PORTO DO MANGUE;0,590;0,504;0,732;0,558
2010;24;2410306;PRESIDENTE JUSCELINO;0,563;0,453;0,713;0,552
2010;24;2410405;PUREZA;0,567;0,456;0,774;0,516
2010;24;2410504;RAFAEL FERNANDES;0,608;0,518;0,737;0,588
2010;24;2410603;RAFAEL GODEIRO;0,654;0,607;0,789;0,583
2010;24;2410702;RIACHO DA CRUZ;0,584;0,487;0,751;0,545
2010;24;2410801;RIACHO DE SANTANA;0,591;0,489;0,776;0,545
2010;24;2410900;RIACHUELO;0,592;0,481;0,767;0,561
2010;24;2411007;RODOLFO FERNANDES;0,604;0,519;0,758;0,561
2010;24;2411056;TIBAU;0,635;0,530;0,769;0,627
2010;24;2411106;RUY BARBOSA;0,605;0,517;0,780;0,548
2010;24;2411205;SANTA CRUZ;0,635;0,564;0,761;0,597
2010;24;2411403;SANTANA DO MATOS;0,591;0,482;0,767;0,559
2010;24;2411429;SANTANA DO SERIDÓ;0,642;0,580;0,767;0,595
2010;24;2411502;SANTO ANTÔNIO;0,620;0,512;0,782;0,595
2010;24;2411601;SÃO BENTO DO NORTE;0,555;0,415;0,760;0,541
2010;24;2411700;SÃO BENTO DO TRAIRÍ;0,595;0,525;0,763;0,526
2010;24;2411809;SÃO FERNANDO;0,608;0,508;0,750;0,591
2010;24;2411908;SÃO FRANCISCO DO OESTE;0,628;0,547;0,779;0,581
2010;24;2412005;SÃO GONÇALO DO AMARANTE;0,661;0,564;0,829;0,619
2010;24;2412104;SÃO JOÃO DO SABUGI;0,655;0,581;0,779;0,620
2010;24;2412203;SÃO JOSÉ DE MIPIBU;0,611;0,508;0,748;0,599
2010;24;2412302;SÃO JOSÉ DO CAMPESTRE;0,615;0,522;0,789;0,564
2010;24;2412401;SÃO JOSÉ DO SERIDÓ;0,694;0,647;0,815;0,634
2010;24;2412500;SÃO MIGUEL;0,606;0,518;0,747;0,574
2010;24;2412559;SÃO MIGUEL DO GOSTOSO;0,591;0,468;0,790;0,558
2010;24;2412609;SÃO PAULO DO POTENGI;0,622;0,555;0,744;0,584
2010;24;2412708;SÃO PEDRO;0,589;0,449;0,794;0,574
2010;24;2412807;SÃO RAFAEL;0,611;0,493;0,787;0,588
2010;24;2412906;SÃO TOMÉ;0,585;0,461;0,770;0,565
2010;24;2413003;SÃO VICENTE;0,642;0,556;0,787;0,606
2010;24;2413102;SENADOR ELÓI DE SOUZA;0,583;0,504;0,752;0,523
2010;24;2413201;SENADOR GEORGINO AVELINO;0,570;0,455;0,748;0,543
2010;24;2413300;SERRA DE SÃO BENTO;0,582;0,482;0,741;0,551
2010;24;2413359;SERRA DO MEL;0,614;0,521;0,773;0,574
2010;24;2413409;SERRA NEGRA DO NORTE;0,597;0,468;0,787;0,578
2010;24;2413508;SERRINHA;0,592;0,502;0,757;0,547
2010;24;2413557;SERRINHA DOS PINTOS;0,598;0,492;0,782;0,555
2010;24;2413607;SEVERIANO MELO;0,604;0,522;0,728;0,579
2010;24;2413706;SÍTIO NOVO;0,572;0,491;0,722;0,528
2010;24;2413805;TABOLEIRO GRANDE;0,612;0,507;0,792;0,570
2010;24;2413904;TAIPU;0,569;0,435;0,778;0,544
2010;24;2414001;TANGARÁ;0,608;0,516;0,770;0,566
2010;24;2414100;TENENTE ANANIAS;0,592;0,468;0,779;0,570
2010;24;2414159;TENENTE LAURENTINO CRUZ;0,623;0,586;0,737;0,559
2010;24;2414209;TIBAU DO SUL;0,645;0,504;0,794;0,672
2010;24;2414308;TIMBAÚBA DOS BATISTAS;0,640;0,591;0,723;0,614
2010;24;2414407;TOUROS;0,572;0,466;0,716;0,562
2010;24;2414456;TRIUNFO POTIGUAR;0,602;0,516;0,730;0,579
2010;24;2414506;UMARIZAL;0,618;0,506;0,792;0,590
2010;24;2414605;UPANEMA;0,596;0,516;0,758;0,542
2010;24;2414704;VÁRZEA;0,626;0,552;0,771;0,577
2010;24;2414753;VENHA-VER;0,555;0,473;0,722;0,501
2010;24;2414803;VERA CRUZ;0,587;0,494;0,735;0,558
2010;24;2414902;VIÇOSA;0,592;0,502;0,747;0,552
2010;24;2415008;VILA FLOR;0,576;0,471;0,722;0,561
2010;25;2500106;ÁGUA BRANCA;0,572;0,484;0,712;0,542
2010;25;2500205;AGUIAR;0,597;0,447;0,753;0,632
2010;25;2500304;ALAGOA GRANDE;0,582;0,430;0,797;0,576
2010;25;2500403;ALAGOA NOVA;0,576;0,451;0,749;0,567
2010;25;2500502;ALAGOINHA;0,595;0,462;0,795;0,574
2010;25;2500536;ALCANTIL;0,578;0,458;0,765;0,550
2010;25;2500577;ALGODÃO DE JANDAÍRA;0,548;0,413;0,749;0,532
2010;25;2500601;ALHANDRA;0,582;0,465;0,778;0,544
2010;25;2500700;SÃO JOÃO DO RIO DO PEIXE;0,608;0,490;0,782;0,586
2010;25;2500734;AMPARO;0,606;0,551;0,752;0,537
2010;25;2500775;APARECIDA;0,578;0,456;0,747;0,567
2010;25;2500809;ARAÇAGI;0,549;0,412;0,745;0,540
2010;25;2500908;ARARA;0,548;0,407;0,712;0,569
2010;25;2501005;ARARUNA;0,567;0,439;0,758;0,549
2010;25;2501104;AREIA;0,594;0,467;0,756;0,593
2010;25;2501153;AREIA DE BARAÚNAS;0,562;0,462;0,680;0,566
2010;25;2501203;AREIAL;0,608;0,503;0,779;0,573
2010;25;2501302;AROEIRAS;0,548;0,411;0,745;0,537
2010;25;2501351;ASSUNÇÃO;0,609;0,510;0,738;0,601
2010;25;2501401;BAÍA DA TRAIÇÃO;0,581;0,495;0,731;0,541
2010;25;2501500;BANANEIRAS;0,568;0,430;0,766;0,555
2010;25;2501534;BARAÚNA;0,558;0,459;0,718;0,526
2010;25;2501575;BARRA DE SANTANA;0,567;0,465;0,747;0,526
2010;25;2501609;BARRA DE SANTA ROSA;0,562;0,434;0,753;0,542
2010;25;2501708;BARRA DE SÃO MIGUEL;0,572;0,440;0,728;0,584
2010;25;2501807;BAYEUX;0,649;0,566;0,779;0,619
2010;25;2501906;BELÉM;0,592;0,492;0,759;0,557
2010;25;2502003;BELÉM DO BREJO DO CRUZ;0,578;0,451;0,779;0,550
2010;25;2502052;BERNARDINO BATISTA;0,558;0,462;0,716;0,526
2010;25;2502102;BOA VENTURA;0,599;0,480;0,790;0,566
2010;25;2502151;BOA VISTA;0,649;0,582;0,796;0,590
2010;25;2502201;BOM JESUS;0,597;0,477;0,762;0,584
2010;25;2502300;BOM SUCESSO;0,592;0,494;0,752;0,558
2010;25;2502409;BONITO DE SANTA FÉ;0,574;0,427;0,786;0,564
2010;25;2502508;BOQUEIRÃO;0,607;0,496;0,763;0,592
2010;25;2502607;IGARACY;0,610;0,496;0,794;0,575
2010;25;2502706;BORBOREMA;0,558;0,426;0,750;0,544
2010;25;2502805;BREJO DO CRUZ;0,597;0,463;0,798;0,575
2010;25;2502904;BREJO DOS SANTOS;0,619;0,541;0,776;0,564
2010;25;2503001;CAAPORÃ;0,602;0,509;0,757;0,565
2010;25;2503100;CABACEIRAS;0,611;0,523;0,759;0,574
2010;25;2503209;CABEDELO;0,748;0,651;0,822;0,782
2010;25;2503308;CACHOEIRA DOS ÍNDIOS;0,587;0,453;0,766;0,583
2010;25;2503407;CACIMBA DE AREIA;0,596;0,497;0,771;0,553
2010;25;2503506;CACIMBA DE DENTRO;0,564;0,419;0,777;0,551
2010;25;2503555;CACIMBAS;0,523;0,425;0,672;0,501
2010;25;2503605;CAIÇARA;0,592;0,488;0,733;0,580
2010;25;2503704;CAJAZEIRAS;0,679;0,574;0,815;0,668
2010;25;2503753;CAJAZEIRINHAS;0,550;0,413;0,773;0,521
2010;25;2503803;CALDAS BRANDÃO;0,568;0,451;0,723;0,562
2010;25;2503902;CAMALAÚ;0,567;0,431;0,770;0,549
2010;25;2504009;CAMPINA GRANDE;0,720;0,654;0,812;0,702
2010;25;2504033;CAPIM;0,533;0,400;0,728;0,520
2010;25;2504074;CARAÚBAS;0,585;0,485;0,710;0,580
2010;25;2504108;CARRAPATEIRA;0,603;0,543;0,765;0,529
2010;25;2504157;CASSERENGUE;0,514;0,379;0,730;0,492
2010;25;2504207;CATINGUEIRA;0,574;0,455;0,753;0,553
2010;25;2504306;CATOLÉ DO ROCHA;0,640;0,539;0,787;0,617
2010;25;2504355;CATURITÉ;0,623;0,502;0,782;0,617
2010;25;2504405;CONCEIÇÃO;0,592;0,476;0,754;0,577
2010;25;2504504;CONDADO;0,594;0,476;0,769;0,573
2010;25;2504603;CONDE;0,618;0,500;0,797;0,591
2010;25;2504702;CONGO;0,581;0,477;0,731;0,562
2010;25;2504801;COREMAS;0,592;0,452;0,794;0,578
2010;25;2504850;COXIXOLA;0,641;0,567;0,794;0,586
2010;25;2504900;CRUZ DO ESPÍRITO SANTO;0,552;0,408;0,778;0,531
2010;25;2505006;CUBATI;0,566;0,448;0,742;0,545
2010;25;2505105;CUITÉ;0,591;0,470;0,766;0,574
2010;25;2505204;CUITEGI;0,570;0,450;0,732;0,563
2010;25;2505238;CUITÉ DE MAMANGUAPE;0,524;0,398;0,683;0,529
2010;25;2505279;CURRAL DE CIMA;0,529;0,392;0,715;0,528
2010;25;2505303;CURRAL VELHO;0,606;0,491;0,739;0,613
2010;25;2505352;DAMIÃO;0,521;0,391;0,720;0,503
2010;25;2505402;DESTERRO;0,580;0,490;0,724;0,551
2010;25;2505501;VISTA SERRANA;0,566;0,424;0,773;0,554
2010;25;2505600;DIAMANTE;0,593;0,496;0,748;0,562
2010;25;2505709;DONA INÊS;0,545;0,447;0,690;0,524
2010;25;2505808;DUAS ESTRADAS;0,603;0,488;0,795;0,565
2010;25;2505907;EMAS;0,595;0,492;0,773;0,554
2010;25;2506004;ESPERANÇA;0,623;0,526;0,767;0,598
2010;25;2506103;FAGUNDES;0,560;0,432;0,749;0,543
2010;25;2506202;FREI MARTINHO;0,641;0,542;0,770;0,631
2010;25;2506251;GADO BRAVO;0,513;0,373;0,737;0,491
2010;25;2506301;GUARABIRA;0,673;0,586;0,812;0,641
2010;25;2506400;GURINHÉM;0,556;0,435;0,728;0,544
2010;25;2506509;GURJÃO;0,625;0,581;0,729;0,576
2010;25;2506608;IBIARA;0,586;0,479;0,768;0,548
2010;25;2506707;IMACULADA;0,557;0,461;0,715;0,524
2010;25;2506806;INGÁ;0,592;0,471;0,768;0,573
2010;25;2506905;ITABAIANA;0,613;0,536;0,727;0,592
2010;25;2507002;ITAPORANGA;0,615;0,517;0,742;0,607
2010;25;2507101;ITAPOROROCA;0,564;0,437;0,757;0,543
2010;25;2507200;ITATUBA;0,562;0,436;0,742;0,549
2010;25;2507309;JACARAÚ;0,558;0,435;0,720;0,554
2010;25;2507408;JERICÓ;0,603;0,476;0,798;0,577
2010;25;2507507;JOÃO PESSOA;0,763;0,693;0,832;0,770
2010;25;2507606;JUAREZ TÁVORA;0,579;0,465;0,768;0,544
2010;25;2507705;JUAZEIRINHO;0,567;0,435;0,753;0,557
2010;25;2507804;JUNCO DO SERIDÓ;0,617;0,576;0,715;0,571
2010;25;2507903;JURIPIRANGA;0,548;0,448;0,677;0,544
2010;25;2508000;JURU;0,570;0,443;0,758;0,552
2010;25;2508109;LAGOA;0,563;0,448;0,747;0,533
2010;25;2508208;LAGOA DE DENTRO;0,570;0,444;0,772;0,539
2010;25;2508307;LAGOA SECA;0,627;0,516;0,769;0,621
2010;25;2508406;LASTRO;0,533;0,380;0,747;0,532
2010;25;2508505;LIVRAMENTO;0,566;0,473;0,732;0,523
2010;25;2508554;LOGRADOURO;0,583;0,470;0,776;0,544
2010;25;2508604;LUCENA;0,583;0,469;0,734;0,577
2010;25;2508703;MÃE D'ÁGUA;0,542;0,429;0,712;0,520
2010;25;2508802;MALTA;0,642;0,533;0,800;0,620
2010;25;2508901;MAMANGUAPE;0,585;0,453;0,756;0,585
2010;25;2509008;MANAÍRA;0,543;0,426;0,698;0,537
2010;25;2509057;MARCAÇÃO;0,529;0,408;0,691;0,525
2010;25;2509107;MARI;0,548;0,429;0,692;0,553
2010;25;2509156;MARIZÓPOLIS;0,608;0,512;0,753;0,582
2010;25;2509206;MASSARANDUBA;0,567;0,441;0,747;0,552
2010;25;2509305;MATARACA;0,536;0,427;0,675;0,533
2010;25;2509339;MATINHAS;0,541;0,400;0,747;0,531
2010;25;2509370;MATO GROSSO;0,565;0,419;0,760;0,566
2010;25;2509396;MATURÉIA;0,572;0,474;0,730;0,540
2010;25;2509404;MOGEIRO;0,574;0,481;0,732;0,538
2010;25;2509503;MONTADAS;0,590;0,505;0,748;0,545
2010;25;2509602;MONTE HOREBE;0,587;0,463;0,755;0,579
2010;25;2509701;MONTEIRO;0,628;0,558;0,709;0,625
2010;25;2509800;MULUNGU;0,565;0,423;0,778;0,548
2010;25;2509909;NATUBA;0,541;0,432;0,710;0,516
2010;25;2510006;NAZAREZINHO;0,562;0,449;0,747;0,528
2010;25;2510105;NOVA FLORESTA;0,601;0,498;0,758;0,576
2010;25;2510204;NOVA OLINDA;0,573;0,453;0,744;0,557
2010;25;2510303;NOVA PALMEIRA;0,595;0,488;0,762;0,567
2010;25;2510402;OLHO D'ÁGUA;0,572;0,452;0,776;0,533
2010;25;2510501;OLIVEDOS;0,603;0,540;0,766;0,531
2010;25;2510600;OURO VELHO;0,614;0,518;0,764;0,585
2010;25;2510659;PARARI;0,584;0,467;0,733;0,583
2010;25;2510709;PASSAGEM;0,620;0,534;0,790;0,566
2010;25;2510808;PATOS;0,701;0,628;0,821;0,667
2010;25;2510907;PAULISTA;0,587;0,461;0,747;0,587
2010;25;2511004;PEDRA BRANCA;0,599;0,532;0,761;0,532
2010;25;2511103;PEDRA LAVRADA;0,574;0,458;0,733;0,564
2010;25;2511202;PEDRAS DE FOGO;0,590;0,468;0,771;0,568
2010;25;2511301;PIANCÓ;0,621;0,550;0,736;0,593
2010;25;2511400;PICUÍ;0,608;0,506;0,745;0,596
2010;25;2511509;PILAR;0,579;0,461;0,775;0,544
2010;25;2511608;PILÕES;0,560;0,409;0,767;0,559
2010;25;2511707;PILÕEZINHOS;0,564;0,421;0,802;0,532
2010;25;2511806;PIRPIRITUBA;0,595;0,499;0,745;0,566
2010;25;2511905;PITIMBU;0,570;0,456;0,753;0,538
2010;25;2512002;POCINHOS;0,591;0,477;0,779;0,556
2010;25;2512036;POÇO DANTAS;0,525;0,408;0,702;0,506
2010;25;2512077;POÇO DE JOSÉ DE MOURA;0,612;0,497;0,797;0,578
2010;25;2512101;POMBAL;0,634;0,515;0,787;0,629
2010;25;2512200;PRATA;0,608;0,514;0,772;0,566
2010;25;2512309;PRINCESA ISABEL;0,606;0,514;0,720;0,600
2010;25;2512408;PUXINANÃ;0,617;0,542;0,754;0,574
2010;25;2512507;QUEIMADAS;0,608;0,489;0,796;0,578
2010;25;2512606;QUIXABÁ;0,622;0,579;0,737;0,564
2010;25;2512705;REMÍGIO;0,607;0,474;0,797;0,592
2010;25;2512721;PEDRO RÉGIS;0,542;0,399;0,754;0,529
2010;25;2512747;RIACHÃO;0,574;0,481;0,763;0,515
2010;25;2512754;RIACHÃO DO BACAMARTE;0,553;0,417;0,721;0,561
2010;25;2512762;RIACHÃO DO POÇO;0,555;0,426;0,748;0,537
2010;25;2512788;RIACHO DE SANTO ANTÔNIO;0,594;0,502;0,735;0,569
2010;25;2512804;RIACHO DOS CAVALOS;0,568;0,447;0,752;0,546
2010;25;2512903;RIO TINTO;0,585;0,480;0,742;0,562
2010;25;2513000;SALGADINHO;0,563;0,454;0,739;0,531
2010;25;2513109;SALGADO DE SÃO FÉLIX;0,568;0,448;0,770;0,531
2010;25;2513158;SANTA CECÍLIA;0,525;0,402;0,699;0,515
2010;25;2513208;SANTA CRUZ;0,618;0,523;0,779;0,578
2010;25;2513307;SANTA HELENA;0,609;0,504;0,786;0,570
2010;25;2513356;SANTA INÊS;0,572;0,492;0,706;0,540
2010;25;2513406;SANTA LUZIA;0,682;0,635;0,804;0,620
2010;25;2513505;SANTANA DE MANGUEIRA;0,535;0,414;0,756;0,488
2010;25;2513604;SANTANA DOS GARROTES;0,594;0,479;0,772;0,568
2010;25;2513653;SANTARÉM;0,622;0,568;0,765;0,553
2010;25;2513703;SANTA RITA;0,627;0,534;0,774;0,597
2010;25;2513802;SANTA TERESINHA;0,627;0,513;0,820;0,586
2010;25;2513851;SANTO ANDRÉ;0,600;0,476;0,797;0,568
2010;25;2513901;SÃO BENTO;0,580;0,424;0,769;0,597
2010;25;2513927;SÃO BENTINHO;0,606;0,491;0,787;0,575
2010;25;2513943;SÃO DOMINGOS DO CARIRI;0,589;0,438;0,773;0,603
2010;25;2513968;SÃO DOMINGOS;0,548;0,394;0,754;0,555
2010;25;2513984;SÃO FRANCISCO;0,580;0,481;0,726;0,560
2010;25;2514008;SÃO JOÃO DO CARIRI;0,622;0,488;0,797;0,618
2010;25;2514107;SÃO JOÃO DO TIGRE;0,552;0,424;0,758;0,523
2010;25;2514206;SÃO JOSÉ DA LAGOA TAPADA;0,530;0,389;0,722;0,530
2010;25;2514305;SÃO JOSÉ DE CAIANA;0,565;0,434;0,762;0,545
2010;25;2514404;SÃO JOSÉ DE ESPINHARAS;0,577;0,448;0,790;0,543
2010;25;2514453;SÃO JOSÉ DOS RAMOS;0,541;0,406;0,738;0,527
2010;25;2514503;SÃO JOSÉ DE PIRANHAS;0,591;0,461;0,755;0,594
2010;25;2514552;SÃO JOSÉ DE PRINCESA;0,565;0,443;0,765;0,533
2010;25;2514602;SÃO JOSÉ DO BONFIM;0,578;0,493;0,713;0,549
2010;25;2514651;SÃO JOSÉ DO BREJO DO CRUZ;0,581;0,473;0,776;0,535
2010;25;2514701;SÃO JOSÉ DO SABUGI;0,617;0,514;0,781;0,584
2010;25;2514800;SÃO JOSÉ DOS CORDEIROS;0,556;0,407;0,778;0,542
2010;25;2514909;SÃO MAMEDE;0,641;0,558;0,765;0,617
2010;25;2515005;SÃO MIGUEL DE TAIPU;0,548;0,443;0,721;0,516
2010;25;2515104;SÃO SEBASTIÃO DE LAGOA DE ROÇA;0,594;0,471;0,795;0,561
2010;25;2515203;SÃO SEBASTIÃO DO UMBUZEIRO;0,581;0,459;0,763;0,561
2010;25;2515302;SAPÉ;0,569;0,461;0,711;0,563
2010;25;2515401;SERIDÓ;0,555;0,453;0,714;0,528
2010;25;2515500;SERRA BRANCA;0,628;0,537;0,770;0,598
2010;25;2515609;SERRA DA RAIZ;0,626;0,544;0,792;0,570
2010;25;2515708;SERRA GRANDE;0,586;0,491;0,745;0,549
2010;25;2515807;SERRA REDONDA;0,570;0,424;0,772;0,565
2010;25;2515906;SERRARIA;0,547;0,392;0,779;0,536
2010;25;2515930;SERTÃOZINHO;0,621;0,561;0,769;0,554
2010;25;2515971;SOBRADO;0,573;0,477;0,753;0,525
2010;25;2516003;SOLÂNEA;0,595;0,468;0,762;0,592
2010;25;2516102;SOLEDADE;0,616;0,506;0,772;0,598
2010;25;2516151;SOSSÊGO;0,573;0,460;0,769;0,531
2010;25;2516201;SOUSA;0,668;0,567;0,814;0,645
2010;25;2516300;SUMÉ;0,627;0,534;0,765;0,602
2010;25;2516409;TACIMA;0,551;0,450;0,726;0,513
2010;25;2516508;TAPEROÁ;0,578;0,456;0,749;0,564
2010;25;2516607;TAVARES;0,586;0,462;0,777;0,560
2010;25;2516706;TEIXEIRA;0,605;0,527;0,741;0,566
2010;25;2516755;TENÓRIO;0,581;0,490;0,707;0,565
2010;25;2516805;TRIUNFO;0,609;0,501;0,780;0,578
2010;25;2516904;UIRAÚNA;0,636;0,528;0,797;0,612
2010;25;2517001;UMBUZEIRO;0,584;0,514;0,712;0,545
2010;25;2517100;VÁRZEA;0,707;0,714;0,800;0,619
2010;25;2517209;VIEIRÓPOLIS;0,571;0,455;0,762;0,537
2010;25;2517407;ZABELÊ;0,623;0,587;0,725;0,567
2010;26;2600054;ABREU E LIMA;0,679;0,632;0,791;0,625
2010;26;2600104;AFOGADOS DA INGAZEIRA;0,657;0,565;0,807;0,623
2010;26;2600203;AFRÂNIO;0,588;0,493;0,761;0,542
2010;26;2600302;AGRESTINA;0,592;0,470;0,760;0,581
2010;26;2600401;ÁGUA PRETA;0,553;0,432;0,761;0,514
2010;26;2600500;ÁGUAS BELAS;0,526;0,385;0,691;0,546
2010;26;2600609;ALAGOINHA;0,599;0,472;0,801;0,569
2010;26;2600708;ALIANÇA;0,604;0,488;0,799;0,565
2010;26;2600807;ALTINHO;0,598;0,482;0,792;0,559
2010;26;2600906;AMARAJI;0,580;0,454;0,748;0,575
2010;26;2601003;ANGELIM;0,572;0,448;0,751;0,555
2010;26;2601052;ARAÇOIABA;0,592;0,498;0,765;0,544
2010;26;2601102;ARARIPINA;0,602;0,467;0,785;0,595
2010;26;2601201;ARCOVERDE;0,667;0,567;0,799;0,654
2010;26;2601300;BARRA DE GUABIRABA;0,577;0,474;0,726;0,558
2010;26;2601409;BARREIROS;0,586;0,491;0,730;0,561
2010;26;2601508;BELÉM DE MARIA;0,578;0,479;0,749;0,537
2010;26;2601607;BELÉM DO SÃO FRANCISCO;0,642;0,553;0,784;0,611
2010;26;2601706;BELO JARDIM;0,629;0,514;0,783;0,617
2010;26;2601805;BETÂNIA;0,559;0,441;0,742;0,533
2010;26;2601904;BEZERROS;0,606;0,487;0,752;0,608
2010;26;2602001;BODOCÓ;0,565;0,445;0,745;0,543
2010;26;2602100;BOM CONSELHO;0,563;0,433;0,704;0,585
2010;26;2602209;BOM JARDIM;0,602;0,515;0,767;0,552
2010;26;2602308;BONITO;0,561;0,420;0,754;0,559
2010;26;2602407;BREJÃO;0,547;0,417;0,725;0,540
2010;26;2602506;BREJINHO;0,574;0,493;0,681;0,563
2010;26;2602605;BREJO DA MADRE DE DEUS;0,562;0,417;0,734;0,581
2010;26;2602704;BUENOS AIRES;0,593;0,481;0,778;0,556
2010;26;2602803;BUÍQUE;0,527;0,395;0,746;0,497
2010;26;2602902;CABO DE SANTO AGOSTINHO;0,686;0,609;0,812;0,654
2010;26;2603009;CABROBÓ;0,623;0,539;0,773;0,581
2010;26;2603108;CACHOEIRINHA;0,579;0,439;0,753;0,587
2010;26;2603207;CAETÉS;0,522;0,392;0,732;0,497
2010;26;2603306;CALÇADO;0,566;0,468;0,731;0,529
2010;26;2603405;CALUMBI;0,571;0,460;0,715;0,567
2010;26;2603454;CAMARAGIBE;0,692;0,628;0,805;0,656
2010;26;2603504;CAMOCIM DE SÃO FÉLIX;0,588;0,472;0,738;0,585
2010;26;2603603;CAMUTANGA;0,606;0,514;0,760;0,570
2010;26;2603702;CANHOTINHO;0,541;0,403;0,725;0,543
2010;26;2603801;CAPOEIRAS;0,549;0,419;0,746;0,529
2010;26;2603900;CARNAÍBA;0,583;0,505;0,727;0,540
2010;26;2603926;CARNAUBEIRA DA PENHA;0,573;0,508;0,755;0,491
2010;26;2604007;CARPINA;0,680;0,619;0,806;0,630
2010;26;2604106;CARUARU;0,677;0,569;0,799;0,681
2010;26;2604155;CASINHAS;0,567;0,489;0,721;0,518
2010;26;2604205;CATENDE;0,609;0,515;0,760;0,578
2010;26;2604304;CEDRO;0,615;0,573;0,717;0,565
2010;26;2604403;CHÃ DE ALEGRIA;0,604;0,529;0,762;0,546
2010;26;2604502;CHÃ GRANDE;0,599;0,443;0,803;0,603
2010;26;2604601;CONDADO;0,602;0,527;0,713;0,581
2010;26;2604700;CORRENTES;0,536;0,385;0,726;0,551
2010;26;2604809;CORTÊS;0,568;0,478;0,707;0,541
2010;26;2604908;CUMARU;0,572;0,470;0,720;0,553
2010;26;2605004;CUPIRA;0,592;0,453;0,763;0,601
2010;26;2605103;CUSTÓDIA;0,594;0,489;0,706;0,607
2010;26;2605152;DORMENTES;0,589;0,495;0,741;0,558
2010;26;2605202;ESCADA;0,632;0,543;0,781;0,594
2010;26;2605301;EXU;0,576;0,454;0,775;0,543
2010;26;2605400;FEIRA NOVA;0,600;0,460;0,807;0,581
2010;26;2605459;FERNANDO DE NORONHA;0,788;0,748;0,839;0,781
2010;26;2605509;FERREIROS;0,622;0,519;0,787;0,589
2010;26;2605608;FLORES;0,556;0,423;0,745;0,544
2010;26;2605707;FLORESTA;0,626;0,538;0,775;0,588
2010;26;2605806;FREI MIGUELINHO;0,576;0,438;0,758;0,575
2010;26;2605905;GAMELEIRA;0,602;0,532;0,759;0,541
2010;26;2606002;GARANHUNS;0,664;0,556;0,795;0,662
2010;26;2606101;GLÓRIA DO GOITÁ;0,604;0,506;0,765;0,570
2010;26;2606200;GOIANA;0,651;0,576;0,779;0,614
2010;26;2606309;GRANITO;0,595;0,502;0,773;0,543
2010;26;2606408;GRAVATÁ;0,634;0,510;0,794;0,630
2010;26;2606507;IATI;0,528;0,369;0,768;0,518
2010;26;2606606;IBIMIRIM;0,552;0,446;0,706;0,533
2010;26;2606705;IBIRAJUBA;0,580;0,476;0,753;0,545
2010;26;2606804;IGARASSU;0,665;0,606;0,781;0,622
2010;26;2606903;IGUARACI;0,598;0,480;0,770;0,580
2010;26;2607000;INAJÁ;0,523;0,400;0,711;0,503
2010;26;2607109;INGAZEIRA;0,608;0,510;0,766;0,575
2010;26;2607208;IPOJUCA;0,619;0,499;0,774;0,613
2010;26;2607307;IPUBI;0,550;0,433;0,712;0,541
2010;26;2607406;ITACURUBA;0,595;0,523;0,712;0,567
2010;26;2607505;ITAÍBA;0,510;0,364;0,688;0,531
2010;26;2607604;ILHA DE ITAMARACÁ;0,653;0,548;0,809;0,627
2010;26;2607653;ITAMBÉ;0,575;0,463;0,727;0,566
2010;26;2607703;ITAPETIM;0,592;0,494;0,704;0,598
2010;26;2607752;ITAPISSUMA;0,633;0,564;0,764;0,589
2010;26;2607802;ITAQUITINGA;0,586;0,509;0,715;0,554
2010;26;2607901;JABOATÃO DOS GUARARAPES;0,717;0,642;0,830;0,692
2010;26;2607950;JAQUEIRA;0,575;0,454;0,751;0,557
2010;26;2608008;JATAÚBA;0,530;0,381;0,712;0,549
2010;26;2608057;JATOBÁ;0,645;0,573;0,775;0,604
2010;26;2608107;JOÃO ALFREDO;0,576;0,466;0,720;0,569
2010;26;2608206;JOAQUIM NABUCO;0,554;0,449;0,676;0,561
2010;26;2608255;JUCATI;0,550;0,451;0,681;0,541
2010;26;2608305;JUPI;0,575;0,487;0,698;0,560
2010;26;2608404;JUREMA;0,509;0,372;0,681;0,522
2010;26;2608453;LAGOA DO CARRO;0,609;0,505;0,789;0,566
2010;26;2608503;LAGOA DE ITAENGA;0,602;0,509;0,774;0,555
2010;26;2608602;LAGOA DO OURO;0,525;0,369;0,733;0,536
2010;26;2608701;LAGOA DOS GATOS;0,551;0,416;0,725;0,555
2010;26;2608750;LAGOA GRANDE;0,597;0,520;0,705;0,581
2010;26;2608800;LAJEDO;0,611;0,503;0,758;0,599
2010;26;2608909;LIMOEIRO;0,663;0,583;0,797;0,628
2010;26;2609006;MACAPARANA;0,609;0,508;0,778;0,571
2010;26;2609105;MACHADOS;0,578;0,466;0,767;0,541
2010;26;2609154;MANARI;0,487;0,354;0,682;0,477
2010;26;2609204;MARAIAL;0,534;0,403;0,698;0,541
2010;26;2609303;MIRANDIBA;0,591;0,525;0,769;0,512
2010;26;2609402;MORENO;0,652;0,564;0,805;0,610
2010;26;2609501;NAZARÉ DA MATA;0,662;0,604;0,789;0,608
2010;26;2609600;OLINDA;0,735;0,675;0,836;0,704
2010;26;2609709;OROBÓ;0,610;0,528;0,787;0,545
2010;26;2609808;OROCÓ;0,610;0,553;0,766;0,536
2010;26;2609907;OURICURI;0,572;0,419;0,773;0,578
2010;26;2610004;PALMARES;0,622;0,550;0,744;0,588
2010;26;2610103;PALMEIRINA;0,549;0,438;0,681;0,554
2010;26;2610202;PANELAS;0,569;0,433;0,778;0,546
2010;26;2610301;PARANATAMA;0,537;0,418;0,703;0,528
2010;26;2610400;PARNAMIRIM;0,599;0,499;0,776;0,556
2010;26;2610509;PASSIRA;0,592;0,487;0,763;0,559
2010;26;2610608;PAUDALHO;0,639;0,545;0,782;0,612
2010;26;2610707;PAULISTA;0,732;0,703;0,830;0,673
2010;26;2610806;PEDRA;0,567;0,445;0,743;0,550
2010;26;2610905;PESQUEIRA;0,610;0,506;0,751;0,597
2010;26;2611002;PETROLÂNDIA;0,623;0,531;0,755;0,604
2010;26;2611101;PETROLINA;0,697;0,611;0,799;0,695
2010;26;2611200;POÇÃO;0,528;0,402;0,677;0,542
2010;26;2611309;POMBOS;0,598;0,463;0,790;0,584
2010;26;2611408;PRIMAVERA;0,580;0,444;0,767;0,572
2010;26;2611507;QUIPAPÁ;0,552;0,427;0,743;0,530
2010;26;2611533;QUIXABA;0,577;0,482;0,752;0,530
2010;26;2611606;RECIFE;0,772;0,698;0,825;0,798
2010;26;2611705;RIACHO DAS ALMAS;0,570;0,418;0,757;0,586
2010;26;2611804;RIBEIRÃO;0,602;0,516;0,711;0,595
2010;26;2611903;RIO FORMOSO;0,613;0,506;0,809;0,562
2010;26;2612000;SAIRÉ;0,585;0,440;0,784;0,581
2010;26;2612109;SALGADINHO;0,534;0,405;0,730;0,516
2010;26;2612208;SALGUEIRO;0,669;0,580;0,799;0,645
2010;26;2612307;SALOÁ;0,559;0,421;0,744;0,559
2010;26;2612406;SANHARÓ;0,603;0,514;0,758;0,564
2010;26;2612455;SANTA CRUZ;0,549;0,438;0,722;0,522
2010;26;2612471;SANTA CRUZ DA BAIXA VERDE;0,612;0,523;0,786;0,557
2010;26;2612505;SANTA CRUZ DO CAPIBARIBE;0,648;0,506;0,806;0,667
2010;26;2612554;SANTA FILOMENA;0,533;0,406;0,752;0,496
2010;26;2612604;SANTA MARIA DA BOA VISTA;0,590;0,472;0,773;0,564
2010;26;2612703;SANTA MARIA DO CAMBUCÁ;0,548;0,393;0,735;0,571
2010;26;2612802;SANTA TEREZINHA;0,593;0,524;0,737;0,540
2010;26;2612901;SÃO BENEDITO DO SUL;0,530;0,406;0,736;0,499
2010;26;2613008;SÃO BENTO DO UNA;0,593;0,446;0,789;0,593
2010;26;2613107;SÃO CAITANO;0,591;0,469;0,756;0,583
2010;26;2613206;SÃO JOÃO;0,570;0,426;0,768;0,565
2010;26;2613305;SÃO JOAQUIM DO MONTE;0,537;0,381;0,741;0,549
2010;26;2613404;SÃO JOSÉ DA COROA GRANDE;0,608;0,522;0,736;0,585
2010;26;2613503;SÃO JOSÉ DO BELMONTE;0,610;0,520;0,769;0,569
2010;26;2613602;SÃO JOSÉ DO EGITO;0,635;0,554;0,769;0,602
2010;26;2613701;SÃO LOURENÇO DA MATA;0,653;0,571;0,793;0,614
2010;26;2613800;SÃO VICENTE FERRER;0,549;0,414;0,715;0,558
2010;26;2613909;SERRA TALHADA;0,661;0,571;0,800;0,632
2010;26;2614006;SERRITA;0,595;0,512;0,760;0,542
2010;26;2614105;SERTÂNIA;0,613;0,510;0,752;0,601
2010;26;2614204;SIRINHAÉM;0,597;0,492;0,763;0,568
2010;26;2614303;MOREILÂNDIA;0,600;0,540;0,768;0,522
2010;26;2614402;SOLIDÃO;0,585;0,485;0,755;0,547
2010;26;2614501;SURUBIM;0,635;0,548;0,756;0,617
2010;26;2614600;TABIRA;0,605;0,504;0,770;0,570
2010;26;2614709;TACAIMBÓ;0,554;0,423;0,748;0,536
2010;26;2614808;TACARATU;0,573;0,507;0,711;0,521
2010;26;2614857;TAMANDARÉ;0,593;0,479;0,745;0,583
2010;26;2615003;TAQUARITINGA DO NORTE;0,641;0,520;0,796;0,636
2010;26;2615102;TEREZINHA;0,545;0,425;0,711;0,536
2010;26;2615201;TERRA NOVA;0,599;0,533;0,741;0,545
2010;26;2615300;TIMBAÚBA;0,618;0,519;0,769;0,592
2010;26;2615409;TORITAMA;0,618;0,452;0,797;0,655
2010;26;2615508;TRACUNHAÉM;0,605;0,504;0,776;0,567
2010;26;2615607;TRINDADE;0,595;0,455;0,768;0,602
2010;26;2615706;TRIUNFO;0,670;0,591;0,817;0,624
2010;26;2615805;TUPANATINGA;0,519;0,379;0,747;0,494
2010;26;2615904;TUPARETAMA;0,634;0,557;0,749;0,612
2010;26;2616001;VENTUROSA;0,592;0,484;0,751;0,570
2010;26;2616100;VERDEJANTE;0,605;0,520;0,760;0,560
2010;26;2616183;VERTENTE DO LÉRIO;0,563;0,461;0,726;0,532
2010;26;2616209;VERTENTES;0,582;0,450;0,728;0,602
2010;26;2616308;VICÊNCIA;0,605;0,534;0,754;0,551
2010;26;2616407;VITÓRIA DE SANTO ANTÃO;0,640;0,543;0,768;0,629
2010;26;2616506;XEXÉU;0,552;0,436;0,703;0,549
2010;27;2700102;ÁGUA BRANCA;0,549;0,432;0,728;0,527
2010;27;2700201;ANADIA;0,568;0,444;0,756;0,546
2010;27;2700300;ARAPIRACA;0,649;0,549;0,780;0,638
2010;27;2700409;ATALAIA;0,561;0,431;0,752;0,545
2010;27;2700508;BARRA DE SANTO ANTÔNIO;0,557;0,428;0,732;0,552
2010;27;2700607;BARRA DE SÃO MIGUEL;0,615;0,475;0,767;0,638
2010;27;2700706;BATALHA;0,594;0,496;0,752;0,563
2010;27;2700805;BELÉM;0,593;0,464;0,764;0,587
2010;27;2700904;BELO MONTE;0,517;0,376;0,725;0,507
2010;27;2701001;BOCA DA MATA;0,604;0,518;0,758;0,560
2010;27;2701100;BRANQUINHA;0,513;0,362;0,699;0,534
2010;27;2701209;CACIMBINHAS;0,531;0,384;0,697;0,559
2010;27;2701308;CAJUEIRO;0,562;0,473;0,691;0,542
2010;27;2701357;CAMPESTRE;0,559;0,435;0,729;0,550
2010;27;2701407;CAMPO ALEGRE;0,570;0,470;0,742;0,531
2010;27;2701506;CAMPO GRANDE;0,524;0,387;0,739;0,502
2010;27;2701605;CANAPI;0,506;0,357;0,719;0,504
2010;27;2701704;CAPELA;0,573;0,456;0,743;0,554
2010;27;2701803;CARNEIROS;0,526;0,398;0,709;0,517
2010;27;2701902;CHÃ PRETA;0,575;0,481;0,737;0,537
2010;27;2702009;COITÉ DO NÓIA;0,533;0,398;0,730;0,520
2010;27;2702108;COLÔNIA LEOPOLDINA;0,517;0,363;0,693;0,548
2010;27;2702207;COQUEIRO SECO;0,586;0,457;0,757;0,582
2010;27;2702306;CORURIPE;0,626;0,541;0,769;0,591
2010;27;2702355;CRAÍBAS;0,525;0,408;0,687;0,517
2010;27;2702405;DELMIRO GOUVEIA;0,612;0,494;0,774;0,599
2010;27;2702504;DOIS RIACHOS;0,532;0,385;0,762;0,513
2010;27;2702553;ESTRELA DE ALAGOAS;0,534;0,410;0,720;0,515
2010;27;2702603;FEIRA GRANDE;0,533;0,402;0,736;0,512
2010;27;2702702;FELIZ DESERTO;0,565;0,462;0,708;0,550
2010;27;2702801;FLEXEIRAS;0,527;0,400;0,693;0,528
2010;27;2702900;GIRAU DO PONCIANO;0,536;0,405;0,762;0,498
2010;27;2703007;IBATEGUARA;0,518;0,393;0,684;0,517
2010;27;2703106;IGACI;0,564;0,424;0,774;0,547
2010;27;2703205;IGREJA NOVA;0,568;0,428;0,771;0,556
2010;27;2703304;INHAPI;0,484;0,316;0,718;0,501
2010;27;2703403;JACARÉ DOS HOMENS;0,583;0,481;0,759;0,543
2010;27;2703502;JACUÍPE;0,548;0,410;0,755;0,532
2010;27;2703601;JAPARATINGA;0,570;0,451;0,735;0,560
2010;27;2703700;JARAMATAIA;0,552;0,451;0,701;0,532
2010;27;2703759;JEQUIÁ DA PRAIA;0,556;0,430;0,772;0,517
2010;27;2703809;JOAQUIM GOMES;0,531;0,386;0,764;0,509
2010;27;2703908;JUNDIÁ;0,562;0,434;0,715;0,573
2010;27;2704005;JUNQUEIRO;0,575;0,454;0,714;0,586
2010;27;2704104;LAGOA DA CANOA;0,552;0,443;0,703;0,541
2010;27;2704203;LIMOEIRO DE ANADIA;0,580;0,457;0,742;0,575
2010;27;2704302;MACEIÓ;0,721;0,635;0,799;0,739
2010;27;2704401;MAJOR ISIDORO;0,566;0,424;0,755;0,566
2010;27;2704500;MARAGOGI;0,574;0,443;0,766;0,556
2010;27;2704609;MARAVILHA;0,569;0,460;0,742;0,539
2010;27;2704708;MARECHAL DEODORO;0,642;0,520;0,793;0,641
2010;27;2704807;MARIBONDO;0,597;0,487;0,751;0,581
2010;27;2704906;MAR VERMELHO;0,577;0,465;0,766;0,540
2010;27;2705002;MATA GRANDE;0,504;0,369;0,685;0,506
2010;27;2705101;MATRIZ DE CAMARAGIBE;0,584;0,473;0,777;0,541
2010;27;2705200;MESSIAS;0,568;0,460;0,714;0,557
2010;27;2705309;MINADOR DO NEGRÃO;0,563;0,430;0,767;0,541
2010;27;2705408;MONTEIRÓPOLIS;0,539;0,443;0,710;0,497
2010;27;2705507;MURICI;0,527;0,395;0,685;0,542
2010;27;2705606;NOVO LINO;0,521;0,375;0,690;0,546
2010;27;2705705;OLHO D'ÁGUA DAS FLORES;0,565;0,422;0,752;0,568
2010;27;2705804;OLHO D'ÁGUA DO CASADO;0,525;0,350;0,785;0,527
2010;27;2705903;OLHO D'ÁGUA GRANDE;0,503;0,399;0,673;0,473
2010;27;2706000;OLIVENÇA;0,493;0,345;0,677;0,513
2010;27;2706109;OURO BRANCO;0,547;0,434;0,700;0,538
2010;27;2706208;PALESTINA;0,558;0,467;0,735;0,505
2010;27;2706307;PALMEIRA DOS ÍNDIOS;0,638;0,523;0,794;0,625
2010;27;2706406;PÃO DE AÇÚCAR;0,593;0,491;0,793;0,536
2010;27;2706422;PARICONHA;0,548;0,416;0,754;0,526
2010;27;2706448;PARIPUEIRA;0,605;0,486;0,767;0,595
2010;27;2706505;PASSO DE CAMARAGIBE;0,533;0,421;0,703;0,513
2010;27;2706604;PAULO JACINTO;0,589;0,507;0,732;0,551
2010;27;2706703;PENEDO;0,630;0,536;0,774;0,602
2010;27;2706802;PIAÇABUÇU;0,572;0,479;0,727;0,538
2010;27;2706901;PILAR;0,610;0,509;0,771;0,578
2010;27;2707008;PINDOBA;0,574;0,465;0,703;0,579
2010;27;2707107;PIRANHAS;0,589;0,462;0,786;0,563
2010;27;2707206;POÇO DAS TRINCHEIRAS;0,526;0,419;0,719;0,484
2010;27;2707305;PORTO CALVO;0,586;0,498;0,723;0,558
2010;27;2707404;PORTO DE PEDRAS;0,541;0,379;0,769;0,542
2010;27;2707503;PORTO REAL DO COLÉGIO;0,551;0,431;0,758;0,513
2010;27;2707602;QUEBRANGULO;0,559;0,421;0,775;0,536
2010;27;2707701;RIO LARGO;0,643;0,547;0,788;0,616
2010;27;2707800;ROTEIRO;0,505;0,365;0,672;0,524
2010;27;2707909;SANTA LUZIA DO NORTE;0,597;0,477;0,770;0,580
2010;27;2708006;SANTANA DO IPANEMA;0,591;0,463;0,770;0,579
2010;27;2708105;SANTANA DO MUNDAÚ;0,519;0,362;0,752;0,513
2010;27;2708204;SÃO BRÁS;0,572;0,480;0,732;0,533
2010;27;2708303;SÃO JOSÉ DA LAJE;0,573;0,434;0,755;0,574
2010;27;2708402;SÃO JOSÉ DA TAPERA;0,527;0,409;0,703;0,508
2010;27;2708501;SÃO LUÍS DO QUITUNDE;0,536;0,400;0,701;0,550
2010;27;2708600;SÃO MIGUEL DOS CAMPOS;0,623;0,514;0,770;0,612
2010;27;2708709;SÃO MIGUEL DOS MILAGRES;0,591;0,504;0,752;0,545
2010;27;2708808;SÃO SEBASTIÃO;0,549;0,432;0,714;0,537
2010;27;2708907;SATUBA;0,660;0,585;0,794;0,619
2010;27;2708956;SENADOR RUI PALMEIRA;0,518;0,398;0,728;0,481
2010;27;2709004;TANQUE D'ARCA;0,555;0,430;0,748;0,531
2010;27;2709103;TAQUARANA;0,541;0,421;0,710;0,529
2010;27;2709152;TEOTÔNIO VILELA;0,564;0,466;0,700;0,549
2010;27;2709202;TRAIPU;0,532;0,395;0,765;0,499
2010;27;2709301;UNIÃO DOS PALMARES;0,593;0,462;0,764;0,590
2010;27;2709400;VIÇOSA;0,586;0,478;0,758;0,554
2010;28;2800100;AMPARO DE SÃO FRANCISCO;0,611;0,550;0,728;0,569
2010;28;2800209;AQUIDABÃ;0,578;0,452;0,747;0,573
2010;28;2800308;ARACAJU;0,770;0,708;0,823;0,784
2010;28;2800407;ARAUÁ;0,595;0,490;0,783;0,550
2010;28;2800506;AREIA BRANCA;0,579;0,434;0,773;0,579
2010;28;2800605;BARRA DOS COQUEIROS;0,649;0,545;0,776;0,647
2010;28;2800670;BOQUIM;0,604;0,492;0,771;0,581
2010;28;2800704;BREJO GRANDE;0,540;0,435;0,701;0,515
2010;28;2801009;CAMPO DO BRITO;0,621;0,484;0,793;0,625
2010;28;2801108;CANHOBA;0,569;0,462;0,722;0,553
2010;28;2801207;CANINDÉ DE SÃO FRANCISCO;0,567;0,435;0,741;0,566
2010;28;2801306;CAPELA;0,615;0,510;0,766;0,596
2010;28;2801405;CARIRA;0,588;0,442;0,791;0,581
2010;28;2801504;CARMÓPOLIS;0,643;0,546;0,783;0,623
2010;28;2801603;CEDRO DE SÃO JOÃO;0,623;0,543;0,731;0,608
2010;28;2801702;CRISTINÁPOLIS;0,553;0,414;0,755;0,540
2010;28;2801900;CUMBE;0,604;0,512;0,748;0,576
2010;28;2802007;DIVINA PASTORA;0,610;0,527;0,753;0,571
2010;28;2802106;ESTÂNCIA;0,647;0,552;0,782;0,627
2010;28;2802205;FEIRA NOVA;0,584;0,473;0,773;0,546
2010;28;2802304;FREI PAULO;0,589;0,428;0,768;0,623
2010;28;2802403;GARARU;0,564;0,422;0,783;0,544
2010;28;2802502;GENERAL MAYNARD;0,645;0,567;0,776;0,609
2010;28;2802601;GRACHO CARDOSO;0,577;0,468;0,729;0,562
2010;28;2802700;ILHA DAS FLORES;0,562;0,469;0,735;0,514
2010;28;2802809;INDIAROBA;0,580;0,475;0,772;0,533
2010;28;2802908;ITABAIANA;0,642;0,513;0,801;0,645
2010;28;2803005;ITABAIANINHA;0,556;0,407;0,761;0,555
2010;28;2803104;ITABI;0,602;0,512;0,748;0,569
2010;28;2803203;ITAPORANGA D'AJUDA;0,561;0,414;0,779;0,548
2010;28;2803302;JAPARATUBA;0,621;0,544;0,757;0,581
2010;28;2803401;JAPOATÃ;0,560;0,455;0,700;0,551
2010;28;2803500;LAGARTO;0,625;0,515;0,775;0,613
2010;28;2803609;LARANJEIRAS;0,642;0,582;0,772;0,589
2010;28;2803708;MACAMBIRA;0,583;0,474;0,728;0,573
2010;28;2803807;MALHADA DOS BOIS;0,599;0,531;0,722;0,560
2010;28;2803906;MALHADOR;0,587;0,442;0,781;0,587
2010;28;2804003;MARUIM;0,618;0,511;0,781;0,590
2010;28;2804102;MOITA BONITA;0,587;0,429;0,792;0,596
2010;28;2804201;MONTE ALEGRE DE SERGIPE;0,553;0,431;0,726;0,539
2010;28;2804300;MURIBECA;0,626;0,554;0,771;0,575
2010;28;2804409;NEÓPOLIS;0,589;0,505;0,702;0,575
2010;28;2804458;NOSSA SENHORA APARECIDA;0,577;0,430;0,774;0,577
2010;28;2804508;NOSSA SENHORA DA GLÓRIA;0,587;0,456;0,750;0,591
2010;28;2804607;NOSSA SENHORA DAS DORES;0,600;0,497;0,749;0,579
2010;28;2804706;NOSSA SENHORA DE LOURDES;0,598;0,532;0,719;0,560
2010;28;2804805;NOSSA SENHORA DO SOCORRO;0,664;0,581;0,811;0,620
2010;28;2804904;PACATUBA;0,555;0,454;0,731;0,514
2010;28;2805000;PEDRA MOLE;0,593;0,499;0,698;0,599
2010;28;2805109;PEDRINHAS;0,592;0,486;0,750;0,568
2010;28;2805208;PINHÃO;0,583;0,480;0,711;0,580
2010;28;2805307;PIRAMBU;0,603;0,515;0,764;0,558
2010;28;2805406;POÇO REDONDO;0,529;0,376;0,760;0,519
2010;28;2805505;POÇO VERDE;0,561;0,417;0,751;0,563
2010;28;2805604;PORTO DA FOLHA;0,568;0,462;0,739;0,537
2010;28;2805703;PROPRIÁ;0,661;0,593;0,776;0,629
2010;28;2805802;RIACHÃO DO DANTAS;0,539;0,381;0,781;0,527
2010;28;2805901;RIACHUELO;0,617;0,520;0,766;0,591
2010;28;2806008;RIBEIRÓPOLIS;0,613;0,490;0,769;0,610
2010;28;2806107;ROSÁRIO DO CATETE;0,631;0,571;0,731;0,603
2010;28;2806206;SALGADO;0,609;0,486;0,789;0,588
2010;28;2806305;SANTA LUZIA DO ITANHY;0,545;0,414;0,764;0,513
2010;28;2806404;SANTANA DO SÃO FRANCISCO;0,590;0,526;0,716;0,544
2010;28;2806503;SANTA ROSA DE LIMA;0,592;0,514;0,766;0,527
2010;28;2806602;SANTO AMARO DAS BROTAS;0,637;0,543;0,778;0,613
2010;28;2806701;SÃO CRISTÓVÃO;0,662;0,581;0,800;0,624
2010;28;2806800;SÃO DOMINGOS;0,588;0,471;0,756;0,572
2010;28;2806909;SÃO FRANCISCO;0,587;0,490;0,732;0,564
2010;28;2807006;SÃO MIGUEL DO ALEIXO;0,567;0,424;0,753;0,571
2010;28;2807105;SIMÃO DIAS;0,604;0,492;0,775;0,579
2010;28;2807204;SIRIRI;0,609;0,541;0,740;0,565
2010;28;2807303;TELHA;0,604;0,542;0,722;0,564
2010;28;2807402;TOBIAS BARRETO;0,557;0,404;0,702;0,609
2010;28;2807501;TOMAR DO GERU;0,551;0,432;0,746;0,520
2010;28;2807600;UMBAÚBA;0,579;0,476;0,719;0,567
2010;29;2900108;ABAÍRA;0,603;0,510;0,746;0,577
2010;29;2900207;ABARÉ;0,575;0,460;0,776;0,533
2010;29;2900306;ACAJUTIBA;0,582;0,487;0,723;0,560
2010;29;2900355;ADUSTINA;0,546;0,432;0,718;0,526
2010;29;2900405;ÁGUA FRIA;0,550;0,422;0,747;0,529
2010;29;2900504;ÉRICO CARDOSO;0,584;0,471;0,758;0,558
2010;29;2900603;AIQUARA;0,583;0,471;0,733;0,573
2010;29;2900702;ALAGOINHAS;0,683;0,592;0,790;0,681
2010;29;2900801;ALCOBAÇA;0,608;0,476;0,771;0,611
2010;29;2900900;ALMADINA;0,563;0,421;0,751;0,563
2010;29;2901007;AMARGOSA;0,625;0,492;0,807;0,616
2010;29;2901106;AMÉLIA RODRIGUES;0,666;0,600;0,810;0,609
2010;29;2901155;AMÉRICA DOURADA;0,561;0,464;0,751;0,506
2010;29;2901205;ANAGÉ;0,540;0,371;0,771;0,549
2010;29;2901304;ANDARAÍ;0,555;0,415;0,764;0,540
2010;29;2901353;ANDORINHA;0,588;0,474;0,731;0,586
2010;29;2901403;ANGICAL;0,625;0,556;0,778;0,564
2010;29;2901502;ANGUERA;0,589;0,471;0,766;0,565
2010;29;2901601;ANTAS;0,592;0,491;0,739;0,573
2010;29;2901700;ANTÔNIO CARDOSO;0,561;0,422;0,768;0,544
2010;29;2901809;ANTÔNIO GONÇALVES;0,598;0,498;0,741;0,580
2010;29;2901908;APORÁ;0,548;0,425;0,751;0,516
2010;29;2901957;APUAREMA;0,552;0,413;0,735;0,555
2010;29;2902005;ARACATU;0,581;0,439;0,754;0,591
2010;29;2902054;ARAÇAS;0,570;0,462;0,744;0,540
2010;29;2902104;ARACI;0,534;0,381;0,747;0,534
2010;29;2902203;ARAMARI;0,588;0,470;0,761;0,568
2010;29;2902252;ARATACA;0,559;0,413;0,758;0,557
2010;29;2902302;ARATUÍPE;0,575;0,443;0,753;0,570
2010;29;2902401;AURELINO LEAL;0,568;0,434;0,759;0,555
2010;29;2902500;BAIANÓPOLIS;0,589;0,492;0,763;0,543
2010;29;2902609;BAIXA GRANDE;0,585;0,471;0,775;0,549
2010;29;2902658;BANZAÊ;0,579;0,468;0,769;0,539
2010;29;2902708;BARRA;0,557;0,457;0,750;0,503
2010;29;2902807;BARRA DA ESTIVA;0,575;0,469;0,717;0,566
2010;29;2902906;BARRA DO CHOÇA;0,551;0,386;0,770;0,563
2010;29;2903003;BARRA DO MENDES;0,630;0,553;0,784;0,578
2010;29;2903102;BARRA DO ROCHA;0,577;0,465;0,705;0,585
2010;29;2903201;BARREIRAS;0,721;0,668;0,807;0,695
2010;29;2903235;BARRO ALTO;0,607;0,550;0,739;0,551
2010;29;2903276;BARROCAS;0,610;0,503;0,786;0,574
2010;29;2903300;BARRO PRETO;0,602;0,508;0,744;0,576
2010;29;2903409;BELMONTE;0,598;0,480;0,771;0,577
2010;29;2903508;BELO CAMPO;0,575;0,444;0,760;0,562
2010;29;2903607;BIRITINGA;0,538;0,402;0,738;0,525
2010;29;2903706;BOA NOVA;0,567;0,453;0,753;0,535
2010;29;2903805;BOA VISTA DO TUPIM;0,551;0,447;0,729;0,514
2010;29;2903904;BOM JESUS DA LAPA;0,633;0,533;0,775;0,615
2010;29;2903953;BOM JESUS DA SERRA;0,546;0,407;0,749;0,535
2010;29;2904001;BONINAL;0,612;0,514;0,789;0,564
2010;29;2904050;BONITO;0,561;0,467;0,685;0,552
2010;29;2904100;BOQUIRA;0,603;0,497;0,782;0,564
2010;29;2904209;BOTUPORÃ;0,575;0,464;0,754;0,543
2010;29;2904308;BREJÕES;0,597;0,490;0,775;0,560
2010;29;2904407;BREJOLÂNDIA;0,592;0,523;0,746;0,533
2010;29;2904506;BROTAS DE MACAÚBAS;0,570;0,445;0,754;0,552
2010;29;2904605;BRUMADO;0,656;0,554;0,807;0,630
2010;29;2904704;BUERAREMA;0,613;0,495;0,772;0,604
2010;29;2904753;BURITIRAMA;0,565;0,471;0,761;0,504
2010;29;2904803;CAATIBA;0,561;0,406;0,752;0,579
2010;29;2904852;CABACEIRAS DO PARAGUAÇU;0,581;0,490;0,763;0,525
2010;29;2904902;CACHOEIRA;0,647;0,577;0,762;0,615
2010;29;2905008;CACULÉ;0,637;0,541;0,769;0,621
2010;29;2905107;CAÉM;0,546;0,434;0,701;0,535
2010;29;2905156;CAETANOS;0,542;0,409;0,725;0,536
2010;29;2905206;CAETITÉ;0,625;0,484;0,801;0,631
2010;29;2905305;CAFARNAUM;0,584;0,490;0,734;0,554
2010;29;2905404;CAIRU;0,627;0,510;0,807;0,600
2010;29;2905503;CALDEIRÃO GRANDE;0,573;0,473;0,758;0,526
2010;29;2905602;CAMACAN;0,581;0,419;0,768;0,608
2010;29;2905701;CAMAÇARI;0,694;0,616;0,798;0,681
2010;29;2905800;CAMAMU;0,565;0,452;0,710;0,562
2010;29;2905909;CAMPO ALEGRE DE LOURDES;0,557;0,430;0,778;0,516
2010;29;2906006;CAMPO FORMOSO;0,586;0,475;0,749;0,566
2010;29;2906105;CANÁPOLIS;0,565;0,463;0,732;0,531
2010;29;2906204;CANARANA;0,587;0,496;0,734;0,555
2010;29;2906303;CANAVIEIRAS;0,590;0,434;0,796;0,596
2010;29;2906402;CANDEAL;0,587;0,465;0,787;0,554
2010;29;2906501;CANDEIAS;0,691;0,616;0,823;0,652
2010;29;2906600;CANDIBA;0,591;0,481;0,743;0,578
2010;29;2906709;CÂNDIDO SALES;0,601;0,482;0,798;0,565
2010;29;2906808;CANSANÇÃO;0,557;0,438;0,745;0,530
2010;29;2906824;CANUDOS;0,562;0,453;0,707;0,554
2010;29;2906857;CAPELA DO ALTO ALEGRE;0,599;0,480;0,770;0,582
2010;29;2906873;CAPIM GROSSO;0,621;0,514;0,752;0,620
2010;29;2906899;CARAÍBAS;0,555;0,405;0,739;0,570
2010;29;2906907;CARAVELAS;0,616;0,473;0,791;0,626
2010;29;2907004;CARDEAL DA SILVA;0,552;0,437;0,735;0,523
2010;29;2907103;CARINHANHA;0,576;0,477;0,763;0,525
2010;29;2907202;CASA NOVA;0,570;0,435;0,736;0,577
2010;29;2907301;CASTRO ALVES;0,613;0,504;0,774;0,591
2010;29;2907400;CATOLÂNDIA;0,582;0,452;0,786;0,554
2010;29;2907509;CATU;0,677;0,578;0,814;0,660
2010;29;2907558;CATURAMA;0,571;0,446;0,770;0,543
2010;29;2907608;CENTRAL;0,596;0,538;0,728;0,540
2010;29;2907707;CHORROCHÓ;0,600;0,503;0,779;0,552
2010;29;2907806;CÍCERO DANTAS;0,585;0,477;0,712;0,590
2010;29;2907905;CIPÓ;0,601;0,496;0,744;0,589
2010;29;2908002;COARACI;0,613;0,491;0,762;0,615
2010;29;2908101;COCOS;0,596;0,471;0,805;0,558
2010;29;2908200;CONCEIÇÃO DA FEIRA;0,634;0,548;0,766;0,606
2010;29;2908309;CONCEIÇÃO DO ALMEIDA;0,606;0,479;0,805;0,578
2010;29;2908408;CONCEIÇÃO DO COITÉ;0,611;0,517;0,752;0,587
2010;29;2908507;CONCEIÇÃO DO JACUÍPE;0,663;0,579;0,799;0,630
2010;29;2908606;CONDE;0,560;0,451;0,705;0,551
2010;29;2908705;CONDEÚBA;0,582;0,447;0,789;0,559
2010;29;2908804;CONTENDAS DO SINCORÁ;0,577;0,477;0,695;0,579
2010;29;2908903;CORAÇÃO DE MARIA;0,592;0,489;0,762;0,558
2010;29;2909000;CORDEIROS;0,579;0,454;0,763;0,561
2010;29;2909109;CORIBE;0,600;0,491;0,807;0,545
2010;29;2909208;CORONEL JOÃO SÁ;0,535;0,392;0,716;0,545
2010;29;2909307;CORRENTINA;0,603;0,481;0,792;0,575
2010;29;2909406;COTEGIPE;0,590;0,504;0,746;0,545
2010;29;2909505;CRAVOLÂNDIA;0,599;0,503;0,765;0,559
2010;29;2909604;CRISÓPOLIS;0,543;0,387;0,765;0,542
2010;29;2909703;CRISTÓPOLIS;0,614;0,553;0,766;0,546
2010;29;2909802;CRUZ DAS ALMAS;0,699;0,650;0,796;0,659
2010;29;2909901;CURAÇÁ;0,581;0,463;0,778;0,544
2010;29;2910008;DÁRIO MEIRA;0,540;0,392;0,771;0,522
2010;29;2910057;DIAS D'ÁVILA;0,676;0,584;0,811;0,651
2010;29;2910107;DOM BASÍLIO;0,591;0,482;0,783;0,547
2010;29;2910206;DOM MACEDO COSTA;0,632;0,531;0,795;0,598
2010;29;2910305;ELÍSIO MEDRADO;0,623;0,527;0,777;0,590
2010;29;2910404;ENCRUZILHADA;0,544;0,400;0,754;0,533
2010;29;2910503;ENTRE RIOS;0,615;0,492;0,785;0,602
2010;29;2910602;ESPLANADA;0,589;0,469;0,740;0,589
2010;29;2910701;EUCLIDES DA CUNHA;0,567;0,430;0,749;0,565
2010;29;2910727;EUNÁPOLIS;0,677;0,572;0,791;0,687
2010;29;2910750;FÁTIMA;0,559;0,459;0,686;0,554
2010;29;2910776;FEIRA DA MATA;0,588;0,505;0,763;0,527
2010;29;2910800;FEIRA DE SANTANA;0,712;0,619;0,820;0,710
2010;29;2910859;FILADÉLFIA;0,565;0,450;0,726;0,553
2010;29;2910909;FIRMINO ALVES;0,578;0,464;0,699;0,596
2010;29;2911006;FLORESTA AZUL;0,557;0,431;0,731;0,548
2010;29;2911105;FORMOSA DO RIO PRETO;0,618;0,536;0,763;0,576
2010;29;2911204;GANDU;0,632;0,508;0,771;0,645
2010;29;2911253;GAVIÃO;0,599;0,508;0,747;0,566
2010;29;2911303;GENTIO DO OURO;0,559;0,450;0,743;0,523
2010;29;2911402;GLÓRIA;0,593;0,479;0,775;0,563
2010;29;2911501;GONGOGI;0,576;0,456;0,773;0,543
2010;29;2911600;GOVERNADOR MANGABEIRA;0,643;0,594;0,754;0,594
2010;29;2911659;GUAJERU;0,569;0,437;0,770;0,548
2010;29;2911709;GUANAMBI;0,673;0,584;0,789;0,663
2010;29;2911808;GUARATINGA;0,558;0,406;0,766;0,559
2010;29;2911857;HELIÓPOLIS;0,563;0,437;0,748;0,547
2010;29;2911907;IAÇU;0,574;0,461;0,697;0,588
2010;29;2912004;IBIASSUCÊ;0,611;0,476;0,789;0,608
2010;29;2912103;IBICARAÍ;0,625;0,524;0,764;0,609
2010;29;2912202;IBICOARA;0,591;0,484;0,731;0,583
2010;29;2912301;IBICUÍ;0,584;0,435;0,780;0,586
2010;29;2912400;IBIPEBA;0,616;0,545;0,744;0,577
2010;29;2912509;IBIPITANGA;0,584;0,475;0,757;0,553
2010;29;2912608;IBIQUERA;0,511;0,335;0,771;0,517
2010;29;2912707;IBIRAPITANGA;0,558;0,415;0,748;0,561
2010;29;2912806;IBIRAPUÃ;0,614;0,467;0,774;0,641
2010;29;2912905;IBIRATAIA;0,576;0,424;0,789;0,571
2010;29;2913002;IBITIARA;0,585;0,490;0,744;0,550
2010;29;2913101;IBITITÁ;0,602;0,527;0,747;0,554
2010;29;2913200;IBOTIRAMA;0,636;0,548;0,780;0,601
2010;29;2913309;ICHU;0,631;0,562;0,771;0,580
2010;29;2913408;IGAPORÃ;0,614;0,516;0,766;0,586
2010;29;2913457;IGRAPIÚNA;0,574;0,424;0,789;0,565
2010;29;2913507;IGUAÍ;0,552;0,382;0,786;0,559
2010;29;2913606;ILHÉUS;0,690;0,590;0,808;0,688
2010;29;2913705;INHAMBUPE;0,565;0,429;0,757;0,556
2010;29;2913804;IPECAETÁ;0,550;0,424;0,776;0,506
2010;29;2913903;IPIAÚ;0,670;0,551;0,796;0,687
2010;29;2914000;IPIRÁ;0,549;0,390;0,748;0,568
2010;29;2914109;IPUPIARA;0,590;0,499;0,736;0,558
2010;29;2914208;IRAJUBA;0,576;0,453;0,776;0,544
2010;29;2914307;IRAMAIA;0,571;0,463;0,740;0,543
2010;29;2914406;IRAQUARA;0,599;0,523;0,749;0,548
2010;29;2914505;IRARÁ;0,620;0,501;0,809;0,587
2010;29;2914604;IRECÊ;0,691;0,643;0,776;0,661
2010;29;2914653;ITABELA;0,599;0,465;0,751;0,614
2010;29;2914703;ITABERABA;0,620;0,485;0,769;0,638
2010;29;2914802;ITABUNA;0,712;0,643;0,807;0,695
2010;29;2914901;ITACARÉ;0,583;0,413;0,807;0,594
2010;29;2915007;ITAETÉ;0,572;0,485;0,719;0,536
2010;29;2915106;ITAGI;0,543;0,426;0,694;0,543
2010;29;2915205;ITAGIBÁ;0,589;0,469;0,770;0,566
2010;29;2915304;ITAGIMIRIM;0,634;0,516;0,821;0,602
2010;29;2915353;ITAGUAÇU DA BAHIA;0,562;0,435;0,740;0,550
2010;29;2915403;ITAJU DO COLÔNIA;0,592;0,502;0,724;0,570
2010;29;2915502;ITAJUÍPE;0,599;0,466;0,759;0,609
2010;29;2915601;ITAMARAJU;0,627;0,502;0,767;0,641
2010;29;2915700;ITAMARI;0,578;0,454;0,713;0,595
2010;29;2915809;ITAMBÉ;0,578;0,436;0,750;0,589
2010;29;2915908;ITANAGRA;0,584;0,433;0,796;0,577
2010;29;2916005;ITANHÉM;0,637;0,525;0,790;0,624
2010;29;2916104;ITAPARICA;0,670;0,553;0,826;0,657
2010;29;2916203;ITAPÉ;0,599;0,491;0,761;0,574
2010;29;2916302;ITAPEBI;0,572;0,458;0,718;0,568
2010;29;2916401;ITAPETINGA;0,667;0,562;0,790;0,667
2010;29;2916500;ITAPICURU;0,486;0,319;0,711;0,505
2010;29;2916609;ITAPITANGA;0,571;0,454;0,764;0,536
2010;29;2916708;ITAQUARA;0,553;0,411;0,763;0,539
2010;29;2916807;ITARANTIM;0,610;0,487;0,766;0,608
2010;29;2916856;ITATIM;0,582;0,459;0,782;0,550
2010;29;2916906;ITIRUÇU;0,600;0,482;0,762;0,588
2010;29;2917003;ITIÚBA;0,544;0,398;0,775;0,521
2010;29;2917102;ITORORÓ;0,594;0,474;0,739;0,598
2010;29;2917201;ITUAÇU;0,570;0,425;0,770;0,565
2010;29;2917300;ITUBERÁ;0,606;0,482;0,769;0,601
2010;29;2917334;IUIÚ;0,591;0,504;0,740;0,553
2010;29;2917359;JABORANDI;0,613;0,508;0,791;0,572
2010;29;2917409;JACARACI;0,593;0,490;0,741;0,573
2010;29;2917508;JACOBINA;0,649;0,558;0,772;0,636
2010;29;2917607;JAGUAQUARA;0,580;0,446;0,747;0,586
2010;29;2917706;JAGUARARI;0,659;0,551;0,806;0,644
2010;29;2917805;JAGUARIPE;0,556;0,407;0,763;0,552
2010;29;2917904;JANDAÍRA;0,550;0,435;0,749;0,511
2010;29;2918001;JEQUIÉ;0,665;0,568;0,790;0,656
2010;29;2918100;JEREMOABO;0,547;0,424;0,689;0,561
2010;29;2918209;JIQUIRIÇÁ;0,553;0,397;0,763;0,558
2010;29;2918308;JITAÚNA;0,575;0,479;0,704;0,563
2010;29;2918357;JOÃO DOURADO;0,593;0,513;0,709;0,573
2010;29;2918407;JUAZEIRO;0,677;0,594;0,796;0,657
2010;29;2918456;JUCURUÇU;0,541;0,415;0,751;0,508
2010;29;2918506;JUSSARA;0,571;0,476;0,720;0,544
2010;29;2918555;JUSSARI;0,567;0,451;0,699;0,577
2010;29;2918605;JUSSIAPE;0,602;0,493;0,736;0,600
2010;29;2918704;LAFAIETE COUTINHO;0,599;0,483;0,771;0,576
2010;29;2918753;LAGOA REAL;0,545;0,395;0,764;0,535
2010;29;2918803;LAJE;0,586;0,480;0,764;0,548
2010;29;2918902;LAJEDÃO;0,632;0,497;0,778;0,652
2010;29;2919009;LAJEDINHO;0,546;0,413;0,753;0,522
2010;29;2919058;LAJEDO DO TABOCAL;0,584;0,479;0,764;0,545
2010;29;2919108;LAMARÃO;0,518;0,372;0,747;0,501
2010;29;2919157;LAPÃO;0,596;0,510;0,755;0,550
2010;29;2919207;LAURO DE FREITAS;0,754;0,663;0,827;0,781
2010;29;2919306;LENÇÓIS;0,623;0,510;0,775;0,613
2010;29;2919405;LICÍNIO DE ALMEIDA;0,621;0,531;0,775;0,582
2010;29;2919504;LIVRAMENTO DE NOSSA SENHORA;0,611;0,491;0,793;0,587
2010;29;2919553;LUÍS EDUARDO MAGALHÃES;0,716;0,590;0,826;0,754
2010;29;2919603;MACAJUBA;0,524;0,358;0,780;0,515
2010;29;2919702;MACARANI;0,605;0,466;0,782;0,607
2010;29;2919801;MACAÚBAS;0,609;0,513;0,791;0,557
2010;29;2919900;MACURURÉ;0,604;0,539;0,748;0,547
2010;29;2919926;MADRE DE DEUS;0,708;0,667;0,794;0,670
2010;29;2919959;MAETINGA;0,538;0,368;0,751;0,565
2010;29;2920007;MAIQUINIQUE;0,576;0,472;0,690;0,586
2010;29;2920106;MAIRI;0,572;0,438;0,744;0,575
2010;29;2920205;MALHADA;0,562;0,454;0,734;0,532
2010;29;2920304;MALHADA DE PEDRAS;0,578;0,471;0,747;0,549
2010;29;2920403;MANOEL VITORINO;0,566;0,456;0,741;0,538
2010;29;2920452;MANSIDÃO;0,599;0,568;0,752;0,503
2010;29;2920502;MARACÁS;0,607;0,519;0,747;0,577
2010;29;2920601;MARAGOGIPE;0,621;0,518;0,793;0,582
2010;29;2920700;MARAÚ;0,593;0,404;0,801;0,643
2010;29;2920809;MARCIONÍLIO SOUZA;0,561;0,463;0,737;0,518
2010;29;2920908;MASCOTE;0,581;0,464;0,744;0,567
2010;29;2921005;MATA DE SÃO JOÃO;0,668;0,562;0,818;0,648
2010;29;2921054;MATINA;0,572;0,469;0,740;0,538
2010;29;2921104;MEDEIROS NETO;0,625;0,501;0,777;0,626
2010;29;2921203;MIGUEL CALMON;0,586;0,472;0,745;0,571
2010;29;2921302;MILAGRES;0,622;0,518;0,789;0,590
2010;29;2921401;MIRANGABA;0,542;0,454;0,685;0,512
2010;29;2921450;MIRANTE;0,527;0,386;0,722;0,524
2010;29;2921500;MONTE SANTO;0,506;0,359;0,699;0,515
2010;29;2921609;MORPARÁ;0,558;0,444;0,732;0,536
2010;29;2921708;MORRO DO CHAPÉU;0,588;0,478;0,766;0,554
2010;29;2921807;MORTUGABA;0,618;0,513;0,771;0,598
2010;29;2921906;MUCUGÊ;0,606;0,480;0,787;0,589
2010;29;2922003;MUCURI;0,665;0,541;0,801;0,679
2010;29;2922052;MULUNGU DO MORRO;0,566;0,466;0,753;0,517
2010;29;2922102;MUNDO NOVO;0,590;0,429;0,791;0,606
2010;29;2922201;MUNIZ FERREIRA;0,617;0,531;0,761;0,581
2010;29;2922250;MUQUÉM DE SÃO FRANCISCO;0,549;0,445;0,761;0,488
2010;29;2922300;MURITIBA;0,660;0,573;0,796;0,629
2010;29;2922409;MUTUÍPE;0,601;0,467;0,751;0,618
2010;29;2922508;NAZARÉ;0,641;0,532;0,777;0,637
2010;29;2922607;NILO PEÇANHA;0,547;0,404;0,762;0,531
2010;29;2922656;NORDESTINA;0,560;0,467;0,743;0,507
2010;29;2922706;NOVA CANAÃ;0,545;0,370;0,789;0,554
2010;29;2922730;NOVA FÁTIMA;0,597;0,501;0,738;0,575
2010;29;2922755;NOVA IBIÁ;0,570;0,419;0,714;0,620
2010;29;2922805;NOVA ITARANA;0,524;0,389;0,729;0,508
2010;29;2922854;NOVA REDENÇÃO;0,567;0,471;0,723;0,534
2010;29;2922904;NOVA SOURE;0,555;0,439;0,712;0,548
2010;29;2923001;NOVA VIÇOSA;0,654;0,546;0,780;0,657
2010;29;2923035;NOVO HORIZONTE;0,597;0,503;0,757;0,558
2010;29;2923050;NOVO TRIUNFO;0,554;0,430;0,769;0,513
2010;29;2923100;OLINDINA;0,559;0,403;0,810;0,534
2010;29;2923209;OLIVEIRA DOS BREJINHOS;0,554;0,427;0,747;0,533
2010;29;2923308;OURIÇANGAS;0,607;0,503;0,779;0,572
2010;29;2923357;OUROLÂNDIA;0,560;0,459;0,701;0,547
2010;29;2923407;PALMAS DE MONTE ALTO;0,586;0,462;0,777;0,561
2010;29;2923506;PALMEIRAS;0,643;0,560;0,782;0,608
2010;29;2923605;PARAMIRIM;0,615;0,496;0,776;0,604
2010;29;2923704;PARATINGA;0,590;0,510;0,774;0,519
2010;29;2923803;PARIPIRANGA;0,577;0,472;0,717;0,567
2010;29;2923902;PAU BRASIL;0,583;0,470;0,727;0,580
2010;29;2924009;PAULO AFONSO;0,674;0,572;0,789;0,678
2010;29;2924058;PÉ DE SERRA;0,587;0,465;0,779;0,558
2010;29;2924108;PEDRÃO;0,588;0,490;0,775;0,534
2010;29;2924207;PEDRO ALEXANDRE;0,513;0,354;0,778;0,489
2010;29;2924306;PIATÃ;0,571;0,447;0,769;0,543
2010;29;2924405;PILÃO ARCADO;0,506;0,343;0,737;0,514
2010;29;2924504;PINDAÍ;0,603;0,498;0,777;0,566
2010;29;2924603;PINDOBAÇU;0,577;0,482;0,757;0,527
2010;29;2924652;PINTADAS;0,612;0,525;0,765;0,572
2010;29;2924678;PIRAÍ DO NORTE;0,533;0,363;0,762;0,546
2010;29;2924702;PIRIPÁ;0,575;0,453;0,768;0,547
2010;29;2924801;PIRITIBA;0,578;0,449;0,760;0,566
2010;29;2924900;PLANALTINO;0,572;0,462;0,708;0,573
2010;29;2925006;PLANALTO;0,560;0,428;0,738;0,557
2010;29;2925105;POÇÕES;0,604;0,474;0,798;0,583
2010;29;2925204;POJUCA;0,666;0,559;0,819;0,645
2010;29;2925253;PONTO NOVO;0,580;0,475;0,762;0,539
2010;29;2925303;PORTO SEGURO;0,676;0,572;0,801;0,673
2010;29;2925402;POTIRAGUÁ;0,625;0,545;0,754;0,595
2010;29;2925501;PRADO;0,621;0,497;0,784;0,616
2010;29;2925600;PRESIDENTE DUTRA;0,614;0,553;0,730;0,572
2010;29;2925709;PRESIDENTE JÂNIO QUADROS;0,542;0,386;0,772;0,533
2010;29;2925758;PRESIDENTE TANCREDO NEVES;0,559;0,424;0,727;0,566
2010;29;2925808;QUEIMADAS;0,592;0,493;0,764;0,550
2010;29;2925907;QUIJINGUE;0,544;0,434;0,689;0,539
2010;29;2925931;QUIXABEIRA;0,578;0,469;0,753;0,547
2010;29;2925956;RAFAEL JAMBEIRO;0,564;0,435;0,768;0,538
2010;29;2926004;REMANSO;0,579;0,451;0,757;0,569
2010;29;2926103;RETIROLÂNDIA;0,636;0,574;0,773;0,579
2010;29;2926202;RIACHÃO DAS NEVES;0,578;0,471;0,779;0,527
2010;29;2926301;RIACHÃO DO JACUÍPE;0,628;0,559;0,755;0,588
2010;29;2926400;RIACHO DE SANTANA;0,615;0,532;0,764;0,572
2010;29;2926509;RIBEIRA DO AMPARO;0,512;0,384;0,694;0,503
2010;29;2926608;RIBEIRA DO POMBAL;0,601;0,515;0,704;0,599
2010;29;2926657;RIBEIRÃO DO LARGO;0,540;0,366;0,759;0,566
2010;29;2926707;RIO DE CONTAS;0,605;0,498;0,767;0,580
2010;29;2926806;RIO DO ANTÔNIO;0,576;0,465;0,740;0,555
2010;29;2926905;RIO DO PIRES;0,594;0,481;0,767;0,568
2010;29;2927002;RIO REAL;0,572;0,452;0,729;0,568
2010;29;2927101;RODELAS;0,632;0,564;0,790;0,566
2010;29;2927200;RUY BARBOSA;0,610;0,505;0,770;0,583
2010;29;2927309;SALINAS DA MARGARIDA;0,617;0,561;0,729;0,575
2010;29;2927408;SALVADOR;0,759;0,679;0,835;0,772
2010;29;2927507;SANTA BÁRBARA;0,583;0,462;0,775;0,554
2010;29;2927606;SANTA BRÍGIDA;0,546;0,431;0,710;0,533
2010;29;2927705;SANTA CRUZ CABRÁLIA;0,654;0,571;0,784;0,624
2010;29;2927804;SANTA CRUZ DA VITÓRIA;0,610;0,504;0,786;0,573
2010;29;2927903;SANTA INÊS;0,574;0,470;0,704;0,571
2010;29;2928000;SANTALUZ;0,598;0,500;0,764;0,559
2010;29;2928059;SANTA LUZIA;0,556;0,396;0,768;0,564
2010;29;2928109;SANTA MARIA DA VITÓRIA;0,614;0,516;0,758;0,592
2010;29;2928208;SANTANA;0,608;0,496;0,776;0,585
2010;29;2928307;SANTANÓPOLIS;0,592;0,496;0,746;0,561
2010;29;2928406;SANTA RITA DE CÁSSIA;0,605;0,513;0,766;0,564
2010;29;2928505;SANTA TERESINHA;0,587;0,459;0,804;0,549
2010;29;2928604;SANTO AMARO;0,646;0,559;0,772;0,626
2010;29;2928703;SANTO ANTÔNIO DE JESUS;0,700;0,622;0,815;0,677
2010;29;2928802;SANTO ESTÊVÃO;0,626;0,498;0,808;0,611
2010;29;2928901;SÃO DESIDÉRIO;0,579;0,449;0,742;0,584
2010;29;2928950;SÃO DOMINGOS;0,640;0,575;0,757;0,601
2010;29;2929008;SÃO FÉLIX;0,639;0,583;0,769;0,582
2010;29;2929057;SÃO FÉLIX DO CORIBE;0,639;0,555;0,784;0,601
2010;29;2929107;SÃO FELIPE;0,616;0,525;0,787;0,565
2010;29;2929206;SÃO FRANCISCO DO CONDE;0,674;0,587;0,812;0,641
2010;29;2929255;SÃO GABRIEL;0,592;0,537;0,704;0,550
2010;29;2929305;SÃO GONÇALO DOS CAMPOS;0,627;0,516;0,752;0,636
2010;29;2929354;SÃO JOSÉ DA VITÓRIA;0,546;0,429;0,686;0,553
2010;29;2929370;SÃO JOSÉ DO JACUÍPE;0,552;0,417;0,726;0,555
2010;29;2929404;SÃO MIGUEL DAS MATAS;0,593;0,468;0,783;0,568
2010;29;2929503;SÃO SEBASTIÃO DO PASSÉ;0,657;0,551;0,812;0,633
2010;29;2929602;SAPEAÇU;0,614;0,522;0,735;0,602
2010;29;2929701;SÁTIRO DIAS;0,527;0,379;0,736;0,524
2010;29;2929750;SAUBARA;0,617;0,565;0,738;0,563
2010;29;2929800;SAÚDE;0,549;0,442;0,685;0,546
2010;29;2929909;SEABRA;0,635;0,572;0,761;0,588
2010;29;2930006;SEBASTIÃO LARANJEIRAS;0,615;0,527;0,777;0,569
2010;29;2930105;SENHOR DO BONFIM;0,666;0,599;0,773;0,638
2010;29;2930154;SERRA DO RAMALHO;0,595;0,512;0,775;0,530
2010;29;2930204;SENTO SÉ;0,585;0,480;0,778;0,535
2010;29;2930303;SERRA DOURADA;0,608;0,537;0,775;0,539
2010;29;2930402;SERRA PRETA;0,566;0,459;0,732;0,541
2010;29;2930501;SERRINHA;0,634;0,532;0,778;0,615
2010;29;2930600;SERROLÂNDIA;0,590;0,508;0,721;0,560
2010;29;2930709;SIMÕES FILHO;0,675;0,591;0,813;0,641
2010;29;2930758;SÍTIO DO MATO;0,564;0,509;0,774;0,455
2010;29;2930766;SÍTIO DO QUINTO;0,533;0,395;0,695;0,552
2010;29;2930774;SOBRADINHO;0,631;0,555;0,748;0,605
2010;29;2930808;SOUTO SOARES;0,592;0,530;0,734;0,533
2010;29;2930907;TABOCAS DO BREJO VELHO;0,584;0,492;0,764;0,530
2010;29;2931004;TANHAÇU;0,577;0,440;0,772;0,565
2010;29;2931053;TANQUE NOVO;0,599;0,474;0,778;0,583
2010;29;2931103;TANQUINHO;0,597;0,488;0,768;0,567
2010;29;2931202;TAPEROÁ;0,566;0,426;0,754;0,566
2010;29;2931301;TAPIRAMUTÁ;0,594;0,473;0,752;0,589
2010;29;2931350;TEIXEIRA DE FREITAS;0,685;0,588;0,800;0,683
2010;29;2931400;TEODORO SAMPAIO;0,594;0,477;0,774;0,567
2010;29;2931509;TEOFILÂNDIA;0,566;0,431;0,737;0,571
2010;29;2931608;TEOLÂNDIA;0,555;0,418;0,756;0,541
2010;29;2931707;TERRA NOVA;0,578;0,474;0,700;0,581
2010;29;2931806;TREMEDAL;0,528;0,360;0,749;0,545
2010;29;2931905;TUCANO;0,579;0,458;0,712;0,596
2010;29;2932002;UAUÁ;0,605;0,535;0,747;0,554
2010;29;2932101;UBAÍRA;0,582;0,447;0,759;0,581
2010;29;2932200;UBAITABA;0,611;0,490;0,767;0,607
2010;29;2932309;UBATÃ;0,593;0,452;0,788;0,586
2010;29;2932408;UIBAÍ;0,617;0,540;0,758;0,575
2010;29;2932457;UMBURANAS;0,515;0,413;0,705;0,469
2010;29;2932507;UNA;0,560;0,424;0,710;0,584
2010;29;2932606;URANDI;0,598;0,469;0,766;0,595
2010;29;2932705;URUÇUCA;0,616;0,507;0,758;0,607
2010;29;2932804;UTINGA;0,590;0,487;0,706;0,597
2010;29;2932903;VALENÇA;0,623;0,502;0,778;0,619
2010;29;2933000;VALENTE;0,637;0,568;0,729;0,623
2010;29;2933059;VÁRZEA DA ROÇA;0,539;0,374;0,775;0,539
2010;29;2933109;VÁRZEA DO POÇO;0,575;0,462;0,707;0,581
2010;29;2933158;VÁRZEA NOVA;0,555;0,460;0,685;0,543
2010;29;2933174;VARZEDO;0,586;0,461;0,753;0,581
2010;29;2933208;VERA CRUZ;0,645;0,520;0,817;0,632
2010;29;2933257;VEREDA;0,577;0,436;0,777;0,568
2010;29;2933307;VITÓRIA DA CONQUISTA;0,678;0,581;0,788;0,681
2010;29;2933406;WAGNER;0,587;0,479;0,737;0,573
2010;29;2933455;WANDERLEY;0,600;0,498;0,764;0,569
2010;29;2933505;WENCESLAU GUIMARÃES;0,544;0,383;0,752;0,558
2010;29;2933604;XIQUE-XIQUE;0,585;0,479;0,741;0,563
2010;31;3100104;Abadia dos Dourados;0,689;0,563;0,839;0,693
2010;31;3100203;Abaeté;0,698;0,556;0,848;0,720
2010;31;3100302;Abre Campo;0,654;0,525;0,823;0,646
2010;31;3100401;Acaiaca;0,630;0,499;0,823;0,610
2010;31;3100500;Açucena;0,610;0,451;0,844;0,595
2010;31;3100609;Água Boa;0,576;0,403;0,799;0,594
2010;31;3100708;Água Comprida;0,675;0,498;0,860;0,719
2010;31;3100807;Aguanil;0,663;0,513;0,845;0,672
2010;31;3100906;Águas Formosas;0,645;0,531;0,811;0,624
2010;31;3101003;Águas Vermelhas;0,601;0,458;0,808;0,586
2010;31;3101102;Aimorés;0,684;0,576;0,810;0,685
2010;31;3101201;Aiuruoca;0,668;0,505;0,871;0,677
2010;31;3101300;Alagoa;0,649;0,518;0,832;0,634
2010;31;3101409;Albertina;0,673;0,549;0,813;0,684
2010;31;3101508;Além Paraíba;0,726;0,626;0,857;0,713
2010;31;3101607;Alfenas;0,761;0,712;0,841;0,737
2010;31;3101631;Alfredo Vasconcelos;0,675;0,587;0,834;0,629
2010;31;3101706;Almenara;0,642;0,518;0,803;0,636
2010;31;3101805;Alpercata;0,646;0,521;0,824;0,629
2010;31;3101904;Alpinópolis;0,725;0,629;0,862;0,703
2010;31;3102001;Alterosa;0,668;0,536;0,847;0,657
2010;31;3102050;Alto Caparaó;0,661;0,514;0,842;0,666
2010;31;3102100;Alto Rio Doce;0,620;0,483;0,828;0,595
2010;31;3102209;Alvarenga;0,592;0,441;0,798;0,589
2010;31;3102308;Alvinópolis;0,676;0,577;0,822;0,651
2010;31;3102407;Alvorada de Minas;0,572;0,414;0,794;0,570
2010;31;3102506;Amparo do Serra;0,641;0,528;0,811;0,616
2010;31;3102605;Andradas;0,734;0,617;0,878;0,731
2010;31;3102704;Cachoeira de Pajeú;0,578;0,444;0,771;0,563
2010;31;3102803;Andrelândia;0,700;0,621;0,818;0,675
2010;31;3102852;Angelândia;0,597;0,473;0,756;0,594
2010;31;3102902;Antônio Carlos;0,683;0,584;0,838;0,650
2010;31;3103009;Antônio Dias;0,645;0,507;0,849;0,624
2010;31;3103108;Antônio Prado de Minas;0,684;0,572;0,830;0,674
2010;31;3103207;Araçaí;0,695;0,632;0,805;0,659
2010;31;3103306;Aracitaba;0,661;0,577;0,823;0,608
2010;31;3103405;Araçuaí;0,663;0,560;0,821;0,633
2010;31;3103504;Araguari;0,773;0,716;0,871;0,740
2010;31;3103603;Arantina;0,697;0,641;0,834;0,633
2010;31;3103702;Araponga;0,536;0,339;0,760;0,597
2010;31;3103751;Araporã;0,708;0,646;0,813;0,676
2010;31;3103801;Arapuá;0,724;0,608;0,871;0,718
2010;31;3103900;Araújos;0,698;0,574;0,855;0,694
2010;31;3104007;Araxá;0,772;0,709;0,858;0,756
2010;31;3104106;Arceburgo;0,683;0,573;0,810;0,687
2010;31;3104205;Arcos;0,749;0,671;0,874;0,717
2010;31;3104304;Areado;0,727;0,649;0,847;0,700
2010;31;3104403;Argirita;0,643;0,505;0,817;0,645
2010;31;3104452;Aricanduva;0,582;0,454;0,787;0,553
2010;31;3104502;Arinos;0,656;0,570;0,815;0,607
2010;31;3104601;Astolfo Dutra;0,694;0,567;0,858;0,686
2010;31;3104700;Ataléia;0,588;0,423;0,813;0,592
2010;31;3104809;Augusto de Lima;0,656;0,557;0,815;0,622
2010;31;3104908;Baependi;0,681;0,570;0,833;0,664
2010;31;3105004;Baldim;0,671;0,590;0,787;0,650
2010;31;3105103;Bambuí;0,741;0,636;0,870;0,735
2010;31;3105202;Bandeira;0,599;0,454;0,811;0,583
2010;31;3105301;Bandeira do Sul;0,692;0,608;0,802;0,681
2010;31;3105400;Barão de Cocais;0,722;0,647;0,858;0,679
2010;31;3105509;Barão de Monte Alto;0,649;0,533;0,827;0,619
2010;31;3105608;Barbacena;0,769;0,687;0,881;0,751
2010;31;3105707;Barra Longa;0,624;0,482;0,823;0,613
2010;31;3105905;Barroso;0,734;0,678;0,864;0,675
2010;31;3106002;Bela Vista de Minas;0,674;0,597;0,795;0,644
2010;31;3106101;Belmiro Braga;0,660;0,531;0,830;0,653
2010;31;3106200;Belo Horizonte;0,810;0,737;0,856;0,841
2010;31;3106309;Belo Oriente;0,686;0,606;0,813;0,655
2010;31;3106408;Belo Vale;0,655;0,514;0,814;0,672
2010;31;3106507;Berilo;0,628;0,524;0,816;0,580
2010;31;3106606;Bertópolis;0,594;0,455;0,799;0,576
2010;31;3106655;Berizal;0,604;0,520;0,757;0,560
2010;31;3106705;Betim;0,749;0,687;0,864;0,709
2010;31;3106804;Bias Fortes;0,620;0,495;0,796;0,605
2010;31;3106903;Bicas;0,744;0,667;0,850;0,726
2010;31;3107000;Biquinhas;0,688;0,555;0,857;0,684
2010;31;3107109;Boa Esperança;0,704;0,587;0,855;0,694
2010;31;3107208;Bocaina de Minas;0,645;0,476;0,848;0,665
2010;31;3107307;Bocaiúva;0,700;0,644;0,822;0,648
2010;31;3107406;Bom Despacho;0,750;0,661;0,861;0,742
2010;31;3107505;Bom Jardim de Minas;0,673;0,569;0,822;0,653
2010;31;3107604;Bom Jesus da Penha;0,735;0,662;0,862;0,696
2010;31;3107703;Bom Jesus do Amparo;0,683;0,582;0,834;0,655
2010;31;3107802;Bom Jesus do Galho;0,623;0,491;0,800;0,615
2010;31;3107901;Bom Repouso;0,653;0,523;0,821;0,647
2010;31;3108008;Bom Sucesso;0,692;0,602;0,808;0,680
2010;31;3108107;Bonfim;0,637;0,464;0,834;0,669
2010;31;3108206;Bonfinópolis de Minas;0,678;0,598;0,796;0,655
2010;31;3108255;Bonito de Minas;0,537;0,388;0,776;0,514
2010;31;3108305;Borda da Mata;0,730;0,640;0,865;0,703
2010;31;3108404;Botelhos;0,702;0,568;0,868;0,702
2010;31;3108503;Botumirim;0,602;0,517;0,782;0,540
2010;31;3108552;Brasilândia de Minas;0,674;0,559;0,848;0,646
2010;31;3108602;Brasília de Minas;0,656;0,568;0,813;0,612
2010;31;3108701;Brás Pires;0,625;0,523;0,801;0,582
2010;31;3108800;Braúnas;0,624;0,478;0,802;0,635
2010;31;3108909;Brasópolis;0,692;0,566;0,841;0,697
2010;31;3109006;Brumadinho;0,747;0,639;0,857;0,761
2010;31;3109105;Bueno Brandão;0,658;0,507;0,848;0,662
2010;31;3109204;Buenópolis;0,669;0,579;0,796;0,650
2010;31;3109253;Bugre;0,627;0,511;0,800;0,602
2010;31;3109303;Buritis;0,672;0,558;0,815;0,666
2010;31;3109402;Buritizeiro;0,624;0,524;0,768;0,603
2010;31;3109451;Cabeceira Grande;0,648;0,542;0,788;0,638
2010;31;3109501;Cabo Verde;0,674;0,527;0,847;0,686
2010;31;3109600;Cachoeira da Prata;0,741;0,707;0,834;0,689
2010;31;3109709;Cachoeira de Minas;0,706;0,637;0,821;0,673
2010;31;3109808;Cachoeira Dourada;0,726;0,648;0,850;0,695
2010;31;3109907;Caetanópolis;0,706;0,617;0,845;0,674
2010;31;3110004;Caeté;0,728;0,663;0,844;0,690
2010;31;3110103;Caiana;0,633;0,483;0,833;0,631
2010;31;3110202;Cajuri;0,617;0,487;0,804;0,599
2010;31;3110301;Caldas;0,687;0,529;0,873;0,701
2010;31;3110400;Camacho;0,690;0,612;0,840;0,639
2010;31;3110509;Camanducaia;0,689;0,553;0,837;0,707
2010;31;3110608;Cambuí;0,751;0,674;0,872;0,722
2010;31;3110707;Cambuquira;0,699;0,577;0,856;0,691
2010;31;3110806;Campanário;0,616;0,464;0,831;0,607
2010;31;3110905;Campanha;0,709;0,587;0,849;0,715
2010;31;3111002;Campestre;0,698;0,566;0,843;0,712
2010;31;3111101;Campina Verde;0,704;0,562;0,868;0,714
2010;31;3111150;Campo Azul;0,621;0,546;0,799;0,550
2010;31;3111200;Campo Belo;0,711;0,586;0,868;0,706
2010;31;3111309;Campo do Meio;0,683;0,588;0,827;0,655
2010;31;3111408;Campo Florido;0,706;0,558;0,858;0,735
2010;31;3111507;Campos Altos;0,702;0,582;0,860;0,690
2010;31;3111606;Campos Gerais;0,682;0,580;0,821;0,666
2010;31;3111705;Canaã;0,649;0,532;0,798;0,644
2010;31;3111804;Canápolis;0,722;0,598;0,872;0,721
2010;31;3111903;Cana Verde;0,650;0,512;0,821;0,652
2010;31;3112000;Candeias;0,678;0,537;0,830;0,699
2010;31;3112059;Cantagalo;0,631;0,515;0,816;0,598
2010;31;3112109;Caparaó;0,624;0,473;0,836;0,614
2010;31;3112208;Capela Nova;0,648;0,568;0,797;0,602
2010;31;3112307;Capelinha;0,653;0,527;0,824;0,641
2010;31;3112406;Capetinga;0,675;0,533;0,848;0,680
2010;31;3112505;Capim Branco;0,695;0,604;0,837;0,664
2010;31;3112604;Capinópolis;0,723;0,601;0,841;0,747
2010;31;3112653;Capitão Andrade;0,624;0,478;0,805;0,630
2010;31;3112703;Capitão Enéas;0,639;0,565;0,806;0,573
2010;31;3112802;Capitólio;0,710;0,612;0,825;0,709
2010;31;3112901;Caputira;0,615;0,471;0,809;0,609
2010;31;3113008;Caraí;0,558;0,405;0,781;0,549
2010;31;3113107;Caranaíba;0,634;0,533;0,807;0,593
2010;31;3113206;Carandaí;0,697;0,622;0,821;0,663
2010;31;3113305;Carangola;0,695;0,573;0,837;0,699
2010;31;3113404;Caratinga;0,706;0,603;0,836;0,697
2010;31;3113503;Carbonita;0,638;0,529;0,796;0,617
2010;31;3113602;Careaçu;0,683;0,581;0,824;0,666
2010;31;3113701;Carlos Chagas;0,648;0,513;0,826;0,641
2010;31;3113800;Carmésia;0,650;0,540;0,805;0,631
2010;31;3113909;Carmo da Cachoeira;0,655;0,523;0,801;0,672
2010;31;3114006;Carmo da Mata;0,689;0,572;0,840;0,680
2010;31;3114105;Carmo de Minas;0,682;0,562;0,845;0,668
2010;31;3114204;Carmo do Cajuru;0,710;0,605;0,853;0,695
2010;31;3114303;Carmo do Paranaíba;0,705;0,571;0,861;0,713
2010;31;3114402;Carmo do Rio Claro;0,733;0,649;0,850;0,715
2010;31;3114501;Carmópolis de Minas;0,700;0,582;0,850;0,694
2010;31;3114550;Carneirinho;0,741;0,622;0,873;0,749
2010;31;3114600;Carrancas;0,725;0,632;0,877;0,687
2010;31;3114709;Carvalhópolis;0,724;0,648;0,850;0,688
2010;31;3114808;Carvalhos;0,646;0,492;0,820;0,667
2010;31;3114907;Casa Grande;0,652;0,555;0,823;0,608
2010;31;3115003;Cascalho Rico;0,721;0,604;0,845;0,734
2010;31;3115102;Cássia;0,704;0,576;0,837;0,723
2010;31;3115201;Conceição da Barra de Minas;0,685;0,590;0,815;0,668
2010;31;3115300;Cataguases;0,751;0,685;0,861;0,718
2010;31;3115359;Catas Altas;0,684;0,582;0,828;0,665
2010;31;3115409;Catas Altas da Noruega;0,600;0,460;0,799;0,588
2010;31;3115458;Catuji;0,540;0,382;0,771;0,534
2010;31;3115474;Catuti;0,621;0,549;0,773;0,563
2010;31;3115508;Caxambu;0,743;0,629;0,848;0,770
2010;31;3115607;Cedro do Abaeté;0,678;0,608;0,801;0,641
2010;31;3115706;Central de Minas;0,665;0,540;0,823;0,663
2010;31;3115805;Centralina;0,678;0,558;0,853;0,654
2010;31;3115904;Chácara;0,664;0,512;0,878;0,650
2010;31;3116001;Chalé;0,655;0,561;0,787;0,636
2010;31;3116100;Chapada do Norte;0,598;0,469;0,798;0,571
2010;31;3116159;Chapada Gaúcha;0,635;0,546;0,820;0,573
2010;31;3116209;Chiador;0,711;0,559;0,868;0,742
2010;31;3116308;Cipotânea;0,579;0,437;0,750;0,592
2010;31;3116407;Claraval;0,698;0,584;0,848;0,687
2010;31;3116506;Claro dos Poções;0,670;0,625;0,799;0,601
2010;31;3116605;Cláudio;0,709;0,602;0,846;0,701
2010;31;3116704;Coimbra;0,669;0,558;0,825;0,649
2010;31;3116803;Coluna;0,583;0,430;0,782;0,590
2010;31;3116902;Comendador Gomes;0,697;0,566;0,850;0,703
2010;31;3117009;Comercinho;0,593;0,462;0,797;0,566
2010;31;3117108;Conceição da Aparecida;0,691;0,566;0,847;0,688
2010;31;3117207;Conceição das Pedras;0,668;0,566;0,821;0,642
2010;31;3117306;Conceição das Alagoas;0,712;0,570;0,862;0,734
2010;31;3117405;Conceição de Ipanema;0,676;0,565;0,825;0,664
2010;31;3117504;Conceição do Mato Dentro;0,634;0,517;0,794;0,622
2010;31;3117603;Conceição do Pará;0,700;0,588;0,850;0,687
2010;31;3117702;Conceição do Rio Verde;0,665;0,522;0,834;0,675
2010;31;3117801;Conceição dos Ouros;0,703;0,618;0,842;0,668
2010;31;3117836;Cônego Marinho;0,621;0,544;0,799;0,550
2010;31;3117876;Confins;0,747;0,711;0,830;0,706
2010;31;3117900;Congonhal;0,712;0,626;0,847;0,681
2010;31;3118007;Congonhas;0,753;0,665;0,877;0,732
2010;31;3118106;Congonhas do Norte;0,568;0,433;0,746;0,566
2010;31;3118205;Conquista;0,729;0,618;0,877;0,714
2010;31;3118304;Conselheiro Lafaiete;0,761;0,697;0,860;0,736
2010;31;3118403;Conselheiro Pena;0,662;0,537;0,837;0,646
2010;31;3118502;Consolação;0,673;0,602;0,806;0,627
2010;31;3118601;Contagem;0,756;0,697;0,832;0,745
2010;31;3118700;Coqueiral;0,694;0,601;0,838;0,663
2010;31;3118809;Coração de Jesus;0,642;0,570;0,808;0,575
2010;31;3118908;Cordisburgo;0,656;0,558;0,786;0,644
2010;31;3119005;Cordislândia;0,660;0,544;0,807;0,654
2010;31;3119104;Corinto;0,680;0,562;0,842;0,664
2010;31;3119203;Coroaci;0,626;0,493;0,811;0,613
2010;31;3119302;Coromandel;0,708;0,565;0,860;0,730
2010;31;3119401;Coronel Fabriciano;0,755;0,696;0,865;0,715
2010;31;3119500;Coronel Murta;0,627;0,543;0,784;0,578
2010;31;3119609;Coronel Pacheco;0,669;0,565;0,789;0,673
2010;31;3119708;Coronel Xavier Chaves;0,677;0,563;0,823;0,670
2010;31;3119807;Córrego Danta;0,692;0,575;0,844;0,683
2010;31;3119906;Córrego do Bom Jesus;0,692;0,592;0,840;0,665
2010;31;3119955;Córrego Fundo;0,678;0,597;0,795;0,657
2010;31;3120003;Córrego Novo;0,632;0,525;0,805;0,596
2010;31;3120102;Couto de Magalhães de Minas;0,659;0,592;0,807;0,600
2010;31;3120151;Crisólita;0,585;0,432;0,799;0,579
2010;31;3120201;Cristais;0,692;0,525;0,859;0,736
2010;31;3120300;Cristália;0,583;0,482;0,795;0,518
2010;31;3120409;Cristiano Otoni;0,695;0,626;0,823;0,651
2010;31;3120508;Cristina;0,668;0,550;0,842;0,645
2010;31;3120607;Crucilândia;0,651;0,518;0,816;0,653
2010;31;3120706;Cruzeiro da Fortaleza;0,696;0,562;0,832;0,720
2010;31;3120805;Cruzília;0,695;0,587;0,853;0,671
2010;31;3120839;Cuparaque;0,627;0,497;0,798;0,621
2010;31;3120870;Curral de Dentro;0,585;0,462;0,759;0,571
2010;31;3120904;Curvelo;0,713;0,617;0,851;0,689
2010;31;3121001;Datas;0,616;0,524;0,756;0,590
2010;31;3121100;Delfim Moreira;0,669;0,552;0,837;0,649
2010;31;3121209;Delfinópolis;0,740;0,661;0,872;0,702
2010;31;3121258;Delta;0,639;0,481;0,808;0,672
2010;31;3121308;Descoberto;0,680;0,599;0,798;0,657
2010;31;3121407;Desterro de Entre Rios;0,639;0,536;0,802;0,607
2010;31;3121506;Desterro do Melo;0,631;0,503;0,809;0,618
2010;31;3121605;Diamantina;0,716;0,632;0,839;0,693
2010;31;3121704;Diogo de Vasconcelos;0,601;0,464;0,811;0,578
2010;31;3121803;Dionísio;0,702;0,647;0,821;0,651
2010;31;3121902;Divinésia;0,657;0,559;0,785;0,645
2010;31;3122009;Divino;0,605;0,421;0,823;0,639
2010;31;3122108;Divino das Laranjeiras;0,661;0,571;0,811;0,624
2010;31;3122207;Divinolândia de Minas;0,623;0,495;0,812;0,603
2010;31;3122306;Divinópolis;0,764;0,702;0,844;0,753
2010;31;3122355;Divisa Alegre;0,608;0,515;0,723;0,603
2010;31;3122405;Divisa Nova;0,670;0,570;0,801;0,660
2010;31;3122454;Divisópolis;0,609;0,489;0,802;0,577
2010;31;3122470;Dom Bosco;0,673;0,597;0,815;0,627
2010;31;3122504;Dom Cavati;0,688;0,630;0,784;0,660
2010;31;3122603;Dom Joaquim;0,622;0,482;0,819;0,610
2010;31;3122702;Dom Silvério;0,709;0,636;0,847;0,661
2010;31;3122801;Dom Viçoso;0,687;0,641;0,819;0,617
2010;31;3122900;Dona Eusébia;0,701;0,598;0,841;0,684
2010;31;3123007;Dores de Campos;0,686;0,585;0,823;0,671
2010;31;3123106;Dores de Guanhães;0,636;0,512;0,821;0,612
2010;31;3123205;Dores do Indaiá;0,719;0,623;0,840;0,710
2010;31;3123304;Dores do Turvo;0,629;0,490;0,829;0,613
2010;31;3123403;Doresópolis;0,692;0,585;0,869;0,652
2010;31;3123502;Douradoquara;0,706;0,591;0,847;0,704
2010;31;3123528;Durandé;0,645;0,508;0,842;0,626
2010;31;3123601;Elói Mendes;0,685;0,558;0,838;0,688
2010;31;3123700;Engenheiro Caldas;0,644;0,518;0,815;0,632
2010;31;3123809;Engenheiro Navarro;0,655;0,594;0,791;0,599
2010;31;3123858;Entre Folhas;0,634;0,521;0,792;0,617
2010;31;3123908;Entre Rios de Minas;0,672;0,563;0,802;0,673
2010;31;3124005;Ervália;0,625;0,460;0,828;0,640
2010;31;3124104;Esmeraldas;0,671;0,567;0,822;0,649
2010;31;3124203;Espera Feliz;0,663;0,520;0,846;0,663
2010;31;3124302;Espinosa;0,627;0,526;0,804;0,582
2010;31;3124401;Espírito Santo do Dourado;0,685;0,576;0,847;0,660
2010;31;3124500;Estiva;0,691;0,573;0,848;0,679
2010;31;3124609;Estrela Dalva;0,710;0,574;0,867;0,719
2010;31;3124708;Estrela do Indaiá;0,676;0,521;0,875;0,679
2010;31;3124807;Estrela do Sul;0,696;0,579;0,840;0,694
2010;31;3124906;Eugenópolis;0,675;0,551;0,846;0,660
2010;31;3125002;Ewbank da Câmara;0,676;0,601;0,823;0,625
2010;31;3125101;Extrema;0,732;0,633;0,849;0,729
2010;31;3125200;Fama;0,717;0,610;0,863;0,700
2010;31;3125309;Faria Lemos;0,687;0,598;0,800;0,678
2010;31;3125408;Felício dos Santos;0,606;0,494;0,794;0,568
2010;31;3125507;São Gonçalo do Rio Preto;0,640;0,542;0,815;0,593
2010;31;3125606;Felisburgo;0,583;0,462;0,744;0,577
2010;31;3125705;Felixlândia;0,648;0,514;0,815;0,651
2010;31;3125804;Fernandes Tourinho;0,646;0,550;0,807;0,608
2010;31;3125903;Ferros;0,603;0,428;0,821;0,625
2010;31;3125952;Fervedouro;0,580;0,420;0,796;0,583
2010;31;3126000;Florestal;0,724;0,617;0,845;0,728
2010;31;3126109;Formiga;0,755;0,676;0,874;0,729
2010;31;3126208;Formoso;0,640;0,510;0,834;0,616
2010;31;3126307;Fortaleza de Minas;0,670;0,546;0,805;0,683
2010;31;3126406;Fortuna de Minas;0,696;0,613;0,845;0,651
2010;31;3126505;Francisco Badaró;0,622;0,527;0,793;0,575
2010;31;3126604;Francisco Dumont;0,625;0,513;0,797;0,596
2010;31;3126703;Francisco Sá;0,654;0,572;0,808;0,605
2010;31;3126752;Franciscópolis;0,603;0,471;0,802;0,581
2010;31;3126802;Frei Gaspar;0,590;0,452;0,799;0,569
2010;31;3126901;Frei Inocêncio;0,648;0,559;0,779;0,624
2010;31;3126950;Frei Lagonegro;0,543;0,412;0,749;0,519
2010;31;3127008;Fronteira;0,684;0,530;0,871;0,693
2010;31;3127057;Fronteira dos Vales;0,592;0,460;0,813;0,556
2010;31;3127073;Fruta de Leite;0,544;0,370;0,792;0,548
2010;31;3127107;Frutal;0,730;0,615;0,865;0,730
2010;31;3127206;Funilândia;0,655;0,545;0,844;0,612
2010;31;3127305;Galiléia;0,654;0,546;0,795;0,645
2010;31;3127339;Gameleiras;0,650;0,618;0,796;0,559
2010;31;3127354;Glaucilândia;0,679;0,667;0,812;0,579
2010;31;3127370;Goiabeira;0,647;0,539;0,799;0,628
2010;31;3127388;Goianá;0,716;0,644;0,835;0,682
2010;31;3127404;Gonçalves;0,683;0,570;0,833;0,671
2010;31;3127503;Gonzaga;0,606;0,516;0,774;0,558
2010;31;3127602;Gouveia;0,681;0,609;0,833;0,622
2010;31;3127701;Governador Valadares;0,727;0,644;0,834;0,714
2010;31;3127800;Grão Mogol;0,604;0,482;0,791;0,579
2010;31;3127909;Grupiara;0,731;0,682;0,844;0,679
2010;31;3128006;Guanhães;0,686;0,576;0,820;0,683
2010;31;3128105;Guapé;0,679;0,570;0,831;0,661
2010;31;3128204;Guaraciaba;0,623;0,493;0,794;0,618
2010;31;3128253;Guaraciama;0,677;0,655;0,807;0,586
2010;31;3128303;Guaranésia;0,701;0,589;0,845;0,693
2010;31;3128402;Guarani;0,677;0,533;0,849;0,685
2010;31;3128501;Guarará;0,652;0,532;0,802;0,650
2010;31;3128600;Guarda-Mor;0,690;0,558;0,829;0,709
2010;31;3128709;Guaxupé;0,751;0,659;0,880;0,729
2010;31;3128808;Guidoval;0,683;0,569;0,837;0,669
2010;31;3128907;Guimarânia;0,693;0,592;0,825;0,681
2010;31;3129004;Guiricema;0,674;0,576;0,812;0,654
2010;31;3129103;Gurinhatã;0,680;0,525;0,865;0,691
2010;31;3129202;Heliodora;0,657;0,527;0,822;0,656
2010;31;3129301;Iapu;0,654;0,535;0,819;0,639
2010;31;3129400;Ibertioga;0,657;0,560;0,834;0,606
2010;31;3129509;Ibiá;0,718;0,573;0,877;0,736
2010;31;3129608;Ibiaí;0,614;0,516;0,795;0,565
2010;31;3129657;Ibiracatu;0,591;0,489;0,786;0,537
2010;31;3129707;Ibiraci;0,706;0,591;0,855;0,696
2010;31;3129806;Ibirité;0,704;0,616;0,840;0,673
2010;31;3129905;Ibitiúra de Minas;0,674;0,579;0,802;0,658
2010;31;3130002;Ibituruna;0,675;0,584;0,823;0,639
2010;31;3130051;Icaraí de Minas;0,624;0,533;0,799;0,570
2010;31;3130101;Igarapé;0,698;0,588;0,844;0,686
2010;31;3130200;Igaratinga;0,651;0,481;0,842;0,682
2010;31;3130309;Iguatama;0,707;0,616;0,825;0,695
2010;31;3130408;Ijaci;0,714;0,654;0,840;0,663
2010;31;3130507;Ilicínea;0,680;0,571;0,827;0,665
2010;31;3130556;Imbé de Minas;0,553;0,397;0,744;0,572
2010;31;3130606;Inconfidentes;0,692;0,572;0,843;0,688
2010;31;3130655;Indaiabira;0,610;0,490;0,804;0,575
2010;31;3130705;Indianópolis;0,674;0,554;0,834;0,664
2010;31;3130804;Ingaí;0,697;0,569;0,858;0,694
2010;31;3130903;Inhapim;0,658;0,535;0,829;0,642
2010;31;3131000;Inhaúma;0,702;0,624;0,845;0,657
2010;31;3131109;Inimutaba;0,664;0,579;0,810;0,625
2010;31;3131158;Ipaba;0,665;0,562;0,829;0,630
2010;31;3131208;Ipanema;0,693;0,586;0,848;0,670
2010;31;3131307;Ipatinga;0,771;0,705;0,864;0,752
2010;31;3131406;Ipiaçu;0,696;0,610;0,814;0,680
2010;31;3131505;Ipuiúna;0,686;0,516;0,866;0,723
2010;31;3131604;Iraí de Minas;0,695;0,563;0,847;0,705
2010;31;3131703;Itabira;0,756;0,678;0,873;0,729
2010;31;3131802;Itabirinha;0,653;0,531;0,838;0,625
2010;31;3131901;Itabirito;0,730;0,638;0,828;0,737
2010;31;3132008;Itacambira;0,628;0,550;0,791;0,570
2010;31;3132107;Itacarambi;0,641;0,564;0,787;0,593
2010;31;3132206;Itaguara;0,691;0,567;0,836;0,697
2010;31;3132305;Itaipé;0,552;0,388;0,759;0,570
2010;31;3132404;Itajubá;0,787;0,718;0,884;0,767
2010;31;3132503;Itamarandiba;0,646;0,547;0,798;0,618
2010;31;3132602;Itamarati de Minas;0,688;0,572;0,841;0,677
2010;31;3132701;Itambacuri;0,634;0,527;0,784;0,616
2010;31;3132800;Itambé do Mato Dentro;0,634;0,513;0,823;0,605
2010;31;3132909;Itamogi;0,674;0,568;0,810;0,665
2010;31;3133006;Itamonte;0,705;0,591;0,853;0,695
2010;31;3133105;Itanhandu;0,739;0,643;0,871;0,720
2010;31;3133204;Itanhomi;0,650;0,503;0,831;0,656
2010;31;3133303;Itaobim;0,629;0,516;0,787;0,613
2010;31;3133402;Itapagipe;0,723;0,603;0,861;0,728
2010;31;3133501;Itapecerica;0,713;0,618;0,846;0,692
2010;31;3133600;Itapeva;0,720;0,607;0,878;0,699
2010;31;3133709;Itatiaiuçu;0,677;0,563;0,833;0,661
2010;31;3133758;Itaú de Minas;0,776;0,711;0,862;0,761
2010;31;3133808;Itaúna;0,758;0,685;0,850;0,749
2010;31;3133907;Itaverava;0,627;0,496;0,811;0,613
2010;31;3134004;Itinga;0,600;0,484;0,797;0,559
2010;31;3134103;Itueta;0,635;0,485;0,825;0,640
2010;31;3134202;Ituiutaba;0,739;0,644;0,840;0,745
2010;31;3134301;Itumirim;0,726;0,675;0,840;0,675
2010;31;3134400;Iturama;0,747;0,674;0,848;0,730
2010;31;3134509;Itutinga;0,727;0,622;0,878;0,703
2010;31;3134608;Jaboticatubas;0,681;0,543;0,837;0,694
2010;31;3134707;Jacinto;0,620;0,496;0,807;0,595
2010;31;3134806;Jacuí;0,668;0,540;0,810;0,682
2010;31;3134905;Jacutinga;0,715;0,586;0,864;0,722
2010;31;3135001;Jaguaraçu;0,679;0,548;0,856;0,667
2010;31;3135050;Jaíba;0,638;0,531;0,789;0,619
2010;31;3135076;Jampruca;0,609;0,479;0,781;0,605
2010;31;3135100;Janaúba;0,696;0,649;0,796;0,654
2010;31;3135209;Januária;0,658;0,568;0,820;0,611
2010;31;3135308;Japaraíba;0,721;0,656;0,844;0,677
2010;31;3135357;Japonvar;0,608;0,514;0,786;0,556
2010;31;3135407;Jeceaba;0,661;0,544;0,844;0,629
2010;31;3135456;Jenipapo de Minas;0,624;0,520;0,793;0,588
2010;31;3135506;Jequeri;0,601;0,451;0,794;0,607
2010;31;3135605;Jequitaí;0,643;0,552;0,797;0,605
2010;31;3135704;Jequitibá;0,689;0,492;0,854;0,777
2010;31;3135803;Jequitinhonha;0,615;0,461;0,817;0,619
2010;31;3135902;Jesuânia;0,658;0,507;0,831;0,675
2010;31;3136009;Joaíma;0,587;0,448;0,789;0,572
2010;31;3136108;Joanésia;0,626;0,495;0,803;0,616
2010;31;3136207;João Monlevade;0,758;0,708;0,849;0,724
2010;31;3136306;João Pinheiro;0,697;0,630;0,788;0,683
2010;31;3136405;Joaquim Felício;0,637;0,489;0,824;0,642
2010;31;3136504;Jordânia;0,628;0,506;0,797;0,613
2010;31;3136520;José Gonçalves de Minas;0,632;0,553;0,764;0,597
2010;31;3136553;José Raydan;0,617;0,493;0,799;0,596
2010;31;3136579;Josenópolis;0,564;0,424;0,782;0,541
2010;31;3136603;Nova União;0,662;0,568;0,818;0,624
2010;31;3136652;Juatuba;0,717;0,649;0,849;0,670
2010;31;3136702;Juiz de Fora;0,778;0,711;0,844;0,784
2010;31;3136801;Juramento;0,669;0,617;0,808;0,601
2010;31;3136900;Juruaia;0,723;0,553;0,860;0,794
2010;31;3136959;Juvenília;0,592;0,501;0,776;0,535
2010;31;3137007;Ladainha;0,541;0,391;0,754;0,537
2010;31;3137106;Lagamar;0,718;0,637;0,839;0,692
2010;31;3137205;Lagoa da Prata;0,732;0,655;0,832;0,720
2010;31;3137304;Lagoa dos Patos;0,634;0,556;0,773;0,593
2010;31;3137403;Lagoa Dourada;0,676;0,554;0,828;0,672
2010;31;3137502;Lagoa Formosa;0,703;0,582;0,832;0,717
2010;31;3137536;Lagoa Grande;0,679;0,568;0,812;0,678
2010;31;3137601;Lagoa Santa;0,777;0,693;0,857;0,790
2010;31;3137700;Lajinha;0,661;0,541;0,810;0,659
2010;31;3137809;Lambari;0,711;0,596;0,871;0,693
2010;31;3137908;Lamim;0,655;0,546;0,828;0,623
2010;31;3138005;Laranjal;0,714;0,613;0,857;0,694
2010;31;3138104;Lassance;0,629;0,511;0,795;0,614
2010;31;3138203;Lavras;0,782;0,719;0,880;0,757
2010;31;3138302;Leandro Ferreira;0,710;0,579;0,875;0,707
2010;31;3138351;Leme do Prado;0,670;0,640;0,779;0,602
2010;31;3138401;Leopoldina;0,726;0,635;0,867;0,696
2010;31;3138500;Liberdade;0,672;0,537;0,834;0,679
2010;31;3138609;Lima Duarte;0,710;0,590;0,861;0,705
2010;31;3138625;Limeira do Oeste;0,710;0,620;0,834;0,693
2010;31;3138658;Lontra;0,646;0,577;0,794;0,589
2010;31;3138674;Luisburgo;0,608;0,455;0,809;0,610
2010;31;3138682;Luislândia;0,614;0,509;0,799;0,568
2010;31;3138708;Luminárias;0,678;0,578;0,821;0,656
2010;31;3138807;Luz;0,724;0,630;0,833;0,723
2010;31;3138906;Machacalis;0,640;0,552;0,783;0,607
2010;31;3139003;Machado;0,715;0,600;0,848;0,719
2010;31;3139102;Madre de Deus de Minas;0,699;0,598;0,856;0,667
2010;31;3139201;Malacacheta;0,618;0,505;0,768;0,609
2010;31;3139250;Mamonas;0,618;0,537;0,779;0,565
2010;31;3139300;Manga;0,642;0,530;0,799;0,624
2010;31;3139409;Manhuaçu;0,689;0,563;0,839;0,692
2010;31;3139508;Manhumirim;0,697;0,589;0,846;0,679
2010;31;3139607;Mantena;0,675;0,575;0,803;0,666
2010;31;3139706;Maravilhas;0,672;0,558;0,845;0,645
2010;31;3139805;Mar de Espanha;0,684;0,558;0,825;0,694
2010;31;3139904;Maria da Fé;0,702;0,637;0,842;0,646
2010;31;3140001;Mariana;0,742;0,664;0,874;0,705
2010;31;3140100;Marilac;0,615;0,488;0,781;0,609
2010;31;3140159;Mário Campos;0,699;0,604;0,833;0,680
2010;31;3140209;Maripá de Minas;0,680;0,555;0,847;0,668
2010;31;3140308;Marliéria;0,657;0,537;0,838;0,629
2010;31;3140407;Marmelópolis;0,650;0,553;0,806;0,615
2010;31;3140506;Martinho Campos;0,669;0,515;0,844;0,688
2010;31;3140530;Martins Soares;0,635;0,512;0,809;0,619
2010;31;3140555;Mata Verde;0,581;0,450;0,749;0,581
2010;31;3140605;Materlândia;0,597;0,497;0,769;0,557
2010;31;3140704;Mateus Leme;0,704;0,604;0,839;0,688
2010;31;3140803;Matias Barbosa;0,720;0,616;0,862;0,703
2010;31;3140852;Matias Cardoso;0,616;0,501;0,799;0,584
2010;31;3140902;Matipó;0,631;0,511;0,780;0,630
2010;31;3141009;Mato Verde;0,662;0,610;0,789;0,604
2010;31;3141108;Matozinhos;0,731;0,654;0,864;0,690
2010;31;3141207;Matutina;0,707;0,552;0,859;0,744
2010;31;3141306;Medeiros;0,711;0,584;0,851;0,722
2010;31;3141405;Medina;0,624;0,475;0,821;0,624
2010;31;3141504;Mendes Pimentel;0,626;0,518;0,768;0,617
2010;31;3141603;Mercês;0,664;0,515;0,831;0,683
2010;31;3141702;Mesquita;0,656;0,555;0,796;0,638
2010;31;3141801;Minas Novas;0,633;0,528;0,802;0,600
2010;31;3141900;Minduri;0,658;0,560;0,805;0,631
2010;31;3142007;Mirabela;0,665;0,622;0,794;0,596
2010;31;3142106;Miradouro;0,663;0,546;0,827;0,645
2010;31;3142205;Miraí;0,680;0,567;0,837;0,663
2010;31;3142254;Miravânia;0,593;0,492;0,781;0,544
2010;31;3142304;Moeda;0,638;0,494;0,800;0,657
2010;31;3142403;Moema;0,721;0,629;0,848;0,703
2010;31;3142502;Monjolos;0,650;0,548;0,819;0,612
2010;31;3142601;Monsenhor Paulo;0,721;0,654;0,839;0,682
2010;31;3142700;Montalvânia;0,613;0,492;0,799;0,586
2010;31;3142809;Monte Alegre de Minas;0,674;0,516;0,848;0,699
2010;31;3142908;Monte Azul;0,659;0,578;0,811;0,611
2010;31;3143005;Monte Belo;0,688;0,567;0,847;0,677
2010;31;3143104;Monte Carmelo;0,728;0,620;0,868;0,716
2010;31;3143153;Monte Formoso;0,541;0,396;0,765;0,523
2010;31;3143203;Monte Santo de Minas;0,710;0,595;0,874;0,689
2010;31;3143302;Montes Claros;0,770;0,744;0,868;0,707
2010;31;3143401;Monte Sião;0,724;0,590;0,878;0,732
2010;31;3143450;Montezuma;0,587;0,425;0,809;0,587
2010;31;3143500;Morada Nova de Minas;0,696;0,590;0,830;0,688
2010;31;3143609;Morro da Garça;0,648;0,538;0,816;0,619
2010;31;3143708;Morro do Pilar;0,597;0,422;0,809;0,622
2010;31;3143807;Munhoz;0,647;0,520;0,821;0,634
2010;31;3143906;Muriaé;0,734;0,634;0,853;0,731
2010;31;3144003;Mutum;0,644;0,511;0,822;0,635
2010;31;3144102;Muzambinho;0,740;0,652;0,859;0,723
2010;31;3144201;Nacip Raydan;0,585;0,377;0,831;0,640
2010;31;3144300;Nanuque;0,701;0,609;0,850;0,666
2010;31;3144359;Naque;0,675;0,592;0,822;0,632
2010;31;3144375;Natalândia;0,671;0,557;0,846;0,641
2010;31;3144409;Natércia;0,693;0,612;0,805;0,677
2010;31;3144508;Nazareno;0,690;0,597;0,830;0,662
2010;31;3144607;Nepomuceno;0,667;0,549;0,822;0,658
2010;31;3144656;Ninheira;0,556;0,418;0,784;0,525
2010;31;3144672;Nova Belém;0,592;0,481;0,768;0,563
2010;31;3144706;Nova Era;0,709;0,639;0,825;0,675
2010;31;3144805;Nova Lima;0,813;0,704;0,885;0,864
2010;31;3144904;Nova Módica;0,630;0,527;0,779;0,610
2010;31;3145000;Nova Ponte;0,701;0,562;0,835;0,734
2010;31;3145059;Nova Porteirinha;0,641;0,556;0,811;0,584
2010;31;3145109;Nova Resende;0,671;0,525;0,839;0,687
2010;31;3145208;Nova Serrana;0,715;0,597;0,864;0,709
2010;31;3145307;Novo Cruzeiro;0,571;0,415;0,797;0,562
2010;31;3145356;Novo Oriente de Minas;0,555;0,400;0,754;0,568
2010;31;3145372;Novorizonte;0,616;0,500;0,804;0,582
2010;31;3145406;Olaria;0,636;0,490;0,823;0,638
2010;31;3145455;Olhos-d'Água;0,626;0,498;0,812;0,607
2010;31;3145505;Olímpio Noronha;0,674;0,577;0,809;0,656
2010;31;3145604;Oliveira;0,699;0,587;0,842;0,691
2010;31;3145703;Oliveira Fortes;0,635;0,523;0,794;0,616
2010;31;3145802;Onça de Pitangui;0,663;0,559;0,806;0,646
2010;31;3145851;Oratórios;0,637;0,500;0,824;0,627
2010;31;3145877;Orizânia;0,562;0,414;0,778;0,551
2010;31;3145901;Ouro Branco;0,764;0,680;0,872;0,753
2010;31;3146008;Ouro Fino;0,722;0,622;0,861;0,703
2010;31;3146107;Ouro Preto;0,741;0,677;0,834;0,721
2010;31;3146206;Ouro Verde de Minas;0,595;0,459;0,789;0,582
2010;31;3146255;Padre Carvalho;0,599;0,471;0,795;0,575
2010;31;3146305;Padre Paraíso;0,596;0,478;0,797;0,556
2010;31;3146404;Paineiras;0,669;0,526;0,824;0,691
2010;31;3146503;Pains;0,728;0,616;0,874;0,717
2010;31;3146552;Pai Pedro;0,590;0,520;0,760;0,520
2010;31;3146602;Paiva;0,720;0,672;0,845;0,657
2010;31;3146701;Palma;0,703;0,623;0,841;0,663
2010;31;3146750;Palmópolis;0,565;0,437;0,738;0,559
2010;31;3146909;Papagaios;0,666;0,545;0,833;0,650
2010;31;3147006;Paracatu;0,744;0,685;0,854;0,704
2010;31;3147105;Pará de Minas;0,725;0,628;0,848;0,715
2010;31;3147204;Paraguaçu;0,715;0,623;0,850;0,690
2010;31;3147303;Paraisópolis;0,729;0,657;0,852;0,692
2010;31;3147402;Paraopeba;0,694;0,625;0,793;0,674
2010;31;3147501;Passabém;0,642;0,533;0,787;0,631
2010;31;3147600;Passa Quatro;0,715;0,623;0,860;0,683
2010;31;3147709;Passa Tempo;0,687;0,594;0,808;0,676
2010;31;3147808;Passa-Vinte;0,648;0,507;0,809;0,662
2010;31;3147907;Passos;0,756;0,658;0,886;0,741
2010;31;3147956;Patis;0,614;0,534;0,787;0,550
2010;31;3148004;Patos de Minas;0,765;0,698;0,855;0,749
2010;31;3148103;Patrocínio;0,729;0,628;0,852;0,723
2010;31;3148202;Patrocínio do Muriaé;0,682;0,576;0,796;0,691
2010;31;3148301;Paula Cândido;0,637;0,497;0,823;0,632
2010;31;3148400;Paulistas;0,625;0,521;0,791;0,593
2010;31;3148509;Pavão;0,627;0,507;0,813;0,599
2010;31;3148608;Peçanha;0,627;0,497;0,787;0,630
2010;31;3148707;Pedra Azul;0,627;0,518;0,797;0,596
2010;31;3148756;Pedra Bonita;0,573;0,457;0,740;0,557
2010;31;3148806;Pedra do Anta;0,624;0,466;0,821;0,636
2010;31;3148905;Pedra do Indaiá;0,708;0,611;0,843;0,688
2010;31;3149002;Pedra Dourada;0,655;0,539;0,827;0,631
2010;31;3149101;Pedralva;0,675;0,563;0,807;0,677
2010;31;3149150;Pedras de Maria da Cruz;0,614;0,521;0,787;0,564
2010;31;3149200;Pedrinópolis;0,729;0,631;0,855;0,719
2010;31;3149309;Pedro Leopoldo;0,757;0,700;0,856;0,723
2010;31;3149408;Pedro Teixeira;0,637;0,555;0,794;0,587
2010;31;3149507;Pequeri;0,694;0,557;0,868;0,692
2010;31;3149606;Pequi;0,674;0,564;0,808;0,672
2010;31;3149705;Perdigão;0,703;0,579;0,843;0,711
2010;31;3149804;Perdizes;0,723;0,571;0,880;0,752
2010;31;3149903;Perdões;0,744;0,661;0,878;0,710
2010;31;3149952;Periquito;0,651;0,555;0,839;0,593
2010;31;3150000;Pescador;0,656;0,552;0,831;0,615
2010;31;3150109;Piau;0,629;0,467;0,824;0,647
2010;31;3150158;Piedade de Caratinga;0,612;0,477;0,773;0,621
2010;31;3150208;Piedade de Ponte Nova;0,639;0,528;0,802;0,616
2010;31;3150307;Piedade do Rio Grande;0,678;0,593;0,820;0,640
2010;31;3150406;Piedade dos Gerais;0,626;0,453;0,840;0,645
2010;31;3150505;Pimenta;0,686;0,556;0,832;0,697
2010;31;3150539;Pingo-d'Água;0,619;0,529;0,744;0,603
2010;31;3150570;Pintópolis;0,594;0,469;0,799;0,560
2010;31;3150604;Piracema;0,646;0,515;0,809;0,646
2010;31;3150703;Pirajuba;0,723;0,588;0,858;0,748
2010;31;3150802;Piranga;0,600;0,461;0,799;0,585
2010;31;3150901;Piranguçu;0,685;0,599;0,806;0,666
2010;31;3151008;Piranguinho;0,717;0,651;0,841;0,672
2010;31;3151107;Pirapetinga;0,709;0,624;0,841;0,680
2010;31;3151206;Pirapora;0,731;0,680;0,828;0,693
2010;31;3151305;Piraúba;0,684;0,564;0,843;0,673
2010;31;3151404;Pitangui;0,725;0,617;0,870;0,711
2010;31;3151503;Piumhi;0,737;0,625;0,878;0,729
2010;31;3151602;Planura;0,712;0,597;0,852;0,711
2010;31;3151701;Poço Fundo;0,691;0,541;0,866;0,705
2010;31;3151800;Poços de Caldas;0,779;0,706;0,872;0,768
2010;31;3151909;Pocrane;0,626;0,500;0,799;0,614
2010;31;3152006;Pompéu;0,689;0,564;0,834;0,694
2010;31;3152105;Ponte Nova;0,717;0,608;0,848;0,714
2010;31;3152131;Ponto Chique;0,606;0,493;0,797;0,565
2010;31;3152170;Ponto dos Volantes;0,595;0,478;0,781;0,564
2010;31;3152204;Porteirinha;0,651;0,585;0,796;0,593
2010;31;3152303;Porto Firme;0,634;0,516;0,804;0,615
2010;31;3152402;Poté;0,624;0,515;0,809;0,584
2010;31;3152501;Pouso Alegre;0,774;0,704;0,872;0,755
2010;31;3152600;Pouso Alto;0,710;0,573;0,847;0,736
2010;31;3152709;Prados;0,689;0,574;0,865;0,660
2010;31;3152808;Prata;0,695;0,536;0,852;0,736
2010;31;3152907;Pratápolis;0,729;0,639;0,862;0,703
2010;31;3153004;Pratinha;0,721;0,607;0,871;0,710
2010;31;3153103;Presidente Bernardes;0,632;0,521;0,804;0,603
2010;31;3153202;Presidente Juscelino;0,614;0,483;0,796;0,603
2010;31;3153301;Presidente Kubitschek;0,595;0,468;0,787;0,573
2010;31;3153400;Presidente Olegário;0,701;0,611;0,831;0,679
2010;31;3153509;Alto Jequitibá;0,660;0,554;0,787;0,660
2010;31;3153608;Prudente de Morais;0,690;0,629;0,795;0,658
2010;31;3153707;Quartel Geral;0,683;0,557;0,846;0,677
2010;31;3153806;Queluzito;0,682;0,575;0,823;0,669
2010;31;3153905;Raposos;0,730;0,661;0,832;0,706
2010;31;3154002;Raul Soares;0,655;0,520;0,823;0,658
2010;31;3154101;Recreio;0,692;0,589;0,841;0,668
2010;31;3154150;Reduto;0,629;0,480;0,801;0,647
2010;31;3154200;Resende Costa;0,685;0,568;0,823;0,689
2010;31;3154309;Resplendor;0,670;0,543;0,833;0,666
2010;31;3154408;Ressaquinha;0,683;0,599;0,834;0,638
2010;31;3154457;Riachinho;0,632;0,551;0,795;0,577
2010;31;3154507;Riacho dos Machados;0,627;0,547;0,808;0,557
2010;31;3154606;Ribeirão das Neves;0,684;0,591;0,822;0,658
2010;31;3154705;Ribeirão Vermelho;0,737;0,675;0,850;0,699
2010;31;3154804;Rio Acima;0,673;0,508;0,870;0,689
2010;31;3154903;Rio Casca;0,650;0,519;0,813;0,651
2010;31;3155009;Rio Doce;0,664;0,567;0,801;0,644
2010;31;3155108;Rio do Prado;0,605;0,479;0,807;0,573
2010;31;3155207;Rio Espera;0,602;0,474;0,801;0,575
2010;31;3155306;Rio Manso;0,648;0,501;0,802;0,676
2010;31;3155405;Rio Novo;0,707;0,631;0,835;0,671
2010;31;3155504;Rio Paranaíba;0,709;0,575;0,855;0,725
2010;31;3155603;Rio Pardo de Minas;0,624;0,520;0,798;0,586
2010;31;3155702;Rio Piracicaba;0,685;0,605;0,794;0,670
2010;31;3155801;Rio Pomba;0,714;0,609;0,863;0,694
2010;31;3155900;Rio Preto;0,679;0,557;0,847;0,665
2010;31;3156007;Rio Vermelho;0,558;0,389;0,787;0,566
2010;31;3156106;Ritápolis;0,653;0,526;0,815;0,649
2010;31;3156205;Rochedo de Minas;0,684;0,569;0,849;0,663
2010;31;3156304;Rodeiro;0,668;0,532;0,797;0,703
2010;31;3156403;Romaria;0,708;0,604;0,813;0,722
2010;31;3156452;Rosário da Limeira;0,662;0,548;0,812;0,653
2010;31;3156502;Rubelita;0,582;0,443;0,808;0,552
2010;31;3156601;Rubim;0,609;0,469;0,817;0,589
2010;31;3156700;Sabará;0,731;0,670;0,833;0,699
2010;31;3156809;Sabinópolis;0,638;0,502;0,812;0,637
2010;31;3156908;Sacramento;0,732;0,619;0,871;0,726
2010;31;3157005;Salinas;0,679;0,551;0,815;0,697
2010;31;3157104;Salto da Divisa;0,608;0,453;0,846;0,586
2010;31;3157203;Santa Bárbara;0,707;0,642;0,816;0,676
2010;31;3157252;Santa Bárbara do Leste;0,613;0,473;0,800;0,608
2010;31;3157278;Santa Bárbara do Monte Verde;0,606;0,438;0,823;0,617
2010;31;3157302;Santa Bárbara do Tugúrio;0,637;0,517;0,810;0,616
2010;31;3157336;Santa Cruz de Minas;0,706;0,636;0,839;0,660
2010;31;3157377;Santa Cruz de Salinas;0,577;0,463;0,757;0,548
2010;31;3157401;Santa Cruz do Escalvado;0,625;0,485;0,815;0,618
2010;31;3157500;Santa Efigênia de Minas;0,607;0,487;0,793;0,579
2010;31;3157609;Santa Fé de Minas;0,615;0,492;0,804;0,589
2010;31;3157658;Santa Helena de Minas;0,567;0,474;0,723;0,531
2010;31;3157708;Santa Juliana;0,706;0,558;0,868;0,726
2010;31;3157807;Santa Luzia;0,715;0,625;0,859;0,682
2010;31;3157906;Santa Margarida;0,610;0,455;0,785;0,635
2010;31;3158003;Santa Maria de Itabira;0,648;0,533;0,821;0,622
2010;31;3158102;Santa Maria do Salto;0,613;0,507;0,765;0,593
2010;31;3158201;Santa Maria do Suaçuí;0,640;0,511;0,817;0,629
2010;31;3158300;Santana da Vargem;0,698;0,587;0,850;0,681
2010;31;3158409;Santana de Cataguases;0,694;0,655;0,793;0,643
2010;31;3158508;Santana de Pirapama;0,628;0,493;0,816;0,617
2010;31;3158607;Santana do Deserto;0,651;0,493;0,849;0,660
2010;31;3158706;Santana do Garambéu;0,667;0,558;0,822;0,648
2010;31;3158805;Santana do Jacaré;0,647;0,523;0,790;0,655
2010;31;3158904;Santana do Manhuaçu;0,621;0,475;0,809;0,622
2010;31;3158953;Santana do Paraíso;0,685;0,552;0,878;0,663
2010;31;3159001;Santana do Riacho;0,665;0,551;0,834;0,641
2010;31;3159100;Santana dos Montes;0,647;0,557;0,801;0,608
2010;31;3159209;Santa Rita de Caldas;0,690;0,576;0,823;0,693
2010;31;3159308;Santa Rita de Jacutinga;0,682;0,567;0,826;0,676
2010;31;3159357;Santa Rita de Minas;0,613;0,464;0,791;0,627
2010;31;3159407;Santa Rita de Ibitipoca;0,630;0,505;0,793;0,625
2010;31;3159506;Santa Rita do Itueto;0,607;0,472;0,779;0,609
2010;31;3159605;Santa Rita do Sapucaí;0,721;0,620;0,830;0,727
2010;31;3159704;Santa Rosa da Serra;0,705;0,583;0,866;0,695
2010;31;3159803;Santa Vitória;0,710;0,576;0,865;0,718
2010;31;3159902;Santo Antônio do Amparo;0,672;0,576;0,823;0,641
2010;31;3160009;Santo Antônio do Aventureiro;0,671;0,545;0,841;0,660
2010;31;3160108;Santo Antônio do Grama;0,633;0,493;0,823;0,626
2010;31;3160207;Santo Antônio do Itambé;0,558;0,408;0,794;0,537
2010;31;3160306;Santo Antônio do Jacinto;0,574;0,427;0,772;0,575
2010;31;3160405;Santo Antônio do Monte;0,724;0,615;0,840;0,736
2010;31;3160454;Santo Antônio do Retiro;0,570;0,469;0,784;0,504
2010;31;3160504;Santo Antônio do Rio Abaixo;0,669;0,591;0,823;0,616
2010;31;3160603;Santo Hipólito;0,657;0,536;0,824;0,641
2010;31;3160702;Santos Dumont;0,741;0,697;0,847;0,688
2010;31;3160801;São Bento Abade;0,672;0,581;0,801;0,651
2010;31;3160900;São Brás do Suaçuí;0,664;0,541;0,801;0,675
2010;31;3160959;São Domingos das Dores;0,638;0,539;0,800;0,602
2010;31;3161007;São Domingos do Prata;0,690;0,593;0,823;0,674
2010;31;3161056;São Félix de Minas;0,620;0,510;0,795;0,589
2010;31;3161106;São Francisco;0,638;0,542;0,804;0,595
2010;31;3161205;São Francisco de Paula;0,660;0,537;0,812;0,660
2010;31;3161304;São Francisco de Sales;0,688;0,528;0,867;0,711
2010;31;3161403;São Francisco do Glória;0,663;0,541;0,833;0,647
2010;31;3161502;São Geraldo;0,651;0,507;0,831;0,656
2010;31;3161601;São Geraldo da Piedade;0,600;0,447;0,774;0,625
2010;31;3161650;São Geraldo do Baixio;0,630;0,482;0,824;0,631
2010;31;3161700;São Gonçalo do Abaeté;0,670;0,568;0,796;0,665
2010;31;3161809;São Gonçalo do Pará;0,689;0,570;0,842;0,682
2010;31;3161908;São Gonçalo do Rio Abaixo;0,667;0,569;0,792;0,658
2010;31;3162005;São Gonçalo do Sapucaí;0,715;0,609;0,850;0,706
2010;31;3162104;São Gotardo;0,736;0,632;0,855;0,739
2010;31;3162203;São João Batista do Glória;0,724;0,631;0,845;0,713
2010;31;3162252;São João da Lagoa;0,634;0,546;0,813;0,575
2010;31;3162302;São João da Mata;0,653;0,501;0,822;0,676
2010;31;3162401;São João da Ponte;0,569;0,419;0,786;0,559
2010;31;3162450;São João das Missões;0,529;0,381;0,776;0,502
2010;31;3162500;São João del Rei;0,758;0,690;0,860;0,733
2010;31;3162559;São João do Manhuaçu;0,650;0,498;0,836;0,659
2010;31;3162575;São João do Manteninha;0,640;0,522;0,805;0,623
2010;31;3162609;São João do Oriente;0,648;0,536;0,805;0,631
2010;31;3162658;São João do Pacuí;0,625;0,504;0,798;0,606
2010;31;3162708;São João do Paraíso;0,615;0,493;0,808;0,583
2010;31;3162807;São João Evangelista;0,638;0,520;0,806;0,620
2010;31;3162906;São João Nepomuceno;0,708;0,600;0,850;0,696
2010;31;3162922;São Joaquim de Bicas;0,662;0,518;0,844;0,664
2010;31;3162948;São José da Barra;0,739;0,637;0,876;0,722
2010;31;3162955;São José da Lapa;0,729;0,679;0,844;0,677
2010;31;3163003;São José da Safira;0,583;0,432;0,765;0,600
2010;31;3163102;São José da Varginha;0,704;0,597;0,857;0,682
2010;31;3163201;São José do Alegre;0,717;0,652;0,837;0,676
2010;31;3163300;São José do Divino;0,658;0,583;0,778;0,627
2010;31;3163409;São José do Goiabal;0,666;0,553;0,814;0,657
2010;31;3163508;São José do Jacuri;0,566;0,417;0,749;0,582
2010;31;3163607;São José do Mantimento;0,657;0,562;0,823;0,612
2010;31;3163706;São Lourenço;0,759;0,673;0,871;0,746
2010;31;3163805;São Miguel do Anta;0,644;0,523;0,828;0,616
2010;31;3163904;São Pedro da União;0,674;0,539;0,836;0,680
2010;31;3164001;São Pedro dos Ferros;0,659;0,576;0,789;0,631
2010;31;3164100;São Pedro do Suaçuí;0,622;0,501;0,785;0,611
2010;31;3164209;São Romão;0,640;0,568;0,787;0,586
2010;31;3164308;São Roque de Minas;0,672;0,517;0,838;0,699
2010;31;3164407;São Sebastião da Bela Vista;0,692;0,569;0,848;0,687
2010;31;3164431;São Sebastião da Vargem Alegre;0,660;0,552;0,827;0,631
2010;31;3164472;São Sebastião do Anta;0,607;0,490;0,766;0,597
2010;31;3164506;São Sebastião do Maranhão;0,581;0,427;0,816;0,564
2010;31;3164605;São Sebastião do Oeste;0,626;0,434;0,832;0,678
2010;31;3164704;São Sebastião do Paraíso;0,722;0,613;0,836;0,735
2010;31;3164803;São Sebastião do Rio Preto;0,632;0,472;0,809;0,662
2010;31;3164902;São Sebastião do Rio Verde;0,676;0,568;0,845;0,645
2010;31;3165008;São Tiago;0,662;0,533;0,825;0,660
2010;31;3165107;São Tomás de Aquino;0,700;0,568;0,874;0,692
2010;31;3165206;São Thomé das Letras;0,667;0,578;0,801;0,640
2010;31;3165305;São Vicente de Minas;0,715;0,644;0,845;0,673
2010;31;3165404;Sapucaí-Mirim;0,680;0,563;0,842;0,664
2010;31;3165503;Sardoá;0,636;0,533;0,812;0,594
2010;31;3165537;Sarzedo;0,734;0,643;0,871;0,706
2010;31;3165552;Setubinha;0,542;0,400;0,743;0,536
2010;31;3165560;Sem-Peixe;0,654;0,543;0,826;0,623
2010;31;3165578;Senador Amaral;0,661;0,564;0,821;0,623
2010;31;3165602;Senador Cortes;0,674;0,534;0,834;0,689
2010;31;3165701;Senador Firmino;0,644;0,505;0,829;0,639
2010;31;3165800;Senador José Bento;0,684;0,585;0,824;0,663
2010;31;3165909;Senador Modestino Gonçalves;0,620;0,539;0,782;0,566
2010;31;3166006;Senhora de Oliveira;0,631;0,521;0,801;0,603
2010;31;3166105;Senhora do Porto;0,565;0,378;0,802;0,595
2010;31;3166204;Senhora dos Remédios;0,626;0,548;0,776;0,578
2010;31;3166303;Sericita;0,560;0,375;0,776;0,602
2010;31;3166402;Seritinga;0,660;0,512;0,853;0,657
2010;31;3166501;Serra Azul de Minas;0,557;0,398;0,809;0,537
2010;31;3166600;Serra da Saudade;0,677;0,542;0,863;0,663
2010;31;3166709;Serra dos Aimorés;0,651;0,539;0,784;0,653
2010;31;3166808;Serra do Salitre;0,696;0,549;0,852;0,722
2010;31;3166907;Serrania;0,677;0,569;0,833;0,655
2010;31;3166956;Serranópolis de Minas;0,633;0,539;0,773;0,608
2010;31;3167004;Serranos;0,643;0,499;0,834;0,638
2010;31;3167103;Serro;0,656;0,520;0,834;0,650
2010;31;3167202;Sete Lagoas;0,760;0,705;0,840;0,742
2010;31;3167301;Silveirânia;0,652;0,511;0,841;0,645
2010;31;3167400;Silvianópolis;0,699;0,559;0,865;0,706
2010;31;3167509;Simão Pereira;0,638;0,478;0,843;0,645
2010;31;3167608;Simonésia;0,632;0,493;0,823;0,622
2010;31;3167707;Sobrália;0,631;0,510;0,805;0,611
2010;31;3167806;Soledade de Minas;0,697;0,606;0,831;0,673
2010;31;3167905;Tabuleiro;0,681;0,578;0,821;0,666
2010;31;3168002;Taiobeiras;0,670;0,578;0,815;0,639
2010;31;3168051;Taparuba;0,645;0,557;0,799;0,604
2010;31;3168101;Tapira;0,712;0,561;0,847;0,759
2010;31;3168200;Tapiraí;0,667;0,522;0,847;0,670
2010;31;3168309;Taquaraçu de Minas;0,651;0,525;0,818;0,643
2010;31;3168408;Tarumirim;0,633;0,499;0,829;0,614
2010;31;3168507;Teixeiras;0,675;0,558;0,804;0,685
2010;31;3168606;Teófilo Otoni;0,701;0,598;0,824;0,698
2010;31;3168705;Timóteo;0,770;0,742;0,836;0,737
2010;31;3168804;Tiradentes;0,740;0,619;0,885;0,741
2010;31;3168903;Tiros;0,683;0,532;0,852;0,703
2010;31;3169000;Tocantins;0,688;0,597;0,800;0,682
2010;31;3169059;Tocos do Moji;0,696;0,631;0,808;0,661
2010;31;3169109;Toledo;0,661;0,546;0,802;0,660
2010;31;3169208;Tombos;0,718;0,607;0,871;0,699
2010;31;3169307;Três Corações;0,744;0,660;0,855;0,730
2010;31;3169356;Três Marias;0,752;0,695;0,866;0,706
2010;31;3169406;Três Pontas;0,731;0,643;0,850;0,714
2010;31;3169505;Tumiritinga;0,626;0,482;0,827;0,615
2010;31;3169604;Tupaciguara;0,719;0,605;0,863;0,711
2010;31;3169703;Turmalina;0,682;0,602;0,816;0,646
2010;31;3169802;Turvolândia;0,696;0,576;0,829;0,707
2010;31;3169901;Ubá;0,724;0,620;0,841;0,727
2010;31;3170008;Ubaí;0,609;0,519;0,787;0,552
2010;31;3170057;Ubaporanga;0,614;0,475;0,805;0,604
2010;31;3170107;Uberaba;0,772;0,705;0,845;0,772
2010;31;3170206;Uberlândia;0,789;0,716;0,885;0,776
2010;31;3170305;Umburatiba;0,638;0,531;0,815;0,599
2010;31;3170404;Unaí;0,736;0,651;0,847;0,723
2010;31;3170438;União de Minas;0,672;0,534;0,829;0,684
2010;31;3170479;Uruana de Minas;0,664;0,602;0,793;0,612
2010;31;3170503;Urucânia;0,633;0,498;0,811;0,628
2010;31;3170529;Urucuia;0,619;0,543;0,781;0,559
2010;31;3170578;Vargem Alegre;0,631;0,486;0,819;0,631
2010;31;3170602;Vargem Bonita;0,696;0,597;0,847;0,667
2010;31;3170651;Vargem Grande do Rio Pardo;0,634;0,559;0,811;0,563
2010;31;3170701;Varginha;0,778;0,707;0,875;0,760
2010;31;3170750;Varjão de Minas;0,711;0,631;0,847;0,673
2010;31;3170800;Várzea da Palma;0,666;0,573;0,814;0,634
2010;31;3170909;Varzelândia;0,594;0,477;0,806;0,546
2010;31;3171006;Vazante;0,742;0,666;0,866;0,707
2010;31;3171030;Verdelândia;0,584;0,462;0,797;0,542
2010;31;3171071;Veredinha;0,632;0,555;0,785;0,579
2010;31;3171105;Veríssimo;0,667;0,501;0,869;0,683
2010;31;3171154;Vermelho Novo;0,612;0,475;0,790;0,610
2010;31;3171204;Vespasiano;0,688;0,592;0,811;0,677
2010;31;3171303;Viçosa;0,775;0,696;0,883;0,758
2010;31;3171402;Vieiras;0,668;0,592;0,808;0,623
2010;31;3171501;Mathias Lobato;0,612;0,483;0,795;0,596
2010;31;3171600;Virgem da Lapa;0,610;0,488;0,797;0,585
2010;31;3171709;Virgínia;0,651;0,523;0,829;0,635
2010;31;3171808;Virginópolis;0,675;0,580;0,831;0,638
2010;31;3171907;Virgolândia;0,620;0,497;0,795;0,602
2010;31;3172004;Visconde do Rio Branco;0,709;0,591;0,850;0,709
2010;31;3172103;Volta Grande;0,669;0,531;0,841;0,669
2010;31;3172202;Wenceslau Braz;0,678;0,576;0,842;0,644
2010;32;3200102;AFONSO CLÁUDIO;0,667;0,544;0,825;0,661
2010;32;3200136;ÁGUIA BRANCA;0,678;0,595;0,792;0,660
2010;32;3200169;ÁGUA DOCE DO NORTE;0,652;0,546;0,819;0,619
2010;32;3200201;ALEGRE;0,721;0,630;0,839;0,708
2010;32;3200300;ALFREDO CHAVES;0,710;0,611;0,832;0,703
2010;32;3200359;ALTO RIO NOVO;0,664;0,567;0,815;0,634
2010;32;3200409;ANCHIETA;0,730;0,654;0,856;0,696
2010;32;3200508;APIACÁ;0,673;0,549;0,841;0,659
2010;32;3200607;ARACRUZ;0,752;0,707;0,838;0,717
2010;32;3200706;ATILIO VIVACQUA;0,708;0,637;0,841;0,663
2010;32;3200805;BAIXO GUANDU;0,702;0,637;0,811;0,670
2010;32;3200904;BARRA DE SÃO FRANCISCO;0,683;0,580;0,815;0,673
2010;32;3201001;BOA ESPERANÇA;0,679;0,590;0,816;0,651
2010;32;3201100;BOM JESUS DO NORTE;0,734;0,673;0,854;0,689
2010;32;3201159;BREJETUBA;0,656;0,540;0,828;0,630
2010;32;3201209;CACHOEIRO DE ITAPEMIRIM;0,746;0,677;0,837;0,733
2010;32;3201308;CARIACICA;0,718;0,628;0,844;0,699
2010;32;3201407;CASTELO;0,726;0,639;0,852;0,703
2010;32;3201506;COLATINA;0,746;0,668;0,841;0,738
2010;32;3201605;CONCEIÇÃO DA BARRA;0,681;0,603;0,810;0,648
2010;32;3201704;CONCEIÇÃO DO CASTELO;0,670;0,541;0,810;0,685
2010;32;3201803;DIVINO DE SÃO LOURENÇO;0,632;0,496;0,819;0,622
2010;32;3201902;DOMINGOS MARTINS;0,669;0,528;0,833;0,680
2010;32;3202009;DORES DO RIO PRETO;0,654;0,542;0,813;0,635
2010;32;3202108;ECOPORANGA;0,662;0,562;0,819;0,631
2010;32;3202207;FUNDÃO;0,718;0,623;0,839;0,708
2010;32;3202256;GOVERNADOR LINDENBERG;0,694;0,608;0,823;0,669
2010;32;3202306;GUAÇUÍ;0,703;0,595;0,846;0,691
2010;32;3202405;GUARAPARI;0,731;0,626;0,837;0,746
2010;32;3202454;IBATIBA;0,647;0,501;0,830;0,651
2010;32;3202504;IBIRAÇU;0,726;0,625;0,835;0,733
2010;32;3202553;IBITIRAMA;0,622;0,481;0,821;0,609
2010;32;3202603;ICONHA;0,729;0,658;0,830;0,709
2010;32;3202652;IRUPI;0,637;0,493;0,798;0,658
2010;32;3202702;ITAGUAÇU;0,702;0,641;0,802;0,672
2010;32;3202801;ITAPEMIRIM;0,654;0,540;0,808;0,640
2010;32;3202900;ITARANA;0,684;0,568;0,809;0,696
2010;32;3203007;IÚNA;0,666;0,537;0,829;0,665
2010;32;3203056;JAGUARÉ;0,678;0,568;0,810;0,678
2010;32;3203106;JERÔNIMO MONTEIRO;0,698;0,589;0,844;0,685
2010;32;3203130;JOÃO NEIVA;0,753;0,663;0,857;0,751
2010;32;3203163;LARANJA DA TERRA;0,656;0,550;0,810;0,633
2010;32;3203205;LINHARES;0,724;0,630;0,834;0,721
2010;32;3203304;MANTENÓPOLIS;0,657;0,551;0,810;0,636
2010;32;3203320;MARATAÍZES;0,696;0,588;0,847;0,676
2010;32;3203346;MARECHAL FLORIANO;0,710;0,589;0,849;0,715
2010;32;3203353;MARILÂNDIA;0,696;0,612;0,823;0,668
2010;32;3203403;MIMOSO DO SUL;0,670;0,541;0,827;0,672
2010;32;3203502;MONTANHA;0,667;0,535;0,816;0,679
2010;32;3203601;MUCURICI;0,666;0,577;0,828;0,617
2010;32;3203700;MUNIZ FREIRE;0,645;0,512;0,821;0,637
2010;32;3203809;MUQUI;0,694;0,619;0,802;0,673
2010;32;3203908;NOVA VENÉCIA;0,712;0,621;0,841;0,692
2010;32;3204005;PANCAS;0,667;0,562;0,815;0,648
2010;32;3204054;PEDRO CANÁRIO;0,654;0,536;0,812;0,643
2010;32;3204104;PINHEIROS;0,673;0,558;0,816;0,668
2010;32;3204203;PIÚMA;0,727;0,643;0,852;0,702
2010;32;3204252;PONTO BELO;0,669;0,605;0,783;0,631
2010;32;3204302;PRESIDENTE KENNEDY;0,657;0,553;0,808;0,636
2010;32;3204351;RIO BANANAL;0,681;0,579;0,802;0,680
2010;32;3204401;RIO NOVO DO SUL;0,711;0,620;0,837;0,692
2010;32;3204500;SANTA LEOPOLDINA;0,626;0,477;0,797;0,646
2010;32;3204559;SANTA MARIA DE JETIBÁ;0,671;0,521;0,834;0,695
2010;32;3204609;SANTA TERESA;0,714;0,604;0,834;0,722
2010;32;3204658;SÃO DOMINGOS DO NORTE;0,682;0,575;0,811;0,679
2010;32;3204708;SÃO GABRIEL DA PALHA;0,709;0,578;0,835;0,739
2010;32;3204807;SÃO JOSÉ DO CALÇADO;0,688;0,599;0,814;0,669
2010;32;3204906;SÃO MATEUS;0,735;0,655;0,843;0,719
2010;32;3204955;SÃO ROQUE DO CANAÃ;0,700;0,623;0,803;0,686
2010;32;3205002;SERRA;0,739;0,664;0,844;0,720
2010;32;3205010;SOORETAMA;0,662;0,556;0,802;0,650
2010;32;3205036;VARGEM ALTA;0,663;0,544;0,814;0,658
2010;32;3205069;VENDA NOVA DO IMIGRANTE;0,728;0,624;0,845;0,731
2010;32;3205101;VIANA;0,686;0,589;0,816;0,672
2010;32;3205150;VILA PAVÃO;0,681;0,588;0,830;0,647
2010;32;3205176;VILA VALÉRIO;0,675;0,549;0,816;0,686
2010;32;3205200;VILA VELHA;0,800;0,734;0,864;0,807
2010;32;3205309;VITÓRIA;0,845;0,805;0,855;0,876
2010;33;3300100;ANGRA DOS REIS;0,724;0,605;0,846;0,740
2010;33;3300159;APERIBÉ;0,692;0,631;0,785;0,670
2010;33;3300209;ARARUAMA;0,718;0,617;0,839;0,714
2010;33;3300225;AREAL;0,684;0,566;0,823;0,686
2010;33;3300233;ARMAÇÃO DOS BÚZIOS;0,728;0,624;0,824;0,750
2010;33;3300258;ARRAIAL DO CABO;0,733;0,677;0,805;0,722
2010;33;3300308;BARRA DO PIRAÍ;0,733;0,665;0,819;0,723
2010;33;3300407;BARRA MANSA;0,729;0,657;0,819;0,720
2010;33;3300456;BELFORD ROXO;0,684;0,598;0,808;0,662
2010;33;3300506;BOM JARDIM;0,660;0,503;0,809;0,707
2010;33;3300605;BOM JESUS DO ITABAPOANA;0,732;0,662;0,819;0,723
2010;33;3300704;CABO FRIO;0,735;0,640;0,836;0,743
2010;33;3300803;CACHOEIRAS DE MACACU;0,700;0,603;0,817;0,695
2010;33;3300902;CAMBUCI;0,691;0,608;0,809;0,672
2010;33;3300936;CARAPEBUS;0,713;0,644;0,805;0,699
2010;33;3300951;COMENDADOR LEVY GASPARIAN;0,685;0,605;0,785;0,676
2010;33;3301009;CAMPOS DOS GOYTACAZES;0,716;0,619;0,830;0,715
2010;33;3301108;CANTAGALO;0,709;0,614;0,822;0,705
2010;33;3301157;CARDOSO MOREIRA;0,648;0,534;0,782;0,653
2010;33;3301207;CARMO;0,696;0,608;0,813;0,683
2010;33;3301306;CASIMIRO DE ABREU;0,726;0,642;0,811;0,734
2010;33;3301405;CONCEIÇÃO DE MACABU;0,712;0,642;0,806;0,698
2010;33;3301504;CORDEIRO;0,729;0,649;0,826;0,724
2010;33;3301603;DUAS BARRAS;0,659;0,534;0,790;0,677
2010;33;3301702;DUQUE DE CAXIAS;0,711;0,624;0,833;0,692
2010;33;3301801;ENGENHEIRO PAULO DE FRONTIN;0,722;0,694;0,805;0,674
2010;33;3301850;GUAPIMIRIM;0,698;0,604;0,812;0,692
2010;33;3301876;IGUABA GRANDE;0,761;0,704;0,841;0,744
2010;33;3301900;ITABORAÍ;0,693;0,593;0,813;0,690
2010;33;3302007;ITAGUAÍ;0,715;0,638;0,814;0,703
2010;33;3302056;ITALVA;0,688;0,595;0,792;0,692
2010;33;3302106;ITAOCARA;0,713;0,635;0,820;0,696
2010;33;3302205;ITAPERUNA;0,730;0,649;0,837;0,716
2010;33;3302254;ITATIAIA;0,737;0,652;0,836;0,735
2010;33;3302270;JAPERI;0,659;0,555;0,809;0,637
2010;33;3302304;LAJE DO MURIAÉ;0,668;0,575;0,800;0,649
2010;33;3302403;MACAÉ;0,764;0,681;0,828;0,792
2010;33;3302452;MACUCO;0,703;0,631;0,801;0,687
2010;33;3302502;MAGÉ;0,709;0,626;0,832;0,685
2010;33;3302601;MANGARATIBA;0,753;0,676;0,845;0,746
2010;33;3302700;MARICÁ;0,765;0,692;0,850;0,761
2010;33;3302809;MENDES;0,736;0,700;0,806;0,707
2010;33;3302858;MESQUITA;0,737;0,678;0,839;0,704
2010;33;3302908;MIGUEL PEREIRA;0,745;0,675;0,828;0,740
2010;33;3303005;MIRACEMA;0,713;0,646;0,805;0,696
2010;33;3303104;NATIVIDADE;0,730;0,683;0,806;0,707
2010;33;3303203;NILÓPOLIS;0,753;0,716;0,817;0,731
2010;33;3303302;NITERÓI;0,837;0,773;0,854;0,887
2010;33;3303401;NOVA FRIBURGO;0,745;0,645;0,846;0,758
2010;33;3303500;NOVA IGUAÇU;0,713;0,641;0,818;0,691
2010;33;3303609;PARACAMBI;0,720;0,666;0,812;0,689
2010;33;3303708;PARAÍBA DO SUL;0,702;0,610;0,812;0,697
2010;33;3303807;PARATY;0,693;0,544;0,842;0,726
2010;33;3303856;PATY DO ALFERES;0,671;0,549;0,806;0,683
2010;33;3303906;PETRÓPOLIS;0,745;0,639;0,847;0,763
2010;33;3303955;PINHEIRAL;0,715;0,643;0,801;0,709
2010;33;3304003;PIRAÍ;0,708;0,620;0,803;0,714
2010;33;3304102;PORCIÚNCULA;0,697;0,606;0,802;0,698
2010;33;3304110;PORTO REAL;0,713;0,645;0,817;0,688
2010;33;3304128;QUATIS;0,690;0,603;0,806;0,676
2010;33;3304144;QUEIMADOS;0,680;0,589;0,810;0,659
2010;33;3304151;QUISSAMÃ;0,704;0,610;0,821;0,698
2010;33;3304201;RESENDE;0,768;0,709;0,839;0,762
2010;33;3304300;RIO BONITO;0,710;0,620;0,819;0,705
2010;33;3304409;RIO CLARO;0,683;0,567;0,801;0,700
2010;33;3304508;RIO DAS FLORES;0,680;0,575;0,822;0,664
2010;33;3304524;RIO DAS OSTRAS;0,773;0,689;0,854;0,784
2010;33;3304557;RIO DE JANEIRO;0,799;0,719;0,845;0,840
2010;33;3304607;SANTA MARIA MADALENA;0,668;0,556;0,797;0,672
2010;33;3304706;SANTO ANTÔNIO DE PÁDUA;0,718;0,648;0,806;0,709
2010;33;3304755;SÃO FRANCISCO DE ITABAPOANA;0,639;0,533;0,791;0,618
2010;33;3304805;SÃO FIDÉLIS;0,691;0,611;0,787;0,685
2010;33;3304904;SÃO GONÇALO;0,739;0,681;0,833;0,711
2010;33;3305000;SÃO JOÃO DA BARRA;0,671;0,551;0,800;0,686
2010;33;3305109;SÃO JOÃO DE MERITI;0,719;0,646;0,831;0,693
2010;33;3305133;SÃO JOSÉ DE UBÁ;0,652;0,548;0,798;0,633
2010;33;3305158;SÃO JOSÉ DO VALE DO RIO PRETO;0,660;0,533;0,806;0,670
2010;33;3305208;SÃO PEDRO DA ALDEIA;0,712;0,626;0,801;0,721
2010;33;3305307;SÃO SEBASTIÃO DO ALTO;0,646;0,536;0,789;0,638
2010;33;3305406;SAPUCAIA;0,675;0,561;0,804;0,682
2010;33;3305505;SAQUAREMA;0,709;0,621;0,804;0,714
2010;33;3305554;SEROPÉDICA;0,713;0,648;0,805;0,695
2010;33;3305604;SILVA JARDIM;0,654;0,536;0,793;0,657
2010;33;3305703;SUMIDOURO;0,611;0,436;0,796;0,658
2010;33;3305752;TANGUÁ;0,654;0,548;0,793;0,644
2010;33;3305802;TERESÓPOLIS;0,730;0,605;0,855;0,752
2010;33;3305901;TRAJANO DE MORAES;0,667;0,547;0,813;0,668
2010;33;3306008;TRÊS RIOS;0,725;0,656;0,801;0,725
2010;33;3306107;VALENÇA;0,738;0,666;0,848;0,713
2010;33;3306156;VARRE-SAI;0,659;0,555;0,810;0,636
2010;33;3306206;VASSOURAS;0,714;0,624;0,813;0,719
2010;33;3306305;VOLTA REDONDA;0,771;0,720;0,833;0,763
2010;35;3500105;ADAMANTINA;0,790;0,750;0,852;0,772
2010;35;3500204;ADOLFO;0,730;0,648;0,844;0,710
2010;35;3500303;AGUAÍ;0,715;0,606;0,858;0,703
2010;35;3500402;ÁGUAS DA PRATA;0,781;0,716;0,886;0,750
2010;35;3500501;ÁGUAS DE LINDÓIA;0,745;0,675;0,846;0,725
2010;35;3500550;ÁGUAS DE SANTA BÁRBARA;0,757;0,695;0,840;0,744
2010;35;3500600;ÁGUAS DE SÃO PEDRO;0,854;0,825;0,890;0,849
2010;35;3500709;AGUDOS;0,745;0,694;0,845;0,705
2010;35;3500758;ALAMBARI;0,712;0,658;0,805;0,682
2010;35;3500808;ALFREDO MARCONDES;0,741;0,710;0,840;0,682
2010;35;3500907;ALTAIR;0,687;0,581;0,800;0,698
2010;35;3501004;ALTINÓPOLIS;0,730;0,635;0,843;0,726
2010;35;3501103;ALTO ALEGRE;0,700;0,616;0,817;0,683
2010;35;3501152;ALUMÍNIO;0,766;0,732;0,841;0,729
2010;35;3501202;ÁLVARES FLORENCE;0,728;0,683;0,806;0,701
2010;35;3501301;ÁLVARES MACHADO;0,758;0,732;0,834;0,712
2010;35;3501400;ÁLVARO DE CARVALHO;0,688;0,605;0,805;0,669
2010;35;3501509;ALVINLÂNDIA;0,722;0,659;0,791;0,721
2010;35;3501608;AMERICANA;0,811;0,760;0,876;0,800
2010;35;3501707;AMÉRICO BRASILIENSE;0,751;0,701;0,852;0,709
2010;35;3501806;AMÉRICO DE CAMPOS;0,745;0,708;0,817;0,715
2010;35;3501905;AMPARO;0,785;0,711;0,871;0,780
2010;35;3502002;ANALÂNDIA;0,754;0,668;0,861;0,745
2010;35;3502101;ANDRADINA;0,779;0,702;0,885;0,762
2010;35;3502200;ANGATUBA;0,719;0,648;0,827;0,693
2010;35;3502309;ANHEMBI;0,721;0,637;0,863;0,681
2010;35;3502408;ANHUMAS;0,741;0,706;0,845;0,683
2010;35;3502507;APARECIDA;0,755;0,706;0,828;0,735
2010;35;3502606;APARECIDA D'OESTE;0,721;0,670;0,804;0,697
2010;35;3502705;APIAÍ;0,710;0,647;0,835;0,662
2010;35;3502754;ARAÇARIGUAMA;0,704;0,597;0,814;0,717
2010;35;3502804;ARAÇATUBA;0,788;0,744;0,841;0,782
2010;35;3502903;ARAÇOIABA DA SERRA;0,776;0,723;0,860;0,751
2010;35;3503000;ARAMINA;0,740;0,656;0,856;0,723
2010;35;3503109;ARANDU;0,685;0,592;0,806;0,675
2010;35;3503158;ARAPEÍ;0,680;0,612;0,812;0,634
2010;35;3503208;ARARAQUARA;0,815;0,782;0,877;0,788
2010;35;3503307;ARARAS;0,781;0,728;0,859;0,763
2010;35;3503356;ARCO-ÍRIS;0,722;0,694;0,809;0,671
2010;35;3503406;AREALVA;0,744;0,683;0,840;0,718
2010;35;3503505;AREIAS;0,697;0,672;0,803;0,627
2010;35;3503604;AREIÓPOLIS;0,695;0,594;0,823;0,686
2010;35;3503703;ARIRANHA;0,733;0,663;0,813;0,730
2010;35;3503802;ARTUR NOGUEIRA;0,749;0,681;0,827;0,745
2010;35;3503901;ARUJÁ;0,784;0,730;0,866;0,761
2010;35;3503950;ASPÁSIA;0,735;0,657;0,864;0,699
2010;35;3504008;ASSIS;0,805;0,781;0,865;0,771
2010;35;3504107;ATIBAIA;0,765;0,670;0,851;0,786
2010;35;3504206;AURIFLAMA;0,773;0,738;0,840;0,746
2010;35;3504305;AVAÍ;0,714;0,650;0,830;0,674
2010;35;3504404;AVANHANDAVA;0,705;0,623;0,817;0,688
2010;35;3504503;AVARÉ;0,767;0,695;0,866;0,751
2010;35;3504602;BADY BASSITT;0,746;0,701;0,805;0,737
2010;35;3504701;BALBINOS;0,669;0,537;0,809;0,690
2010;35;3504800;BÁLSAMO;0,756;0,695;0,835;0,746
2010;35;3504909;BANANAL;0,733;0,653;0,872;0,693
2010;35;3505005;BARÃO DE ANTONINA;0,711;0,649;0,820;0,676
2010;35;3505104;BARBOSA;0,699;0,599;0,843;0,676
2010;35;3505203;BARIRI;0,750;0,662;0,867;0,736
2010;35;3505302;BARRA BONITA;0,788;0,739;0,869;0,762
2010;35;3505351;BARRA DO CHAPÉU;0,660;0,599;0,779;0,617
2010;35;3505401;BARRA DO TURVO;0,641;0,532;0,792;0,625
2010;35;3505500;BARRETOS;0,789;0,738;0,875;0,762
2010;35;3505609;BARRINHA;0,725;0,646;0,829;0,711
2010;35;3505708;BARUERI;0,786;0,708;0,866;0,791
2010;35;3505807;BASTOS;0,751;0,718;0,848;0,696
2010;35;3505906;BATATAIS;0,761;0,685;0,840;0,766
2010;35;3506003;BAURU;0,801;0,752;0,854;0,800
2010;35;3506102;BEBEDOURO;0,780;0,735;0,853;0,756
2010;35;3506201;BENTO DE ABREU;0,744;0,712;0,820;0,706
2010;35;3506300;BERNARDINO DE CAMPOS;0,734;0,662;0,838;0,713
2010;35;3506359;BERTIOGA;0,730;0,654;0,817;0,727
2010;35;3506409;BILAC;0,768;0,722;0,845;0,743
2010;35;3506508;BIRIGUI;0,780;0,734;0,869;0,743
2010;35;3506607;BIRITIBA-MIRIM;0,712;0,640;0,795;0,710
2010;35;3506706;BOA ESPERANÇA DO SUL;0,681;0,562;0,811;0,692
2010;35;3506805;BOCAINA;0,742;0,656;0,840;0,741
2010;35;3506904;BOFETE;0,705;0,609;0,821;0,700
2010;35;3507001;BOITUVA;0,780;0,728;0,861;0,757
2010;35;3507100;BOM JESUS DOS PERDÕES;0,713;0,631;0,802;0,716
2010;35;3507159;BOM SUCESSO DE ITARARÉ;0,660;0,613;0,775;0,605
2010;35;3507209;BORÁ;0,746;0,675;0,863;0,712
2010;35;3507308;BORACÉIA;0,754;0,685;0,866;0,723
2010;35;3507407;BORBOREMA;0,730;0,658;0,831;0,710
2010;35;3507456;BOREBI;0,705;0,615;0,846;0,674
2010;35;3507506;BOTUCATU;0,800;0,746;0,869;0,790
2010;35;3507605;BRAGANÇA PAULISTA;0,776;0,704;0,861;0,772
2010;35;3507704;BRAÚNA;0,737;0,664;0,830;0,725
2010;35;3507753;BREJO ALEGRE;0,710;0,618;0,826;0,702
2010;35;3507803;BRODOWSKI;0,755;0,675;0,864;0,738
2010;35;3507902;BROTAS;0,740;0,688;0,815;0,724
2010;35;3508009;BURI;0,667;0,578;0,799;0,642
2010;35;3508108;BURITAMA;0,763;0,720;0,839;0,736
2010;35;3508207;BURITIZAL;0,735;0,643;0,830;0,743
2010;35;3508306;CABRÁLIA PAULISTA;0,694;0,619;0,811;0,667
2010;35;3508405;CABREÚVA;0,738;0,678;0,828;0,717
2010;35;3508504;CAÇAPAVA;0,788;0,755;0,858;0,754
2010;35;3508603;CACHOEIRA PAULISTA;0,764;0,728;0,837;0,733
2010;35;3508702;CACONDE;0,720;0,620;0,858;0,701
2010;35;3508801;CAFELÂNDIA;0,742;0,661;0,867;0,714
2010;35;3508900;CAIABU;0,729;0,691;0,823;0,682
2010;35;3509007;CAIEIRAS;0,781;0,749;0,861;0,740
2010;35;3509106;CAIUÁ;0,697;0,635;0,802;0,665
2010;35;3509205;CAJAMAR;0,728;0,668;0,810;0,713
2010;35;3509254;CAJATI;0,694;0,611;0,832;0,658
2010;35;3509304;CAJOBI;0,734;0,674;0,822;0,714
2010;35;3509403;CAJURU;0,713;0,633;0,825;0,693
2010;35;3509452;CAMPINA DO MONTE ALEGRE;0,717;0,634;0,846;0,687
2010;35;3509502;CAMPINAS;0,805;0,731;0,860;0,829
2010;35;3509601;CAMPO LIMPO PAULISTA;0,769;0,739;0,840;0,733
2010;35;3509700;CAMPOS DO JORDÃO;0,749;0,648;0,852;0,761
2010;35;3509809;CAMPOS NOVOS PAULISTA;0,706;0,638;0,824;0,670
2010;35;3509908;CANANÉIA;0,720;0,649;0,851;0,677
2010;35;3509957;CANAS;0,704;0,677;0,797;0,646
2010;35;3510005;CÂNDIDO MOTA;0,747;0,704;0,845;0,701
2010;35;3510104;CÂNDIDO RODRIGUES;0,789;0,762;0,863;0,747
2010;35;3510153;CANITAR;0,680;0,605;0,791;0,658
2010;35;3510203;CAPÃO BONITO;0,721;0,671;0,826;0,675
2010;35;3510302;CAPELA DO ALTO;0,699;0,617;0,823;0,673
2010;35;3510401;CAPIVARI;0,750;0,669;0,848;0,744
2010;35;3510500;CARAGUATATUBA;0,759;0,705;0,845;0,735
2010;35;3510609;CARAPICUÍBA;0,749;0,693;0,842;0,721
2010;35;3510708;CARDOSO;0,722;0,636;0,853;0,695
2010;35;3510807;CASA BRANCA;0,730;0,640;0,835;0,727
2010;35;3510906;CÁSSIA DOS COQUEIROS;0,734;0,673;0,864;0,680
2010;35;3511003;CASTILHO;0,731;0,686;0,827;0,688
2010;35;3511102;CATANDUVA;0,785;0,740;0,853;0,767
2010;35;3511201;CATIGUÁ;0,751;0,676;0,852;0,734
2010;35;3511300;CEDRAL;0,766;0,689;0,872;0,749
2010;35;3511409;CERQUEIRA CÉSAR;0,729;0,666;0,821;0,710
2010;35;3511508;CERQUILHO;0,782;0,739;0,854;0,758
2010;35;3511607;CESÁRIO LANGE;0,706;0,611;0,804;0,715
2010;35;3511706;CHARQUEADA;0,736;0,675;0,820;0,720
2010;35;3511904;CLEMENTINA;0,725;0,660;0,821;0,704
2010;35;3512001;COLINA;0,757;0,712;0,845;0,720
2010;35;3512100;COLÔMBIA;0,710;0,647;0,802;0,689
2010;35;3512209;CONCHAL;0,708;0,614;0,827;0,699
2010;35;3512308;CONCHAS;0,736;0,658;0,837;0,725
2010;35;3512407;CORDEIRÓPOLIS;0,758;0,674;0,858;0,754
2010;35;3512506;COROADOS;0,719;0,648;0,816;0,704
2010;35;3512605;CORONEL MACEDO;0,690;0,619;0,811;0,653
2010;35;3512704;CORUMBATAÍ;0,754;0,700;0,841;0,728
2010;35;3512803;COSMÓPOLIS;0,769;0,697;0,876;0,746
2010;35;3512902;COSMORAMA;0,722;0,630;0,849;0,705
2010;35;3513009;COTIA;0,780;0,707;0,851;0,789
2010;35;3513108;CRAVINHOS;0,756;0,683;0,857;0,737
2010;35;3513207;CRISTAIS PAULISTA;0,734;0,682;0,802;0,723
2010;35;3513306;CRUZÁLIA;0,774;0,778;0,853;0,698
2010;35;3513405;CRUZEIRO;0,788;0,758;0,871;0,742
2010;35;3513504;CUBATÃO;0,737;0,681;0,821;0,716
2010;35;3513603;CUNHA;0,684;0,576;0,826;0,672
2010;35;3513702;DESCALVADO;0,760;0,687;0,865;0,740
2010;35;3513801;DIADEMA;0,757;0,716;0,844;0,717
2010;35;3513850;DIRCE REIS;0,741;0,704;0,842;0,686
2010;35;3513900;DIVINOLÂNDIA;0,734;0,645;0,850;0,720
2010;35;3514007;DOBRADA;0,718;0,655;0,818;0,691
2010;35;3514106;DOIS CÓRREGOS;0,725;0,616;0,853;0,725
2010;35;3514205;DOLCINÓPOLIS;0,742;0,709;0,825;0,699
2010;35;3514304;DOURADO;0,738;0,689;0,811;0,718
2010;35;3514403;DRACENA;0,776;0,737;0,842;0,752
2010;35;3514502;DUARTINA;0,748;0,698;0,837;0,716
2010;35;3514601;DUMONT;0,744;0,674;0,849;0,720
2010;35;3514700;ECHAPORÃ;0,745;0,690;0,834;0,719
2010;35;3514809;ELDORADO;0,691;0,615;0,847;0,633
2010;35;3514908;ELIAS FAUSTO;0,695;0,583;0,822;0,701
2010;35;3514924;ELISIÁRIO;0,747;0,712;0,825;0,711
2010;35;3514957;EMBAÚBA;0,730;0,641;0,840;0,723
2010;35;3515004;EMBU;0,735;0,676;0,839;0,700
2010;35;3515103;EMBU-GUAÇU;0,749;0,708;0,834;0,713
2010;35;3515129;EMILIANÓPOLIS;0,727;0,691;0,805;0,690
2010;35;3515152;ENGENHEIRO COELHO;0,732;0,668;0,815;0,720
2010;35;3515186;ESPÍRITO SANTO DO PINHAL;0,787;0,712;0,872;0,784
2010;35;3515194;ESPÍRITO SANTO DO TURVO;0,696;0,609;0,819;0,675
2010;35;3515202;ESTRELA D'OESTE;0,760;0,705;0,873;0,712
2010;35;3515301;ESTRELA DO NORTE;0,740;0,714;0,818;0,693
2010;35;3515350;EUCLIDES DA CUNHA PAULISTA;0,704;0,655;0,802;0,663
2010;35;3515400;FARTURA;0,732;0,648;0,867;0,699
2010;35;3515509;FERNANDÓPOLIS;0,797;0,758;0,872;0,767
2010;35;3515608;FERNANDO PRESTES;0,758;0,680;0,859;0,746
2010;35;3515657;FERNÃO;0,703;0,617;0,843;0,668
2010;35;3515707;FERRAZ DE VASCONCELOS;0,738;0,703;0,828;0,691
2010;35;3515806;FLORA RICA;0,727;0,723;0,796;0,668
2010;35;3515905;FLOREAL;0,747;0,726;0,808;0,710
2010;35;3516002;FLÓRIDA PAULISTA;0,715;0,646;0,807;0,702
2010;35;3516101;FLORÍNIA;0,713;0,652;0,820;0,678
2010;35;3516200;FRANCA;0,780;0,753;0,842;0,749
2010;35;3516309;FRANCISCO MORATO;0,703;0,647;0,815;0,659
2010;35;3516408;FRANCO DA ROCHA;0,731;0,654;0,852;0,702
2010;35;3516507;GABRIEL MONTEIRO;0,763;0,762;0,809;0,721
2010;35;3516606;GÁLIA;0,709;0,634;0,823;0,684
2010;35;3516705;GARÇA;0,769;0,728;0,849;0,737
2010;35;3516804;GASTÃO VIDIGAL;0,723;0,635;0,817;0,727
2010;35;3516853;GAVIÃO PEIXOTO;0,719;0,676;0,802;0,687
2010;35;3516903;GENERAL SALGADO;0,747;0,702;0,808;0,734
2010;35;3517000;GETULINA;0,717;0,652;0,813;0,696
2010;35;3517109;GLICÉRIO;0,735;0,630;0,858;0,735
2010;35;3517208;GUAIÇARA;0,739;0,679;0,853;0,697
2010;35;3517307;GUAIMBÊ;0,728;0,689;0,830;0,675
2010;35;3517406;GUAÍRA;0,753;0,683;0,824;0,759
2010;35;3517505;GUAPIAÇU;0,725;0,605;0,866;0,728
2010;35;3517604;GUAPIARA;0,675;0,602;0,806;0,634
2010;35;3517703;GUARÁ;0,718;0,630;0,826;0,710
2010;35;3517802;GUARAÇAÍ;0,719;0,663;0,803;0,699
2010;35;3517901;GUARACI;0,737;0,682;0,840;0,698
2010;35;3518008;GUARANI D'OESTE;0,732;0,714;0,806;0,682
2010;35;3518107;GUARANTÃ;0,713;0,623;0,832;0,698
2010;35;3518206;GUARARAPES;0,763;0,726;0,840;0,727
2010;35;3518305;GUARAREMA;0,731;0,656;0,817;0,729
2010;35;3518404;GUARATINGUETÁ;0,798;0,751;0,886;0,764
2010;35;3518503;GUAREÍ;0,687;0,583;0,805;0,692
2010;35;3518602;GUARIBA;0,719;0,645;0,811;0,712
2010;35;3518701;GUARUJÁ;0,751;0,679;0,854;0,729
2010;35;3518800;GUARULHOS;0,763;0,717;0,831;0,746
2010;35;3518859;GUATAPARÁ;0,743;0,688;0,822;0,724
2010;35;3518909;GUZOLÂNDIA;0,697;0,621;0,808;0,676
2010;35;3519006;HERCULÂNDIA;0,727;0,698;0,809;0,680
2010;35;3519055;HOLAMBRA;0,793;0,698;0,878;0,815
2010;35;3519071;HORTOLÂNDIA;0,756;0,703;0,859;0,716
2010;35;3519105;IACANGA;0,745;0,675;0,851;0,721
2010;35;3519204;IACRI;0,733;0,655;0,857;0,701
2010;35;3519253;IARAS;0,674;0,543;0,848;0,664
2010;35;3519303;IBATÉ;0,703;0,627;0,814;0,681
2010;35;3519402;IBIRÁ;0,740;0,650;0,841;0,741
2010;35;3519501;IBIRAREMA;0,708;0,628;0,817;0,692
2010;35;3519600;IBITINGA;0,747;0,667;0,846;0,738
2010;35;3519709;IBIÚNA;0,710;0,614;0,832;0,700
2010;35;3519808;ICÉM;0,720;0,646;0,806;0,716
2010;35;3519907;IEPÊ;0,736;0,700;0,814;0,700
2010;35;3520004;IGARAÇU DO TIETÊ;0,727;0,664;0,838;0,691
2010;35;3520103;IGARAPAVA;0,768;0,671;0,835;0,809
2010;35;3520202;IGARATÁ;0,711;0,616;0,855;0,683
2010;35;3520301;IGUAPE;0,726;0,653;0,847;0,691
2010;35;3520400;ILHABELA;0,756;0,693;0,843;0,739
2010;35;3520426;ILHA COMPRIDA;0,725;0,666;0,823;0,696
2010;35;3520442;ILHA SOLTEIRA;0,812;0,782;0,871;0,786
2010;35;3520509;INDAIATUBA;0,788;0,738;0,837;0,791
2010;35;3520608;INDIANA;0,761;0,733;0,843;0,714
2010;35;3520707;INDIAPORÃ;0,751;0,710;0,835;0,714
2010;35;3520806;INÚBIA PAULISTA;0,759;0,750;0,849;0,688
2010;35;3520905;IPAUSSU;0,727;0,650;0,828;0,713
2010;35;3521002;IPERÓ;0,719;0,672;0,814;0,680
2010;35;3521101;IPEÚNA;0,753;0,685;0,845;0,737
2010;35;3521150;IPIGUÁ;0,730;0,666;0,839;0,696
2010;35;3521200;IPORANGA;0,703;0,668;0,816;0,637
2010;35;3521309;IPUÃ;0,749;0,654;0,848;0,759
2010;35;3521408;IRACEMÁPOLIS;0,776;0,729;0,863;0,742
2010;35;3521507;IRAPUÃ;0,713;0,624;0,844;0,688
2010;35;3521606;IRAPURU;0,712;0,622;0,839;0,691
2010;35;3521705;ITABERÁ;0,693;0,636;0,803;0,652
2010;35;3521804;ITAÍ;0,713;0,630;0,830;0,692
2010;35;3521903;ITAJOBI;0,730;0,644;0,832;0,727
2010;35;3522000;ITAJU;0,705;0,613;0,823;0,696
2010;35;3522109;ITANHAÉM;0,745;0,701;0,823;0,716
2010;35;3522158;ITAÓCA;0,680;0,637;0,787;0,627
2010;35;3522208;ITAPECERICA DA SERRA;0,742;0,687;0,852;0,699
2010;35;3522307;ITAPETININGA;0,763;0,705;0,864;0,728
2010;35;3522406;ITAPEVA;0,732;0,697;0,803;0,702
2010;35;3522505;ITAPEVI;0,735;0,677;0,855;0,687
2010;35;3522604;ITAPIRA;0,762;0,692;0,852;0,750
2010;35;3522653;ITAPIRAPUÃ PAULISTA;0,661;0,594;0,816;0,595
2010;35;3522703;ITÁPOLIS;0,744;0,667;0,836;0,738
2010;35;3522802;ITAPORANGA;0,719;0,653;0,835;0,681
2010;35;3522901;ITAPUÍ;0,725;0,633;0,841;0,716
2010;35;3523008;ITAPURA;0,720;0,673;0,813;0,682
2010;35;3523107;ITAQUAQUECETUBA;0,714;0,648;0,844;0,665
2010;35;3523206;ITARARÉ;0,703;0,649;0,803;0,668
2010;35;3523305;ITARIRI;0,677;0,577;0,837;0,642
2010;35;3523404;ITATIBA;0,778;0,708;0,844;0,788
2010;35;3523503;ITATINGA;0,706;0,610;0,841;0,685
2010;35;3523602;ITIRAPINA;0,724;0,636;0,813;0,734
2010;35;3523701;ITIRAPUÃ;0,707;0,636;0,826;0,673
2010;35;3523800;ITOBI;0,717;0,646;0,820;0,697
2010;35;3523909;ITU;0,773;0,692;0,854;0,782
2010;35;3524006;ITUPEVA;0,762;0,699;0,844;0,750
2010;35;3524105;ITUVERAVA;0,765;0,694;0,841;0,768
2010;35;3524204;JABORANDI;0,711;0,627;0,845;0,679
2010;35;3524303;JABOTICABAL;0,778;0,710;0,851;0,778
2010;35;3524402;JACAREÍ;0,777;0,749;0,837;0,749
2010;35;3524501;JACI;0,723;0,659;0,818;0,700
2010;35;3524600;JACUPIRANGA;0,717;0,644;0,832;0,687
2010;35;3524709;JAGUARIÚNA;0,784;0,715;0,862;0,782
2010;35;3524808;JALES;0,776;0,730;0,855;0,750
2010;35;3524907;JAMBEIRO;0,756;0,690;0,860;0,727
2010;35;3525003;JANDIRA;0,760;0,706;0,841;0,738
2010;35;3525102;JARDINÓPOLIS;0,735;0,640;0,853;0,728
2010;35;3525201;JARINU;0,733;0,659;0,826;0,723
2010;35;3525300;JAÚ;0,778;0,693;0,886;0,768
2010;35;3525409;JERIQUARA;0,703;0,628;0,814;0,680
2010;35;3525508;JOANÓPOLIS;0,699;0,585;0,824;0,707
2010;35;3525607;JOÃO RAMALHO;0,741;0,710;0,818;0,701
2010;35;3525706;JOSÉ BONIFÁCIO;0,777;0,717;0,869;0,752
2010;35;3525805;JÚLIO MESQUITA;0,716;0,686;0,813;0,659
2010;35;3525854;JUMIRIM;0,741;0,655;0,863;0,721
2010;35;3525904;JUNDIAÍ;0,822;0,768;0,866;0,834
2010;35;3526001;JUNQUEIRÓPOLIS;0,745;0,662;0,860;0,727
2010;35;3526100;JUQUIÁ;0,700;0,637;0,823;0,654
2010;35;3526209;JUQUITIBA;0,709;0,662;0,791;0,680
2010;35;3526308;LAGOINHA;0,693;0,609;0,797;0,686
2010;35;3526407;LARANJAL PAULISTA;0,729;0,639;0,829;0,732
2010;35;3526506;LAVÍNIA;0,721;0,655;0,820;0,698
2010;35;3526605;LAVRINHAS;0,729;0,707;0,823;0,665
2010;35;3526704;LEME;0,744;0,665;0,851;0,729
2010;35;3526803;LENÇÓIS PAULISTA;0,764;0,717;0,837;0,743
2010;35;3526902;LIMEIRA;0,775;0,719;0,852;0,761
2010;35;3527009;LINDÓIA;0,742;0,654;0,864;0,722
2010;35;3527108;LINS;0,786;0,733;0,869;0,762
2010;35;3527207;LORENA;0,766;0,713;0,856;0,736
2010;35;3527256;LOURDES;0,742;0,717;0,816;0,697
2010;35;3527306;LOUVEIRA;0,777;0,697;0,861;0,783
2010;35;3527405;LUCÉLIA;0,752;0,695;0,841;0,728
2010;35;3527504;LUCIANÓPOLIS;0,733;0,662;0,809;0,736
2010;35;3527603;LUÍS ANTÔNIO;0,731;0,671;0,822;0,709
2010;35;3527702;LUIZIÂNIA;0,702;0,623;0,815;0,682
2010;35;3527801;LUPÉRCIO;0,724;0,674;0,830;0,679
2010;35;3527900;LUTÉCIA;0,720;0,659;0,846;0,670
2010;35;3528007;MACATUBA;0,770;0,697;0,859;0,763
2010;35;3528106;MACAUBAL;0,743;0,676;0,844;0,720
2010;35;3528205;MACEDÔNIA;0,740;0,675;0,852;0,705
2010;35;3528304;MAGDA;0,753;0,717;0,823;0,724
2010;35;3528403;MAIRINQUE;0,743;0,684;0,831;0,721
2010;35;3528502;MAIRIPORÃ;0,788;0,723;0,881;0,767
2010;35;3528601;MANDURI;0,739;0,675;0,818;0,730
2010;35;3528700;MARABÁ PAULISTA;0,677;0,591;0,809;0,650
2010;35;3528809;MARACAÍ;0,771;0,758;0,850;0,711
2010;35;3528858;MARAPOAMA;0,752;0,679;0,852;0,736
2010;35;3528908;MARIÁPOLIS;0,718;0,651;0,830;0,684
2010;35;3529005;MARÍLIA;0,798;0,776;0,854;0,768
2010;35;3529104;MARINÓPOLIS;0,731;0,694;0,825;0,681
2010;35;3529203;MARTINÓPOLIS;0,721;0,641;0,832;0,703
2010;35;3529302;MATÃO;0,773;0,713;0,847;0,766
2010;35;3529401;MAUÁ;0,766;0,733;0,852;0,721
2010;35;3529500;MENDONÇA;0,744;0,663;0,863;0,720
2010;35;3529609;MERIDIANO;0,731;0,667;0,817;0,717
2010;35;3529658;MESÓPOLIS;0,724;0,666;0,847;0,674
2010;35;3529708;MIGUELÓPOLIS;0,741;0,661;0,863;0,712
2010;35;3529807;MINEIROS DO TIETÊ;0,730;0,658;0,823;0,719
2010;35;3529906;MIRACATU;0,697;0,655;0,803;0,645
2010;35;3530003;MIRA ESTRELA;0,743;0,731;0,806;0,697
2010;35;3530102;MIRANDÓPOLIS;0,751;0,665;0,869;0,732
2010;35;3530201;MIRANTE DO PARANAPANEMA;0,724;0,674;0,841;0,670
2010;35;3530300;MIRASSOL;0,762;0,698;0,846;0,748
2010;35;3530409;MIRASSOLÂNDIA;0,738;0,690;0,829;0,704
2010;35;3530508;MOCOCA;0,762;0,709;0,827;0,756
2010;35;3530607;MOGI DAS CRUZES;0,783;0,740;0,851;0,762
2010;35;3530706;MOGI GUAÇU;0,774;0,736;0,852;0,740
2010;35;3530805;MOJI MIRIM;0,784;0,715;0,879;0,767
2010;35;3530904;MOMBUCA;0,719;0,607;0,820;0,746
2010;35;3531001;MONÇÕES;0,772;0,773;0,814;0,731
2010;35;3531100;MONGAGUÁ;0,754;0,699;0,854;0,719
2010;35;3531209;MONTE ALEGRE DO SUL;0,759;0,678;0,858;0,752
2010;35;3531308;MONTE ALTO;0,768;0,707;0,859;0,746
2010;35;3531407;MONTE APRAZÍVEL;0,785;0,720;0,861;0,781
2010;35;3531506;MONTE AZUL PAULISTA;0,753;0,690;0,843;0,733
2010;35;3531605;MONTE CASTELO;0,741;0,709;0,814;0,706
2010;35;3531704;MONTEIRO LOBATO;0,710;0,627;0,826;0,692
2010;35;3531803;MONTE MOR;0,733;0,639;0,863;0,713
2010;35;3531902;MORRO AGUDO;0,712;0,604;0,836;0,716
2010;35;3532009;MORUNGABA;0,715;0,627;0,802;0,726
2010;35;3532058;MOTUCA;0,741;0,691;0,859;0,685
2010;35;3532108;MURUTINGA DO SUL;0,726;0,643;0,847;0,703
2010;35;3532157;NANTES;0,714;0,702;0,790;0,655
2010;35;3532207;NARANDIBA;0,718;0,670;0,839;0,659
2010;35;3532306;NATIVIDADE DA SERRA;0,655;0,520;0,814;0,664
2010;35;3532405;NAZARÉ PAULISTA;0,678;0,559;0,818;0,681
2010;35;3532504;NEVES PAULISTA;0,754;0,707;0,823;0,737
2010;35;3532603;NHANDEARA;0,751;0,672;0,835;0,755
2010;35;3532702;NIPOÃ;0,713;0,636;0,814;0,701
2010;35;3532801;NOVA ALIANÇA;0,738;0,684;0,826;0,710
2010;35;3532827;NOVA CAMPINA;0,651;0,577;0,799;0,598
2010;35;3532843;NOVA CANAÃ PAULISTA;0,715;0,675;0,806;0,673
2010;35;3532868;NOVA CASTILHO;0,756;0,755;0,823;0,694
2010;35;3532900;NOVA EUROPA;0,765;0,718;0,869;0,718
2010;35;3533007;NOVA GRANADA;0,739;0,680;0,818;0,727
2010;35;3533106;NOVA GUATAPORANGA;0,726;0,644;0,842;0,707
2010;35;3533205;NOVA INDEPENDÊNCIA;0,735;0,711;0,827;0,675
2010;35;3533254;NOVAIS;0,719;0,634;0,822;0,712
2010;35;3533304;NOVA LUZITÂNIA;0,743;0,719;0,808;0,705
2010;35;3533403;NOVA ODESSA;0,791;0,762;0,861;0,755
2010;35;3533502;NOVO HORIZONTE;0,753;0,665;0,865;0,741
2010;35;3533601;NUPORANGA;0,746;0,656;0,866;0,730
2010;35;3533700;OCAUÇU;0,717;0,653;0,830;0,679
2010;35;3533809;ÓLEO;0,730;0,637;0,858;0,713
2010;35;3533908;OLÍMPIA;0,773;0,724;0,867;0,737
2010;35;3534005;ONDA VERDE;0,738;0,671;0,863;0,693
2010;35;3534104;ORIENTE;0,770;0,761;0,837;0,717
2010;35;3534203;ORINDIÚVA;0,767;0,762;0,824;0,719
2010;35;3534302;ORLÂNDIA;0,780;0,703;0,882;0,765
2010;35;3534401;OSASCO;0,776;0,718;0,840;0,776
2010;35;3534500;OSCAR BRESSANE;0,749;0,715;0,823;0,713
2010;35;3534609;OSVALDO CRUZ;0,762;0,713;0,837;0,740
2010;35;3534708;OURINHOS;0,778;0,727;0,859;0,753
2010;35;3534757;OUROESTE;0,770;0,736;0,866;0,717
2010;35;3534807;OURO VERDE;0,692;0,612;0,814;0,666
2010;35;3534906;PACAEMBU;0,725;0,631;0,843;0,717
2010;35;3535002;PALESTINA;0,732;0,645;0,848;0,717
2010;35;3535101;PALMARES PAULISTA;0,722;0,645;0,837;0,698
2010;35;3535200;PALMEIRA D'OESTE;0,753;0,714;0,829;0,720
2010;35;3535309;PALMITAL;0,746;0,702;0,814;0,727
2010;35;3535408;PANORAMA;0,722;0,639;0,814;0,724
2010;35;3535507;PARAGUAÇU PAULISTA;0,762;0,739;0,836;0,717
2010;35;3535606;PARAIBUNA;0,719;0,642;0,815;0,709
2010;35;3535705;PARAÍSO;0,749;0,668;0,837;0,751
2010;35;3535804;PARANAPANEMA;0,717;0,631;0,839;0,697
2010;35;3535903;PARANAPUÃ;0,732;0,655;0,842;0,712
2010;35;3536000;PARAPUÃ;0,737;0,696;0,830;0,693
2010;35;3536109;PARDINHO;0,727;0,652;0,821;0,718
2010;35;3536208;PARIQUERA-AÇU;0,736;0,678;0,862;0,682
2010;35;3536257;PARISI;0,721;0,619;0,842;0,720
2010;35;3536307;PATROCÍNIO PAULISTA;0,730;0,678;0,826;0,696
2010;35;3536406;PAULICÉIA;0,711;0,640;0,811;0,692
2010;35;3536505;PAULÍNIA;0,795;0,727;0,864;0,800
2010;35;3536570;PAULISTÂNIA;0,718;0,663;0,817;0,683
2010;35;3536604;PAULO DE FARIA;0,725;0,662;0,800;0,721
2010;35;3536703;PEDERNEIRAS;0,739;0,673;0,812;0,738
2010;35;3536802;PEDRA BELA;0,677;0,581;0,796;0,671
2010;35;3536901;PEDRANÓPOLIS;0,742;0,684;0,854;0,698
2010;35;3537008;PEDREGULHO;0,715;0,623;0,820;0,716
2010;35;3537107;PEDREIRA;0,769;0,701;0,864;0,750
2010;35;3537156;PEDRINHAS PAULISTA;0,774;0,739;0,837;0,749
2010;35;3537206;PEDRO DE TOLEDO;0,696;0,634;0,812;0,654
2010;35;3537305;PENÁPOLIS;0,759;0,680;0,859;0,748
2010;35;3537404;PEREIRA BARRETO;0,766;0,732;0,845;0,728
2010;35;3537503;PEREIRAS;0,736;0,637;0,873;0,717
2010;35;3537602;PERUÍBE;0,749;0,675;0,854;0,730
2010;35;3537701;PIACATU;0,732;0,684;0,843;0,681
2010;35;3537800;PIEDADE;0,716;0,624;0,848;0,694
2010;35;3537909;PILAR DO SUL;0,690;0,594;0,820;0,674
2010;35;3538006;PINDAMONHANGABA;0,773;0,736;0,843;0,745
2010;35;3538105;PINDORAMA;0,737;0,654;0,842;0,726
2010;35;3538204;PINHALZINHO;0,725;0,666;0,808;0,707
2010;35;3538303;PIQUEROBI;0,711;0,644;0,836;0,669
2010;35;3538501;PIQUETE;0,757;0,740;0,823;0,711
2010;35;3538600;PIRACAIA;0,739;0,625;0,851;0,758
2010;35;3538709;PIRACICABA;0,785;0,717;0,848;0,797
2010;35;3538808;PIRAJU;0,758;0,699;0,843;0,740
2010;35;3538907;PIRAJUÍ;0,749;0,672;0,853;0,734
2010;35;3539004;PIRANGI;0,756;0,701;0,837;0,735
2010;35;3539103;PIRAPORA DO BOM JESUS;0,727;0,698;0,810;0,679
2010;35;3539202;PIRAPOZINHO;0,776;0,733;0,863;0,740
2010;35;3539301;PIRASSUNUNGA;0,801;0,736;0,884;0,789
2010;35;3539400;PIRATININGA;0,779;0,723;0,859;0,762
2010;35;3539509;PITANGUEIRAS;0,723;0,651;0,830;0,699
2010;35;3539608;PLANALTO;0,719;0,639;0,853;0,683
2010;35;3539707;PLATINA;0,719;0,652;0,824;0,691
2010;35;3539806;POÁ;0,771;0,754;0,856;0,710
2010;35;3539905;POLONI;0,766;0,717;0,853;0,736
2010;35;3540002;POMPÉIA;0,786;0,748;0,864;0,750
2010;35;3540101;PONGAÍ;0,755;0,701;0,844;0,727
2010;35;3540200;PONTAL;0,725;0,633;0,838;0,718
2010;35;3540259;PONTALINDA;0,702;0,604;0,847;0,677
2010;35;3540309;PONTES GESTAL;0,732;0,690;0,805;0,705
2010;35;3540408;POPULINA;0,714;0,647;0,804;0,699
2010;35;3540507;PORANGABA;0,703;0,578;0,864;0,696
2010;35;3540606;PORTO FELIZ;0,758;0,706;0,836;0,737
2010;35;3540705;PORTO FERREIRA;0,751;0,696;0,827;0,736
2010;35;3540754;POTIM;0,697;0,646;0,806;0,651
2010;35;3540804;POTIRENDABA;0,747;0,661;0,857;0,737
2010;35;3540853;PRACINHA;0,696;0,629;0,814;0,658
2010;35;3540903;PRADÓPOLIS;0,733;0,650;0,822;0,738
2010;35;3541000;PRAIA GRANDE;0,754;0,692;0,834;0,744
2010;35;3541059;PRATÂNIA;0,701;0,633;0,798;0,681
2010;35;3541109;PRESIDENTE ALVES;0,735;0,689;0,811;0,711
2010;35;3541208;PRESIDENTE BERNARDES;0,757;0,719;0,839;0,718
2010;35;3541307;PRESIDENTE EPITÁCIO;0,750;0,700;0,845;0,714
2010;35;3541406;PRESIDENTE PRUDENTE;0,806;0,774;0,858;0,788
2010;35;3541505;PRESIDENTE VENCESLAU;0,763;0,708;0,837;0,749
2010;35;3541604;PROMISSÃO;0,743;0,666;0,850;0,724
2010;35;3541653;QUADRA;0,678;0,541;0,822;0,700
2010;35;3541703;QUATÁ;0,738;0,700;0,814;0,706
2010;35;3541802;QUEIROZ;0,715;0,681;0,811;0,662
2010;35;3541901;QUELUZ;0,722;0,687;0,823;0,665
2010;35;3542008;QUINTANA;0,732;0,703;0,811;0,689
2010;35;3542107;RAFARD;0,745;0,696;0,823;0,722
2010;35;3542206;RANCHARIA;0,751;0,683;0,861;0,720
2010;35;3542305;REDENÇÃO DA SERRA;0,657;0,560;0,799;0,633
2010;35;3542404;REGENTE FEIJÓ;0,768;0,752;0,818;0,735
2010;35;3542503;REGINÓPOLIS;0,728;0,660;0,817;0,715
2010;35;3542602;REGISTRO;0,754;0,702;0,851;0,718
2010;35;3542701;RESTINGA;0,705;0,639;0,826;0,664
2010;35;3542800;RIBEIRA;0,698;0,673;0,797;0,635
2010;35;3542909;RIBEIRÃO BONITO;0,712;0,625;0,811;0,712
2010;35;3543006;RIBEIRÃO BRANCO;0,639;0,553;0,797;0,592
2010;35;3543105;RIBEIRÃO CORRENTE;0,711;0,642;0,814;0,688
2010;35;3543204;RIBEIRÃO DO SUL;0,747;0,676;0,818;0,753
2010;35;3543238;RIBEIRÃO DOS ÍNDIOS;0,721;0,701;0,809;0,661
2010;35;3543253;RIBEIRÃO GRANDE;0,705;0,676;0,807;0,643
2010;35;3543303;RIBEIRÃO PIRES;0,784;0,760;0,847;0,749
2010;35;3543402;RIBEIRÃO PRETO;0,800;0,739;0,844;0,820
2010;35;3543501;RIVERSUL;0,664;0,577;0,799;0,634
2010;35;3543600;RIFAINA;0,740;0,690;0,824;0,713
2010;35;3543709;RINCÃO;0,734;0,682;0,826;0,701
2010;35;3543808;RINÓPOLIS;0,723;0,644;0,843;0,696
2010;35;3543907;RIO CLARO;0,803;0,766;0,862;0,784
2010;35;3544004;RIO DAS PEDRAS;0,759;0,700;0,842;0,741
2010;35;3544103;RIO GRANDE DA SERRA;0,749;0,745;0,823;0,684
2010;35;3544202;RIOLÂNDIA;0,703;0,629;0,817;0,677
2010;35;3544251;ROSANA;0,764;0,728;0,818;0,749
2010;35;3544301;ROSEIRA;0,737;0,704;0,823;0,691
2010;35;3544400;RUBIÁCEA;0,721;0,668;0,820;0,684
2010;35;3544509;RUBINÉIA;0,759;0,726;0,844;0,713
2010;35;3544608;SABINO;0,728;0,671;0,813;0,708
2010;35;3544707;SAGRES;0,730;0,677;0,830;0,692
2010;35;3544806;SALES;0,751;0,697;0,859;0,708
2010;35;3544905;SALES OLIVEIRA;0,772;0,739;0,845;0,738
2010;35;3545001;SALESÓPOLIS;0,732;0,690;0,829;0,687
2010;35;3545100;SALMOURÃO;0,719;0,649;0,846;0,678
2010;35;3545159;SALTINHO;0,791;0,750;0,857;0,771
2010;35;3545209;SALTO;0,780;0,751;0,837;0,755
2010;35;3545308;SALTO DE PIRAPORA;0,729;0,665;0,834;0,699
2010;35;3545407;SALTO GRANDE;0,704;0,637;0,825;0,664
2010;35;3545506;SANDOVALINA;0,709;0,659;0,812;0,665
2010;35;3545605;SANTA ADÉLIA;0,760;0,702;0,835;0,750
2010;35;3545704;SANTA ALBERTINA;0,728;0,665;0,809;0,716
2010;35;3545803;SANTA BÁRBARA D'OESTE;0,781;0,731;0,867;0,752
2010;35;3546009;SANTA BRANCA;0,735;0,678;0,828;0,706
2010;35;3546108;SANTA CLARA D'OESTE;0,733;0,687;0,804;0,712
2010;35;3546207;SANTA CRUZ DA CONCEIÇÃO;0,790;0,679;0,876;0,830
2010;35;3546256;SANTA CRUZ DA ESPERANÇA;0,743;0,686;0,832;0,719
2010;35;3546306;SANTA CRUZ DAS PALMEIRAS;0,728;0,635;0,815;0,746
2010;35;3546405;SANTA CRUZ DO RIO PARDO;0,762;0,686;0,867;0,744
2010;35;3546504;SANTA ERNESTINA;0,738;0,699;0,802;0,716
2010;35;3546603;SANTA FÉ DO SUL;0,784;0,751;0,840;0,763
2010;35;3546702;SANTA GERTRUDES;0,737;0,654;0,847;0,723
2010;35;3546801;SANTA ISABEL;0,738;0,689;0,834;0,700
2010;35;3546900;SANTA LÚCIA;0,737;0,703;0,818;0,696
2010;35;3547007;SANTA MARIA DA SERRA;0,686;0,571;0,820;0,688
2010;35;3547106;SANTA MERCEDES;0,739;0,699;0,847;0,683
2010;35;3547205;SANTANA DA PONTE PENSA;0,773;0,733;0,840;0,751
2010;35;3547304;SANTANA DE PARNAÍBA;0,814;0,725;0,849;0,876
2010;35;3547403;SANTA RITA D'OESTE;0,761;0,740;0,839;0,711
2010;35;3547502;SANTA RITA DO PASSA QUATRO;0,775;0,686;0,887;0,764
2010;35;3547601;SANTA ROSA DE VITERBO;0,770;0,704;0,868;0,746
2010;35;3547650;SANTA SALETE;0,772;0,748;0,864;0,712
2010;35;3547700;SANTO ANASTÁCIO;0,753;0,689;0,854;0,725
2010;35;3547809;SANTO ANDRÉ;0,815;0,769;0,861;0,819
2010;35;3547908;SANTO ANTÔNIO DA ALEGRIA;0,702;0,604;0,830;0,690
2010;35;3548005;SANTO ANTÔNIO DE POSSE;0,702;0,576;0,838;0,718
2010;35;3548054;SANTO ANTÔNIO DO ARACANGUÁ;0,757;0,728;0,840;0,710
2010;35;3548104;SANTO ANTÔNIO DO JARDIM;0,714;0,620;0,835;0,703
2010;35;3548203;SANTO ANTÔNIO DO PINHAL;0,706;0,632;0,812;0,685
2010;35;3548302;SANTO EXPEDITO;0,732;0,714;0,828;0,664
2010;35;3548401;SANTÓPOLIS DO AGUAPEÍ;0,740;0,719;0,830;0,680
2010;35;3548500;SANTOS;0,840;0,807;0,852;0,861
2010;35;3548609;SÃO BENTO DO SAPUCAÍ;0,720;0,638;0,812;0,719
2010;35;3548708;SÃO BERNARDO DO CAMPO;0,805;0,752;0,861;0,807
2010;35;3548807;SÃO CAETANO DO SUL;0,862;0,811;0,887;0,891
2010;35;3548906;SÃO CARLOS;0,805;0,766;0,863;0,788
2010;35;3549003;SÃO FRANCISCO;0,723;0,658;0,814;0,705
2010;35;3549102;SÃO JOÃO DA BOA VISTA;0,797;0,749;0,871;0,776
2010;35;3549201;SÃO JOÃO DAS DUAS PONTES;0,720;0,686;0,806;0,675
2010;35;3549250;SÃO JOÃO DE IRACEMA;0,748;0,738;0,833;0,682
2010;35;3549300;SÃO JOÃO DO PAU D'ALHO;0,750;0,692;0,854;0,714
2010;35;3549409;SÃO JOAQUIM DA BARRA;0,762;0,706;0,847;0,740
2010;35;3549508;SÃO JOSÉ DA BELA VISTA;0,693;0,580;0,844;0,679
2010;35;3549607;SÃO JOSÉ DO BARREIRO;0,684;0,591;0,813;0,666
2010;35;3549706;SÃO JOSÉ DO RIO PARDO;0,774;0,717;0,868;0,744
2010;35;3549805;SÃO JOSÉ DO RIO PRETO;0,797;0,748;0,846;0,801
2010;35;3549904;SÃO JOSÉ DOS CAMPOS;0,807;0,764;0,855;0,804
2010;35;3549953;SÃO LOURENÇO DA SERRA;0,728;0,666;0,823;0,704
2010;35;3550001;SÃO LUÍS DO PARAITINGA;0,697;0,593;0,826;0,691
2010;35;3550100;SÃO MANUEL;0,744;0,695;0,805;0,735
2010;35;3550209;SÃO MIGUEL ARCANJO;0,710;0,633;0,799;0,708
2010;35;3550308;SÃO PAULO;0,805;0,725;0,855;0,843
2010;35;3550407;SÃO PEDRO;0,755;0,674;0,863;0,741
2010;35;3550506;SÃO PEDRO DO TURVO;0,703;0,636;0,826;0,661
2010;35;3550605;SÃO ROQUE;0,768;0,687;0,863;0,765
2010;35;3550704;SÃO SEBASTIÃO;0,772;0,703;0,875;0,747
2010;35;3550803;SÃO SEBASTIÃO DA GRAMA;0,701;0,609;0,820;0,689
2010;35;3550902;SÃO SIMÃO;0,766;0,722;0,852;0,732
2010;35;3551009;SÃO VICENTE;0,768;0,716;0,857;0,738
2010;35;3551108;SARAPUÍ;0,707;0,621;0,814;0,699
2010;35;3551207;SARUTAIÁ;0,688;0,603;0,794;0,679
2010;35;3551306;SEBASTIANÓPOLIS DO SUL;0,773;0,740;0,835;0,748
2010;35;3551405;SERRA AZUL;0,686;0,572;0,810;0,697
2010;35;3551504;SERRANA;0,729;0,650;0,835;0,713
2010;35;3551603;SERRA NEGRA;0,767;0,676;0,873;0,764
2010;35;3551702;SERTÃOZINHO;0,761;0,672;0,855;0,768
2010;35;3551801;SETE BARRAS;0,673;0,562;0,832;0,651
2010;35;3551900;SEVERÍNIA;0,715;0,638;0,807;0,709
2010;35;3552007;SILVEIRAS;0,678;0,584;0,812;0,657
2010;35;3552106;SOCORRO;0,729;0,634;0,828;0,737
2010;35;3552205;SOROCABA;0,798;0,762;0,843;0,792
2010;35;3552304;SUD MENNUCCI;0,747;0,694;0,809;0,743
2010;35;3552403;SUMARÉ;0,762;0,705;0,845;0,744
2010;35;3552502;SUZANO;0,765;0,723;0,873;0,708
2010;35;3552551;SUZANÁPOLIS;0,699;0,631;0,813;0,665
2010;35;3552601;TABAPUÃ;0,735;0,666;0,820;0,726
2010;35;3552700;TABATINGA;0,704;0,609;0,818;0,700
2010;35;3552809;TABOÃO DA SERRA;0,769;0,710;0,863;0,742
2010;35;3552908;TACIBA;0,723;0,684;0,809;0,682
2010;35;3553005;TAGUAÍ;0,709;0,631;0,818;0,690
2010;35;3553104;TAIAÇU;0,710;0,628;0,814;0,701
2010;35;3553203;TAIÚVA;0,760;0,718;0,835;0,732
2010;35;3553302;TAMBAÚ;0,731;0,624;0,858;0,729
2010;35;3553401;TANABI;0,748;0,687;0,829;0,735
2010;35;3553500;TAPIRAÍ;0,681;0,578;0,846;0,647
2010;35;3553609;TAPIRATIBA;0,751;0,692;0,870;0,703
2010;35;3553658;TAQUARAL;0,759;0,716;0,823;0,742
2010;35;3553708;TAQUARITINGA;0,748;0,696;0,827;0,727
2010;35;3553807;TAQUARITUBA;0,701;0,606;0,811;0,700
2010;35;3553856;TAQUARIVAÍ;0,679;0,626;0,811;0,617
2010;35;3553906;TARABAI;0,726;0,697;0,823;0,666
2010;35;3553955;TARUMÃ;0,753;0,680;0,852;0,738
2010;35;3554003;TATUÍ;0,752;0,688;0,842;0,734
2010;35;3554102;TAUBATÉ;0,800;0,746;0,883;0,778
2010;35;3554201;TEJUPÁ;0,668;0,563;0,794;0,668
2010;35;3554300;TEODORO SAMPAIO;0,741;0,679;0,856;0,699
2010;35;3554409;TERRA ROXA;0,749;0,684;0,838;0,732
2010;35;3554508;TIETÊ;0,778;0,698;0,884;0,764
2010;35;3554607;TIMBURI;0,710;0,629;0,826;0,688
2010;35;3554656;TORRE DE PEDRA;0,714;0,647;0,829;0,679
2010;35;3554706;TORRINHA;0,744;0,658;0,852;0,734
2010;35;3554755;TRABIJU;0,722;0,697;0,811;0,666
2010;35;3554805;TREMEMBÉ;0,785;0,720;0,873;0,769
2010;35;3554904;TRÊS FRONTEIRAS;0,753;0,726;0,829;0,710
2010;35;3554953;TUIUTI;0,728;0,630;0,871;0,702
2010;35;3555000;TUPÃ;0,771;0,704;0,852;0,764
2010;35;3555109;TUPI PAULISTA;0,769;0,715;0,835;0,762
2010;35;3555208;TURIÚBA;0,751;0,721;0,824;0,713
2010;35;3555307;TURMALINA;0,736;0,675;0,817;0,724
2010;35;3555356;UBARANA;0,700;0,604;0,844;0,672
2010;35;3555406;UBATUBA;0,751;0,679;0,841;0,741
2010;35;3555505;UBIRAJARA;0,727;0,674;0,829;0,689
2010;35;3555604;UCHOA;0,721;0,644;0,823;0,708
2010;35;3555703;UNIÃO PAULISTA;0,749;0,699;0,863;0,697
2010;35;3555802;URÂNIA;0,746;0,709;0,804;0,727
2010;35;3555901;URU;0,712;0,639;0,832;0,678
2010;35;3556008;URUPÊS;0,745;0,683;0,817;0,741
2010;35;3556107;VALENTIM GENTIL;0,735;0,692;0,810;0,708
2010;35;3556206;VALINHOS;0,819;0,763;0,850;0,848
2010;35;3556305;VALPARAÍSO;0,725;0,643;0,825;0,719
2010;35;3556354;VARGEM;0,699;0,591;0,839;0,690
2010;35;3556404;VARGEM GRANDE DO SUL;0,737;0,643;0,863;0,721
2010;35;3556453;VARGEM GRANDE PAULISTA;0,770;0,683;0,884;0,755
2010;35;3556503;VÁRZEA PAULISTA;0,759;0,705;0,863;0,720
2010;35;3556602;VERA CRUZ;0,754;0,715;0,830;0,722
2010;35;3556701;VINHEDO;0,817;0,739;0,878;0,840
2010;35;3556800;VIRADOURO;0,739;0,683;0,823;0,717
2010;35;3556909;VISTA ALEGRE DO ALTO;0,744;0,676;0,840;0,726
2010;35;3556958;VITÓRIA BRASIL;0,725;0,685;0,811;0,686
2010;35;3557006;VOTORANTIM;0,767;0,747;0,838;0,720
2010;35;3557105;VOTUPORANGA;0,790;0,744;0,857;0,772
2010;35;3557154;ZACARIAS;0,729;0,674;0,826;0,695
2010;35;3557204;CHAVANTES;0,729;0,655;0,828;0,713
2010;35;3557303;ESTIVA GERBI;0,740;0,695;0,815;0,716
2010;41;4100103;ABATIÁ;0,687;0,596;0,804;0,676
2010;41;4100202;ADRIANÓPOLIS;0,667;0,563;0,817;0,644
2010;41;4100301;AGUDOS DO SUL;0,660;0,543;0,790;0,671
2010;41;4100400;ALMIRANTE TAMANDARÉ;0,699;0,575;0,840;0,706
2010;41;4100459;ALTAMIRA DO PARANÁ;0,667;0,571;0,780;0,667
2010;41;4100509;ALTÔNIA;0,721;0,641;0,848;0,690
2010;41;4100608;ALTO PARANÁ;0,696;0,587;0,846;0,679
2010;41;4100707;ALTO PIQUIRI;0,676;0,578;0,798;0,669
2010;41;4100806;ALVORADA DO SUL;0,708;0,617;0,826;0,695
2010;41;4100905;AMAPORÃ;0,669;0,591;0,785;0,644
2010;41;4101002;AMPÉRE;0,709;0,620;0,824;0,699
2010;41;4101051;ANAHY;0,695;0,593;0,844;0,671
2010;41;4101101;ANDIRÁ;0,725;0,660;0,838;0,690
2010;41;4101150;ÂNGULO;0,721;0,644;0,827;0,705
2010;41;4101200;ANTONINA;0,687;0,564;0,838;0,686
2010;41;4101309;ANTÔNIO OLINTO;0,656;0,547;0,825;0,626
2010;41;4101408;APUCARANA;0,748;0,668;0,845;0,741
2010;41;4101507;ARAPONGAS;0,748;0,669;0,834;0,751
2010;41;4101606;ARAPOTI;0,723;0,643;0,823;0,715
2010;41;4101655;ARAPUÃ;0,676;0,584;0,828;0,638
2010;41;4101705;ARARUNA;0,704;0,648;0,785;0,685
2010;41;4101804;ARAUCÁRIA;0,740;0,639;0,852;0,743
2010;41;4101853;ARIRANHA DO IVAÍ;0,670;0,594;0,794;0,637
2010;41;4101903;ASSAÍ;0,728;0,641;0,833;0,724
2010;41;4102000;ASSIS CHATEAUBRIAND;0,729;0,633;0,857;0,713
2010;41;4102109;ASTORGA;0,747;0,675;0,818;0,754
2010;41;4102208;ATALAIA;0,736;0,660;0,854;0,707
2010;41;4102307;BALSA NOVA;0,696;0,579;0,823;0,707
2010;41;4102406;BANDEIRANTES;0,727;0,658;0,819;0,714
2010;41;4102505;BARBOSA FERRAZ;0,696;0,625;0,808;0,667
2010;41;4102604;BARRACÃO;0,706;0,590;0,833;0,716
2010;41;4102703;BARRA DO JACARÉ;0,744;0,747;0,813;0,678
2010;41;4102752;BELA VISTA DA CAROBA;0,681;0,572;0,828;0,667
2010;41;4102802;BELA VISTA DO PARAÍSO;0,716;0,604;0,844;0,721
2010;41;4102901;BITURUNA;0,667;0,556;0,829;0,645
2010;41;4103008;BOA ESPERANÇA;0,720;0,673;0,808;0,687
2010;41;4103024;BOA ESPERANÇA DO IGUAÇU;0,700;0,602;0,848;0,673
2010;41;4103040;BOA VENTURA DE SÃO ROQUE;0,655;0,553;0,802;0,635
2010;41;4103057;BOA VISTA DA APARECIDA;0,670;0,563;0,801;0,668
2010;41;4103107;BOCAIÚVA DO SUL;0,640;0,473;0,816;0,679
2010;41;4103156;BOM JESUS DO SUL;0,697;0,656;0,805;0,640
2010;41;4103206;BOM SUCESSO;0,686;0,570;0,820;0,692
2010;41;4103222;BOM SUCESSO DO SUL;0,742;0,695;0,836;0,704
2010;41;4103305;BORRAZÓPOLIS;0,717;0,633;0,838;0,695
2010;41;4103354;BRAGANEY;0,701;0,627;0,797;0,689
2010;41;4103370;BRASILÂNDIA DO SUL;0,681;0,572;0,813;0,680
2010;41;4103404;CAFEARA;0,693;0,602;0,811;0,683
2010;41;4103453;CAFELÂNDIA;0,748;0,692;0,835;0,723
2010;41;4103479;CAFEZAL DO SUL;0,692;0,611;0,792;0,686
2010;41;4103503;CALIFÓRNIA;0,722;0,638;0,821;0,718
2010;41;4103602;CAMBARÁ;0,721;0,645;0,818;0,711
2010;41;4103701;CAMBÉ;0,734;0,651;0,840;0,724
2010;41;4103800;CAMBIRA;0,725;0,651;0,835;0,702
2010;41;4103909;CAMPINA DA LAGOA;0,704;0,623;0,829;0,677
2010;41;4103958;CAMPINA DO SIMÃO;0,630;0,527;0,792;0,598
2010;41;4104006;CAMPINA GRANDE DO SUL;0,718;0,605;0,860;0,712
2010;41;4104055;CAMPO BONITO;0,681;0,562;0,813;0,690
2010;41;4104105;CAMPO DO TENENTE;0,686;0,606;0,806;0,661
2010;41;4104204;CAMPO LARGO;0,745;0,664;0,854;0,730
2010;41;4104253;CAMPO MAGRO;0,701;0,607;0,828;0,685
2010;41;4104303;CAMPO MOURÃO;0,757;0,689;0,841;0,749
2010;41;4104402;CÂNDIDO DE ABREU;0,629;0,494;0,783;0,643
2010;41;4104428;CANDÓI;0,635;0,503;0,778;0,655
2010;41;4104451;CANTAGALO;0,635;0,522;0,768;0,638
2010;41;4104501;CAPANEMA;0,706;0,611;0,801;0,719
2010;41;4104600;CAPITÃO LEÔNIDAS MARQUES;0,716;0,623;0,829;0,712
2010;41;4104659;CARAMBEÍ;0,728;0,640;0,836;0,721
2010;41;4104709;CARLÓPOLIS;0,713;0,625;0,832;0,696
2010;41;4104808;CASCAVEL;0,782;0,728;0,846;0,776
2010;41;4104907;CASTRO;0,703;0,600;0,823;0,704
2010;41;4105003;CATANDUVAS;0,678;0,573;0,805;0,677
2010;41;4105102;CENTENÁRIO DO SUL;0,668;0,549;0,791;0,686
2010;41;4105201;CERRO AZUL;0,573;0,391;0,797;0,604
2010;41;4105300;CÉU AZUL;0,732;0,659;0,812;0,732
2010;41;4105409;CHOPINZINHO;0,740;0,671;0,817;0,740
2010;41;4105508;CIANORTE;0,755;0,685;0,841;0,747
2010;41;4105607;CIDADE GAÚCHA;0,718;0,645;0,805;0,712
2010;41;4105706;CLEVELÂNDIA;0,694;0,573;0,813;0,718
2010;41;4105805;COLOMBO;0,733;0,632;0,870;0,715
2010;41;4105904;COLORADO;0,730;0,649;0,804;0,747
2010;41;4106001;CONGONHINHAS;0,668;0,562;0,809;0,655
2010;41;4106100;CONSELHEIRO MAIRINCK;0,707;0,650;0,806;0,675
2010;41;4106209;CONTENDA;0,681;0,555;0,816;0,697
2010;41;4106308;CORBÉLIA;0,738;0,683;0,807;0,728
2010;41;4106407;CORNÉLIO PROCÓPIO;0,759;0,692;0,848;0,746
2010;41;4106456;CORONEL DOMINGOS SOARES;0,600;0,447;0,792;0,609
2010;41;4106506;CORONEL VIVIDA;0,723;0,653;0,810;0,714
2010;41;4106555;CORUMBATAÍ DO SUL;0,638;0,520;0,790;0,632
2010;41;4106571;CRUZEIRO DO IGUAÇU;0,709;0,641;0,792;0,703
2010;41;4106605;CRUZEIRO DO OESTE;0,717;0,640;0,825;0,698
2010;41;4106704;CRUZEIRO DO SUL;0,713;0,641;0,828;0,682
2010;41;4106803;CRUZ MACHADO;0,664;0,545;0,845;0,635
2010;41;4106852;CRUZMALTINA;0,666;0,593;0,768;0,650
2010;41;4106902;CURITIBA;0,823;0,768;0,855;0,850
2010;41;4107009;CURIÚVA;0,656;0,546;0,795;0,649
2010;41;4107108;DIAMANTE DO NORTE;0,723;0,657;0,824;0,699
2010;41;4107124;DIAMANTE DO SUL;0,608;0,479;0,777;0,605
2010;41;4107157;DIAMANTE D'OESTE;0,644;0,532;0,776;0,647
2010;41;4107207;DOIS VIZINHOS;0,767;0,711;0,850;0,747
2010;41;4107256;DOURADINA;0,724;0,644;0,818;0,721
2010;41;4107306;DOUTOR CAMARGO;0,746;0,702;0,839;0,704
2010;41;4107405;ENÉAS MARQUES;0,752;0,664;0,835;0,767
2010;41;4107504;ENGENHEIRO BELTRÃO;0,730;0,677;0,820;0,701
2010;41;4107520;ESPERANÇA NOVA;0,689;0,594;0,799;0,690
2010;41;4107538;ENTRE RIOS DO OESTE;0,761;0,686;0,826;0,778
2010;41;4107546;ESPIGÃO ALTO DO IGUAÇU;0,636;0,521;0,781;0,632
2010;41;4107553;FAROL;0,715;0,665;0,818;0,671
2010;41;4107603;FAXINAL;0,687;0,584;0,796;0,697
2010;41;4107652;FAZENDA RIO GRANDE;0,720;0,617;0,847;0,713
2010;41;4107702;FÊNIX;0,716;0,665;0,825;0,669
2010;41;4107736;FERNANDES PINHEIRO;0,645;0,525;0,791;0,647
2010;41;4107751;FIGUEIRA;0,677;0,569;0,801;0,680
2010;41;4107801;FLORAÍ;0,745;0,656;0,853;0,739
2010;41;4107850;FLOR DA SERRA DO SUL;0,682;0,560;0,833;0,680
2010;41;4107900;FLORESTA;0,736;0,691;0,816;0,707
2010;41;4108007;FLORESTÓPOLIS;0,701;0,625;0,807;0,682
2010;41;4108106;FLÓRIDA;0,732;0,679;0,816;0,707
2010;41;4108205;FORMOSA DO OESTE;0,723;0,652;0,836;0,692
2010;41;4108304;FOZ DO IGUAÇU;0,751;0,661;0,858;0,748
2010;41;4108320;FRANCISCO ALVES;0,669;0,570;0,786;0,669
2010;41;4108403;FRANCISCO BELTRÃO;0,774;0,726;0,844;0,758
2010;41;4108452;FOZ DO JORDÃO;0,645;0,496;0,828;0,654
2010;41;4108502;GENERAL CARNEIRO;0,652;0,532;0,816;0,638
2010;41;4108551;GODOY MOREIRA;0,675;0,578;0,828;0,642
2010;41;4108601;GOIOERÊ;0,731;0,639;0,850;0,720
2010;41;4108650;GOIOXIM;0,641;0,547;0,813;0,593
2010;41;4108700;GRANDES RIOS;0,658;0,550;0,799;0,649
2010;41;4108809;GUAÍRA;0,724;0,615;0,836;0,739
2010;41;4108908;GUAIRAÇÁ;0,693;0,574;0,829;0,698
2010;41;4108957;GUAMIRANGA;0,669;0,568;0,804;0,657
2010;41;4109005;GUAPIRAMA;0,702;0,645;0,805;0,666
2010;41;4109104;GUAPOREMA;0,719;0,671;0,808;0,686
2010;41;4109203;GUARACI;0,698;0,598;0,821;0,693
2010;41;4109302;GUARANIAÇU;0,677;0,528;0,841;0,698
2010;41;4109401;GUARAPUAVA;0,731;0,628;0,853;0,730
2010;41;4109500;GUARAQUEÇABA;0,587;0,434;0,792;0,587
2010;41;4109609;GUARATUBA;0,717;0,604;0,828;0,737
2010;41;4109658;HONÓRIO SERPA;0,683;0,612;0,807;0,645
2010;41;4109708;IBAITI;0,710;0,596;0,813;0,738
2010;41;4109757;IBEMA;0,685;0,615;0,786;0,664
2010;41;4109807;IBIPORÃ;0,726;0,647;0,821;0,720
2010;41;4109906;ICARAÍMA;0,666;0,554;0,792;0,673
2010;41;4110003;IGUARAÇU;0,758;0,732;0,833;0,714
2010;41;4110052;IGUATU;0,703;0,637;0,812;0,672
2010;41;4110078;IMBAÚ;0,622;0,481;0,785;0,636
2010;41;4110102;IMBITUVA;0,660;0,509;0,828;0,681
2010;41;4110201;INÁCIO MARTINS;0,600;0,454;0,765;0,623
2010;41;4110300;INAJÁ;0,705;0,641;0,807;0,676
2010;41;4110409;INDIANÓPOLIS;0,724;0,642;0,835;0,707
2010;41;4110508;IPIRANGA;0,652;0,489;0,828;0,684
2010;41;4110607;IPORÃ;0,706;0,611;0,829;0,696
2010;41;4110656;IRACEMA DO OESTE;0,707;0,630;0,836;0,672
2010;41;4110706;IRATI;0,726;0,640;0,835;0,715
2010;41;4110805;IRETAMA;0,665;0,521;0,811;0,696
2010;41;4110904;ITAGUAJÉ;0,707;0,664;0,791;0,672
2010;41;4110953;ITAIPULÂNDIA;0,738;0,608;0,848;0,779
2010;41;4111001;ITAMBARACÁ;0,694;0,639;0,789;0,664
2010;41;4111100;ITAMBÉ;0,746;0,703;0,854;0,691
2010;41;4111209;ITAPEJARA D'OESTE;0,731;0,661;0,828;0,713
2010;41;4111258;ITAPERUÇU;0,637;0,507;0,779;0,654
2010;41;4111308;ITAÚNA DO SUL;0,656;0,543;0,798;0,651
2010;41;4111407;IVAÍ;0,651;0,534;0,791;0,654
2010;41;4111506;IVAIPORÃ;0,730;0,661;0,827;0,711
2010;41;4111555;IVATÉ;0,706;0,641;0,803;0,684
2010;41;4111605;IVATUBA;0,766;0,748;0,837;0,718
2010;41;4111704;JABOTI;0,718;0,640;0,827;0,699
2010;41;4111803;JACAREZINHO;0,743;0,663;0,844;0,734
2010;41;4111902;JAGUAPITÃ;0,715;0,615;0,834;0,714
2010;41;4112009;JAGUARIAÍVA;0,743;0,684;0,859;0,698
2010;41;4112108;JANDAIA DO SUL;0,747;0,703;0,801;0,741
2010;41;4112207;JANIÓPOLIS;0,696;0,593;0,826;0,688
2010;41;4112306;JAPIRA;0,696;0,603;0,827;0,675
2010;41;4112405;JAPURÁ;0,712;0,623;0,829;0,698
2010;41;4112504;JARDIM ALEGRE;0,689;0,569;0,827;0,696
2010;41;4112603;JARDIM OLINDA;0,682;0,600;0,791;0,669
2010;41;4112702;JATAIZINHO;0,687;0,574;0,845;0,669
2010;41;4112751;JESUÍTAS;0,705;0,615;0,839;0,680
2010;41;4112801;JOAQUIM TÁVORA;0,700;0,613;0,801;0,699
2010;41;4112900;JUNDIAÍ DO SUL;0,688;0,605;0,817;0,660
2010;41;4112959;JURANDA;0,708;0,639;0,818;0,678
2010;41;4113007;JUSSARA;0,718;0,619;0,835;0,716
2010;41;4113106;KALORÉ;0,721;0,657;0,848;0,673
2010;41;4113205;LAPA;0,706;0,595;0,848;0,696
2010;41;4113254;LARANJAL;0,585;0,436;0,790;0,581
2010;41;4113304;LARANJEIRAS DO SUL;0,706;0,594;0,835;0,709
2010;41;4113403;LEÓPOLIS;0,707;0,663;0,812;0,657
2010;41;4113429;LIDIANÓPOLIS;0,680;0,598;0,802;0,657
2010;41;4113452;LINDOESTE;0,666;0,588;0,769;0,652
2010;41;4113502;LOANDA;0,725;0,645;0,815;0,724
2010;41;4113601;LOBATO;0,744;0,692;0,841;0,708
2010;41;4113700;LONDRINA;0,778;0,712;0,837;0,789
2010;41;4113734;LUIZIANA;0,668;0,580;0,781;0,659
2010;41;4113759;LUNARDELLI;0,690;0,607;0,826;0,655
2010;41;4113809;LUPIONÓPOLIS;0,710;0,595;0,856;0,703
2010;41;4113908;MALLET;0,708;0,645;0,809;0,681
2010;41;4114005;MAMBORÊ;0,719;0,649;0,821;0,698
2010;41;4114104;MANDAGUAÇU;0,718;0,625;0,825;0,717
2010;41;4114203;MANDAGUARI;0,751;0,689;0,840;0,732
2010;41;4114302;MANDIRITUBA;0,655;0,515;0,807;0,677
2010;41;4114351;MANFRINÓPOLIS;0,645;0,520;0,805;0,642
2010;41;4114401;MANGUEIRINHA;0,688;0,579;0,811;0,695
2010;41;4114500;MANOEL RIBAS;0,716;0,628;0,806;0,725
2010;41;4114609;MARECHAL CÂNDIDO RONDON;0,774;0,704;0,842;0,782
2010;41;4114708;MARIA HELENA;0,703;0,607;0,842;0,680
2010;41;4114807;MARIALVA;0,735;0,666;0,814;0,733
2010;41;4114906;MARILÂNDIA DO SUL;0,691;0,599;0,831;0,664
2010;41;4115002;MARILENA;0,681;0,585;0,828;0,651
2010;41;4115101;MARILUZ;0,639;0,504;0,794;0,653
2010;41;4115200;MARINGÁ;0,808;0,768;0,852;0,806
2010;41;4115309;MARIÓPOLIS;0,698;0,591;0,804;0,717
2010;41;4115358;MARIPÁ;0,758;0,684;0,866;0,736
2010;41;4115408;MARMELEIRO;0,722;0,613;0,842;0,730
2010;41;4115457;MARQUINHO;0,614;0,463;0,814;0,615
2010;41;4115507;MARUMBI;0,721;0,643;0,826;0,705
2010;41;4115606;MATELÂNDIA;0,725;0,642;0,831;0,715
2010;41;4115705;MATINHOS;0,743;0,662;0,834;0,743
2010;41;4115739;MATO RICO;0,632;0,536;0,812;0,580
2010;41;4115754;MAUÁ DA SERRA;0,652;0,529;0,793;0,661
2010;41;4115804;MEDIANEIRA;0,763;0,686;0,849;0,762
2010;41;4115853;MERCEDES;0,740;0,680;0,843;0,708
2010;41;4115903;MIRADOR;0,680;0,599;0,800;0,656
2010;41;4116000;MIRASELVA;0,748;0,707;0,854;0,694
2010;41;4116059;MISSAL;0,711;0,608;0,828;0,714
2010;41;4116109;MOREIRA SALES;0,675;0,570;0,802;0,673
2010;41;4116208;MORRETES;0,686;0,544;0,837;0,710
2010;41;4116307;MUNHOZ DE MELO;0,726;0,634;0,856;0,704
2010;41;4116406;NOSSA SENHORA DAS GRAÇAS;0,709;0,631;0,832;0,679
2010;41;4116505;NOVA ALIANÇA DO IVAÍ;0,717;0,691;0,794;0,673
2010;41;4116604;NOVA AMÉRICA DA COLINA;0,698;0,643;0,809;0,655
2010;41;4116703;NOVA AURORA;0,733;0,642;0,844;0,726
2010;41;4116802;NOVA CANTU;0,658;0,558;0,792;0,646
2010;41;4116901;NOVA ESPERANÇA;0,722;0,628;0,829;0,723
2010;41;4116950;NOVA ESPERANÇA DO SUDOESTE;0,714;0,633;0,805;0,714
2010;41;4117008;NOVA FÁTIMA;0,688;0,584;0,819;0,681
2010;41;4117057;NOVA LARANJEIRAS;0,642;0,517;0,833;0,614
2010;41;4117107;NOVA LONDRINA;0,758;0,691;0,856;0,735
2010;41;4117206;NOVA OLÍMPIA;0,710;0,631;0,813;0,699
2010;41;4117214;NOVA SANTA BÁRBARA;0,680;0,588;0,799;0,668
2010;41;4117222;NOVA SANTA ROSA;0,731;0,660;0,809;0,732
2010;41;4117255;NOVA PRATA DO IGUAÇU;0,716;0,646;0,798;0,711
2010;41;4117271;NOVA TEBAS;0,651;0,553;0,788;0,632
2010;41;4117297;NOVO ITACOLOMI;0,710;0,633;0,831;0,681
2010;41;4117305;ORTIGUEIRA;0,609;0,441;0,811;0,632
2010;41;4117404;OURIZONA;0,720;0,644;0,803;0,721
2010;41;4117453;OURO VERDE DO OESTE;0,709;0,634;0,817;0,688
2010;41;4117503;PAIÇANDU;0,716;0,632;0,833;0,697
2010;41;4117602;PALMAS;0,660;0,505;0,827;0,687
2010;41;4117701;PALMEIRA;0,718;0,618;0,826;0,725
2010;41;4117800;PALMITAL;0,639;0,511;0,791;0,647
2010;41;4117909;PALOTINA;0,768;0,689;0,864;0,760
2010;41;4118006;PARAÍSO DO NORTE;0,746;0,668;0,825;0,752
2010;41;4118105;PARANACITY;0,717;0,638;0,839;0,689
2010;41;4118204;PARANAGUÁ;0,750;0,676;0,852;0,733
2010;41;4118303;PARANAPOEMA;0,709;0,629;0,834;0,680
2010;41;4118402;PARANAVAÍ;0,763;0,703;0,844;0,750
2010;41;4118451;PATO BRAGADO;0,747;0,694;0,807;0,745
2010;41;4118501;PATO BRANCO;0,782;0,728;0,845;0,778
2010;41;4118600;PAULA FREITAS;0,717;0,622;0,847;0,699
2010;41;4118709;PAULO FRONTIN;0,708;0,639;0,806;0,688
2010;41;4118808;PEABIRU;0,723;0,629;0,826;0,727
2010;41;4118857;PEROBAL;0,713;0,638;0,830;0,684
2010;41;4118907;PÉROLA;0,700;0,607;0,804;0,704
2010;41;4119004;PÉROLA D'OESTE;0,726;0,679;0,809;0,697
2010;41;4119103;PIÊN;0,694;0,616;0,802;0,677
2010;41;4119152;PINHAIS;0,751;0,666;0,836;0,761
2010;41;4119202;PINHALÃO;0,697;0,601;0,828;0,679
2010;41;4119251;PINHAL DE SÃO BENTO;0,695;0,626;0,801;0,669
2010;41;4119301;PINHÃO;0,654;0,534;0,806;0,649
2010;41;4119400;PIRAÍ DO SUL;0,708;0,619;0,816;0,702
2010;41;4119509;PIRAQUARA;0,700;0,574;0,869;0,689
2010;41;4119608;PITANGA;0,702;0,621;0,802;0,696
2010;41;4119657;PITANGUEIRAS;0,710;0,634;0,842;0,670
2010;41;4119707;PLANALTINA DO PARANÁ;0,705;0,646;0,795;0,682
2010;41;4119806;PLANALTO;0,706;0,636;0,786;0,704
2010;41;4119905;PONTA GROSSA;0,763;0,703;0,837;0,755
2010;41;4119954;PONTAL DO PARANÁ;0,738;0,655;0,831;0,737
2010;41;4120002;PORECATU;0,738;0,661;0,834;0,728
2010;41;4120101;PORTO AMAZONAS;0,700;0,595;0,815;0,708
2010;41;4120150;PORTO BARREIRO;0,688;0,588;0,821;0,676
2010;41;4120200;PORTO RICO;0,735;0,680;0,846;0,691
2010;41;4120309;PORTO VITÓRIA;0,685;0,600;0,796;0,674
2010;41;4120333;PRADO FERREIRA;0,710;0,593;0,852;0,707
2010;41;4120358;PRANCHITA;0,752;0,696;0,821;0,743
2010;41;4120408;PRESIDENTE CASTELO BRANCO;0,713;0,608;0,857;0,695
2010;41;4120507;PRIMEIRO DE MAIO;0,701;0,599;0,826;0,695
2010;41;4120606;PRUDENTÓPOLIS;0,676;0,577;0,807;0,664
2010;41;4120655;QUARTO CENTENÁRIO;0,710;0,603;0,819;0,724
2010;41;4120705;QUATIGUÁ;0,714;0,655;0,803;0,691
2010;41;4120804;QUATRO BARRAS;0,742;0,665;0,831;0,740
2010;41;4120853;QUATRO PONTES;0,791;0,748;0,838;0,790
2010;41;4120903;QUEDAS DO IGUAÇU;0,681;0,576;0,794;0,690
2010;41;4121000;QUERÊNCIA DO NORTE;0,688;0,604;0,808;0,667
2010;41;4121109;QUINTA DO SOL;0,715;0,631;0,842;0,689
2010;41;4121208;QUITANDINHA;0,680;0,603;0,806;0,648
2010;41;4121257;RAMILÂNDIA;0,630;0,489;0,802;0,639
2010;41;4121307;RANCHO ALEGRE;0,707;0,633;0,808;0,691
2010;41;4121356;RANCHO ALEGRE D'OESTE;0,704;0,625;0,831;0,673
2010;41;4121406;REALEZA;0,722;0,630;0,830;0,720
2010;41;4121505;REBOUÇAS;0,672;0,576;0,814;0,647
2010;41;4121604;RENASCENÇA;0,733;0,630;0,838;0,746
2010;41;4121703;RESERVA;0,618;0,461;0,786;0,650
2010;41;4121752;RESERVA DO IGUAÇU;0,648;0,521;0,820;0,636
2010;41;4121802;RIBEIRÃO CLARO;0,716;0,627;0,832;0,704
2010;41;4121901;RIBEIRÃO DO PINHAL;0,701;0,611;0,824;0,684
2010;41;4122008;RIO AZUL;0,687;0,544;0,819;0,728
2010;41;4122107;RIO BOM;0,729;0,681;0,848;0,672
2010;41;4122156;RIO BONITO DO IGUAÇU;0,629;0,498;0,792;0,631
2010;41;4122172;RIO BRANCO DO IVAÍ;0,640;0,537;0,783;0,624
2010;41;4122206;RIO BRANCO DO SUL;0,679;0,545;0,847;0,679
2010;41;4122305;RIO NEGRO;0,760;0,705;0,863;0,721
2010;41;4122404;ROLÂNDIA;0,739;0,661;0,821;0,744
2010;41;4122503;RONCADOR;0,681;0,595;0,797;0,665
2010;41;4122602;RONDON;0,713;0,610;0,820;0,724
2010;41;4122651;ROSÁRIO DO IVAÍ;0,662;0,577;0,788;0,638
2010;41;4122701;SABÁUDIA;0,740;0,676;0,843;0,710
2010;41;4122800;SALGADO FILHO;0,700;0,604;0,831;0,682
2010;41;4122909;SALTO DO ITARARÉ;0,704;0,631;0,836;0,661
2010;41;4123006;SALTO DO LONTRA;0,718;0,625;0,839;0,707
2010;41;4123105;SANTA AMÉLIA;0,653;0,526;0,809;0,655
2010;41;4123204;SANTA CECÍLIA DO PAVÃO;0,723;0,661;0,838;0,681
2010;41;4123303;SANTA CRUZ DE MONTE CASTELO;0,710;0,633;0,831;0,681
2010;41;4123402;SANTA FÉ;0,705;0,601;0,808;0,721
2010;41;4123501;SANTA HELENA;0,744;0,678;0,823;0,738
2010;41;4123600;SANTA INÊS;0,717;0,659;0,827;0,675
2010;41;4123709;SANTA ISABEL DO IVAÍ;0,720;0,656;0,817;0,697
2010;41;4123808;SANTA IZABEL DO OESTE;0,696;0,603;0,826;0,677
2010;41;4123824;SANTA LÚCIA;0,687;0,592;0,795;0,688
2010;41;4123857;SANTA MARIA DO OESTE;0,609;0,477;0,790;0,600
2010;41;4123907;SANTA MARIANA;0,700;0,624;0,804;0,684
2010;41;4123956;SANTA MÔNICA;0,704;0,630;0,792;0,698
2010;41;4124004;SANTANA DO ITARARÉ;0,687;0,585;0,848;0,654
2010;41;4124020;SANTA TEREZA DO OESTE;0,705;0,632;0,808;0,686
2010;41;4124053;SANTA TEREZINHA DE ITAIPU;0,738;0,689;0,814;0,716
2010;41;4124103;SANTO ANTÔNIO DA PLATINA;0,718;0,617;0,817;0,733
2010;41;4124202;SANTO ANTÔNIO DO CAIUÁ;0,696;0,632;0,820;0,650
2010;41;4124301;SANTO ANTÔNIO DO PARAÍSO;0,716;0,662;0,813;0,683
2010;41;4124400;SANTO ANTÔNIO DO SUDOESTE;0,671;0,543;0,807;0,690
2010;41;4124509;SANTO INÁCIO;0,739;0,641;0,843;0,746
2010;41;4124608;SÃO CARLOS DO IVAÍ;0,682;0,547;0,825;0,703
2010;41;4124707;SÃO JERÔNIMO DA SERRA;0,637;0,503;0,822;0,626
2010;41;4124806;SÃO JOÃO;0,727;0,660;0,838;0,695
2010;41;4124905;SÃO JOÃO DO CAIUÁ;0,664;0,551;0,785;0,678
2010;41;4125001;SÃO JOÃO DO IVAÍ;0,693;0,611;0,803;0,677
2010;41;4125100;SÃO JOÃO DO TRIUNFO;0,629;0,475;0,801;0,655
2010;41;4125209;SÃO JORGE D'OESTE;0,722;0,656;0,813;0,705
2010;41;4125308;SÃO JORGE DO IVAÍ;0,743;0,696;0,810;0,727
2010;41;4125357;SÃO JORGE DO PATROCÍNIO;0,676;0,543;0,810;0,702
2010;41;4125407;SÃO JOSÉ DA BOA VISTA;0,671;0,594;0,781;0,651
2010;41;4125456;SÃO JOSÉ DAS PALMEIRAS;0,713;0,627;0,844;0,686
2010;41;4125506;SÃO JOSÉ DOS PINHAIS;0,758;0,678;0,859;0,749
2010;41;4125555;SÃO MANOEL DO PARANÁ;0,725;0,640;0,825;0,721
2010;41;4125605;SÃO MATEUS DO SUL;0,719;0,623;0,838;0,711
2010;41;4125704;SÃO MIGUEL DO IGUAÇU;0,704;0,588;0,818;0,726
2010;41;4125753;SÃO PEDRO DO IGUAÇU;0,683;0,581;0,798;0,687
2010;41;4125803;SÃO PEDRO DO IVAÍ;0,717;0,627;0,836;0,702
2010;41;4125902;SÃO PEDRO DO PARANÁ;0,704;0,616;0,836;0,678
2010;41;4126009;SÃO SEBASTIÃO DA AMOREIRA;0,715;0,651;0,814;0,689
2010;41;4126108;SÃO TOMÉ;0,725;0,660;0,816;0,707
2010;41;4126207;SAPOPEMA;0,655;0,509;0,795;0,695
2010;41;4126256;SARANDI;0,695;0,579;0,850;0,681
2010;41;4126272;SAUDADE DO IGUAÇU;0,699;0,611;0,803;0,695
2010;41;4126306;SENGÉS;0,663;0,546;0,811;0,658
2010;41;4126355;SERRANÓPOLIS DO IGUAÇU;0,762;0,662;0,859;0,778
2010;41;4126405;SERTANEJA;0,725;0,651;0,809;0,724
2010;41;4126504;SERTANÓPOLIS;0,723;0,655;0,804;0,719
2010;41;4126603;SIQUEIRA CAMPOS;0,704;0,588;0,839;0,708
2010;41;4126652;SULINA;0,693;0,570;0,854;0,684
2010;41;4126678;TAMARANA;0,621;0,460;0,829;0,628
2010;41;4126702;TAMBOARA;0,731;0,674;0,852;0,679
2010;41;4126801;TAPEJARA;0,703;0,612;0,819;0,694
2010;41;4126900;TAPIRA;0,697;0,619;0,794;0,689
2010;41;4127007;TEIXEIRA SOARES;0,671;0,544;0,822;0,676
2010;41;4127106;TELÊMACO BORBA;0,734;0,657;0,828;0,726
2010;41;4127205;TERRA BOA;0,728;0,680;0,803;0,708
2010;41;4127304;TERRA RICA;0,710;0,613;0,837;0,698
2010;41;4127403;TERRA ROXA;0,714;0,639;0,818;0,697
2010;41;4127502;TIBAGI;0,664;0,519;0,832;0,678
2010;41;4127601;TIJUCAS DO SUL;0,636;0,479;0,792;0,679
2010;41;4127700;TOLEDO;0,768;0,702;0,855;0,755
2010;41;4127809;TOMAZINA;0,699;0,622;0,829;0,661
2010;41;4127858;TRÊS BARRAS DO PARANÁ;0,681;0,557;0,831;0,683
2010;41;4127882;TUNAS DO PARANÁ;0,611;0,444;0,801;0,641
2010;41;4127908;TUNEIRAS DO OESTE;0,695;0,629;0,805;0,662
2010;41;4127957;TUPÃSSI;0,730;0,649;0,830;0,721
2010;41;4127965;TURVO;0,672;0,549;0,828;0,668
2010;41;4128005;UBIRATÃ;0,739;0,669;0,854;0,706
2010;41;4128104;UMUARAMA;0,761;0,698;0,836;0,755
2010;41;4128203;UNIÃO DA VITÓRIA;0,740;0,680;0,837;0,713
2010;41;4128302;UNIFLOR;0,720;0,655;0,826;0,690
2010;41;4128401;URAÍ;0,721;0,655;0,821;0,698
2010;41;4128500;WENCESLAU BRAZ;0,687;0,594;0,790;0,692
2010;41;4128534;VENTANIA;0,650;0,543;0,798;0,633
2010;41;4128559;VERA CRUZ DO OESTE;0,699;0,601;0,811;0,702
2010;41;4128609;VERÊ;0,720;0,626;0,840;0,709
2010;41;4128625;ALTO PARAÍSO;0,678;0,556;0,829;0,677
2010;41;4128633;DOUTOR ULYSSES;0,546;0,362;0,791;0,570
2010;41;4128658;VIRMOND;0,722;0,628;0,848;0,708
2010;41;4128708;VITORINO;0,702;0,582;0,818;0,728
2010;41;4128807;XAMBRÊ;0,706;0,606;0,825;0,703
2010;42;4200051;ABDON BATISTA;0,694;0,625;0,812;0,660
2010;42;4200101;ABELARDO LUZ;0,696;0,578;0,852;0,684
2010;42;4200200;AGROLÂNDIA;0,725;0,633;0,827;0,727
2010;42;4200309;AGRONÔMICA;0,741;0,595;0,884;0,774
2010;42;4200408;ÁGUA DOCE;0,698;0,574;0,820;0,724
2010;42;4200507;ÁGUAS DE CHAPECÓ;0,713;0,629;0,811;0,712
2010;42;4200556;ÁGUAS FRIAS;0,745;0,661;0,860;0,728
2010;42;4200606;ÁGUAS MORNAS;0,723;0,606;0,853;0,731
2010;42;4200705;ALFREDO WAGNER;0,668;0,481;0,882;0,702
2010;42;4200754;ALTO BELA VISTA;0,755;0,664;0,882;0,734
2010;42;4200804;ANCHIETA;0,699;0,608;0,800;0,703
2010;42;4200903;ANGELINA;0,687;0,581;0,797;0,699
2010;42;4201000;ANITA GARIBALDI;0,688;0,592;0,826;0,667
2010;42;4201109;ANITÁPOLIS;0,674;0,524;0,836;0,699
2010;42;4201208;ANTÔNIO CARLOS;0,749;0,615;0,890;0,768
2010;42;4201257;APIÚNA;0,708;0,584;0,827;0,735
2010;42;4201273;ARABUTÃ;0,733;0,614;0,863;0,744
2010;42;4201307;ARAQUARI;0,703;0,602;0,830;0,696
2010;42;4201406;ARARANGUÁ;0,760;0,691;0,853;0,745
2010;42;4201505;ARMAZÉM;0,770;0,698;0,882;0,743
2010;42;4201604;ARROIO TRINTA;0,764;0,653;0,873;0,781
2010;42;4201653;ARVOREDO;0,715;0,610;0,842;0,713
2010;42;4201703;ASCURRA;0,742;0,636;0,868;0,739
2010;42;4201802;ATALANTA;0,733;0,668;0,802;0,736
2010;42;4201901;AURORA;0,733;0,606;0,870;0,748
2010;42;4201950;BALNEÁRIO ARROIO DO SILVA;0,746;0,642;0,858;0,753
2010;42;4202008;BALNEÁRIO CAMBORIÚ;0,845;0,789;0,894;0,854
2010;42;4202057;BALNEÁRIO BARRA DO SUL;0,716;0,611;0,844;0,713
2010;42;4202073;BALNEÁRIO GAIVOTA;0,728;0,622;0,844;0,734
2010;42;4202081;BANDEIRANTE;0,672;0,565;0,795;0,675
2010;42;4202099;BARRA BONITA;0,701;0,599;0,830;0,692
2010;42;4202107;BARRA VELHA;0,738;0,639;0,857;0,735
2010;42;4202131;BELA VISTA DO TOLDO;0,675;0,598;0,826;0,624
2010;42;4202156;BELMONTE;0,705;0,611;0,820;0,699
2010;42;4202206;BENEDITO NOVO;0,740;0,645;0,868;0,723
2010;42;4202305;BIGUAÇU;0,739;0,659;0,836;0,733
2010;42;4202404;BLUMENAU;0,806;0,722;0,894;0,812
2010;42;4202438;BOCAINA DO SUL;0,647;0,549;0,768;0,642
2010;42;4202453;BOMBINHAS;0,781;0,732;0,864;0,753
2010;42;4202503;BOM JARDIM DA SERRA;0,696;0,568;0,835;0,710
2010;42;4202537;BOM JESUS;0,718;0,606;0,827;0,740
2010;42;4202578;BOM JESUS DO OESTE;0,712;0,601;0,830;0,725
2010;42;4202602;BOM RETIRO;0,699;0,559;0,869;0,704
2010;42;4202701;BOTUVERÁ;0,724;0,604;0,848;0,741
2010;42;4202800;BRAÇO DO NORTE;0,778;0,716;0,881;0,746
2010;42;4202859;BRAÇO DO TROMBUDO;0,780;0,702;0,883;0,766
2010;42;4202875;BRUNÓPOLIS;0,661;0,545;0,819;0,646
2010;42;4202909;BRUSQUE;0,795;0,707;0,894;0,794
2010;42;4203006;CAÇADOR;0,735;0,620;0,878;0,728
2010;42;4203105;CAIBI;0,728;0,631;0,830;0,737
2010;42;4203154;CALMON;0,622;0,500;0,779;0,618
2010;42;4203204;CAMBORIÚ;0,726;0,600;0,866;0,736
2010;42;4203253;CAPÃO ALTO;0,654;0,516;0,796;0,680
2010;42;4203303;CAMPO ALEGRE;0,714;0,636;0,845;0,677
2010;42;4203402;CAMPO BELO DO SUL;0,641;0,528;0,768;0,648
2010;42;4203501;CAMPO ERÊ;0,690;0,595;0,787;0,702
2010;42;4203600;CAMPOS NOVOS;0,742;0,658;0,861;0,721
2010;42;4203709;CANELINHA;0,697;0,542;0,865;0,723
2010;42;4203808;CANOINHAS;0,757;0,692;0,874;0,717
2010;42;4203907;CAPINZAL;0,752;0,659;0,869;0,742
2010;42;4203956;CAPIVARI DE BAIXO;0,767;0,716;0,870;0,724
2010;42;4204004;CATANDUVAS;0,714;0,625;0,806;0,723
2010;42;4204103;CAXAMBU DO SUL;0,691;0,523;0,870;0,725
2010;42;4204152;CELSO RAMOS;0,719;0,692;0,826;0,651
2010;42;4204178;CERRO NEGRO;0,621;0,455;0,829;0,634
2010;42;4204194;CHAPADÃO DO LAGEADO;0,704;0,616;0,833;0,680
2010;42;4204202;CHAPECÓ;0,790;0,727;0,871;0,779
2010;42;4204251;COCAL DO SUL;0,780;0,740;0,859;0,747
2010;42;4204301;CONCÓRDIA;0,800;0,756;0,872;0,777
2010;42;4204350;CORDILHEIRA ALTA;0,747;0,662;0,855;0,735
2010;42;4204400;CORONEL FREITAS;0,744;0,653;0,860;0,732
2010;42;4204459;CORONEL MARTINS;0,696;0,609;0,816;0,678
2010;42;4204509;CORUPÁ;0,780;0,707;0,873;0,768
2010;42;4204558;CORREIA PINTO;0,702;0,614;0,804;0,701
2010;42;4204608;CRICIÚMA;0,788;0,737;0,846;0,786
2010;42;4204707;CUNHA PORÃ;0,742;0,682;0,804;0,744
2010;42;4204756;CUNHATAÍ;0,754;0,623;0,886;0,777
2010;42;4204806;CURITIBANOS;0,721;0,620;0,846;0,716
2010;42;4204905;DESCANSO;0,743;0,647;0,854;0,741
2010;42;4205001;DIONÍSIO CERQUEIRA;0,706;0,610;0,820;0,703
2010;42;4205100;DONA EMMA;0,742;0,622;0,862;0,762
2010;42;4205159;DOUTOR PEDRINHO;0,716;0,609;0,843;0,714
2010;42;4205175;ENTRE RIOS;0,657;0,550;0,808;0,638
2010;42;4205191;ERMO;0,726;0,670;0,808;0,708
2010;42;4205209;ERVAL VELHO;0,723;0,592;0,868;0,736
2010;42;4205308;FAXINAL DOS GUEDES;0,758;0,676;0,863;0,746
2010;42;4205357;FLOR DO SERTÃO;0,708;0,608;0,792;0,736
2010;42;4205407;FLORIANÓPOLIS;0,847;0,800;0,873;0,870
2010;42;4205431;FORMOSA DO SUL;0,715;0,593;0,845;0,728
2010;42;4205456;FORQUILHINHA;0,753;0,657;0,861;0,754
2010;42;4205506;FRAIBURGO;0,731;0,637;0,860;0,712
2010;42;4205555;FREI ROGÉRIO;0,682;0,588;0,812;0,664
2010;42;4205605;GALVÃO;0,708;0,618;0,815;0,704
2010;42;4205704;GAROPABA;0,753;0,668;0,868;0,737
2010;42;4205803;GARUVA;0,725;0,640;0,830;0,717
2010;42;4205902;GASPAR;0,765;0,655;0,889;0,770
2010;42;4206009;GOVERNADOR CELSO RAMOS;0,747;0,651;0,870;0,737
2010;42;4206108;GRÃO PARÁ;0,736;0,630;0,846;0,749
2010;42;4206207;GRAVATAL;0,757;0,681;0,877;0,726
2010;42;4206306;GUABIRUBA;0,754;0,653;0,876;0,750
2010;42;4206405;GUARACIABA;0,751;0,646;0,871;0,754
2010;42;4206504;GUARAMIRIM;0,751;0,641;0,885;0,748
2010;42;4206603;GUARUJÁ DO SUL;0,730;0,639;0,833;0,732
2010;42;4206652;GUATAMBÚ;0,717;0,626;0,823;0,716
2010;42;4206702;HERVAL D'OESTE;0,758;0,684;0,859;0,740
2010;42;4206751;IBIAM;0,725;0,631;0,820;0,737
2010;42;4206801;IBICARÉ;0,708;0,586;0,826;0,734
2010;42;4206900;IBIRAMA;0,737;0,630;0,848;0,749
2010;42;4207007;IÇARA;0,741;0,645;0,861;0,732
2010;42;4207106;ILHOTA;0,738;0,607;0,883;0,750
2010;42;4207205;IMARUÍ;0,667;0,530;0,834;0,670
2010;42;4207304;IMBITUBA;0,765;0,703;0,868;0,734
2010;42;4207403;IMBUIA;0,713;0,602;0,840;0,716
2010;42;4207502;INDAIAL;0,777;0,701;0,873;0,767
2010;42;4207577;IOMERÊ;0,795;0,749;0,891;0,754
2010;42;4207601;IPIRA;0,736;0,657;0,838;0,724
2010;42;4207650;IPORÃ DO OESTE;0,759;0,695;0,847;0,743
2010;42;4207684;IPUAÇU;0,660;0,540;0,790;0,674
2010;42;4207700;IPUMIRIM;0,738;0,631;0,853;0,747
2010;42;4207759;IRACEMINHA;0,722;0,628;0,845;0,710
2010;42;4207809;IRANI;0,742;0,675;0,847;0,715
2010;42;4207858;IRATI;0,707;0,609;0,836;0,694
2010;42;4207908;IRINEÓPOLIS;0,699;0,567;0,836;0,720
2010;42;4208005;ITÁ;0,771;0,698;0,879;0,747
2010;42;4208104;ITAIÓPOLIS;0,708;0,606;0,836;0,700
2010;42;4208203;ITAJAÍ;0,795;0,730;0,884;0,778
2010;42;4208302;ITAPEMA;0,796;0,727;0,881;0,788
2010;42;4208401;ITAPIRANGA;0,775;0,723;0,842;0,766
2010;42;4208450;ITAPOÁ;0,761;0,682;0,874;0,739
2010;42;4208500;ITUPORANGA;0,748;0,638;0,876;0,749
2010;42;4208609;JABORÁ;0,732;0,657;0,801;0,746
2010;42;4208708;JACINTO MACHADO;0,716;0,633;0,818;0,708
2010;42;4208807;JAGUARUNA;0,721;0,628;0,830;0,719
2010;42;4208906;JARAGUÁ DO SUL;0,803;0,755;0,865;0,793
2010;42;4208955;JARDINÓPOLIS;0,709;0,611;0,823;0,708
2010;42;4209003;JOAÇABA;0,827;0,771;0,891;0,823
2010;42;4209102;JOINVILLE;0,809;0,749;0,889;0,795
2010;42;4209151;JOSÉ BOITEUX;0,694;0,578;0,841;0,689
2010;42;4209177;JUPIÁ;0,719;0,610;0,862;0,708
2010;42;4209201;LACERDÓPOLIS;0,781;0,708;0,883;0,763
2010;42;4209300;LAGES;0,770;0,697;0,867;0,755
2010;42;4209409;LAGUNA;0,752;0,682;0,871;0,715
2010;42;4209458;LAJEADO GRANDE;0,771;0,712;0,858;0,750
2010;42;4209508;LAURENTINO;0,749;0,662;0,855;0,742
2010;42;4209607;LAURO MULLER;0,735;0,677;0,822;0,714
2010;42;4209706;LEBON RÉGIS;0,649;0,537;0,806;0,632
2010;42;4209805;LEOBERTO LEAL;0,686;0,533;0,818;0,740
2010;42;4209854;LINDÓIA DO SUL;0,743;0,636;0,865;0,747
2010;42;4209904;LONTRAS;0,704;0,579;0,820;0,735
2010;42;4210001;LUIZ ALVES;0,737;0,600;0,870;0,766
2010;42;4210035;LUZERNA;0,789;0,718;0,877;0,781
2010;42;4210050;MACIEIRA;0,662;0,533;0,806;0,675
2010;42;4210100;MAFRA;0,777;0,723;0,880;0,738
2010;42;4210209;MAJOR GERCINO;0,698;0,563;0,818;0,738
2010;42;4210308;MAJOR VIEIRA;0,690;0,617;0,817;0,653
2010;42;4210407;MARACAJÁ;0,768;0,699;0,861;0,752
2010;42;4210506;MARAVILHA;0,781;0,708;0,886;0,758
2010;42;4210555;MAREMA;0,743;0,636;0,862;0,748
2010;42;4210605;MASSARANDUBA;0,774;0,714;0,867;0,749
2010;42;4210704;MATOS COSTA;0,657;0,541;0,831;0,630
2010;42;4210803;MELEIRO;0,738;0,679;0,808;0,734
2010;42;4210852;MIRIM DOCE;0,708;0,633;0,821;0,683
2010;42;4210902;MODELO;0,760;0,659;0,886;0,751
2010;42;4211009;MONDAÍ;0,748;0,657;0,875;0,728
2010;42;4211058;MONTE CARLO;0,643;0,511;0,804;0,648
2010;42;4211108;MONTE CASTELO;0,675;0,581;0,826;0,641
2010;42;4211207;MORRO DA FUMAÇA;0,738;0,665;0,825;0,732
2010;42;4211256;MORRO GRANDE;0,701;0,548;0,847;0,742
2010;42;4211306;NAVEGANTES;0,736;0,624;0,873;0,731
2010;42;4211405;NOVA ERECHIM;0,765;0,686;0,851;0,767
2010;42;4211454;NOVA ITABERABA;0,736;0,605;0,876;0,753
2010;42;4211504;NOVA TRENTO;0,748;0,628;0,891;0,749
2010;42;4211603;NOVA VENEZA;0,768;0,703;0,869;0,741
2010;42;4211652;NOVO HORIZONTE;0,706;0,594;0,846;0,700
2010;42;4211702;ORLEANS;0,755;0,657;0,873;0,749
2010;42;4211751;OTACÍLIO COSTA;0,740;0,681;0,835;0,713
2010;42;4211801;OURO;0,774;0,677;0,884;0,774
2010;42;4211850;OURO VERDE;0,695;0,611;0,790;0,696
2010;42;4211876;PAIAL;0,718;0,620;0,847;0,705
2010;42;4211892;PAINEL;0,664;0,543;0,808;0,668
2010;42;4211900;PALHOÇA;0,757;0,672;0,859;0,752
2010;42;4212007;PALMA SOLA;0,704;0,622;0,800;0,700
2010;42;4212056;PALMEIRA;0,671;0,557;0,827;0,655
2010;42;4212106;PALMITOS;0,737;0,632;0,836;0,757
2010;42;4212205;PAPANDUVA;0,704;0,603;0,836;0,691
2010;42;4212239;PARAÍSO;0,700;0,565;0,833;0,728
2010;42;4212254;PASSO DE TORRES;0,720;0,618;0,869;0,695
2010;42;4212270;PASSOS MAIA;0,659;0,547;0,808;0,648
2010;42;4212304;PAULO LOPES;0,716;0,600;0,865;0,707
2010;42;4212403;PEDRAS GRANDES;0,728;0,621;0,870;0,715
2010;42;4212502;PENHA;0,743;0,640;0,867;0,739
2010;42;4212601;PERITIBA;0,766;0,669;0,882;0,762
2010;42;4212700;PETROLÂNDIA;0,716;0,618;0,802;0,740
2010;42;4212809;BALNEÁRIO PIÇARRAS;0,756;0,668;0,869;0,745
2010;42;4212908;PINHALZINHO;0,783;0,716;0,886;0,758
2010;42;4213005;PINHEIRO PRETO;0,777;0,712;0,866;0,762
2010;42;4213104;PIRATUBA;0,758;0,714;0,829;0,736
2010;42;4213153;PLANALTO ALEGRE;0,751;0,659;0,881;0,731
2010;42;4213203;POMERODE;0,780;0,687;0,886;0,780
2010;42;4213302;PONTE ALTA;0,673;0,568;0,804;0,666
2010;42;4213351;PONTE ALTA DO NORTE;0,689;0,605;0,819;0,661
2010;42;4213401;PONTE SERRADA;0,693;0,610;0,790;0,690
2010;42;4213500;PORTO BELO;0,760;0,660;0,886;0,750
2010;42;4213609;PORTO UNIÃO;0,786;0,724;0,891;0,752
2010;42;4213708;POUSO REDONDO;0,720;0,598;0,857;0,728
2010;42;4213807;PRAIA GRANDE;0,718;0,636;0,840;0,692
2010;42;4213906;PRESIDENTE CASTELLO BRANCO;0,770;0,637;0,883;0,813
2010;42;4214003;PRESIDENTE GETÚLIO;0,759;0,654;0,874;0,764
2010;42;4214102;PRESIDENTE NEREU;0,737;0,609;0,861;0,765
2010;42;4214151;PRINCESA;0,706;0,611;0,820;0,701
2010;42;4214201;QUILOMBO;0,730;0,656;0,832;0,712
2010;42;4214300;RANCHO QUEIMADO;0,753;0,644;0,893;0,743
2010;42;4214409;RIO DAS ANTAS;0,697;0,569;0,820;0,727
2010;42;4214508;RIO DO CAMPO;0,729;0,650;0,803;0,741
2010;42;4214607;RIO DO OESTE;0,754;0,625;0,892;0,769
2010;42;4214706;RIO DOS CEDROS;0,729;0,634;0,827;0,739
2010;42;4214805;RIO DO SUL;0,802;0,727;0,894;0,793
2010;42;4214904;RIO FORTUNA;0,806;0,727;0,850;0,848
2010;42;4215000;RIO NEGRINHO;0,738;0,668;0,848;0,710
2010;42;4215059;RIO RUFINO;0,653;0,530;0,806;0,652
2010;42;4215075;RIQUEZA;0,714;0,624;0,830;0,702
2010;42;4215109;RODEIO;0,754;0,626;0,889;0,769
2010;42;4215208;ROMELÂNDIA;0,692;0,561;0,800;0,738
2010;42;4215307;SALETE;0,744;0,695;0,803;0,737
2010;42;4215356;SALTINHO;0,654;0,551;0,795;0,639
2010;42;4215406;SALTO VELOSO;0,784;0,705;0,880;0,778
2010;42;4215455;SANGÃO;0,700;0,554;0,853;0,725
2010;42;4215505;SANTA CECÍLIA;0,698;0,597;0,819;0,697
2010;42;4215554;SANTA HELENA;0,727;0,653;0,833;0,705
2010;42;4215604;SANTA ROSA DE LIMA;0,757;0,710;0,843;0,726
2010;42;4215653;SANTA ROSA DO SUL;0,705;0,618;0,806;0,702
2010;42;4215679;SANTA TEREZINHA;0,669;0,575;0,817;0,637
2010;42;4215687;SANTA TEREZINHA DO PROGRESSO;0,682;0,585;0,791;0,686
2010;42;4215695;SANTIAGO DO SUL;0,728;0,652;0,811;0,731
2010;42;4215703;SANTO AMARO DA IMPERATRIZ;0,781;0,710;0,890;0,753
2010;42;4215752;SÃO BERNARDINO;0,677;0,577;0,822;0,653
2010;42;4215802;SÃO BENTO DO SUL;0,782;0,719;0,871;0,763
2010;42;4215901;SÃO BONIFÁCIO;0,731;0,622;0,860;0,729
2010;42;4216008;SÃO CARLOS;0,769;0,688;0,867;0,763
2010;42;4216057;SÃO CRISTOVÃO DO SUL;0,665;0,543;0,812;0,667
2010;42;4216107;SÃO DOMINGOS;0,765;0,675;0,861;0,769
2010;42;4216206;SÃO FRANCISCO DO SUL;0,762;0,699;0,856;0,740
2010;42;4216255;SÃO JOÃO DO OESTE;0,761;0,668;0,873;0,756
2010;42;4216305;SÃO JOÃO BATISTA;0,740;0,634;0,865;0,739
2010;42;4216354;SÃO JOÃO DO ITAPERIÚ;0,738;0,645;0,873;0,714
2010;42;4216404;SÃO JOÃO DO SUL;0,695;0,587;0,840;0,682
2010;42;4216503;SÃO JOAQUIM;0,687;0,562;0,817;0,705
2010;42;4216602;SÃO JOSÉ;0,809;0,752;0,880;0,799
2010;42;4216701;SÃO JOSÉ DO CEDRO;0,731;0,625;0,830;0,753
2010;42;4216800;SÃO JOSÉ DO CERRITO;0,636;0,503;0,827;0,618
2010;42;4216909;SÃO LOURENÇO DO OESTE;0,749;0,695;0,807;0,748
2010;42;4217006;SÃO LUDGERO;0,755;0,683;0,834;0,756
2010;42;4217105;SÃO MARTINHO;0,742;0,654;0,830;0,754
2010;42;4217154;SÃO MIGUEL DA BOA VISTA;0,710;0,615;0,795;0,733
2010;42;4217204;SÃO MIGUEL DO OESTE;0,801;0,739;0,884;0,787
2010;42;4217253;SÃO PEDRO DE ALCÂNTARA;0,734;0,618;0,846;0,757
2010;42;4217303;SAUDADES;0,755;0,700;0,850;0,723
2010;42;4217402;SCHROEDER;0,769;0,710;0,855;0,750
2010;42;4217501;SEARA;0,779;0,674;0,872;0,804
2010;42;4217550;SERRA ALTA;0,773;0,694;0,879;0,758
2010;42;4217600;SIDERÓPOLIS;0,774;0,701;0,880;0,751
2010;42;4217709;SOMBRIO;0,728;0,617;0,858;0,729
2010;42;4217758;SUL BRASIL;0,707;0,595;0,832;0,713
2010;42;4217808;TAIÓ;0,761;0,670;0,879;0,749
2010;42;4217907;TANGARÁ;0,737;0,617;0,867;0,748
2010;42;4217956;TIGRINHOS;0,717;0,633;0,846;0,688
2010;42;4218004;TIJUCAS;0,760;0,672;0,873;0,747
2010;42;4218103;TIMBÉ DO SUL;0,720;0,606;0,856;0,721
2010;42;4218202;TIMBÓ;0,784;0,697;0,856;0,807
2010;42;4218251;TIMBÓ GRANDE;0,659;0,565;0,798;0,634
2010;42;4218301;TRÊS BARRAS;0,706;0,639;0,814;0,677
2010;42;4218350;TREVISO;0,774;0,714;0,882;0,737
2010;42;4218400;TREZE DE MAIO;0,729;0,602;0,881;0,729
2010;42;4218509;TREZE TÍLIAS;0,795;0,685;0,874;0,838
2010;42;4218608;TROMBUDO CENTRAL;0,775;0,696;0,880;0,760
2010;42;4218707;TUBARÃO;0,796;0,740;0,866;0,788
2010;42;4218756;TUNÁPOLIS;0,752;0,704;0,830;0,728
2010;42;4218806;TURVO;0,740;0,631;0,867;0,742
2010;42;4218855;UNIÃO DO OESTE;0,705;0,606;0,823;0,703
2010;42;4218905;URUBICI;0,694;0,562;0,823;0,722
2010;42;4218954;URUPEMA;0,699;0,622;0,823;0,667
2010;42;4219002;URUSSANGA;0,772;0,695;0,876;0,756
2010;42;4219101;VARGEÃO;0,686;0,551;0,827;0,708
2010;42;4219150;VARGEM;0,629;0,495;0,790;0,636
2010;42;4219176;VARGEM BONITA;0,718;0,656;0,801;0,705
2010;42;4219200;VIDAL RAMOS;0,700;0,588;0,802;0,728
2010;42;4219309;VIDEIRA;0,764;0,675;0,857;0,772
2010;42;4219358;VITOR MEIRELES;0,673;0,522;0,841;0,694
2010;42;4219408;WITMARSUM;0,710;0,557;0,870;0,739
2010;42;4219507;XANXERÊ;0,775;0,711;0,861;0,760
2010;42;4219606;XAVANTINA;0,749;0,632;0,861;0,772
2010;42;4219705;XAXIM;0,752;0,662;0,871;0,737
2010;42;4219853;ZORTÉA;0,761;0,661;0,885;0,752
2010;43;4300034;ACEGUÁ;0,687;0,541;0,852;0,703
2010;43;4300059;ÁGUA SANTA;0,750;0,590;0,850;0,840
2010;43;4300109;AGUDO;0,694;0,524;0,847;0,752
2010;43;4300208;AJURICABA;0,753;0,658;0,850;0,763
2010;43;4300307;ALECRIM;0,672;0,522;0,852;0,683
2010;43;4300406;ALEGRETE;0,740;0,664;0,849;0,720
2010;43;4300455;ALEGRIA;0,695;0,572;0,818;0,717
2010;43;4300471;ALMIRANTE TAMANDARÉ DO SUL;0,740;0,669;0,828;0,732
2010;43;4300505;ALPESTRE;0,671;0,543;0,795;0,700
2010;43;4300554;ALTO ALEGRE;0,747;0,642;0,859;0,756
2010;43;4300570;ALTO FELIZ;0,734;0,603;0,886;0,740
2010;43;4300604;ALVORADA;0,699;0,564;0,874;0,694
2010;43;4300638;AMARAL FERRADOR;0,624;0,457;0,802;0,664
2010;43;4300646;AMETISTA DO SUL;0,682;0,562;0,809;0,697
2010;43;4300661;ANDRÉ DA ROCHA;0,720;0,605;0,837;0,738
2010;43;4300703;ANTA GORDA;0,740;0,630;0,868;0,742
2010;43;4300802;ANTÔNIO PRADO;0,758;0,671;0,835;0,777
2010;43;4300851;ARAMBARÉ;0,691;0,570;0,833;0,694
2010;43;4300877;ARARICÁ;0,679;0,547;0,824;0,696
2010;43;4300901;ARATIBA;0,772;0,670;0,856;0,801
2010;43;4301008;ARROIO DO MEIO;0,769;0,706;0,860;0,750
2010;43;4301057;ARROIO DO SAL;0,740;0,649;0,844;0,740
2010;43;4301073;ARROIO DO PADRE;0,669;0,461;0,860;0,756
2010;43;4301107;ARROIO DOS RATOS;0,698;0,583;0,833;0,700
2010;43;4301206;ARROIO DO TIGRE;0,707;0,589;0,848;0,708
2010;43;4301305;ARROIO GRANDE;0,657;0,522;0,807;0,673
2010;43;4301404;ARVOREZINHA;0,694;0,575;0,817;0,713
2010;43;4301503;AUGUSTO PESTANA;0,743;0,621;0,847;0,779
2010;43;4301552;ÁUREA;0,707;0,588;0,841;0,715
2010;43;4301602;BAGÉ;0,740;0,647;0,848;0,739
2010;43;4301636;BALNEÁRIO PINHAL;0,696;0,567;0,836;0,710
2010;43;4301651;BARÃO;0,748;0,652;0,836;0,767
2010;43;4301701;BARÃO DE COTEGIPE;0,719;0,593;0,842;0,745
2010;43;4301750;BARÃO DO TRIUNFO;0,610;0,428;0,821;0,645
2010;43;4301800;BARRACÃO;0,710;0,568;0,885;0,711
2010;43;4301859;BARRA DO GUARITA;0,734;0,672;0,845;0,696
2010;43;4301875;BARRA DO QUARAÍ;0,662;0,548;0,802;0,659
2010;43;4301909;BARRA DO RIBEIRO;0,670;0,529;0,822;0,691
2010;43;4301925;BARRA DO RIO AZUL;0,723;0,638;0,842;0,703
2010;43;4301958;BARRA FUNDA;0,763;0,710;0,856;0,731
2010;43;4302006;BARROS CASSAL;0,650;0,500;0,795;0,690
2010;43;4302055;BENJAMIN CONSTANT DO SUL;0,619;0,492;0,801;0,601
2010;43;4302105;BENTO GONÇALVES;0,778;0,695;0,842;0,805
2010;43;4302154;BOA VISTA DAS MISSÕES;0,676;0,561;0,825;0,666
2010;43;4302204;BOA VISTA DO BURICÁ;0,762;0,697;0,834;0,761
2010;43;4302220;BOA VISTA DO CADEADO;0,703;0,590;0,851;0,692
2010;43;4302238;BOA VISTA DO INCRA;0,731;0,641;0,867;0,703
2010;43;4302253;BOA VISTA DO SUL;0,728;0,587;0,852;0,770
2010;43;4302303;BOM JESUS;0,666;0,510;0,832;0,697
2010;43;4302352;BOM PRINCÍPIO;0,746;0,661;0,836;0,751
2010;43;4302378;BOM PROGRESSO;0,723;0,643;0,840;0,700
2010;43;4302402;BOM RETIRO DO SUL;0,739;0,649;0,857;0,725
2010;43;4302451;BOQUEIRÃO DO LEÃO;0,700;0,562;0,843;0,725
2010;43;4302501;BOSSOROCA;0,692;0,608;0,821;0,665
2010;43;4302584;BOZANO;0,745;0,628;0,853;0,773
2010;43;4302600;BRAGA;0,674;0,563;0,830;0,656
2010;43;4302659;BROCHIER;0,699;0,554;0,851;0,723
2010;43;4302709;BUTIÁ;0,689;0,558;0,848;0,691
2010;43;4302808;CAÇAPAVA DO SUL;0,704;0,585;0,855;0,699
2010;43;4302907;CACEQUI;0,700;0,626;0,807;0,680
2010;43;4303004;CACHOEIRA DO SUL;0,742;0,648;0,854;0,739
2010;43;4303103;CACHOEIRINHA;0,757;0,675;0,857;0,749
2010;43;4303202;CACIQUE DOBLE;0,662;0,528;0,810;0,677
2010;43;4303301;CAIBATÉ;0,719;0,611;0,857;0,709
2010;43;4303400;CAIÇARA;0,699;0,580;0,817;0,721
2010;43;4303509;CAMAQUÃ;0,697;0,578;0,819;0,715
2010;43;4303558;CAMARGO;0,736;0,612;0,854;0,762
2010;43;4303608;CAMBARÁ DO SUL;0,697;0,574;0,838;0,705
2010;43;4303673;CAMPESTRE DA SERRA;0,706;0,557;0,886;0,713
2010;43;4303707;CAMPINA DAS MISSÕES;0,738;0,677;0,849;0,698
2010;43;4303806;CAMPINAS DO SUL;0,760;0,691;0,842;0,753
2010;43;4303905;CAMPO BOM;0,745;0,643;0,852;0,755
2010;43;4304002;CAMPO NOVO;0,703;0,593;0,866;0,677
2010;43;4304101;CAMPOS BORGES;0,708;0,616;0,819;0,704
2010;43;4304200;CANDELÁRIA;0,674;0,521;0,842;0,699
2010;43;4304309;CÂNDIDO GODÓI;0,728;0,627;0,853;0,720
2010;43;4304358;CANDIOTA;0,698;0,562;0,860;0,704
2010;43;4304408;CANELA;0,748;0,667;0,849;0,738
2010;43;4304507;CANGUÇU;0,650;0,491;0,819;0,683
2010;43;4304606;CANOAS;0,750;0,636;0,864;0,768
2010;43;4304614;CANUDOS DO VALE;0,713;0,574;0,840;0,751
2010;43;4304622;CAPÃO BONITO DO SUL;0,637;0,507;0,779;0,654
2010;43;4304630;CAPÃO DA CANOA;0,743;0,637;0,852;0,756
2010;43;4304655;CAPÃO DO CIPÓ;0,672;0,552;0,860;0,639
2010;43;4304663;CAPÃO DO LEÃO;0,637;0,480;0,814;0,662
2010;43;4304671;CAPIVARI DO SUL;0,766;0,668;0,836;0,805
2010;43;4304689;CAPELA DE SANTANA;0,661;0,525;0,816;0,675
2010;43;4304697;CAPITÃO;0,746;0,661;0,842;0,747
2010;43;4304705;CARAZINHO;0,766;0,707;0,840;0,756
2010;43;4304713;CARAÁ;0,652;0,505;0,830;0,661
2010;43;4304804;CARLOS BARBOSA;0,796;0,724;0,835;0,835
2010;43;4304853;CARLOS GOMES;0,739;0,622;0,886;0,732
2010;43;4304903;CASCA;0,785;0,733;0,847;0,778
2010;43;4304952;CASEIROS;0,703;0,600;0,833;0,696
2010;43;4305009;CATUÍPE;0,739;0,627;0,842;0,763
2010;43;4305108;CAXIAS DO SUL;0,782;0,686;0,860;0,812
2010;43;4305116;CENTENÁRIO;0,701;0,569;0,856;0,707
2010;43;4305124;CERRITO;0,649;0,504;0,824;0,657
2010;43;4305132;CERRO BRANCO;0,661;0,527;0,816;0,671
2010;43;4305157;CERRO GRANDE;0,674;0,563;0,803;0,676
2010;43;4305173;CERRO GRANDE DO SUL;0,660;0,499;0,855;0,673
2010;43;4305207;CERRO LARGO;0,764;0,698;0,849;0,752
2010;43;4305306;CHAPADA;0,757;0,679;0,849;0,752
2010;43;4305355;CHARQUEADAS;0,747;0,659;0,870;0,726
2010;43;4305371;CHARRUA;0,620;0,385;0,885;0,699
2010;43;4305405;CHIAPETTA;0,732;0,657;0,850;0,702
2010;43;4305439;CHUÍ;0,706;0,658;0,792;0,676
2010;43;4305447;CHUVISCA;0,616;0,437;0,818;0,655
2010;43;4305454;CIDREIRA;0,729;0,625;0,848;0,730
2010;43;4305504;CIRÍACO;0,719;0,600;0,855;0,724
2010;43;4305587;COLINAS;0,765;0,678;0,840;0,786
2010;43;4305603;COLORADO;0,758;0,674;0,835;0,775
2010;43;4305702;CONDOR;0,747;0,666;0,852;0,735
2010;43;4305801;CONSTANTINA;0,754;0,668;0,885;0,726
2010;43;4305835;COQUEIRO BAIXO;0,692;0,532;0,886;0,703
2010;43;4305850;COQUEIROS DO SUL;0,746;0,614;0,840;0,806
2010;43;4305871;CORONEL BARROS;0,744;0,610;0,852;0,793
2010;43;4305900;CORONEL BICACO;0,665;0,550;0,803;0,667
2010;43;4305934;CORONEL PILAR;0,727;0,600;0,835;0,766
2010;43;4305959;COTIPORÃ;0,741;0,636;0,835;0,767
2010;43;4305975;COXILHA;0,706;0,586;0,866;0,693
2010;43;4306007;CRISSIUMAL;0,712;0,616;0,835;0,702
2010;43;4306056;CRISTAL;0,644;0,471;0,826;0,687
2010;43;4306072;CRISTAL DO SUL;0,660;0,542;0,826;0,641
2010;43;4306106;CRUZ ALTA;0,750;0,653;0,858;0,754
2010;43;4306130;CRUZALTENSE;0,719;0,605;0,849;0,724
2010;43;4306205;CRUZEIRO DO SUL;0,723;0,607;0,833;0,746
2010;43;4306304;DAVID CANABARRO;0,762;0,688;0,870;0,740
2010;43;4306320;DERRUBADAS;0,707;0,628;0,846;0,664
2010;43;4306353;DEZESSEIS DE NOVEMBRO;0,654;0,553;0,809;0,625
2010;43;4306379;DILERMANDO DE AGUIAR;0,648;0,463;0,864;0,681
2010;43;4306403;DOIS IRMÃOS;0,743;0,633;0,848;0,763
2010;43;4306429;DOIS IRMÃOS DAS MISSÕES;0,670;0,585;0,797;0,646
2010;43;4306452;DOIS LAJEADOS;0,757;0,670;0,837;0,775
2010;43;4306502;DOM FELICIANO;0,587;0,390;0,818;0,633
2010;43;4306551;DOM PEDRO DE ALCÂNTARA;0,691;0,577;0,820;0,697
2010;43;4306601;DOM PEDRITO;0,708;0,585;0,848;0,715
2010;43;4306700;DONA FRANCISCA;0,697;0,568;0,831;0,718
2010;43;4306734;DOUTOR MAURÍCIO CARDOSO;0,706;0,593;0,840;0,707
2010;43;4306759;DOUTOR RICARDO;0,724;0,593;0,855;0,749
2010;43;4306767;ELDORADO DO SUL;0,717;0,609;0,844;0,717
2010;43;4306809;ENCANTADO;0,767;0,687;0,858;0,764
2010;43;4306908;ENCRUZILHADA DO SUL;0,657;0,478;0,875;0,677
2010;43;4306924;ENGENHO VELHO;0,717;0,611;0,821;0,735
2010;43;4306932;ENTRE-IJUÍS;0,680;0,548;0,829;0,692
2010;43;4306957;ENTRE RIOS DO SUL;0,703;0,572;0,857;0,709
2010;43;4306973;EREBANGO;0,712;0,626;0,837;0,689
2010;43;4307005;ERECHIM;0,776;0,716;0,833;0,782
2010;43;4307054;ERNESTINA;0,716;0,612;0,854;0,703
2010;43;4307104;HERVAL;0,687;0,527;0,843;0,730
2010;43;4307203;ERVAL GRANDE;0,681;0,501;0,885;0,713
2010;43;4307302;ERVAL SECO;0,685;0,589;0,821;0,666
2010;43;4307401;ESMERALDA;0,680;0,569;0,827;0,669
2010;43;4307450;ESPERANÇA DO SUL;0,661;0,550;0,788;0,665
2010;43;4307500;ESPUMOSO;0,765;0,677;0,884;0,747
2010;43;4307559;ESTAÇÃO;0,753;0,674;0,843;0,752
2010;43;4307609;ESTÂNCIA VELHA;0,757;0,652;0,887;0,749
2010;43;4307708;ESTEIO;0,754;0,662;0,843;0,769
2010;43;4307807;ESTRELA;0,767;0,684;0,850;0,776
2010;43;4307815;ESTRELA VELHA;0,679;0,560;0,792;0,707
2010;43;4307831;EUGÊNIO DE CASTRO;0,712;0,584;0,885;0,697
2010;43;4307864;FAGUNDES VARELA;0,763;0,674;0,852;0,773
2010;43;4307906;FARROUPILHA;0,777;0,696;0,861;0,783
2010;43;4308003;FAXINAL DO SOTURNO;0,720;0,597;0,854;0,732
2010;43;4308052;FAXINALZINHO;0,666;0,571;0,801;0,646
2010;43;4308078;FAZENDA VILANOVA;0,698;0,557;0,841;0,726
2010;43;4308102;FELIZ;0,750;0,658;0,847;0,758
2010;43;4308201;FLORES DA CUNHA;0,754;0,642;0,849;0,786
2010;43;4308250;FLORIANO PEIXOTO;0,663;0,486;0,854;0,701
2010;43;4308300;FONTOURA XAVIER;0,661;0,532;0,812;0,668
2010;43;4308409;FORMIGUEIRO;0,682;0,549;0,838;0,690
2010;43;4308433;FORQUETINHA;0,683;0,484;0,886;0,743
2010;43;4308458;FORTALEZA DOS VALOS;0,756;0,663;0,837;0,779
2010;43;4308508;FREDERICO WESTPHALEN;0,760;0,688;0,846;0,754
2010;43;4308607;GARIBALDI;0,786;0,688;0,856;0,825
2010;43;4308656;GARRUCHOS;0,671;0,553;0,833;0,657
2010;43;4308706;GAURAMA;0,738;0,643;0,852;0,733
2010;43;4308805;GENERAL CÂMARA;0,686;0,552;0,832;0,704
2010;43;4308854;GENTIL;0,733;0,643;0,863;0,710
2010;43;4308904;GETÚLIO VARGAS;0,746;0,658;0,843;0,747
2010;43;4309001;GIRUÁ;0,721;0,629;0,842;0,707
2010;43;4309050;GLORINHA;0,714;0,593;0,859;0,716
2010;43;4309100;GRAMADO;0,764;0,662;0,861;0,783
2010;43;4309126;GRAMADO DOS LOUREIROS;0,685;0,584;0,832;0,662
2010;43;4309159;GRAMADO XAVIER;0,634;0,473;0,792;0,681
2010;43;4309209;GRAVATAÍ;0,736;0,636;0,862;0,727
2010;43;4309258;GUABIJU;0,758;0,612;0,857;0,831
2010;43;4309308;GUAÍBA;0,730;0,639;0,833;0,732
2010;43;4309407;GUAPORÉ;0,765;0,685;0,837;0,781
2010;43;4309506;GUARANI DAS MISSÕES;0,737;0,665;0,863;0,698
2010;43;4309555;HARMONIA;0,749;0,668;0,841;0,748
2010;43;4309571;HERVEIRAS;0,616;0,441;0,792;0,670
2010;43;4309605;HORIZONTINA;0,783;0,716;0,858;0,782
2010;43;4309654;HULHA NEGRA;0,643;0,512;0,796;0,653
2010;43;4309704;HUMAITÁ;0,738;0,657;0,837;0,732
2010;43;4309753;IBARAMA;0,652;0,511;0,792;0,686
2010;43;4309803;IBIAÇÁ;0,739;0,593;0,888;0,766
2010;43;4309902;IBIRAIARAS;0,724;0,615;0,835;0,739
2010;43;4309951;IBIRAPUITÃ;0,638;0,463;0,828;0,678
2010;43;4310009;IBIRUBÁ;0,765;0,671;0,848;0,786
2010;43;4310108;IGREJINHA;0,721;0,571;0,876;0,749
2010;43;4310207;IJUÍ;0,781;0,707;0,858;0,786
2010;43;4310306;ILÓPOLIS;0,730;0,595;0,866;0,756
2010;43;4310330;IMBÉ;0,764;0,638;0,847;0,825
2010;43;4310363;IMIGRANTE;0,743;0,635;0,844;0,764
2010;43;4310405;INDEPENDÊNCIA;0,693;0,576;0,813;0,711
2010;43;4310413;INHACORÁ;0,673;0,585;0,807;0,647
2010;43;4310439;IPÊ;0,728;0,618;0,831;0,751
2010;43;4310462;IPIRANGA DO SUL;0,791;0,698;0,866;0,818
2010;43;4310504;IRAÍ;0,691;0,590;0,819;0,684
2010;43;4310538;ITAARA;0,760;0,687;0,841;0,761
2010;43;4310553;ITACURUBI;0,657;0,509;0,804;0,692
2010;43;4310579;ITAPUCA;0,664;0,495;0,834;0,709
2010;43;4310603;ITAQUI;0,713;0,626;0,843;0,687
2010;43;4310652;ITATI;0,669;0,524;0,827;0,692
2010;43;4310702;ITATIBA DO SUL;0,681;0,567;0,801;0,696
2010;43;4310751;IVORÁ;0,724;0,602;0,886;0,712
2010;43;4310801;IVOTI;0,784;0,729;0,848;0,780
2010;43;4310850;JABOTICABA;0,658;0,547;0,820;0,636
2010;43;4310876;JACUIZINHO;0,662;0,487;0,817;0,730
2010;43;4310900;JACUTINGA;0,726;0,636;0,855;0,703
2010;43;4311007;JAGUARÃO;0,707;0,608;0,832;0,698
2010;43;4311106;JAGUARI;0,712;0,567;0,866;0,734
2010;43;4311122;JAQUIRANA;0,614;0,475;0,779;0,626
2010;43;4311130;JARI;0,631;0,473;0,836;0,636
2010;43;4311155;JÓIA;0,686;0,572;0,841;0,671
2010;43;4311205;JÚLIO DE CASTILHOS;0,716;0,602;0,833;0,733
2010;43;4311239;LAGOA BONITA DO SUL;0,670;0,539;0,801;0,696
2010;43;4311254;LAGOÃO;0,643;0,505;0,822;0,641
2010;43;4311270;LAGOA DOS TRÊS CANTOS;0,789;0,754;0,852;0,765
2010;43;4311304;LAGOA VERMELHA;0,738;0,620;0,885;0,734
2010;43;4311403;LAJEADO;0,778;0,704;0,840;0,796
2010;43;4311429;LAJEADO DO BUGRE;0,613;0,465;0,822;0,604
2010;43;4311502;LAVRAS DO SUL;0,699;0,577;0,868;0,683
2010;43;4311601;LIBERATO SALZANO;0,685;0,583;0,810;0,680
2010;43;4311627;LINDOLFO COLLOR;0,712;0,601;0,842;0,712
2010;43;4311643;LINHA NOVA;0,749;0,662;0,846;0,751
2010;43;4311700;MACHADINHO;0,692;0,577;0,807;0,711
2010;43;4311718;MAÇAMBARÁ;0,684;0,580;0,832;0,664
2010;43;4311734;MAMPITUBA;0,649;0,517;0,813;0,650
2010;43;4311759;MANOEL VIANA;0,655;0,534;0,766;0,686
2010;43;4311775;MAQUINÉ;0,682;0,519;0,880;0,695
2010;43;4311791;MARATÁ;0,697;0,540;0,862;0,729
2010;43;4311809;MARAU;0,774;0,699;0,857;0,773
2010;43;4311908;MARCELINO RAMOS;0,724;0,618;0,834;0,735
2010;43;4311981;MARIANA PIMENTEL;0,701;0,568;0,866;0,701
2010;43;4312005;MARIANO MORO;0,730;0,604;0,843;0,763
2010;43;4312054;MARQUES DE SOUZA;0,687;0,515;0,849;0,743
2010;43;4312104;MATA;0,656;0,529;0,807;0,660
2010;43;4312138;MATO CASTELHANO;0,727;0,608;0,839;0,752
2010;43;4312153;MATO LEITÃO;0,746;0,676;0,853;0,721
2010;43;4312179;MATO QUEIMADO;0,717;0,603;0,870;0,702
2010;43;4312203;MAXIMILIANO DE ALMEIDA;0,699;0,591;0,825;0,699
2010;43;4312252;MINAS DO LEÃO;0,681;0,514;0,826;0,743
2010;43;4312302;MIRAGUAÍ;0,725;0,613;0,837;0,744
2010;43;4312351;MONTAURI;0,764;0,662;0,852;0,790
2010;43;4312377;MONTE ALEGRE DOS CAMPOS;0,650;0,501;0,822;0,667
2010;43;4312385;MONTE BELO DO SUL;0,752;0,663;0,852;0,752
2010;43;4312401;MONTENEGRO;0,755;0,654;0,866;0,761
2010;43;4312427;MORMAÇO;0,714;0,576;0,860;0,735
2010;43;4312443;MORRINHOS DO SUL;0,711;0,593;0,842;0,720
2010;43;4312450;MORRO REDONDO;0,702;0,557;0,864;0,719
2010;43;4312476;MORRO REUTER;0,743;0,653;0,858;0,733
2010;43;4312500;MOSTARDAS;0,664;0,493;0,849;0,701
2010;43;4312609;MUÇUM;0,746;0,654;0,840;0,757
2010;43;4312617;MUITOS CAPÕES;0,702;0,558;0,873;0,711
2010;43;4312625;MULITERNO;0,689;0,547;0,808;0,740
2010;43;4312658;NÃO-ME-TOQUE;0,765;0,673;0,847;0,784
2010;43;4312674;NICOLAU VERGUEIRO;0,753;0,660;0,839;0,772
2010;43;4312708;NONOAI;0,702;0,591;0,833;0,703
2010;43;4312757;NOVA ALVORADA;0,740;0,634;0,838;0,763
2010;43;4312807;NOVA ARAÇÁ;0,785;0,722;0,843;0,796
2010;43;4312906;NOVA BASSANO;0,747;0,632;0,849;0,778
2010;43;4312955;NOVA BOA VISTA;0,768;0,708;0,836;0,764
2010;43;4313003;NOVA BRÉSCIA;0,778;0,666;0,847;0,836
2010;43;4313011;NOVA CANDELÁRIA;0,759;0,643;0,856;0,794
2010;43;4313037;NOVA ESPERANÇA DO SUL;0,735;0,647;0,848;0,723
2010;43;4313060;NOVA HARTZ;0,689;0,563;0,836;0,694
2010;43;4313086;NOVA PÁDUA;0,761;0,678;0,852;0,762
2010;43;4313102;NOVA PALMA;0,744;0,643;0,841;0,762
2010;43;4313201;NOVA PETRÓPOLIS;0,780;0,688;0,890;0,775
2010;43;4313300;NOVA PRATA;0,766;0,686;0,839;0,782
2010;43;4313334;NOVA RAMADA;0,742;0,642;0,847;0,752
2010;43;4313359;NOVA ROMA DO SUL;0,741;0,602;0,851;0,794
2010;43;4313375;NOVA SANTA RITA;0,718;0,606;0,853;0,716
2010;43;4313391;NOVO CABRAIS;0,688;0,548;0,852;0,697
2010;43;4313409;NOVO HAMBURGO;0,747;0,629;0,852;0,778
2010;43;4313425;NOVO MACHADO;0,663;0,543;0,796;0,674
2010;43;4313441;NOVO TIRADENTES;0,676;0,566;0,805;0,679
2010;43;4313466;NOVO XINGU;0,767;0,708;0,850;0,749
2010;43;4313490;NOVO BARREIRO;0,706;0,594;0,808;0,734
2010;43;4313508;OSÓRIO;0,751;0,646;0,853;0,769
2010;43;4313607;PAIM FILHO;0,706;0,558;0,870;0,725
2010;43;4313656;PALMARES DO SUL;0,715;0,592;0,852;0,725
2010;43;4313706;PALMEIRA DAS MISSÕES;0,737;0,667;0,831;0,722
2010;43;4313805;PALMITINHO;0,720;0,632;0,836;0,707
2010;43;4313904;PANAMBI;0,761;0,691;0,848;0,752
2010;43;4313953;PANTANO GRANDE;0,661;0,524;0,816;0,676
2010;43;4314001;PARAÍ;0,773;0,679;0,866;0,787
2010;43;4314027;PARAÍSO DO SUL;0,676;0,537;0,831;0,692
2010;43;4314035;PARECI NOVO;0,749;0,668;0,852;0,738
2010;43;4314050;PAROBÉ;0,704;0,562;0,886;0,700
2010;43;4314068;PASSA SETE;0,622;0,482;0,782;0,639
2010;43;4314076;PASSO DO SOBRADO;0,698;0,551;0,851;0,726
2010;43;4314100;PASSO FUNDO;0,776;0,699;0,849;0,787
2010;43;4314134;PAULO BENTO;0,710;0,571;0,858;0,730
2010;43;4314159;PAVERAMA;0,683;0,541;0,840;0,701
2010;43;4314175;PEDRAS ALTAS;0,640;0,493;0,820;0,647
2010;43;4314209;PEDRO OSÓRIO;0,678;0,551;0,829;0,683
2010;43;4314308;PEJUÇARA;0,741;0,648;0,867;0,724
2010;43;4314407;PELOTAS;0,739;0,632;0,844;0,758
2010;43;4314423;PICADA CAFÉ;0,758;0,701;0,842;0,738
2010;43;4314456;PINHAL;0,720;0,624;0,852;0,701
2010;43;4314464;PINHAL DA SERRA;0,650;0,513;0,835;0,641
2010;43;4314472;PINHAL GRANDE;0,678;0,577;0,804;0,672
2010;43;4314498;PINHEIRINHO DO VALE;0,710;0,607;0,828;0,713
2010;43;4314506;PINHEIRO MACHADO;0,661;0,499;0,846;0,685
2010;43;4314555;PIRAPÓ;0,669;0,553;0,824;0,656
2010;43;4314605;PIRATINI;0,658;0,517;0,821;0,672
2010;43;4314704;PLANALTO;0,687;0,597;0,807;0,674
2010;43;4314753;POÇO DAS ANTAS;0,744;0,634;0,877;0,742
2010;43;4314779;PONTÃO;0,725;0,623;0,864;0,708
2010;43;4314787;PONTE PRETA;0,725;0,600;0,874;0,727
2010;43;4314803;PORTÃO;0,713;0,584;0,856;0,725
2010;43;4314902;PORTO ALEGRE;0,805;0,702;0,857;0,867
2010;43;4315008;PORTO LUCENA;0,693;0,575;0,827;0,700
2010;43;4315057;PORTO MAUÁ;0,698;0,608;0,831;0,672
2010;43;4315073;PORTO VERA CRUZ;0,690;0,600;0,827;0,661
2010;43;4315107;PORTO XAVIER;0,723;0,628;0,876;0,687
2010;43;4315131;POUSO NOVO;0,715;0,566;0,845;0,765
2010;43;4315149;PRESIDENTE LUCENA;0,757;0,674;0,885;0,727
2010;43;4315156;PROGRESSO;0,683;0,525;0,861;0,705
2010;43;4315172;PROTÁSIO ALVES;0,733;0,609;0,839;0,771
2010;43;4315206;PUTINGA;0,715;0,563;0,873;0,745
2010;43;4315305;QUARAÍ;0,704;0,609;0,852;0,673
2010;43;4315313;QUATRO IRMÃOS;0,689;0,565;0,833;0,695
2010;43;4315321;QUEVEDOS;0,665;0,534;0,824;0,667
2010;43;4315354;QUINZE DE NOVEMBRO;0,756;0,655;0,841;0,783
2010;43;4315404;REDENTORA;0,631;0,523;0,792;0,606
2010;43;4315453;RELVADO;0,731;0,588;0,868;0,765
2010;43;4315503;RESTINGA SECA;0,683;0,542;0,828;0,709
2010;43;4315552;RIO DOS ÍNDIOS;0,656;0,545;0,804;0,645
2010;43;4315602;RIO GRANDE;0,744;0,637;0,861;0,752
2010;43;4315701;RIO PARDO;0,693;0,560;0,846;0,702
2010;43;4315750;RIOZINHO;0,661;0,472;0,885;0,690
2010;43;4315800;ROCA SALES;0,729;0,602;0,853;0,753
2010;43;4315909;RODEIO BONITO;0,732;0,636;0,842;0,733
2010;43;4315958;ROLADOR;0,689;0,579;0,834;0,676
2010;43;4316006;ROLANTE;0,688;0,553;0,830;0,708
2010;43;4316105;RONDA ALTA;0,724;0,600;0,867;0,729
2010;43;4316204;RONDINHA;0,764;0,678;0,842;0,780
2010;43;4316303;ROQUE GONZALES;0,688;0,563;0,843;0,687
2010;43;4316402;ROSÁRIO DO SUL;0,699;0,576;0,841;0,705
2010;43;4316428;SAGRADA FAMÍLIA;0,678;0,596;0,782;0,669
2010;43;4316436;SALDANHA MARINHO;0,762;0,706;0,841;0,745
2010;43;4316451;SALTO DO JACUÍ;0,687;0,558;0,837;0,693
2010;43;4316477;SALVADOR DAS MISSÕES;0,753;0,706;0,851;0,710
2010;43;4316501;SALVADOR DO SUL;0,740;0,641;0,843;0,750
2010;43;4316600;SANANDUVA;0,747;0,647;0,843;0,764
2010;43;4316709;SANTA BÁRBARA DO SUL;0,725;0,634;0,841;0,716
2010;43;4316733;SANTA CECÍLIA DO SUL;0,725;0,581;0,839;0,781
2010;43;4316758;SANTA CLARA DO SUL;0,740;0,644;0,843;0,747
2010;43;4316808;SANTA CRUZ DO SUL;0,773;0,693;0,852;0,782
2010;43;4316907;SANTA MARIA;0,784;0,715;0,848;0,795
2010;43;4316956;SANTA MARIA DO HERVAL;0,676;0,510;0,846;0,716
2010;43;4316972;SANTA MARGARIDA DO SUL;0,663;0,484;0,870;0,691
2010;43;4317004;SANTANA DA BOA VISTA;0,633;0,503;0,802;0,630
2010;43;4317103;SANT'ANA DO LIVRAMENTO;0,727;0,636;0,846;0,715
2010;43;4317202;SANTA ROSA;0,769;0,693;0,871;0,752
2010;43;4317251;SANTA TEREZA;0,746;0,637;0,853;0,765
2010;43;4317301;SANTA VITÓRIA DO PALMAR;0,712;0,591;0,861;0,709
2010;43;4317400;SANTIAGO;0,766;0,682;0,882;0,746
2010;43;4317509;SANTO ÂNGELO;0,772;0,696;0,863;0,765
2010;43;4317558;SANTO ANTÔNIO DO PALMA;0,764;0,665;0,853;0,787
2010;43;4317608;SANTO ANTÔNIO DA PATRULHA;0,717;0,594;0,866;0,718
2010;43;4317707;SANTO ANTÔNIO DAS MISSÕES;0,686;0,576;0,835;0,672
2010;43;4317756;SANTO ANTÔNIO DO PLANALTO;0,759;0,705;0,885;0,701
2010;43;4317806;SANTO AUGUSTO;0,739;0,637;0,840;0,753
2010;43;4317905;SANTO CRISTO;0,738;0,656;0,820;0,746
2010;43;4317954;SANTO EXPEDITO DO SUL;0,732;0,677;0,853;0,679
2010;43;4318002;SÃO BORJA;0,736;0,643;0,860;0,720
2010;43;4318051;SÃO DOMINGOS DO SUL;0,763;0,680;0,839;0,780
2010;43;4318101;SÃO FRANCISCO DE ASSIS;0,675;0,552;0,818;0,681
2010;43;4318200;SÃO FRANCISCO DE PAULA;0,685;0,534;0,860;0,701
2010;43;4318309;SÃO GABRIEL;0,699;0,585;0,822;0,711
2010;43;4318408;SÃO JERÔNIMO;0,696;0,560;0,822;0,734
2010;43;4318424;SÃO JOÃO DA URTIGA;0,694;0,575;0,828;0,702
2010;43;4318432;SÃO JOÃO DO POLÊSINE;0,748;0,661;0,847;0,748
2010;43;4318440;SÃO JORGE;0,732;0,617;0,846;0,750
2010;43;4318457;SÃO JOSÉ DAS MISSÕES;0,651;0,542;0,782;0,652
2010;43;4318465;SÃO JOSÉ DO HERVAL;0,717;0,622;0,847;0,701
2010;43;4318481;SÃO JOSÉ DO HORTÊNCIO;0,707;0,597;0,824;0,717
2010;43;4318499;SÃO JOSÉ DO INHACORÁ;0,747;0,702;0,822;0,723
2010;43;4318507;SÃO JOSÉ DO NORTE;0,623;0,461;0,792;0,663
2010;43;4318606;SÃO JOSÉ DO OURO;0,755;0,669;0,846;0,759
2010;43;4318614;SÃO JOSÉ DO SUL;0,725;0,590;0,836;0,774
2010;43;4318622;SÃO JOSÉ DOS AUSENTES;0,663;0,541;0,801;0,674
2010;43;4318705;SÃO LEOPOLDO;0,739;0,612;0,861;0,766
2010;43;4318804;SÃO LOURENÇO DO SUL;0,687;0,528;0,849;0,722
2010;43;4318903;SÃO LUIZ GONZAGA;0,741;0,664;0,855;0,718
2010;43;4319000;SÃO MARCOS;0,768;0,683;0,855;0,775
2010;43;4319109;SÃO MARTINHO;0,726;0,628;0,830;0,734
2010;43;4319125;SÃO MARTINHO DA SERRA;0,652;0,496;0,848;0,659
2010;43;4319158;SÃO MIGUEL DAS MISSÕES;0,667;0,537;0,821;0,674
2010;43;4319208;SÃO NICOLAU;0,645;0,523;0,778;0,658
2010;43;4319307;SÃO PAULO DAS MISSÕES;0,692;0,584;0,825;0,688
2010;43;4319356;SÃO PEDRO DA SERRA;0,739;0,634;0,851;0,748
2010;43;4319364;SÃO PEDRO DAS MISSÕES;0,664;0,566;0,804;0,644
2010;43;4319372;SÃO PEDRO DO BUTIÁ;0,763;0,694;0,843;0,760
2010;43;4319406;SÃO PEDRO DO SUL;0,709;0,619;0,824;0,698
2010;43;4319505;SÃO SEBASTIÃO DO CAÍ;0,739;0,646;0,852;0,734
2010;43;4319604;SÃO SEPÉ;0,708;0,576;0,871;0,708
2010;43;4319703;SÃO VALENTIM;0,720;0,612;0,820;0,745
2010;43;4319711;SÃO VALENTIM DO SUL;0,764;0,677;0,848;0,776
2010;43;4319737;SÃO VALÉRIO DO SUL;0,642;0,480;0,816;0,674
2010;43;4319752;SÃO VENDELINO;0,754;0,677;0,852;0,743
2010;43;4319802;SÃO VICENTE DO SUL;0,685;0,553;0,831;0,698
2010;43;4319901;SAPIRANGA;0,711;0,598;0,832;0,722
2010;43;4320008;SAPUCAIA DO SUL;0,726;0,624;0,844;0,726
2010;43;4320107;SARANDI;0,777;0,705;0,858;0,776
2010;43;4320206;SEBERI;0,723;0,620;0,865;0,706
2010;43;4320230;SEDE NOVA;0,712;0,543;0,886;0,751
2010;43;4320263;SEGREDO;0,659;0,525;0,811;0,673
2010;43;4320305;SELBACH;0,777;0,710;0,841;0,785
2010;43;4320321;SENADOR SALGADO FILHO;0,693;0,581;0,817;0,701
2010;43;4320354;SENTINELA DO SUL;0,671;0,545;0,826;0,671
2010;43;4320404;SERAFINA CORRÊA;0,760;0,690;0,843;0,755
2010;43;4320453;SÉRIO;0,652;0,471;0,847;0,695
2010;43;4320503;SERTÃO;0,751;0,678;0,837;0,746
2010;43;4320552;SERTÃO SANTANA;0,689;0,534;0,832;0,737
2010;43;4320578;SETE DE SETEMBRO;0,683;0,577;0,810;0,682
2010;43;4320602;SEVERIANO DE ALMEIDA;0,752;0,670;0,861;0,738
2010;43;4320651;SILVEIRA MARTINS;0,742;0,644;0,852;0,744
2010;43;4320677;SINIMBU;0,631;0,456;0,792;0,697
2010;43;4320701;SOBRADINHO;0,743;0,647;0,861;0,735
2010;43;4320800;SOLEDADE;0,731;0,625;0,861;0,727
2010;43;4320859;TABAÍ;0,701;0,595;0,834;0,694
2010;43;4320909;TAPEJARA;0,760;0,688;0,837;0,763
2010;43;4321006;TAPERA;0,747;0,672;0,835;0,743
2010;43;4321105;TAPES;0,695;0,556;0,862;0,699
2010;43;4321204;TAQUARA;0,727;0,579;0,880;0,754
2010;43;4321303;TAQUARI;0,733;0,629;0,849;0,737
2010;43;4321329;TAQUARUÇU DO SUL;0,739;0,633;0,830;0,768
2010;43;4321352;TAVARES;0,656;0,492;0,828;0,692
2010;43;4321402;TENENTE PORTELA;0,708;0,603;0,830;0,709
2010;43;4321436;TERRA DE AREIA;0,689;0,565;0,829;0,699
2010;43;4321451;TEUTÔNIA;0,747;0,650;0,855;0,751
2010;43;4321469;TIO HUGO;0,742;0,682;0,845;0,709
2010;43;4321477;TIRADENTES DO SUL;0,689;0,569;0,815;0,705
2010;43;4321493;TOROPI;0,683;0,569;0,822;0,680
2010;43;4321501;TORRES;0,762;0,685;0,862;0,750
2010;43;4321600;TRAMANDAÍ;0,719;0,606;0,842;0,727
2010;43;4321626;TRAVESSEIRO;0,701;0,559;0,839;0,735
2010;43;4321634;TRÊS ARROIOS;0,791;0,689;0,851;0,843
2010;43;4321667;TRÊS CACHOEIRAS;0,718;0,606;0,847;0,722
2010;43;4321709;TRÊS COROAS;0,710;0,584;0,829;0,740
2010;43;4321808;TRÊS DE MAIO;0,759;0,694;0,834;0,756
2010;43;4321832;TRÊS FORQUILHAS;0,662;0,539;0,813;0,661
2010;43;4321857;TRÊS PALMEIRAS;0,703;0,560;0,832;0,747
2010;43;4321907;TRÊS PASSOS;0,768;0,710;0,858;0,745
2010;43;4321956;TRINDADE DO SUL;0,687;0,610;0,787;0,675
2010;43;4322004;TRIUNFO;0,733;0,629;0,873;0,717
2010;43;4322103;TUCUNDUVA;0,747;0,682;0,816;0,748
2010;43;4322152;TUNAS;0,657;0,541;0,794;0,659
2010;43;4322186;TUPANCI DO SUL;0,694;0,595;0,818;0,688
2010;43;4322202;TUPANCIRETÃ;0,709;0,596;0,828;0,721
2010;43;4322251;TUPANDI;0,718;0,597;0,836;0,742
2010;43;4322301;TUPARENDI;0,728;0,632;0,832;0,734
2010;43;4322327;TURUÇU;0,629;0,446;0,814;0,685
2010;43;4322343;UBIRETAMA;0,700;0,613;0,809;0,691
2010;43;4322350;UNIÃO DA SERRA;0,733;0,587;0,852;0,786
2010;43;4322376;UNISTALDA;0,649;0,542;0,804;0,626
2010;43;4322400;URUGUAIANA;0,744;0,661;0,863;0,722
2010;43;4322509;VACARIA;0,721;0,605;0,838;0,740
2010;43;4322525;VALE VERDE;0,646;0,497;0,816;0,666
2010;43;4322533;VALE DO SOL;0,624;0,439;0,813;0,681
2010;43;4322541;VALE REAL;0,737;0,636;0,850;0,739
2010;43;4322558;VANINI;0,757;0,704;0,836;0,736
2010;43;4322608;VENÂNCIO AIRES;0,712;0,600;0,818;0,736
2010;43;4322707;VERA CRUZ;0,737;0,643;0,842;0,738
2010;43;4322806;VERANÓPOLIS;0,773;0,692;0,838;0,797
2010;43;4322855;VESPASIANO CORREA;0,723;0,584;0,855;0,758
2010;43;4322905;VIADUTOS;0,702;0,561;0,864;0,715
2010;43;4323002;VIAMÃO;0,717;0,591;0,866;0,720
2010;43;4323101;VICENTE DUTRA;0,638;0,489;0,809;0,656
2010;43;4323200;VICTOR GRAEFF;0,777;0,722;0,840;0,774
2010;43;4323309;VILA FLORES;0,742;0,650;0,867;0,725
2010;43;4323358;VILA LÂNGARO;0,705;0,551;0,839;0,759
2010;43;4323408;VILA MARIA;0,761;0,664;0,839;0,791
2010;43;4323457;VILA NOVA DO SUL;0,662;0,544;0,827;0,645
2010;43;4323507;VISTA ALEGRE;0,739;0,631;0,842;0,760
2010;43;4323606;VISTA ALEGRE DO PRATA;0,780;0,692;0,847;0,809
2010;43;4323705;VISTA GAÚCHA;0,757;0,669;0,839;0,774
2010;43;4323754;VITÓRIA DAS MISSÕES;0,655;0,526;0,809;0,659
2010;43;4323770;WESTFALIA;0,752;0,630;0,849;0,796
2010;43;4323804;XANGRI-LÁ;0,735;0,630;0,852;0,740
2010;50;5000203;ÁGUA CLARA;0,670;0,518;0,823;0,705
2010;50;5000252;ALCINÓPOLIS;0,711;0,572;0,858;0,733
2010;50;5000609;AMAMBAI;0,673;0,546;0,818;0,683
2010;50;5000708;ANASTÁCIO;0,663;0,557;0,789;0,663
2010;50;5000807;ANAURILÂNDIA;0,670;0,538;0,826;0,676
2010;50;5000856;ANGÉLICA;0,697;0,582;0,839;0,692
2010;50;5000906;ANTÔNIO JOÃO;0,643;0,526;0,799;0,633
2010;50;5001003;APARECIDA DO TABOADO;0,697;0,588;0,804;0,717
2010;50;5001102;AQUIDAUANA;0,688;0,562;0,840;0,690
2010;50;5001243;ARAL MOREIRA;0,633;0,507;0,798;0,628
2010;50;5001508;BANDEIRANTES;0,681;0,537;0,848;0,694
2010;50;5001904;BATAGUASSU;0,710;0,606;0,847;0,698
2010;50;5002001;BATAYPORÃ;0,684;0,559;0,814;0,702
2010;50;5002100;BELA VISTA;0,698;0,585;0,830;0,699
2010;50;5002159;BODOQUENA;0,666;0,573;0,776;0,665
2010;50;5002209;BONITO;0,670;0,508;0,831;0,714
2010;50;5002308;BRASILÂNDIA;0,701;0,570;0,837;0,721
2010;50;5002407;CAARAPÓ;0,692;0,592;0,828;0,676
2010;50;5002605;CAMAPUÃ;0,703;0,596;0,817;0,715
2010;50;5002704;CAMPO GRANDE;0,784;0,724;0,844;0,790
2010;50;5002803;CARACOL;0,647;0,522;0,826;0,628
2010;50;5002902;CASSILÂNDIA;0,727;0,627;0,811;0,756
2010;50;5002951;CHAPADÃO DO SUL;0,754;0,665;0,850;0,758
2010;50;5003108;CORGUINHO;0,671;0,531;0,830;0,684
2010;50;5003157;CORONEL SAPUCAIA;0,589;0,417;0,806;0,607
2010;50;5003207;CORUMBÁ;0,700;0,586;0,834;0,701
2010;50;5003256;COSTA RICA;0,706;0,606;0,811;0,717
2010;50;5003306;COXIM;0,703;0,579;0,836;0,719
2010;50;5003454;DEODÁPOLIS;0,694;0,595;0,810;0,693
2010;50;5003488;DOIS IRMÃOS DO BURITI;0,639;0,528;0,773;0,640
2010;50;5003504;DOURADINA;0,699;0,597;0,809;0,706
2010;50;5003702;DOURADOS;0,747;0,657;0,843;0,753
2010;50;5003751;ELDORADO;0,684;0,577;0,824;0,674
2010;50;5003801;FÁTIMA DO SUL;0,714;0,621;0,815;0,719
2010;50;5003900;FIGUEIRÃO;0,660;0,511;0,830;0,677
2010;50;5004007;GLÓRIA DE DOURADOS;0,721;0,648;0,822;0,705
2010;50;5004106;GUIA LOPES DA LAGUNA;0,675;0,549;0,826;0,677
2010;50;5004304;IGUATEMI;0,662;0,530;0,817;0,671
2010;50;5004403;INOCÊNCIA;0,681;0,531;0,846;0,702
2010;50;5004502;ITAPORÃ;0,654;0,523;0,809;0,660
2010;50;5004601;ITAQUIRAÍ;0,620;0,479;0,772;0,645
2010;50;5004700;IVINHEMA;0,720;0,615;0,850;0,715
2010;50;5004809;JAPORÃ;0,526;0,337;0,791;0,547
2010;50;5004908;JARAGUARI;0,664;0,530;0,827;0,668
2010;50;5005004;JARDIM;0,712;0,595;0,845;0,718
2010;50;5005103;JATEÍ;0,708;0,579;0,857;0,716
2010;50;5005152;JUTI;0,623;0,485;0,770;0,646
2010;50;5005202;LADÁRIO;0,704;0,618;0,822;0,687
2010;50;5005251;LAGUNA CARAPÃ;0,672;0,545;0,822;0,676
2010;50;5005400;MARACAJU;0,736;0,613;0,873;0,744
2010;50;5005608;MIRANDA;0,632;0,507;0,782;0,638
2010;50;5005681;MUNDO NOVO;0,686;0,565;0,808;0,707
2010;50;5005707;NAVIRAÍ;0,700;0,597;0,803;0,715
2010;50;5005806;NIOAQUE;0,639;0,483;0,822;0,658
2010;50;5006002;NOVA ALVORADA DO SUL;0,694;0,554;0,809;0,746
2010;50;5006200;NOVA ANDRADINA;0,721;0,616;0,850;0,716
2010;50;5006259;NOVO HORIZONTE DO SUL;0,649;0,523;0,798;0,656
2010;50;5006309;PARANAÍBA;0,721;0,627;0,823;0,727
2010;50;5006358;PARANHOS;0,588;0,444;0,811;0,566
2010;50;5006408;PEDRO GOMES;0,671;0,562;0,801;0,672
2010;50;5006606;PONTA PORÃ;0,701;0,598;0,812;0,708
2010;50;5006903;PORTO MURTINHO;0,666;0,526;0,830;0,677
2010;50;5007109;RIBAS DO RIO PARDO;0,664;0,519;0,830;0,681
2010;50;5007208;RIO BRILHANTE;0,715;0,590;0,861;0,720
2010;50;5007307;RIO NEGRO;0,709;0,585;0,869;0,702
2010;50;5007406;RIO VERDE DE MATO GROSSO;0,673;0,521;0,852;0,686
2010;50;5007505;ROCHEDO;0,651;0,491;0,830;0,676
2010;50;5007554;SANTA RITA DO PARDO;0,642;0,505;0,800;0,655
2010;50;5007695;SÃO GABRIEL DO OESTE;0,729;0,608;0,850;0,751
2010;50;5007703;SETE QUEDAS;0,614;0,450;0,778;0,660
2010;50;5007802;SELVÍRIA;0,682;0,576;0,825;0,668
2010;50;5007901;SIDROLÂNDIA;0,686;0,561;0,829;0,694
2010;50;5007935;SONORA;0,681;0,557;0,803;0,706
2010;50;5007950;TACURU;0,593;0,434;0,782;0,615
2010;50;5007976;TAQUARUSSU;0,651;0,545;0,769;0,657
2010;50;5008008;TERENOS;0,658;0,521;0,839;0,651
2010;50;5008305;TRÊS LAGOAS;0,744;0,645;0,849;0,752
2010;50;5008404;VICENTINA;0,711;0,626;0,835;0,689
2010;51;5100102;ACORIZAL;0,628;0,510;0,816;0,594
2010;51;5100201;ÁGUA BOA;0,729;0,646;0,829;0,723
2010;51;5100250;ALTA FLORESTA;0,714;0,629;0,817;0,709
2010;51;5100300;ALTO ARAGUAIA;0,704;0,612;0,802;0,712
2010;51;5100359;ALTO BOA VISTA;0,651;0,561;0,803;0,613
2010;51;5100409;ALTO GARÇAS;0,701;0,583;0,835;0,707
2010;51;5100508;ALTO PARAGUAI;0,638;0,541;0,784;0,612
2010;51;5100607;ALTO TAQUARI;0,705;0,571;0,833;0,736
2010;51;5100805;APIACÁS;0,675;0,570;0,809;0,666
2010;51;5101001;ARAGUAIANA;0,687;0,591;0,817;0,671
2010;51;5101209;ARAGUAINHA;0,701;0,627;0,844;0,650
2010;51;5101258;ARAPUTANGA;0,725;0,655;0,826;0,704
2010;51;5101308;ARENÁPOLIS;0,704;0,649;0,793;0,677
2010;51;5101407;ARIPUANÃ;0,675;0,553;0,816;0,682
2010;51;5101605;BARÃO DE MELGAÇO;0,600;0,440;0,820;0,598
2010;51;5101704;BARRA DO BUGRES;0,693;0,595;0,818;0,684
2010;51;5101803;BARRA DO GARÇAS;0,748;0,693;0,817;0,738
2010;51;5101852;BOM JESUS DO ARAGUAIA;0,661;0,555;0,784;0,665
2010;51;5101902;BRASNORTE;0,696;0,571;0,850;0,695
2010;51;5102504;CÁCERES;0,708;0,633;0,813;0,691
2010;51;5102603;CAMPINÁPOLIS;0,538;0,324;0,803;0,597
2010;51;5102637;CAMPO NOVO DO PARECIS;0,734;0,649;0,819;0,745
2010;51;5102678;CAMPO VERDE;0,750;0,670;0,834;0,755
2010;51;5102686;CAMPOS DE JÚLIO;0,744;0,625;0,825;0,800
2010;51;5102694;CANABRAVA DO NORTE;0,667;0,589;0,817;0,616
2010;51;5102702;CANARANA;0,693;0,549;0,825;0,735
2010;51;5102793;CARLINDA;0,665;0,553;0,809;0,656
2010;51;5102850;CASTANHEIRA;0,665;0,547;0,800;0,671
2010;51;5103007;CHAPADA DOS GUIMARÃES;0,688;0,578;0,833;0,677
2010;51;5103056;CLÁUDIA;0,699;0,586;0,809;0,719
2010;51;5103106;COCALINHO;0,660;0,528;0,807;0,674
2010;51;5103205;COLÍDER;0,713;0,604;0,819;0,732
2010;51;5103254;COLNIZA;0,611;0,443;0,815;0,633
2010;51;5103304;COMODORO;0,689;0,567;0,840;0,687
2010;51;5103353;CONFRESA;0,668;0,556;0,812;0,660
2010;51;5103361;CONQUISTA D'OESTE;0,718;0,650;0,807;0,707
2010;51;5103379;COTRIGUAÇU;0,601;0,423;0,825;0,623
2010;51;5103403;CUIABÁ;0,785;0,726;0,834;0,800
2010;51;5103437;CURVELÂNDIA;0,690;0,615;0,811;0,658
2010;51;5103452;DENISE;0,683;0,590;0,802;0,672
2010;51;5103502;DIAMANTINO;0,718;0,625;0,831;0,714
2010;51;5103601;DOM AQUINO;0,690;0,593;0,806;0,687
2010;51;5103700;FELIZ NATAL;0,692;0,548;0,819;0,737
2010;51;5103809;FIGUEIRÓPOLIS D'OESTE;0,679;0,599;0,786;0,665
2010;51;5103858;GAÚCHA DO NORTE;0,615;0,418;0,847;0,658
2010;51;5103908;GENERAL CARNEIRO;0,670;0,569;0,820;0,645
2010;51;5103957;GLÓRIA D'OESTE;0,710;0,636;0,823;0,684
2010;51;5104104;GUARANTÃ DO NORTE;0,703;0,609;0,826;0,692
2010;51;5104203;GUIRATINGA;0,705;0,637;0,813;0,677
2010;51;5104500;INDIAVAÍ;0,661;0,533;0,841;0,645
2010;51;5104526;IPIRANGA DO NORTE;0,727;0,642;0,807;0,742
2010;51;5104542;ITANHANGÁ;0,710;0,597;0,856;0,699
2010;51;5104559;ITAÚBA;0,690;0,569;0,809;0,714
2010;51;5104609;ITIQUIRA;0,693;0,591;0,812;0,694
2010;51;5104807;JACIARA;0,735;0,655;0,833;0,728
2010;51;5104906;JANGADA;0,630;0,549;0,805;0,567
2010;51;5105002;JAURU;0,673;0,563;0,812;0,668
2010;51;5105101;JUARA;0,682;0,543;0,836;0,699
2010;51;5105150;JUÍNA;0,716;0,593;0,845;0,733
2010;51;5105176;JURUENA;0,662;0,563;0,797;0,647
2010;51;5105200;JUSCIMEIRA;0,714;0,637;0,842;0,678
2010;51;5105234;LAMBARI D'OESTE;0,627;0,467;0,787;0,670
2010;51;5105259;LUCAS DO RIO VERDE;0,768;0,710;0,833;0,766
2010;51;5105309;LUCIARA;0,676;0,634;0,788;0,617
2010;51;5105507;VILA BELA DA SANTÍSSIMA TRINDADE;0,645;0,495;0,843;0,644
2010;51;5105580;MARCELÂNDIA;0,701;0,604;0,813;0,700
2010;51;5105606;MATUPÁ;0,716;0,631;0,824;0,706
2010;51;5105622;MIRASSOL D'OESTE;0,704;0,592;0,816;0,723
2010;51;5105903;NOBRES;0,699;0,611;0,827;0,675
2010;51;5106000;NORTELÂNDIA;0,702;0,668;0,793;0,653
2010;51;5106109;NOSSA SENHORA DO LIVRAMENTO;0,638;0,529;0,820;0,600
2010;51;5106158;NOVA BANDEIRANTES;0,650;0,469;0,842;0,696
2010;51;5106174;NOVA NAZARÉ;0,595;0,427;0,793;0,621
2010;51;5106182;NOVA LACERDA;0,636;0,485;0,825;0,643
2010;51;5106190;NOVA SANTA HELENA;0,714;0,603;0,809;0,745
2010;51;5106208;NOVA BRASILÂNDIA;0,651;0,485;0,845;0,673
2010;51;5106216;NOVA CANAÃ DO NORTE;0,686;0,572;0,815;0,692
2010;51;5106224;NOVA MUTUM;0,758;0,673;0,837;0,773
2010;51;5106232;NOVA OLÍMPIA;0,682;0,561;0,804;0,704
2010;51;5106240;NOVA UBIRATÃ;0,669;0,529;0,816;0,694
2010;51;5106257;NOVA XAVANTINA;0,704;0,613;0,800;0,713
2010;51;5106265;NOVO MUNDO;0,674;0,577;0,815;0,652
2010;51;5106273;NOVO HORIZONTE DO NORTE;0,664;0,548;0,820;0,652
2010;51;5106281;NOVO SÃO JOAQUIM;0,649;0,507;0,819;0,658
2010;51;5106299;PARANAÍTA;0,672;0,555;0,809;0,677
2010;51;5106307;PARANATINGA;0,667;0,532;0,820;0,679
2010;51;5106315;NOVO SANTO ANTÔNIO;0,653;0,526;0,829;0,640
2010;51;5106372;PEDRA PRETA;0,679;0,573;0,812;0,672
2010;51;5106422;PEIXOTO DE AZEVEDO;0,649;0,521;0,761;0,691
2010;51;5106455;PLANALTO DA SERRA;0,656;0,565;0,813;0,615
2010;51;5106505;POCONÉ;0,652;0,534;0,806;0,643
2010;51;5106653;PONTAL DO ARAGUAIA;0,734;0,702;0,816;0,691
2010;51;5106703;PONTE BRANCA;0,686;0,585;0,806;0,684
2010;51;5106752;PONTES E LACERDA;0,703;0,605;0,807;0,711
2010;51;5106778;PORTO ALEGRE DO NORTE;0,673;0,587;0,803;0,647
2010;51;5106802;PORTO DOS GAÚCHOS;0,685;0,561;0,815;0,703
2010;51;5106828;PORTO ESPERIDIÃO;0,652;0,523;0,795;0,666
2010;51;5106851;PORTO ESTRELA;0,599;0,467;0,804;0,571
2010;51;5107008;POXORÉO;0,678;0,573;0,832;0,653
2010;51;5107040;PRIMAVERA DO LESTE;0,752;0,653;0,843;0,774
2010;51;5107065;QUERÊNCIA;0,692;0,565;0,837;0,701
2010;51;5107107;SÃO JOSÉ DOS QUATRO MARCOS;0,719;0,643;0,816;0,707
2010;51;5107156;RESERVA DO CABAÇAL;0,676;0,603;0,799;0,642
2010;51;5107180;RIBEIRÃO CASCALHEIRA;0,670;0,542;0,831;0,668
2010;51;5107198;RIBEIRÃOZINHO;0,692;0,595;0,802;0,694
2010;51;5107206;RIO BRANCO;0,707;0,617;0,817;0,701
2010;51;5107248;SANTA CARMEM;0,715;0,628;0,827;0,703
2010;51;5107263;SANTO AFONSO;0,689;0,599;0,834;0,655
2010;51;5107297;SÃO JOSÉ DO POVO;0,661;0,577;0,793;0,630
2010;51;5107305;SÃO JOSÉ DO RIO CLARO;0,682;0,548;0,841;0,689
2010;51;5107354;SÃO JOSÉ DO XINGU;0,657;0,487;0,828;0,703
2010;51;5107404;SÃO PEDRO DA CIPA;0,660;0,556;0,790;0,654
2010;51;5107578;RONDOLÂNDIA;0,640;0,530;0,800;0,619
2010;51;5107602;RONDONÓPOLIS;0,755;0,698;0,823;0,749
2010;51;5107701;ROSÁRIO OESTE;0,650;0,520;0,807;0,653
2010;51;5107743;SANTA CRUZ DO XINGU;0,684;0,550;0,828;0,704
2010;51;5107750;SALTO DO CÉU;0,666;0,560;0,797;0,661
2010;51;5107768;SANTA RITA DO TRIVELATO;0,735;0,632;0,852;0,738
2010;51;5107776;SANTA TEREZINHA;0,609;0,498;0,761;0,596
2010;51;5107792;SANTO ANTÔNIO DO LESTE;0,655;0,501;0,853;0,658
2010;51;5107800;SANTO ANTÔNIO DO LEVERGER;0,656;0,539;0,806;0,651
2010;51;5107859;SÃO FÉLIX DO ARAGUAIA;0,668;0,538;0,848;0,652
2010;51;5107875;SAPEZAL;0,732;0,620;0,836;0,758
2010;51;5107883;SERRA NOVA DOURADA;0,664;0,560;0,819;0,638
2010;51;5107909;SINOP;0,754;0,682;0,832;0,755
2010;51;5107925;SORRISO;0,744;0,635;0,839;0,774
2010;51;5107941;TABAPORÃ;0,695;0,598;0,826;0,679
2010;51;5107958;TANGARÁ DA SERRA;0,729;0,626;0,825;0,749
2010;51;5108006;TAPURAH;0,714;0,594;0,831;0,738
2010;51;5108055;TERRA NOVA DO NORTE;0,698;0,602;0,815;0,692
2010;51;5108105;TESOURO;0,655;0,560;0,791;0,635
2010;51;5108204;TORIXORÉU;0,716;0,666;0,806;0,684
2010;51;5108303;UNIÃO DO SUL;0,665;0,556;0,797;0,665
2010;51;5108352;VALE DE SÃO DOMINGOS;0,656;0,560;0,765;0,658
2010;51;5108402;VÁRZEA GRANDE;0,734;0,661;0,842;0,711
2010;51;5108501;VERA;0,680;0,568;0,834;0,663
2010;51;5108600;VILA RICA;0,688;0,553;0,829;0,709
2010;51;5108808;NOVA GUARITA;0,688;0,597;0,812;0,671
2010;51;5108857;NOVA MARILÂNDIA;0,704;0,623;0,823;0,680
2010;51;5108907;NOVA MARINGÁ;0,663;0,509;0,815;0,702
2010;51;5108956;NOVA MONTE VERDE;0,691;0,582;0,823;0,690
2010;52;5200050;ABADIA DE GOIÁS;0,708;0,622;0,830;0,687
2010;52;5200100;ABADIÂNIA;0,689;0,579;0,841;0,671
2010;52;5200134;ACREÚNA;0,686;0,553;0,822;0,710
2010;52;5200159;ADELÂNDIA;0,702;0,622;0,836;0,664
2010;52;5200175;ÁGUA FRIA DE GOIÁS;0,671;0,550;0,817;0,672
2010;52;5200209;ÁGUA LIMPA;0,722;0,663;0,821;0,691
2010;52;5200258;ÁGUAS LINDAS DE GOIÁS;0,686;0,588;0,848;0,647
2010;52;5200308;ALEXÂNIA;0,682;0,568;0,841;0,664
2010;52;5200506;ALOÂNDIA;0,697;0,585;0,834;0,694
2010;52;5200555;ALTO HORIZONTE;0,719;0,624;0,841;0,709
2010;52;5200605;ALTO PARAÍSO DE GOIÁS;0,713;0,611;0,819;0,723
2010;52;5200803;ALVORADA DO NORTE;0,660;0,548;0,819;0,640
2010;52;5200829;AMARALINA;0,609;0,489;0,813;0,569
2010;52;5200852;AMERICANO DO BRASIL;0,700;0,631;0,813;0,669
2010;52;5200902;AMORINÓPOLIS;0,681;0,579;0,813;0,672
2010;52;5201108;ANÁPOLIS;0,737;0,660;0,822;0,737
2010;52;5201207;ANHANGUERA;0,725;0,657;0,802;0,724
2010;52;5201306;ANICUNS;0,714;0,627;0,834;0,695
2010;52;5201405;APARECIDA DE GOIÂNIA;0,718;0,620;0,834;0,716
2010;52;5201454;APARECIDA DO RIO DOCE;0,693;0,583;0,814;0,700
2010;52;5201504;APORÉ;0,693;0,584;0,823;0,692
2010;52;5201603;ARAÇU;0,693;0,578;0,838;0,686
2010;52;5201702;ARAGARÇAS;0,732;0,680;0,830;0,694
2010;52;5201801;ARAGOIÂNIA;0,684;0,560;0,837;0,683
2010;52;5202155;ARAGUAPAZ;0,674;0,540;0,814;0,696
2010;52;5202353;ARENÓPOLIS;0,687;0,582;0,826;0,674
2010;52;5202502;ARUANÃ;0,675;0,526;0,826;0,708
2010;52;5202601;AURILÂNDIA;0,700;0,620;0,836;0,661
2010;52;5202809;AVELINÓPOLIS;0,660;0,508;0,828;0,682
2010;52;5203104;BALIZA;0,655;0,558;0,819;0,614
2010;52;5203203;BARRO ALTO;0,742;0,682;0,854;0,701
2010;52;5203302;BELA VISTA DE GOIÁS;0,716;0,607;0,837;0,721
2010;52;5203401;BOM JARDIM DE GOIÁS;0,670;0,545;0,811;0,680
2010;52;5203500;BOM JESUS DE GOIÁS;0,701;0,573;0,860;0,699
2010;52;5203559;BONFINÓPOLIS;0,683;0,580;0,817;0,671
2010;52;5203575;BONÓPOLIS;0,630;0,488;0,813;0,630
2010;52;5203609;BRAZABRANTES;0,701;0,615;0,826;0,677
2010;52;5203807;BRITÂNIA;0,672;0,546;0,802;0,692
2010;52;5203906;BURITI ALEGRE;0,710;0,614;0,831;0,700
2010;52;5203939;BURITI DE GOIÁS;0,687;0,570;0,806;0,707
2010;52;5203962;BURITINÓPOLIS;0,704;0,591;0,813;0,727
2010;52;5204003;CABECEIRAS;0,668;0,571;0,819;0,637
2010;52;5204102;CACHOEIRA ALTA;0,710;0,569;0,840;0,750
2010;52;5204201;CACHOEIRA DE GOIÁS;0,727;0,674;0,838;0,680
2010;52;5204250;CACHOEIRA DOURADA;0,698;0,602;0,804;0,703
2010;52;5204300;CAÇU;0,730;0,599;0,840;0,774
2010;52;5204409;CAIAPÔNIA;0,693;0,588;0,808;0,701
2010;52;5204508;CALDAS NOVAS;0,733;0,640;0,832;0,739
2010;52;5204557;CALDAZINHA;0,685;0,591;0,814;0,669
2010;52;5204607;CAMPESTRE DE GOIÁS;0,653;0,556;0,799;0,628
2010;52;5204656;CAMPINAÇU;0,631;0,476;0,819;0,644
2010;52;5204706;CAMPINORTE;0,688;0,565;0,841;0,685
2010;52;5204805;CAMPO ALEGRE DE GOIÁS;0,694;0,586;0,811;0,702
2010;52;5204854;CAMPO LIMPO DE GOIÁS;0,661;0,533;0,829;0,654
2010;52;5204904;CAMPOS BELOS;0,692;0,616;0,815;0,661
2010;52;5204953;CAMPOS VERDES;0,654;0,577;0,796;0,608
2010;52;5205000;CARMO DO RIO VERDE;0,713;0,649;0,824;0,677
2010;52;5205059;CASTELÂNDIA;0,701;0,578;0,823;0,724
2010;52;5205109;CATALÃO;0,766;0,715;0,819;0,769
2010;52;5205208;CATURAÍ;0,664;0,540;0,815;0,665
2010;52;5205307;CAVALCANTE;0,584;0,415;0,808;0,595
2010;52;5205406;CERES;0,775;0,733;0,842;0,753
2010;52;5205455;CEZARINA;0,711;0,652;0,807;0,684
2010;52;5205471;CHAPADÃO DO CÉU;0,742;0,652;0,837;0,748
2010;52;5205497;CIDADE OCIDENTAL;0,717;0,641;0,814;0,706
2010;52;5205513;COCALZINHO DE GOIÁS;0,657;0,531;0,826;0,648
2010;52;5205521;COLINAS DO SUL;0,658;0,549;0,820;0,633
2010;52;5205703;CÓRREGO DO OURO;0,686;0,578;0,803;0,696
2010;52;5205802;CORUMBÁ DE GOIÁS;0,680;0,571;0,829;0,665
2010;52;5205901;CORUMBAÍBA;0,698;0,582;0,831;0,703
2010;52;5206206;CRISTALINA;0,699;0,587;0,814;0,716
2010;52;5206305;CRISTIANÓPOLIS;0,688;0,554;0,838;0,703
2010;52;5206404;CRIXÁS;0,708;0,625;0,805;0,706
2010;52;5206503;CROMÍNIA;0,706;0,634;0,803;0,692
2010;52;5206602;CUMARI;0,737;0,657;0,819;0,744
2010;52;5206701;DAMIANÓPOLIS;0,654;0,558;0,815;0,614
2010;52;5206800;DAMOLÂNDIA;0,697;0,600;0,819;0,688
2010;52;5206909;DAVINÓPOLIS;0,716;0,606;0,862;0,702
2010;52;5207105;DIORAMA;0,729;0,696;0,841;0,663
2010;52;5207253;DOVERLÂNDIA;0,668;0,518;0,840;0,684
2010;52;5207352;EDEALINA;0,702;0,594;0,808;0,722
2010;52;5207402;EDÉIA;0,739;0,648;0,826;0,755
2010;52;5207501;ESTRELA DO NORTE;0,707;0,593;0,848;0,703
2010;52;5207535;FAINA;0,650;0,534;0,799;0,644
2010;52;5207600;FAZENDA NOVA;0,685;0,576;0,831;0,671
2010;52;5207808;FIRMINÓPOLIS;0,732;0,688;0,838;0,681
2010;52;5207907;FLORES DE GOIÁS;0,597;0,457;0,799;0,583
2010;52;5208004;FORMOSA;0,744;0,666;0,852;0,726
2010;52;5208103;FORMOSO;0,715;0,639;0,834;0,686
2010;52;5208152;GAMELEIRA DE GOIÁS;0,659;0,499;0,828;0,692
2010;52;5208301;DIVINÓPOLIS DE GOIÁS;0,653;0,550;0,813;0,624
2010;52;5208400;GOIANÁPOLIS;0,703;0,620;0,825;0,678
2010;52;5208509;GOIANDIRA;0,760;0,727;0,849;0,711
2010;52;5208608;GOIANÉSIA;0,727;0,636;0,840;0,719
2010;52;5208707;GOIÂNIA;0,799;0,739;0,838;0,824
2010;52;5208806;GOIANIRA;0,694;0,596;0,831;0,674
2010;52;5208905;GOIÁS;0,709;0,621;0,805;0,713
2010;52;5209101;GOIATUBA;0,725;0,627;0,825;0,737
2010;52;5209150;GOUVELÂNDIA;0,674;0,559;0,806;0,680
2010;52;5209200;GUAPÓ;0,697;0,580;0,826;0,708
2010;52;5209291;GUARAÍTA;0,687;0,625;0,816;0,637
2010;52;5209408;GUARANI DE GOIÁS;0,637;0,557;0,814;0,569
2010;52;5209457;GUARINOS;0,652;0,563;0,815;0,604
2010;52;5209606;HEITORAÍ;0,694;0,620;0,814;0,661
2010;52;5209705;HIDROLÂNDIA;0,706;0,603;0,827;0,707
2010;52;5209804;HIDROLINA;0,677;0,577;0,824;0,652
2010;52;5209903;IACIARA;0,644;0,527;0,826;0,615
2010;52;5209937;INACIOLÂNDIA;0,692;0,591;0,822;0,683
2010;52;5209952;INDIARA;0,701;0,593;0,837;0,694
2010;52;5210000;INHUMAS;0,720;0,618;0,842;0,718
2010;52;5210109;IPAMERI;0,701;0,588;0,823;0,711
2010;52;5210158;IPIRANGA DE GOIÁS;0,696;0,642;0,816;0,643
2010;52;5210208;IPORÁ;0,743;0,667;0,840;0,731
2010;52;5210307;ISRAELÂNDIA;0,711;0,652;0,831;0,664
2010;52;5210406;ITABERAÍ;0,719;0,610;0,828;0,735
2010;52;5210562;ITAGUARI;0,693;0,596;0,817;0,683
2010;52;5210604;ITAGUARU;0,718;0,648;0,828;0,689
2010;52;5210802;ITAJÁ;0,691;0,570;0,835;0,692
2010;52;5210901;ITAPACI;0,725;0,626;0,844;0,720
2010;52;5211008;ITAPIRAPUÃ;0,677;0,568;0,816;0,670
2010;52;5211206;ITAPURANGA;0,726;0,653;0,837;0,700
2010;52;5211305;ITARUMÃ;0,693;0,503;0,861;0,769
2010;52;5211404;ITAUÇU;0,718;0,638;0,833;0,697
2010;52;5211503;ITUMBIARA;0,752;0,682;0,838;0,744
2010;52;5211602;IVOLÂNDIA;0,704;0,622;0,825;0,680
2010;52;5211701;JANDAIA;0,707;0,625;0,821;0,690
2010;52;5211800;JARAGUÁ;0,699;0,588;0,841;0,692
2010;52;5211909;JATAÍ;0,757;0,656;0,856;0,774
2010;52;5212006;JAUPACI;0,689;0,602;0,824;0,658
2010;52;5212055;JESÚPOLIS;0,649;0,522;0,814;0,642
2010;52;5212105;JOVIÂNIA;0,706;0,595;0,827;0,714
2010;52;5212204;JUSSARA;0,743;0,635;0,842;0,768
2010;52;5212253;LAGOA SANTA;0,740;0,638;0,868;0,733
2010;52;5212303;LEOPOLDO DE BULHÕES;0,659;0,529;0,812;0,665
2010;52;5212501;LUZIÂNIA;0,701;0,602;0,831;0,689
2010;52;5212600;MAIRIPOTABA;0,745;0,648;0,854;0,748
2010;52;5212709;MAMBAÍ;0,626;0,494;0,816;0,610
2010;52;5212808;MARA ROSA;0,691;0,579;0,838;0,680
2010;52;5212907;MARZAGÃO;0,699;0,601;0,822;0,692
2010;52;5212956;MATRINCHÃ;0,679;0,572;0,840;0,651
2010;52;5213004;MAURILÂNDIA;0,677;0,554;0,823;0,682
2010;52;5213053;MIMOSO DE GOIÁS;0,665;0,543;0,825;0,656
2010;52;5213087;MINAÇU;0,707;0,637;0,803;0,691
2010;52;5213103;MINEIROS;0,718;0,584;0,840;0,753
2010;52;5213400;MOIPORÁ;0,696;0,632;0,818;0,652
2010;52;5213509;MONTE ALEGRE DE GOIÁS;0,615;0,481;0,816;0,592
2010;52;5213707;MONTES CLAROS DE GOIÁS;0,707;0,622;0,806;0,704
2010;52;5213756;MONTIVIDIU;0,733;0,644;0,827;0,738
2010;52;5213772;MONTIVIDIU DO NORTE;0,613;0,488;0,816;0,578
2010;52;5213806;MORRINHOS;0,734;0,621;0,862;0,739
2010;52;5213855;MORRO AGUDO DE GOIÁS;0,695;0,630;0,826;0,644
2010;52;5213905;MOSSÂMEDES;0,706;0,623;0,811;0,696
2010;52;5214002;MOZARLÂNDIA;0,683;0,565;0,825;0,684
2010;52;5214051;MUNDO NOVO;0,634;0,488;0,812;0,642
2010;52;5214101;MUTUNÓPOLIS;0,680;0,584;0,806;0,668
2010;52;5214408;NAZÁRIO;0,710;0,631;0,808;0,702
2010;52;5214507;NERÓPOLIS;0,721;0,671;0,820;0,681
2010;52;5214606;NIQUELÂNDIA;0,715;0,640;0,806;0,709
2010;52;5214705;NOVA AMÉRICA;0,678;0,604;0,796;0,647
2010;52;5214804;NOVA AURORA;0,747;0,697;0,849;0,703
2010;52;5214838;NOVA CRIXÁS;0,643;0,485;0,813;0,674
2010;52;5214861;NOVA GLÓRIA;0,681;0,589;0,816;0,657
2010;52;5214879;NOVA IGUAÇU DE GOIÁS;0,655;0,540;0,812;0,642
2010;52;5214903;NOVA ROMA;0,634;0,529;0,812;0,594
2010;52;5215009;NOVA VENEZA;0,718;0,660;0,837;0,671
2010;52;5215207;NOVO BRASIL;0,699;0,598;0,828;0,691
2010;52;5215231;NOVO GAMA;0,684;0,567;0,851;0,664
2010;52;5215256;NOVO PLANALTO;0,658;0,550;0,831;0,623
2010;52;5215306;ORIZONA;0,715;0,612;0,827;0,722
2010;52;5215405;OURO VERDE DE GOIÁS;0,719;0,674;0,821;0,672
2010;52;5215504;OUVIDOR;0,747;0,697;0,830;0,721
2010;52;5215603;PADRE BERNARDO;0,651;0,515;0,801;0,670
2010;52;5215652;PALESTINA DE GOIÁS;0,713;0,660;0,837;0,656
2010;52;5215702;PALMEIRAS DE GOIÁS;0,698;0,598;0,815;0,698
2010;52;5215801;PALMELO;0,730;0,659;0,804;0,734
2010;52;5215900;PALMINÓPOLIS;0,722;0,630;0,833;0,718
2010;52;5216007;PANAMÁ;0,686;0,574;0,818;0,688
2010;52;5216304;PARANAIGUARA;0,711;0,613;0,836;0,702
2010;52;5216403;PARAÚNA;0,672;0,547;0,807;0,687
2010;52;5216452;PEROLÂNDIA;0,676;0,538;0,832;0,691
2010;52;5216809;PETROLINA DE GOIÁS;0,712;0,643;0,834;0,674
2010;52;5216908;PILAR DE GOIÁS;0,684;0,600;0,816;0,654
2010;52;5217104;PIRACANJUBA;0,721;0,599;0,870;0,720
2010;52;5217203;PIRANHAS;0,721;0,631;0,848;0,699
2010;52;5217302;PIRENÓPOLIS;0,693;0,604;0,813;0,678
2010;52;5217401;PIRES DO RIO;0,744;0,650;0,880;0,719
2010;52;5217609;PLANALTINA;0,669;0,566;0,810;0,653
2010;52;5217708;PONTALINA;0,687;0,547;0,835;0,710
2010;52;5218003;PORANGATU;0,727;0,642;0,845;0,709
2010;52;5218052;PORTEIRÃO;0,684;0,541;0,827;0,716
2010;52;5218102;PORTELÂNDIA;0,654;0,513;0,803;0,680
2010;52;5218300;POSSE;0,659;0,530;0,819;0,659
2010;52;5218391;PROFESSOR JAMIL;0,684;0,579;0,821;0,673
2010;52;5218508;QUIRINÓPOLIS;0,740;0,642;0,863;0,732
2010;52;5218607;RIALMA;0,727;0,667;0,827;0,698
2010;52;5218706;RIANÁPOLIS;0,693;0,587;0,840;0,674
2010;52;5218789;RIO QUENTE;0,731;0,629;0,878;0,707
2010;52;5218805;RIO VERDE;0,754;0,656;0,853;0,765
2010;52;5218904;RUBIATABA;0,719;0,666;0,814;0,686
2010;52;5219001;SANCLERLÂNDIA;0,736;0,662;0,832;0,725
2010;52;5219100;SANTA BÁRBARA DE GOIÁS;0,706;0,635;0,832;0,667
2010;52;5219209;SANTA CRUZ DE GOIÁS;0,688;0,563;0,827;0,700
2010;52;5219258;SANTA FÉ DE GOIÁS;0,713;0,608;0,847;0,703
2010;52;5219308;SANTA HELENA DE GOIÁS;0,724;0,627;0,823;0,734
2010;52;5219357;SANTA ISABEL;0,683;0,593;0,818;0,658
2010;52;5219407;SANTA RITA DO ARAGUAIA;0,714;0,616;0,842;0,703
2010;52;5219456;SANTA RITA DO NOVO DESTINO;0,634;0,487;0,820;0,639
2010;52;5219506;SANTA ROSA DE GOIÁS;0,701;0,635;0,844;0,643
2010;52;5219605;SANTA TEREZA DE GOIÁS;0,665;0,561;0,825;0,635
2010;52;5219704;SANTA TEREZINHA DE GOIÁS;0,701;0,644;0,826;0,647
2010;52;5219712;SANTO ANTÔNIO DA BARRA;0,691;0,593;0,835;0,665
2010;52;5219738;SANTO ANTÔNIO DE GOIÁS;0,723;0,662;0,832;0,687
2010;52;5219753;SANTO ANTÔNIO DO DESCOBERTO;0,665;0,556;0,818;0,647
2010;52;5219803;SÃO DOMINGOS;0,597;0,445;0,830;0,576
2010;52;5219902;SÃO FRANCISCO DE GOIÁS;0,651;0,509;0,825;0,658
2010;52;5220009;SÃO JOÃO D'ALIANÇA;0,685;0,609;0,812;0,650
2010;52;5220058;SÃO JOÃO DA PARAÚNA;0,724;0,664;0,818;0,699
2010;52;5220108;SÃO LUÍS DE MONTES BELOS;0,731;0,670;0,809;0,721
2010;52;5220157;SÃO LUÍZ DO NORTE;0,669;0,581;0,801;0,643
2010;52;5220207;SÃO MIGUEL DO ARAGUAIA;0,664;0,536;0,818;0,667
2010;52;5220264;SÃO MIGUEL DO PASSA QUATRO;0,697;0,619;0,802;0,681
2010;52;5220280;SÃO PATRÍCIO;0,693;0,597;0,833;0,668
2010;52;5220405;SÃO SIMÃO;0,720;0,599;0,825;0,756
2010;52;5220454;SENADOR CANEDO;0,701;0,617;0,827;0,676
2010;52;5220504;SERRANÓPOLIS;0,681;0,551;0,804;0,713
2010;52;5220603;SILVÂNIA;0,709;0,606;0,814;0,721
2010;52;5220686;SIMOLÂNDIA;0,645;0,546;0,826;0,595
2010;52;5220702;SÍTIO D'ABADIA;0,617;0,497;0,802;0,590
2010;52;5221007;TAQUARAL DE GOIÁS;0,716;0,619;0,846;0,700
2010;52;5221080;TERESINA DE GOIÁS;0,661;0,564;0,817;0,626
2010;52;5221197;TEREZÓPOLIS DE GOIÁS;0,685;0,615;0,799;0,655
2010;52;5221304;TRÊS RANCHOS;0,745;0,672;0,849;0,724
2010;52;5221403;TRINDADE;0,699;0,608;0,822;0,682
2010;52;5221452;TROMBAS;0,653;0,547;0,812;0,628
2010;52;5221502;TURVÂNIA;0,697;0,609;0,820;0,679
2010;52;5221551;TURVELÂNDIA;0,691;0,605;0,813;0,671
2010;52;5221577;UIRAPURU;0,670;0,579;0,822;0,632
2010;52;5221601;URUAÇU;0,737;0,628;0,860;0,740
2010;52;5221700;URUANA;0,703;0,634;0,824;0,665
2010;52;5221809;URUTAÍ;0,732;0,666;0,841;0,700
2010;52;5221858;VALPARAÍSO DE GOIÁS;0,746;0,695;0,815;0,733
2010;52;5221908;VARJÃO;0,687;0,572;0,813;0,698
2010;52;5222005;VIANÓPOLIS;0,712;0,622;0,818;0,710
2010;52;5222054;VICENTINÓPOLIS;0,684;0,562;0,804;0,707
2010;52;5222203;VILA BOA;0,647;0,534;0,818;0,619
2010;52;5222302;VILA PROPÍCIO;0,634;0,505;0,802;0,629
2010;53;5300108;BRASÍLIA;0,824;0,742;0,873;0,863