geocodigo_municipio,nome_municipio,uf,categoria,classe_abc
3550308,São Paulo,SP,capital de uf,A
3304557,Rio de Janeiro,RJ,capital de uf,A
2927408,Salvador,BA,capital de uf,A
5300108,Brasília,DF,capital de uf,A
2304400,Fortaleza,CE,capital de uf,A
3106200,Belo Horizonte,MG,capital de uf,A
4106902,Curitiba,PR,capital de uf,A
1302603,Manaus,AM,capital de uf,A
5208707,Goiânia,GO,capital de uf,A
4314902,Porto Alegre,RS,capital de uf,A
2611606,Recife,PE,capital de uf,A
1501402,Belém,PA,capital de uf,A
3518800,Guarulhos,SP,conurbado com uf,A
3509502,Campinas,SP,capital de intermediaria,A
2111300,São Luís,MA,capital de uf,A
3304904,São Gonçalo,RJ,demais municipios,A
2704302,Maceió,AL,capital de uf,A
5002704,Campo Grande,MS,capital de uf,A
2507507,João Pessoa,PB,capital de uf,A
3301702,Duque de Caxias,RJ,conurbado com uf,A
3303500,Nova Iguaçu,RJ,conurbado com uf,A
2211001,Teresina,PI,capital de uf,A
2408102,Natal,RN,capital de uf,A
3170206,Uberlândia,MG,capital de intermediaria,A
3543402,Ribeirão Preto,SP,capital de intermediaria,A
3548708,São Bernardo do Campo,SP,conurbado com uf,A
3547809,Santo André,SP,conurbado com uf,A
2910800,Feira de Santana,BA,capital de intermediaria,A
3552205,Sorocaba,SP,capital de intermediaria,A
2607901,Jaboatão dos Guararapes,PE,conurbado com uf,A
3534401,Osasco,SP,conurbado com uf,A
5103403,Cuiabá,MT,capital de uf,A
3549904,São José dos Campos,SP,capital de intermediaria,A
3118601,Contagem,MG,conurbado com uf,A
4205407,Florianópolis,SC,capital de uf,A
3136702,Juiz de Fora,MG,capital de intermediaria,A
2800308,Aracaju,SE,capital de uf,A
4113700,Londrina,PR,capital de intermediaria,A
3301009,Campos dos Goytacazes,RJ,capital de intermediaria,A
4209102,Joinville,SC,capital de intermediaria,A
3541000,Praia Grande,SP,demais municipios,A
3205002,Serra,ES,conurbado com uf,A
3549805,São José do Rio Preto,SP,capital de intermediaria,A
3303302,Niterói,RJ,demais municipios,A
5201405,Aparecida de Goiânia,GO,conurbado com uf,A
4305108,Caxias do Sul,RS,capital de intermediaria,A
1100205,Porto Velho,RO,capital de uf,A
3205200,Vila Velha,ES,conurbado com uf,A
3300456,Belford Roxo,RJ,conurbado com uf,A
3548500,Santos,SP,capital de imediata,A
3538709,Piracicaba,SP,capital de imediata,A
2604106,Caruaru,PE,capital de intermediaria,A
3143302,Montes Claros,MG,capital de intermediaria,A
1500800,Ananindeua,PA,conurbado com uf,A
2905701,Camaçari,BA,demais municipios,A
2504009,Campina Grande,PB,capital de intermediaria,A
3530607,Mogi das Cruzes,SP,conurbado com uf,A
4115200,Maringá,PR,capital de intermediaria,A
3106705,Betim,MG,conurbado com uf,A
3525904,Jundiaí,SP,capital de imediata,A
5201108,Anápolis,GO,capital de imediata,A
3305109,São João de Meriti,RJ,conurbado com uf,A
2611101,Petrolina,PE,capital de intermediaria,A
3506003,Bauru,SP,capital de intermediaria,A
2933307,Vitória da Conquista,BA,capital de intermediaria,A
3529401,Mauá,SP,conurbado com uf,A
4314407,Pelotas,RS,capital de intermediaria,A
2303709,Caucaia,CE,conurbado com uf,A
3300704,Cabo Frio,RJ,capital de imediata,A
3513801,Diadema,SP,conurbado com uf,A
3170107,Uberaba,MG,capital de intermediaria,A
3516200,Franca,SP,capital de imediata,A
1600303,Macapá,AP,capital de uf,A
3201308,Cariacica,ES,conurbado com uf,A
3518701,Guarujá,SP,demais municipios,A
2610707,Paulista,PE,conurbado com uf,A
4119905,Ponta Grossa,PR,capital de intermediaria,A
1200401,Rio Branco,AC,capital de uf,A
4304606,Canoas,RS,conurbado com uf,A
2609600,Olinda,PE,conurbado com uf,A
4202404,Blumenau,SC,capital de intermediaria,A
4104808,Cascavel,PR,capital de intermediaria,A
3510609,Carapicuíba,SP,conurbado com uf,A
3205309,Vitória,ES,capital de uf,A
3551009,São Vicente,SP,demais municipios,A
3523107,Itaquaquecetuba,SP,conurbado com uf,A
3154606,Ribeirão das Neves,MG,conurbado com uf,A
3303906,Petrópolis,RJ,capital de intermediaria,A
1400100,Boa Vista,RR,capital de uf,A
4125506,São José dos Pinhais,PR,conurbado com uf,A
3554102,Taubaté,SP,capital de imediata,A
1721000,Palmas,TO,capital de uf,A
3127701,Governador Valadares,MG,capital de intermediaria,A
3526902,Limeira,SP,capital de imediata,A
4316907,Santa Maria,RS,capital de intermediaria,A
3302403,Macaé,RJ,capital de intermediaria,A
5108402,Várzea Grande,MT,conurbado com uf,A
2408003,Mossoró,RN,capital de intermediaria,A
1506807,Santarém,PA,capital de intermediaria,A
3552502,Suzano,SP,conurbado com uf,A
3548906,São Carlos,SP,capital de imediata,A
3505708,Barueri,SP,conurbado com uf,A
3513009,Cotia,SP,conurbado com uf,A
2105302,Imperatriz,MA,capital de intermediaria,A
2307304,Juazeiro do Norte,CE,capital de intermediaria,A
4108304,Foz do Iguaçu,PR,capital de imediata,A
4216602,São José,SC,conurbado com uf,A
4309209,Gravataí,RS,demais municipios,A
3306305,Volta Redonda,RJ,capital de intermediaria,A
2403251,Parnamirim,RN,conurbado com uf,A
1504208,Marabá,PA,capital de intermediaria,A
3302502,Magé,RJ,demais municipios,A
3503208,Araraquara,SP,capital de intermediaria,A
3301900,Itaboraí,RJ,demais municipios,A
3122306,Divinópolis,MG,capital de intermediaria,A
3552403,Sumaré,SP,demais municipios,A
1505536,Parauapebas,PA,capital de imediata,A
2918407,Juazeiro,BA,capital de intermediaria,A
5107602,Rondonópolis,MT,capital de intermediaria,A
3552809,Taboão da Serra,SP,conurbado com uf,A
4313409,Novo Hamburgo,RS,capital de imediata,A
3529005,Marília,SP,capital de intermediaria,A
5003702,Dourados,MS,capital de intermediaria,A
3501608,Americana,SP,demais municipios,A
4208203,Itajaí,SC,capital de imediata,A
3302700,Maricá,RJ,demais municipios,A
3541406,Presidente Prudente,SP,capital de intermediaria,A
2700300,Arapiraca,AL,capital de intermediaria,A
4211900,Palhoça,SC,conurbado com uf,A
4323002,Viamão,RS,conurbado com uf,A
3520509,Indaiatuba,SP,demais municipios,A
4204202,Chapecó,SC,capital de intermediaria,A
2111201,São José de Ribamar,MA,conurbado com uf,A
3515004,Embu das Artes,SP,conurbado com uf,A
4315602,Rio Grande,RS,demais municipios,A
2602902,Cabo de Santo Agostinho,PE,conurbado com uf,A
3131307,Ipatinga,MG,capital de intermediaria,A
3303401,Nova Friburgo,RJ,capital de imediata,A
3167202,Sete Lagoas,MG,capital de imediata,A
3524402,Jacareí,SP,demais municipios,A
2913606,Ilhéus,BA,capital de intermediaria,A
2307650,Maracanaú,CE,conurbado com uf,A
4318705,São Leopoldo,RS,demais municipios,A
2914802,Itabuna,BA,demais municipios,A
3519071,Hortolândia,SP,demais municipios,A
5218805,Rio Verde,GO,capital de intermediaria,A
2919207,Lauro de Freitas,BA,conurbado com uf,A
3502804,Araçatuba,SP,capital de intermediaria,A
4314100,Passo Fundo,RS,capital de intermediaria,A
3300100,Angra dos Reis,RJ,capital de imediata,A
5212501,Luziânia,GO,capital de intermediaria,A
3157807,Santa Luzia,MG,conurbado com uf,A
4105805,Colombo,PR,conurbado com uf,A
2925303,Porto Seguro,BA,demais municipios,A
3522109,Itanhaém,SP,demais municipios,A
3522505,Itapevi,SP,conurbado com uf,A
4204608,Criciúma,SC,capital de intermediaria,A
3543907,Rio Claro,SP,capital de imediata,A
3304524,Rio das Ostras,RJ,demais municipios,A
5200258,Águas Lindas de Goiás,GO,capital de imediata,A
3305802,Teresópolis,RJ,demais municipios,A
3201209,Cachoeiro de Itapemirim,ES,capital de intermediaria,A
2312908,Sobral,CE,capital de intermediaria,A
3202405,Guarapari,ES,demais municipios,A
3300209,Araruama,RJ,demais municipios,A
1502400,Castanhal,PA,capital de intermediaria,A
5221858,Valparaíso de Goiás,GO,conurbado com uf,A
4202008,Balneário Camboriú,SC,demais municipios,A
3510500,Caraguatatuba,SP,capital de imediata,A
5107909,Sinop,MT,capital de intermediaria,A
3148004,Patos de Minas,MG,capital de intermediaria,A
2804805,Nossa Senhora do Socorro,SE,conurbado com uf,A
3203205,Linhares,ES,capital de imediata,A
3151800,Poços de Caldas,MG,capital de imediata,A
3507605,Bragança Paulista,SP,capital de imediata,A
4109401,Guarapuava,PR,capital de intermediaria,A
4300604,Alvorada,RS,conurbado com uf,A
2918001,Jequié,BA,capital de imediata,A
3300407,Barra Mansa,RJ,demais municipios,A
3555406,Ubatuba,SP,demais municipios,A
3504107,Atibaia,SP,demais municipios,A
1702109,Araguaína,TO,capital de intermediaria,A
3545803,Santa Bárbara d'Oeste,SP,demais municipios,A
4208906,Jaraguá do Sul,SC,demais municipios,A
2903201,Barreiras,BA,capital de intermediaria,A
3523909,Itu,SP,demais municipios,A
3152501,Pouso Alegre,MG,capital de intermediaria,A
2900702,Alagoinhas,BA,capital de imediata,A
3507506,Botucatu,SP,capital de imediata,A
3548807,São Caetano do Sul,SP,conurbado com uf,A
4209300,Lages,SC,capital de intermediaria,A
5204508,Caldas Novas,GO,capital de imediata,A
2931350,Teixeira de Freitas,BA,capital de imediata,A
2112209,Timon,MA,capital de imediata,A
3522307,Itapetininga,SP,capital de imediata,A
3515707,Ferraz de Vasconcelos,SP,conurbado com uf,A
3538006,Pindamonhangaba,SP,demais municipios,A
3129806,Ibirité,MG,conurbado com uf,A
3204906,São Mateus,ES,capital de intermediaria,A
4127700,Toledo,PR,capital de imediata,A
3530706,Mogi Guaçu,SP,capital de imediata,A
3302858,Mesquita,RJ,conurbado com uf,A
2207702,Parnaíba,PI,capital de intermediaria,A
2603454,Camaragibe,PE,conurbado com uf,A
3522208,Itapecerica da Serra,SP,conurbado com uf,A
2606002,Garanhuns,PE,capital de imediata,A
3305505,Saquarema,RJ,demais municipios,A
2616407,Vitória de Santo Antão,PE,capital de imediata,A
3170701,Varginha,MG,capital de intermediaria,A
3168606,Teófilo Otoni,MG,capital de intermediaria,A
4101804,Araucária,PR,conurbado com uf,A
3304144,Queimados,RJ,conurbado com uf,A
3516309,Francisco Morato,SP,demais municipios,A
2103000,Caxias,MA,capital de intermediaria,A
5221403,Trindade,GO,conurbado com uf,A
5008305,Três Lagoas,MS,capital de imediata,A
4316808,Santa Cruz do Sul,RS,capital de intermediaria,A
1100122,Ji-Paraná,RO,capital de intermediaria,A
2107506,Paço do Lumiar,MA,conurbado com uf,A
5220454,Senador Canedo,GO,conurbado com uf,A
3547304,Santana de Parnaíba,SP,conurbado com uf,A
1500107,Abaetetuba,PA,capital de imediata,A
3525300,Jaú,SP,capital de imediata,A
4118204,Paranaguá,PR,capital de imediata,A
2513703,Santa Rita,PB,conurbado com uf,A
3503307,Araras,SP,capital de imediata,A
3304201,Resende,RJ,capital de imediata,A
3118304,Conselheiro Lafaiete,MG,capital de imediata,A
4303103,Cachoeirinha,RS,conurbado com uf,A
3302007,Itaguaí,RJ,conurbado com uf,A
3303203,Nilópolis,RJ,conurbado com uf,A
1500602,Altamira,PA,capital de intermediaria,A
3305208,São Pedro da Aldeia,RJ,demais municipios,A
2304202,Crato,CE,demais municipios,A
2306405,Itapipoca,CE,capital de imediata,A
2930709,Simões Filho,BA,conurbado com uf,A
3105608,Barbacena,MG,capital de intermediaria,A
3103504,Araguari,MG,demais municipios,A
4101408,Apucarana,PR,capital de imediata,A
4104204,Campo Largo,PR,conurbado com uf,A
3201506,Colatina,ES,capital de intermediaria,A
3506359,Bertioga,SP,demais municipios,A
3505500,Barretos,SP,capital de imediata,A
3506508,Birigui,SP,capital de imediata,A
4107652,Fazenda Rio Grande,PR,conurbado com uf,A
4202909,Brusque,SC,capital de imediata,A
4304630,Capão da Canoa,RS,demais municipios,A
4320008,Sapucaia do Sul,RS,conurbado com uf,A
3156700,Sabará,MG,conurbado com uf,A
3516408,Franco da Rocha,SP,demais municipios,A
3551702,Sertãozinho,SP,demais municipios,A
2910727,Eunápolis,BA,capital de imediata,A
4302105,Bento Gonçalves,RS,capital de imediata,A
3545209,Salto,SP,demais municipios,A
4128104,Umuarama,PR,capital de imediata,A
3147907,Passos,MG,capital de imediata,A
5208004,Formosa,GO,demais municipios,A
5205109,Catalão,GO,capital de imediata,A
3511102,Catanduva,SP,capital de imediata,A
3554003,Tatuí,SP,capital de imediata,A
2412005,São Gonçalo do Amarante,RN,conurbado com uf,A
4301602,Bagé,RS,capital de imediata,A
3171204,Vespasiano,MG,conurbado com uf,A
2606408,Gravatá,PE,demais municipios,A
2924009,Paulo Afonso,BA,capital de intermediaria,A
2928703,Santo Antônio de Jesus,BA,capital de intermediaria,A
2607208,Ipojuca,PE,demais municipios,A
4101507,Arapongas,PR,demais municipios,A
3531100,Mongaguá,SP,demais municipios,A
1501303,Barcarena,PA,demais municipios,A
3556206,Valinhos,SP,demais municipios,A
2932903,Valença,BA,capital de imediata,A
2803500,Lagarto,SE,capital de imediata,A
3143906,Muriaé,MG,capital de imediata,A
3302205,Itaperuna,RJ,capital de imediata,A
2606804,Igarassu,PE,demais municipios,A
3537602,Peruíbe,SP,demais municipios,A
3550704,São Sebastião,SP,demais municipios,A
3131703,Itabira,MG,capital de imediata,A
2613701,São Lourenço da Mata,PE,conurbado com uf,A
3523404,Itatiba,SP,demais municipios,A
4119152,Pinhais,PR,conurbado com uf,A
3518404,Guaratinguetá,SP,capital de imediata,A
1502103,Cametá,PA,capital de imediata,A
2613909,Serra Talhada,PE,capital de intermediaria,A
1503606,Itaituba,PA,capital de imediata,A
4307005,Erechim,RS,capital de imediata,A
3169901,Ubá,MG,capital de imediata,A
3134202,Ituiutaba,MG,capital de imediata,A
4208302,Itapema,SC,demais municipios,A
3557006,Votorantim,SP,demais municipios,A
4218707,Tubarão,SC,capital de imediata,A
5211503,Itumbiara,GO,capital de intermediaria,A
4126256,Sarandi,PR,demais municipios,A
3124104,Esmeraldas,MG,demais municipios,A
3144805,Nova Lima,MG,conurbado com uf,A
3104007,Araxá,MG,capital de imediata,A
3145208,Nova Serrana,MG,demais municipios,A
2612505,Santa Cruz do Capibaribe,PE,demais municipios,A
2601102,Araripina,PE,capital de imediata,A
1100023,Ariquemes,RO,capital de imediata,A
5211909,Jataí,GO,demais municipios,A
2911709,Guanambi,BA,capital de intermediaria,A
2919553,Luís Eduardo Magalhães,BA,demais municipios,A
4322400,Uruguaiana,RS,capital de intermediaria,A
3519709,Ibiúna,SP,demais municipios,A
3138203,Lavras,MG,capital de imediata,A
2802908,Itabaiana,SE,capital de intermediaria,A
2917508,Jacobina,BA,capital de imediata,A
3162500,São João del Rei,MG,capital de imediata,A
3525003,Jandira,SP,conurbado com uf,A
2100055,Açailândia,MA,capital de imediata,A
1501709,Bragança,PA,capital de imediata,A
2510808,Patos,PB,capital de intermediaria,A
4321600,Tramandaí,RS,capital de imediata,A
4100400,Almirante Tamandaré,PR,conurbado com uf,A
5217609,Planaltina,GO,demais municipios,A
3504008,Assis,SP,capital de imediata,A
2305506,Iguatu,CE,capital de intermediaria,A
3133808,Itaúna,MG,demais municipios,A
3113404,Caratinga,MG,capital de imediata,A
4103701,Cambé,PR,demais municipios,A
3528502,Mairiporã,SP,conurbado com uf,A
1504422,Marituba,PA,conurbado com uf,A
2301000,Aquiraz,CE,demais municipios,A
3534708,Ourinhos,SP,capital de imediata,A
3557105,Votuporanga,SP,capital de imediata,A
2933208,Vera Cruz,BA,demais municipios,A
3513504,Cubatão,SP,demais municipios,A
1100049,Cacoal,RO,capital de imediata,A
1100304,Vilhena,RO,capital de imediata,A
3119401,Coronel Fabriciano,MG,demais municipios,A
4104303,Campo Mourão,PR,capital de imediata,A
2103307,Codó,MA,capital de imediata,A
2930501,Serrinha,BA,capital de imediata,A
3170404,Unaí,MG,capital de imediata,A
3139409,Manhuaçu,MG,capital de imediata,A
4311403,Lajeado,RS,capital de imediata,A
3549102,São João da Boa Vista,SP,capital de imediata,A
4108403,Francisco Beltrão,PR,capital de imediata,A
3556503,Várzea Paulista,SP,demais municipios,A
5107958,Tangará da Serra,MT,capital de imediata,A
3543303,Ribeirão Pires,SP,conurbado com uf,A
3300308,Barra do Piraí,RJ,demais municipios,A
3200607,Aracruz,ES,demais municipios,A
3526704,Leme,SP,demais municipios,A
3147105,Pará de Minas,MG,capital de imediata,A
4119509,Piraquara,PR,conurbado com uf,A
5107925,Sorriso,MT,capital de imediata,A
2307700,Maranguape,CE,demais municipios,A
2806701,São Cristóvão,SE,conurbado com uf,A
2606200,Goiana,PE,capital de imediata,A
2601706,Belo Jardim,PE,capital de imediata,A
5006606,Ponta Porã,MS,capital de imediata,A
5102504,Cáceres,MT,capital de intermediaria,A
3536505,Paulínia,SP,demais municipios,A
2600054,Abreu e Lima,PE,demais municipios,A
3504503,Avaré,SP,capital de imediata,A
4115705,Matinhos,PR,demais municipios,A
3148103,Patrocínio,MG,capital de imediata,A
3147006,Paracatu,MG,demais municipios,A
2908408,Conceição do Coité,BA,capital de imediata,A
2906006,Campo Formoso,BA,demais municipios,A
4118402,Paranavaí,PR,capital de imediata,A
3132404,Itajubá,MG,capital de imediata,A
3171303,Viçosa,MG,capital de imediata,A
3305554,Seropédica,RJ,conurbado com uf,A
3302601,Mangaratiba,RJ,demais municipios,A
3530706,Mogi Mirim,SP,demais municipios,A
2101202,Bacabal,MA,capital de imediata,A
2311306,Quixadá,CE,capital de intermediaria,A
3101607,Alfenas,MG,capital de imediata,A
3302270,Japeri,RJ,conurbado com uf,A
4203204,Camboriú,SC,demais municipios,A
3539806,Poá,SP,conurbado com uf,A
2101608,Barra do Corda,MA,capital de imediata,A
4303004,Cachoeira do Sul,RS,capital de imediata,A
1505502,Paragominas,PA,capital de imediata,A
3508504,Caçapava,SP,demais municipios,A
5003207,Corumbá,MS,capital de intermediaria,A
4309308,Guaíba,RS,demais municipios,A
4211306,Navegantes,SC,demais municipios,A
4317103,Sant'Ana do Livramento,RS,capital de imediata,A
4118501,Pato Branco,PR,capital de imediata,A
3120904,Curvelo,MG,capital de imediata,A
3522406,Itapeva,SP,capital de imediata,A
2101400,Balsas,MA,capital de imediata,A
5215231,Novo Gama,GO,conurbado com uf,A
3146107,Ouro Preto,MG,demais municipios,A
3509205,Cajamar,SP,conurbado com uf,A
2407104,Macaíba,RN,conurbado com uf,A
1709500,Gurupi,TO,capital de intermediaria,A
3304755,São Francisco de Itabapoana,RJ,demais municipios,A
4310207,Ijuí,RS,capital de intermediaria,A
1301902,Itacoatiara,AM,capital de imediata,A
2906501,Candeias,BA,demais municipios,A
2208007,Picos,PI,capital de intermediaria,A
2302800,Canindé,CE,capital de imediata,A
2609907,Ouricuri,PE,demais municipios,A
2930105,Senhor do Bonfim,BA,capital de imediata,A
1302504,Manacapuru,AM,capital de imediata,A
2311405,Quixeramobim,CE,demais municipios,A
4216206,São Francisco do Sul,SC,demais municipios,A
2707701,Rio Largo,AL,conurbado com uf,A
2311801,Russas,CE,capital de imediata,A
2904605,Brumado,BA,capital de imediata,A
1504703,Moju,PA,demais municipios,A
2910057,Dias d'Ávila,BA,demais municipios,A
3550605,São Roque,SP,demais municipios,A
5205497,Cidade Ocidental,GO,conurbado com uf,A
1506138,Redenção,PA,capital de intermediaria,A
3509007,Caieiras,SP,conurbado com uf,A
1600600,Santana,AP,conurbado com uf,A
3126109,Formiga,MG,capital de imediata,A
2914000,Ipirá,BA,demais municipios,A
2304103,Crateús,CE,capital de intermediaria,A
3539301,Pirassununga,SP,demais municipios,A
4204301,Concórdia,SC,capital de imediata,A
4300406,Alegrete,RS,demais municipios,A
2914604,Irecê,BA,capital de intermediaria,A
2313401,Tianguá,CE,demais municipios,A
2907202,Casa Nova,BA,demais municipios,A
4105508,Cianorte,PR,capital de imediata,A
4317509,Santo Ângelo,RS,capital de imediata,A
1508100,Tucuruí,PA,capital de imediata,A
3527207,Lorena,SP,demais municipios,A
3503901,Arujá,SP,conurbado com uf,A
3306008,Três Rios,RJ,capital de imediata,A
2301109,Aracati,CE,capital de imediata,A
4119954,Pontal do Paraná,PR,demais municipios,A
3137601,Lagoa Santa,MG,demais municipios,A
2109908,Santa Inês,MA,capital de intermediaria,A
4109609,Guaratuba,PR,demais municipios,A
2303501,Cascavel,CE,demais municipios,A
3515509,Fernandópolis,SP,capital de imediata,A
2402600,Ceará-Mirim,RN,demais municipios,A
2802106,Estância,SE,capital de imediata,A
3529302,Matão,SP,demais municipios,A
2921500,Monte Santo,BA,demais municipios,A
3306107,Valença,RJ,capital de imediata,A
4317202,Santa Rosa,RS,capital de imediata,A
2601201,Arcoverde,PE,capital de imediata,A
3135209,Januária,MG,capital de imediata,A
5107040,Primavera do Leste,MT,capital de imediata,A
2604007,Carpina,PE,capital de imediata,A
3527108,Lins,SP,capital de imediata,A
1200203,Cruzeiro do Sul,AC,capital de intermediaria,A
2601904,Bezerros,PE,demais municipios,A
3136207,João Monlevade,MG,capital de imediata,A
3524303,Jaboticabal,SP,demais municipios,A
4201406,Araranguá,SC,capital de imediata,A
4215802,São Bento do Sul,SC,capital de imediata,A
2910701,Euclides da Cunha,BA,capital de imediata,A
5101803,Barra do Garças,MT,capital de intermediaria,A
3506102,Bebedouro,SP,demais municipios,A
5213103,Mineiros,GO,capital de imediata,A
1303403,Parintins,AM,capital de intermediaria,A
2108603,Pinheiro,MA,capital de imediata,A
4322608,Venâncio Aires,RS,demais municipios,A
3168705,Timóteo,MG,demais municipios,A
3169307,Três Corações,MG,capital de imediata,A
2103208,Chapadinha,MA,capital de imediata,A
4319901,Sapiranga,RS,demais municipios,A
3164704,São Sebastião do Paraíso,MG,capital de imediata,A
2501807,Bayeux,PB,conurbado com uf,A
2706307,Palmeira dos Índios,AL,capital de imediata,A
1718204,Porto Nacional,TO,capital de imediata,A
2503209,Cabedelo,PB,conurbado com uf,A
4307708,Esteio,RS,conurbado com uf,A
3305000,São João da Barra,RJ,demais municipios,A
3300803,Cachoeiras de Macacu,RJ,demais municipios,A
3135100,Janaúba,MG,capital de imediata,A
4307906,Farroupilha,RS,demais municipios,A
4104907,Castro,PR,demais municipios,A
3115300,Cataguases,MG,capital de imediata,A
1507300,São Félix do Xingu,PA,demais municipios,A
2914703,Itaberaba,BA,capital de imediata,A
4202305,Biguaçu,SC,conurbado com uf,A
5208608,Goianésia,GO,demais municipios,A
2928604,Santo Amaro,BA,demais municipios,A
2104800,Grajaú,MA,demais municipios,A
4321501,Torres,RS,capital de imediata,A
3205101,Viana,ES,conurbado com uf,A
2503704,Cajazeiras,PB,capital de imediata,A
3522604,Itapira,SP,demais municipios,A
2403608,Extremoz,RN,conurbado com uf,A
3556701,Vinhedo,SP,demais municipios,A
2309706,Pacatuba,CE,conurbado com uf,A
1301852,Iranduba,AM,demais municipios,A
3530508,Mococa,SP,demais municipios,A
2610905,Pesqueira,PE,demais municipios,A
1505064,Novo Repartimento,PA,demais municipios,A
2301901,Barbalha,CE,demais municipios,A
1501808,Breves,PA,capital de intermediaria,A
2926608,Ribeira do Pombal,BA,capital de imediata,A
2308708,Morada Nova,CE,demais municipios,A
2305233,Horizonte,CE,demais municipios,A
2614501,Surubim,PE,capital de imediata,A
4214805,Rio do Sul,SC,capital de imediata,A
4207304,Imbituba,SC,demais municipios,A
2101707,Barreirinhas,MA,capital de imediata,A
2916401,Itapetinga,BA,capital de imediata,A
2921005,Mata de São João,BA,demais municipios,A
2309607,Pacajus,CE,demais municipios,A
3513405,Cruzeiro,SP,capital de imediata,A
2931905,Tucano,BA,demais municipios,A
2909802,Cruz das Almas,BA,capital de imediata,A
2915601,Itamaraju,BA,demais municipios,A
2305407,Icó,CE,capital de imediata,A
3509601,Campo Limpo Paulista,SP,demais municipios,A
4304507,Canguçu,RS,demais municipios,A
4203006,Caçador,SC,capital de intermediaria,A
2903904,Bom Jesus da Lapa,BA,capital de imediata,A
2302206,Beberibe,CE,demais municipios,A
3501905,Amparo,SP,capital de imediata,A
3515103,Embu-Guaçu,SP,conurbado com uf,A
1502152,Canaã dos Carajás,PA,demais municipios,A
3140001,Mariana,MG,demais municipios,A
5208806,Goianira,GO,demais municipios,A
2313302,Tauá,CE,capital de imediata,A
3524006,Itupeva,SP,demais municipios,A
2300200,Acaraú,CE,capital de imediata,A
5219753,Santo Antônio do Descoberto,GO,demais municipios,A
4310330,Imbé,RS,demais municipios,A
4127106,Telêmaco Borba,PR,capital de imediata,A
2516201,Sousa,PB,capital de intermediaria,A
5105259,Lucas do Rio Verde,MT,demais municipios,A
4303509,Camaquã,RS,capital de imediata,A
4205902,Gaspar,SC,demais municipios,A
1502202,Capanema,PA,capital de imediata,A
4207502,Indaial,SC,demais municipios,A
3127107,Frutal,MG,capital de imediata,A
2902104,Araci,BA,demais municipios,A
2304285,Eusébio,CE,conurbado com uf,A
4122404,Rolândia,PR,demais municipios,A
3507001,Boituva,SP,demais municipios,A
3555000,Tupã,SP,capital de imediata,A
2307601,Limoeiro do Norte,CE,demais municipios,A
2208403,Piripiri,PI,capital de imediata,A
2612208,Salgueiro,PE,capital de imediata,A
3537800,Piedade,SP,demais municipios,A
1504802,Monte Alegre,PA,demais municipios,A
4312401,Montenegro,RS,capital de imediata,A
2704708,Marechal Deodoro,AL,demais municipios,A
1506500,Santa Izabel do Pará,PA,demais municipios,A
2402006,Caicó,RN,capital de intermediaria,A
2905206,Caetité,BA,demais municipios,A
2313500,Trairi,CE,demais municipios,A
2602605,Brejo da Madre de Deus,PE,demais municipios,A
3533908,Olímpia,SP,demais municipios,A
4202107,Barra Velha,SC,demais municipios,A
3530300,Mirassol,SP,demais municipios,A
3537305,Penápolis,SP,demais municipios,A
3519600,Ibitinga,SP,demais municipios,A
2312403,São Gonçalo do Amarante,CE,demais municipios,A
3300233,Armação dos Búzios,RJ,demais municipios,A
3502101,Andradina,SP,capital de imediata,A
3531803,Monte Mor,SP,demais municipios,A
1500404,Alenquer,PA,demais municipios,A
4322509,Vacaria,RS,capital de imediata,A
3149309,Pedro Leopoldo,MG,conurbado com uf,A
3526803,Lençóis Paulista,SP,demais municipios,A
1508001,Tomé-Açu,PA,demais municipios,A
4318309,São Gabriel,RS,capital de imediata,A
1501501,Benevides,PA,demais municipios,A
2302602,Camocim,CE,capital de imediata,A
1502301,Capitão Poço,PA,capital de imediata,A
3303807,Paraty,RJ,demais municipios,A
4303905,Campo Bom,RS,demais municipios,A
1507953,Tailândia,PA,demais municipios,A
4321204,Taquara,RS,capital de imediata,A
1100288,Rolim de Moura,RO,demais municipios,A
3304300,Rio Bonito,RJ,capital de imediata,A
2302404,Boa Viagem,CE,demais municipios,A
2203909,Floriano,PI,capital de intermediaria,A
5206206,Cristalina,GO,demais municipios,A
2314102,Viçosa do Ceará,CE,demais municipios,A
1100114,Jaru,RO,capital de imediata,A
2304707,Granja,CE,demais municipios,A
3533403,Nova Odessa,SP,demais municipios,A
3528403,Mairinque,SP,demais municipios,A
2919801,Macaúbas,BA,demais municipios,A
4306106,Cruz Alta,RS,capital de imediata,A
3121605,Diamantina,MG,capital de imediata,A
3509700,Campos do Jordão,SP,demais municipios,A
3152105,Ponte Nova,MG,capital de imediata,A
5213806,Morrinhos,GO,demais municipios,A
5100250,Alta Floresta,MT,capital de imediata,A
4304705,Carazinho,RS,capital de imediata,A
4209409,Laguna,SC,demais municipios,A
2709301,União dos Palmares,AL,capital de imediata,A
2929909,Seabra,BA,capital de imediata,A
3107406,Bom Despacho,MG,demais municipios,A
2928802,Santo Estêvão,BA,demais municipios,A
2613008,São Bento do Una,PE,demais municipios,A
3301850,Guapimirim,RJ,demais municipios,A
3505906,Batatais,SP,demais municipios,A
3138401,Leopoldina,MG,demais municipios,A
2608909,Limoeiro,PE,capital de imediata,A
2807402,Tobias Barreto,SE,demais municipios,A
3546801,Santa Isabel,SP,demais municipios,A
3542602,Registro,SP,capital de imediata,A
3111200,Campo Belo,MG,capital de imediata,A
4120606,Prudentópolis,PR,demais municipios,A
4110706,Irati,PR,capital de imediata,A
3300258,Arraial do Cabo,RJ,demais municipios,A
4208450,Itapoá,SC,demais municipios,A
2605202,Escada,PE,capital de imediata,A
2506301,Guarabira,PB,capital de imediata,A
4313508,Osório,RS,demais municipios,A
3203320,Marataízes,ES,demais municipios,A
2300309,Acopiara,CE,demais municipios,A
3203908,Nova Venécia,ES,capital de imediata,A
3301306,Casimiro de Abreu,RJ,demais municipios,A
1506203,Salinópolis,PA,demais municipios,A
2105401,Itapecuru Mirim,MA,capital de imediata,A
2706703,Penedo,AL,capital de imediata,A
2602803,Buíque,PE,demais municipios,A
4318002,São Borja,RS,capital de imediata,A
1500206,Acará,PA,demais municipios,A
3169406,Três Pontas,MG,capital de imediata,A
3512803,Cosmópolis,SP,demais municipios,A
3131901,Itabirito,MG,demais municipios,A
3161106,São Francisco,MG,capital de imediata,A
2925105,Poções,BA,demais municipios,A
4210100,Mafra,SC,capital de imediata,A
4114609,Marechal Cândido Rondon,PR,capital de imediata,A
2910503,Entre Rios,BA,demais municipios,A
3151206,Pirapora,MG,capital de imediata,A
2400208,Açu,RN,capital de imediata,A
3107307,Bocaiúva,MG,demais municipios,A
5007901,Sidrolândia,MS,demais municipios,A
5210000,Inhumas,GO,capital de imediata,A
2110005,Santa Luzia,MA,demais municipios,A
4207007,Içara,SC,demais municipios,A
2702405,Delmiro Gouveia,AL,capital de imediata,A
4219309,Videira,SC,capital de imediata,A
4309100,Gramado,RS,demais municipios,A
2907509,Catu,BA,demais municipios,A
4208807,Jaguaruna,SC,demais municipios,A
3540606,Porto Feliz,SP,demais municipios,A
1505304,Oriximiná,PA,capital de imediata,A
2103604,Coroatá,MA,demais municipios,A
2917607,Jaguaquara,BA,demais municipios,A
3143104,Monte Carmelo,MG,capital de imediata,A
4203808,Canoinhas,SC,demais municipios,A
1503309,Igarapé-Miri,PA,demais municipios,A
2607604,Ilha de Itamaracá,PE,demais municipios,A
2610004,Palmares,PE,capital de imediata,A
3128709,Guaxupé,MG,capital de imediata,A
4128203,União da Vitória,PR,capital de imediata,A
3553708,Taquaritinga,SP,demais municipios,A
2308500,Mombaça,CE,demais municipios,A
3136306,João Pinheiro,MG,demais municipios,A
3524808,Jales,SP,capital de imediata,A
4304408,Canela,RS,demais municipios,A
3125101,Extrema,MG,demais municipios,A
3118007,Congonhas,MG,demais municipios,A
2306256,Itaitinga,CE,conurbado com uf,A
4317400,Santiago,RS,capital de imediata,A
2609402,Moreno,PE,demais municipios,A
2923001,Nova Viçosa,BA,demais municipios,A
2610608,Paudalho,PE,demais municipios,A
4317608,Santo Antônio da Patrulha,RS,demais municipios,A
2600500,Águas Belas,PE,demais municipios,A
3549706,São José do Rio Pardo,SP,capital de imediata,A
1304203,Tefé,AM,capital de intermediaria,A
3202801,Itapemirim,ES,demais municipios,A
2902708,Barra,BA,demais municipios,A
3201902,Domingos Martins,ES,demais municipios,A
3524709,Jaguariúna,SP,demais municipios,A
3130101,Igarapé,MG,demais municipios,A
1502707,Conceição do Araguaia,PA,demais municipios,A
4202453,Bombinhas,SC,demais municipios,A
1508407,Xinguara,PA,capital de imediata,A
5211800,Jaraguá,GO,demais municipios,A
5005707,Naviraí,MS,capital de imediata,A
1301209,Coari,AM,capital de imediata,A
4314050,Parobé,RS,demais municipios,A
1508159,Uruará,PA,demais municipios,A
5106752,Pontes e Lacerda,MT,capital de imediata,A
2512507,Queimadas,PB,demais municipios,A
5006200,Nova Andradina,MS,capital de imediata,A
3137205,Lagoa da Prata,MG,demais municipios,A
3540705,Porto Ferreira,SP,demais municipios,A
2600104,Afogados da Ingazeira,PE,capital de imediata,A
3163706,São Lourenço,MG,capital de imediata,A
4113205,Lapa,PR,demais municipios,A
5214606,Niquelândia,GO,demais municipios,A
5105150,Juína,MT,capital de imediata,A
4109807,Ibiporã,PR,demais municipios,A
4115804,Medianeira,PR,demais municipios,A
2308104,Mauriti,CE,demais municipios,A
2919504,Livramento de Nossa Senhora,BA,demais municipios,A
5218508,Quirinópolis,GO,capital de imediata,A
3200904,Barra de São Francisco,ES,demais municipios,A
1716109,Paraíso do Tocantins,TO,capital de imediata,A
3304805,São Fidélis,RJ,demais municipios,A
3552106,Socorro,SP,demais municipios,A
3109006,Brumadinho,MG,demais municipios,A
2807105,Simão Dias,SE,demais municipios,A
2702306,Coruripe,AL,demais municipios,A
5006309,Paranaíba,MS,capital de imediata,A
2602100,Bom Conselho,PE,demais municipios,A
2928000,Santaluz,BA,demais municipios,A
2613107,São Caitano,PE,demais municipios,A
2200400,Altos,PI,conurbado com uf,A
2602001,Bodocó,PE,demais municipios,A
2918100,Jeremoabo,BA,capital de imediata,A
3157005,Salinas,MG,capital de imediata,A
2921708,Morro do Chapéu,BA,demais municipios,A
2202208,Campo Maior,PI,capital de imediata,A
3503802,Artur Nogueira,SP,demais municipios,A
2312304,São Benedito,CE,capital de imediata,A
4106407,Cornélio Procópio,PR,capital de imediata,A
2926004,Remanso,BA,demais municipios,A
2102325,Buriticupu,MA,demais municipios,A
2708006,Santana do Ipanema,AL,capital de imediata,A
3304706,Santo Antônio de Pádua,RJ,capital de imediata,A
4219507,Xanxerê,SC,capital de imediata,A
3531308,Monte Alto,SP,demais municipios,A
2929503,São Sebastião do Passé,BA,demais municipios,A
1505106,Óbidos,PA,demais municipios,A
2201200,Barras,PI,capital de imediata,A
5001102,Aquidauana,MS,capital de imediata,A
4305454,Cidreira,RS,demais municipios,A
4318804,São Lourenço do Sul,RS,demais municipios,A
3204559,Santa Maria de Jetibá,ES,demais municipios,A
2310506,Pedra Branca,CE,demais municipios,A
3514403,Dracena,SP,capital de imediata,A
5210406,Itaberaí,GO,demais municipios,A
4125605,São Mateus do Sul,PR,demais municipios,A
5106224,Nova Mutum,MT,demais municipios,A
4218004,Tijucas,SC,demais municipios,A
4323804,Xangri-lá,RS,demais municipios,A
2804508,Nossa Senhora da Glória,SE,capital de imediata,A
3104205,Arcos,MG,demais municipios,A
5221601,Uruaçu,GO,capital de imediata,A
1508308,Viseu,PA,demais municipios,A
2412203,São José de Mipibu,RN,demais municipios,A
2302503,Brejo Santo,CE,capital de imediata,A
3510401,Capivari,SP,demais municipios,A
2207009,Oeiras,PI,capital de imediata,A
3140704,Mateus Leme,MG,demais municipios,A
1507607,São Miguel do Guamá,PA,demais municipios,A
3546405,Santa Cruz do Rio Pardo,SP,demais municipios,A
3556453,Vargem Grande Paulista,SP,demais municipios,A
2929206,São Francisco do Conde,BA,demais municipios,A
3545308,Salto de Pirapora,SP,demais municipios,A
2515302,Sapé,PB,demais municipios,A
2925501,Prado,BA,demais municipios,A
5218003,Porangatu,GO,capital de intermediaria,A
2211100,União,PI,demais municipios,A
2310209,Paracuru,CE,demais municipios,A
3160702,Santos Dumont,MG,demais municipios,A
1508209,Vigia,PA,demais municipios,A
2920601,Maragogipe,BA,demais municipios,A
3152204,Porteirinha,MG,demais municipios,A
2922003,Mucuri,BA,demais municipios,A
4311809,Marau,RS,capital de imediata,A
2926301,Riachão do Jacuípe,BA,demais municipios,A
2605103,Custódia,PE,demais municipios,A
3301876,Iguaba Grande,RJ,demais municipios,A
3549409,São Joaquim da Barra,SP,capital de imediata,A
2112803,Viana,MA,capital de imediata,A
2924405,Pilão Arcado,BA,demais municipios,A
1505486,Pacajá,PA,demais municipios,A
2112506,Tutóia,MA,capital de imediata,A
4124103,Santo Antônio da Platina,PR,capital de imediata,A
2906873,Capim Grosso,BA,demais municipios,A
2305902,Ipueiras,CE,demais municipios,A
4104006,Campina Grande do Sul,PR,demais municipios,A
2210607,São Raimundo Nonato,PI,capital de intermediaria,A
4317301,Santa Vitória do Palmar,RS,demais municipios,A
2803005,Itabaianinha,SE,demais municipios,A
2608800,Lajedo,PE,demais municipios,A
3510203,Capão Bonito,SP,demais municipios,A
3102605,Andradas,MG,demais municipios,A
3112307,Capelinha,MG,capital de imediata,A
2800605,Barra dos Coqueiros,SE,demais municipios,A
3158953,Santana do Paraíso,MG,demais municipios,A
4302808,Caçapava do Sul,RS,demais municipios,A
1503705,Itupiranga,PA,demais municipios,A
3523206,Itararé,SP,demais municipios,A
2906808,Cansanção,BA,demais municipios,A
2306306,Itapajé,CE,capital de imediata,A
3303609,Paracambi,RJ,demais municipios,A
4212502,Penha,SC,demais municipios,A
2509701,Monteiro,PB,capital de imediata,A
2907806,Cícero Dantas,BA,capital de imediata,A
4107207,Dois Vizinhos,PR,capital de imediata,A
2928109,Santa Maria da Vitória,BA,capital de imediata,A
4307609,Estância Velha,RS,demais municipios,A
1302900,Maués,AM,demais municipios,A
2615300,Timbaúba,PE,demais municipios,A
1304062,Tabatinga,AM,capital de imediata,A
2917003,Itiúba,BA,demais municipios,A
2615409,Toritama,PE,demais municipios,A
2916500,Itapicuru,BA,demais municipios,A
2913903,Ipiaú,BA,capital de imediata,A
3541307,Presidente Epitácio,SP,demais municipios,A
2305803,Ipu,CE,demais municipios,A
2205508,José de Freitas,PI,demais municipios,A
2905909,Campo Alegre de Lourdes,BA,demais municipios,A
3536703,Pederneiras,SP,demais municipios,A
2708600,São Miguel dos Campos,AL,capital de imediata,A
2927002,Rio Real,BA,demais municipios,A
2312205,Santa Quitéria,CE,demais municipios,A
2109106,Presidente Dutra,MA,capital de intermediaria,A
2408201,Nísia Floresta,RN,demais municipios,A
2613602,São José do Egito,PE,demais municipios,A
3145604,Oliveira,MG,capital de imediata,A
3522703,Itápolis,SP,demais municipios,A
3101706,Almenara,MG,capital de imediata,A
4201307,Araquari,SC,demais municipios,A
1100130,Machadinho D'Oeste,RO,demais municipios,A
2933604,Xique-Xique,BA,capital de imediata,A
2901007,Amargosa,BA,demais municipios,A
3525102,Jardinópolis,SP,demais municipios,A
3533502,Novo Horizonte,SP,demais municipios,A
2613503,São José do Belmonte,PE,demais municipios,A
2401008,Apodi,RN,demais municipios,A
4217204,São Miguel do Oeste,SC,capital de imediata,A
3107109,Boa Esperança,MG,demais municipios,A
2305001,Guaraciaba do Norte,CE,demais municipios,A
3201407,Castelo,ES,demais municipios,A
3303708,Paraíba do Sul,RJ,demais municipios,A
2602209,Bom Jardim,PE,demais municipios,A
2913705,Inhambupe,BA,demais municipios,A
2803203,Itaporanga d'Ajuda,SE,demais municipios,A
3172004,Visconde do Rio Branco,MG,demais municipios,A
5102678,Campo Verde,MT,demais municipios,A
2207900,Pedro II,PI,demais municipios,A
2805406,Poço Redondo,SE,demais municipios,A
3511508,Cerquilho,SP,demais municipios,A
3300605,Bom Jesus do Itabapoana,RJ,demais municipios,A
3110004,Caeté,MG,demais municipios,A
2929305,São Gonçalo dos Campos,BA,demais municipios,A
2403103,Currais Novos,RN,capital de imediata,A
2906303,Canavieiras,BA,demais municipios,A
3550407,São Pedro,SP,demais municipios,A
4114807,Marialva,PR,demais municipios,A
4117503,Paiçandu,PR,demais municipios,A
2909307,Correntina,BA,demais municipios,A
2902906,Barra do Choça,BA,demais municipios,A
3134608,Jaboticatubas,MG,demais municipios,A
1300300,Autazes,AM,demais municipios,A
1501782,Breu Branco,PA,demais municipios,A
3508405,Cabreúva,SP,demais municipios,A
3525201,Jarinu,SP,demais municipios,A
1503903,Juruti,PA,demais municipios,A
2602308,Bonito,PE,demais municipios,A
4205704,Garopaba,SC,demais municipios,A
2300754,Amontada,CE,demais municipios,A
3516705,Garça,SP,demais municipios,A
3159605,Santa Rita do Sapucaí,MG,demais municipios,A
5210208,Iporá,GO,capital de imediata,A
1301704,Humaitá,AM,demais municipios,A
3520400,Ilhabela,SP,demais municipios,A
3527306,Louveira,SP,demais municipios,A
4306601,Dom Pedrito,RS,demais municipios,A
1100155,Ouro Preto do Oeste,RO,demais municipios,A
3134400,Iturama,MG,capital de imediata,A
2203701,Esperantina,PI,capital de imediata,A
3151503,Piumhi,MG,capital de imediata,A
2612604,Santa Maria da Boa Vista,PE,demais municipios,A
3139003,Machado,MG,demais municipios,A
4218202,Timbó,SC,demais municipios,A
2917706,Jaguarari,BA,demais municipios,A
3135050,Jaíba,MG,demais municipios,A
3502903,Araçoiaba da Serra,SP,demais municipios,A
2905800,Camamu,BA,demais municipios,A
5005400,Maracaju,MS,demais municipios,A
2504603,Conde,PB,demais municipios,A
4313904,Panambi,RS,demais municipios,A
2928901,São Desidério,BA,demais municipios,A
4212809,Balneário Piçarras,SC,demais municipios,A
2605301,Exu,PE,demais municipios,A
2314003,Várzea Alegre,CE,demais municipios,A
3520301,Iguape,SP,demais municipios,A
2508901,Mamanguape,PB,capital de imediata,A
4206504,Guaramirim,SC,demais municipios,A
5209101,Goiatuba,GO,demais municipios,A
3162104,São Gotardo,MG,demais municipios,A
3146008,Ouro Fino,MG,demais municipios,A
3537107,Pedreira,SP,demais municipios,A
3103405,Araçuaí,MG,capital de imediata,A
3556404,Vargem Grande do Sul,SP,demais municipios,A
3306206,Vassouras,RJ,demais municipios,A
2105708,Lago da Pedra,MA,demais municipios,A
2411205,Santa Cruz,RN,capital de imediata,A
4306767,Eldorado do Sul,RS,conurbado com uf,A
4315701,Rio Pardo,RS,demais municipios,A
2308401,Missão Velha,CE,demais municipios,A
5102637,Campo Novo do Parecis,MT,demais municipios,A
1506187,Rondon do Pará,PA,demais municipios,A
4304200,Candelária,RS,demais municipios,A
3535507,Paraguaçu Paulista,SP,demais municipios,A
1100189,Pimenta Bueno,RO,demais municipios,A
2927705,Santa Cruz Cabrália,BA,demais municipios,A
2704500,Maragogi,AL,demais municipios,A
3200409,Anchieta,ES,demais municipios,A
2310704,Pentecoste,CE,demais municipios,A
3145901,Ouro Branco,MG,demais municipios,A
3132503,Itamarandiba,MG,demais municipios,A
3551504,Serrana,SP,demais municipios,A
5220108,São Luís de Montes Belos,GO,capital de intermediaria,A
3144300,Nanuque,MG,demais municipios,A
3554805,Tremembé,SP,demais municipios,A
5203302,Bela Vista de Goiás,GO,demais municipios,A
2614600,Tabira,PE,demais municipios,A
1501204,Baião,PA,demais municipios,A
4301057,Arroio do Sal,RS,demais municipios,A
4301636,Balneário Pinhal,RS,demais municipios,A
1303536,Presidente Figueiredo,AM,demais municipios,A
3515186,Espírito Santo do Pinhal,SP,demais municipios,A
2103505,Colinas,MA,capital de imediata,A
2805604,Porto da Folha,SE,demais municipios,A
2306553,Itarema,CE,demais municipios,A
5105101,Juara,MT,capital de imediata,A
3108602,Brasília de Minas,MG,demais municipios,A
4111803,Jacarezinho,PR,demais municipios,A
3544103,Rio Grande da Serra,SP,demais municipios,A
3546603,Santa Fé do Sul,SP,capital de imediata,A
4204806,Curitibanos,SC,capital de imediata,A
2914901,Itacaré,BA,demais municipios,A
2313104,Tabuleiro do Norte,CE,demais municipios,A
2614105,Sertânia,PE,demais municipios,A
2205706,Luís Correia,PI,demais municipios,A
3200201,Alegre,ES,capital de imediata,A
5219308,Santa Helena de Goiás,GO,demais municipios,A
2908507,Conceição do Jacuípe,BA,demais municipios,A
2920700,Maraú,BA,demais municipios,A
4117602,Palmas,PR,demais municipios,A
3517406,Guaíra,SP,demais municipios,A
2614204,Sirinhaém,PE,demais municipios,A
2923803,Paripiranga,BA,demais municipios,A
3551603,Serra Negra,SP,demais municipios,A
4316402,Rosário do Sul,RS,demais municipios,A
5218300,Posse,GO,demais municipios,A
3525706,José Bonifácio,SP,demais municipios,A
5215603,Padre Bernardo,GO,conurbado com uf,A
2925907,Quijingue,BA,demais municipios,A
3119302,Coromandel,MG,demais municipios,A
2930154,Serra do Ramalho,BA,demais municipios,A
3524105,Ituverava,SP,capital de imediata,A
2601409,Barreiros,PE,capital de imediata,A
2914505,Irará,BA,demais municipios,A
5200308,Alexânia,GO,demais municipios,A
2907103,Carinhanha,BA,demais municipios,A
2306900,Jaguaribe,CE,demais municipios,A
2904902,Cachoeira,BA,demais municipios,A
2310308,Parambu,CE,demais municipios,A
3113305,Carangola,MG,capital de imediata,A
4119608,Pitanga,PR,capital de imediata,A
3128006,Guanhães,MG,capital de imediata,A
4318903,São Luiz Gonzaga,RS,capital de imediata,A
2114007,Zé Doca,MA,demais municipios,B
5000609,Amambai,MS,capital de imediata,B
3170800,Várzea da Palma,MG,demais municipios,B
1503804,Jacundá,PA,demais municipios,B
2308005,Massapê,CE,demais municipios,B
1100106,Guajará-Mirim,RO,demais municipios,B
4203600,Campos Novos,SC,demais municipios,B
5003306,Coxim,MS,capital de imediata,B
3118809,Coração de Jesus,MG,demais municipios,B
3141108,Matozinhos,MG,demais municipios,B
1200500,Sena Madureira,AC,capital de imediata,B
3550100,São Manuel,SP,demais municipios,B
4102000,Assis Chateaubriand,PR,demais municipios,B
3500105,Adamantina,SP,capital de imediata,B
3204203,Piúma,ES,demais municipios,B
1508084,Tucumã,PA,capital de imediata,B
3526209,Juquitiba,SP,demais municipios,B
2909901,Curaçá,BA,demais municipios,B
3541505,Presidente Venceslau,SP,capital de imediata,B
2608107,João Alfredo,PE,demais municipios,B
2615607,Trindade,PE,demais municipios,B
2100600,Amarante do Maranhão,MA,demais municipios,B
2112704,Vargem Grande,MA,demais municipios,B
4308607,Garibaldi,RS,demais municipios,B
3168002,Taiobeiras,MG,demais municipios,B
1502939,Dom Eliseu,PA,demais municipios,B
2925204,Pojuca,BA,demais municipios,B
4117909,Palotina,PR,demais municipios,B
1302702,Manicoré,AM,capital de imediata,B
2926400,Riacho de Santana,BA,demais municipios,B
1505809,Portel,PA,demais municipios,B
1503200,Igarapé-Açu,PA,demais municipios,B
5217302,Pirenópolis,GO,demais municipios,B
4114203,Mandaguari,PR,demais municipios,B
5215702,Palmeiras de Goiás,GO,capital de imediata,B
2614857,Tamandaré,PE,demais municipios,B
3200102,Afonso Cláudio,ES,capital de imediata,B
4308508,Frederico Westphalen,RS,capital de imediata,B
2928406,Santa Rita de Cássia,BA,demais municipios,B
5103353,Confresa,MT,capital de imediata,B
3541604,Promissão,SP,demais municipios,B
2702900,Girau do Ponciano,AL,demais municipios,B
5007208,Rio Brilhante,MS,demais municipios,B
3152006,Pompéu,MG,demais municipios,B
3124302,Espinosa,MG,capital de imediata,B
2916104,Itaparica,BA,demais municipios,B
3204708,São Gabriel da Palha,ES,demais municipios,B
1502905,Curuçá,PA,demais municipios,B
1301100,Careiro,AM,demais municipios,B
3554508,Tietê,SP,demais municipios,B
2925758,Presidente Tancredo Neves,BA,demais municipios,B
3152808,Prata,MG,demais municipios,B
4117701,Palmeira,PR,demais municipios,B
3136652,Juatuba,MG,demais municipios,B
3114303,Carmo do Paranaíba,MG,demais municipios,B
2921203,Miguel Calmon,BA,demais municipios,B
4318507,São José do Norte,RS,demais municipios,B
2304251,Cruz,CE,demais municipios,B
3155603,Rio Pardo de Minas,MG,demais municipios,B
2100907,Araioses,MA,demais municipios,B
2910602,Esplanada,BA,demais municipios,B
4215000,Rio Negrinho,SC,demais municipios,B
4313706,Palmeira das Missões,RS,capital de imediata,B
3162922,São Joaquim de Bicas,MG,demais municipios,B
3500709,Agudos,SP,demais municipios,B
2302107,Baturité,CE,demais municipios,B
1505031,Novo Progresso,PA,demais municipios,B
3169356,Três Marias,MG,demais municipios,B
3160405,Santo Antônio do Monte,MG,demais municipios,B
5208905,Goiás,GO,capital de imediata,B
2111508,São Mateus do Maranhão,MA,demais municipios,B
2310258,Paraipaba,CE,demais municipios,B
3550209,São Miguel Arcanjo,SP,demais municipios,B
2108207,Pedreiras,MA,capital de imediata,B
2932002,Uauá,BA,demais municipios,B
3534302,Orlândia,SP,demais municipios,B
2930204,Sento Sé,BA,demais municipios,B
2611804,Ribeirão,PE,demais municipios,B
3540200,Pontal,SP,demais municipios,B
4112009,Jaguariaíva,PR,demais municipios,B
2112308,Tuntum,MA,demais municipios,B
1506708,Santana do Araguaia,PA,demais municipios,B
2927200,Ruy Barbosa,BA,demais municipios,B
5217104,Piracanjuba,GO,capital de imediata,B
2309300,Nova Russas,CE,demais municipios,B
3203007,Iúna,ES,demais municipios,B
3518602,Guariba,SP,demais municipios,B
2109601,Rosário,MA,demais municipios,B
3144003,Mutum,MG,demais municipios,B
5103205,Colíder,MT,demais municipios,B
2615003,Taquaritinga do Norte,PE,demais municipios,B
2104057,Estreito,MA,demais municipios,B
2901205,Anagé,BA,demais municipios,B
2607307,Ipubi,PE,demais municipios,B
3518305,Guararema,SP,demais municipios,B
3202306,Guaçuí,ES,demais municipios,B
2512101,Pombal,PB,capital de imediata,B
1504455,Medicilândia,PA,demais municipios,B
4111506,Ivaiporã,PR,capital de imediata,B
3110608,Cambuí,MG,demais municipios,B
3302254,Itatiaia,RJ,demais municipios,B
2611002,Petrolândia,PE,demais municipios,B
3141801,Minas Novas,MG,demais municipios,B
2202703,Cocal,PI,demais municipios,B
2611309,Pombos,PE,demais municipios,B
3513603,Cunha,SP,demais municipios,B
3165537,Sarzedo,MG,demais municipios,B
3200805,Baixo Guandu,ES,demais municipios,B
5106422,Peixoto de Azevedo,MT,capital de imediata,B
1303809,São Gabriel da Cachoeira,AM,capital de imediata,B
3110509,Camanducaia,MG,demais municipios,B
4310108,Igrejinha,RS,demais municipios,B
2900801,Alcobaça,BA,demais municipios,B
2914406,Iraquara,BA,demais municipios,B
3520426,Ilha Comprida,SP,demais municipios,B
1100452,Buritis,RO,demais municipios,B
2313609,Ubajara,CE,demais municipios,B
2405801,João Câmara,RN,capital de imediata,B
4120903,Quedas do Iguaçu,PR,demais municipios,B
1500859,Anapu,PA,demais municipios,B
4307807,Estrela,RS,demais municipios,B
3116605,Cláudio,MG,demais municipios,B
3505302,Barra Bonita,SP,demais municipios,B
2603207,Caetés,PE,demais municipios,B
2911204,Gandu,BA,demais municipios,B
3300506,Bom Jardim,RJ,demais municipios,B
3303856,Paty do Alferes,RJ,demais municipios,B
4314803,Portão,RS,demais municipios,B
4119301,Pinhão,PR,demais municipios,B
2307007,Jaguaruana,CE,demais municipios,B
4308201,Flores da Cunha,RS,demais municipios,B
1100338,Nova Mamoré,RO,demais municipios,B
3505203,Bariri,SP,demais municipios,B
2709152,Teotônio Vilela,AL,demais municipios,B
2607505,Itaíba,PE,demais municipios,B
2208304,Piracuruca,PI,demais municipios,B
5106505,Poconé,MT,demais municipios,B
3101508,Além Paraíba,MG,capital de imediata,B
2414407,Touros,RN,demais municipios,B
5217401,Pires do Rio,GO,capital de imediata,B
3305752,Tanguá,RJ,demais municipios,B
2920502,Maracás,BA,demais municipios,B
2607653,Itambé,PE,demais municipios,B
2610509,Passira,PE,demais municipios,B
4321451,Teutônia,RS,demais municipios,B
2600708,Aliança,PE,demais municipios,B
1500909,Augusto Corrêa,PA,demais municipios,B
2307502,Lavras da Mangabeira,CE,demais municipios,B
1300706,Boca do Acre,AM,demais municipios,B
5104104,Guarantã do Norte,MT,demais municipios,B
1200609,Tarauacá,AC,capital de imediata,B
4114302,Mandirituba,PR,demais municipios,B
3111606,Campos Gerais,MG,demais municipios,B
4313656,Palmares do Sul,RS,demais municipios,B
5211206,Itapuranga,GO,demais municipios,B
2103406,Coelho Neto,MA,demais municipios,B
4122206,Rio Branco do Sul,PR,demais municipios,B
2110708,São Domingos do Maranhão,MA,demais municipios,B
2506004,Esperança,PB,demais municipios,B
1400472,Rorainópolis,RR,capital de intermediaria,B
3201605,Conceição da Barra,ES,demais municipios,B
2908903,Coração de Maria,BA,demais municipios,B
3508603,Cachoeira Paulista,SP,demais municipios,B
1302405,Lábrea,AM,capital de intermediaria,B
4310603,Itaqui,RS,demais municipios,B
4320800,Soledade,RS,capital de imediata,B
1505437,Ourilândia do Norte,PA,demais municipios,B
2902807,Barra da Estiva,BA,demais municipios,B
5103254,Colniza,MT,demais municipios,B
1702208,Araguatins,TO,capital de imediata,B
2708808,São Sebastião,AL,demais municipios,B
2110203,Santa Rita,MA,demais municipios,B
4102406,Bandeirantes,PR,demais municipios,B
2302305,Bela Cruz,CE,demais municipios,B
3521002,Iperó,SP,demais municipios,B
3105103,Bambuí,MG,demais municipios,B
4209003,Joaçaba,SC,capital de imediata,B
2606101,Glória do Goitá,PE,demais municipios,B
2922300,Muritiba,BA,demais municipios,B
2801306,Capela,SE,demais municipios,B
4213500,Porto Belo,SC,demais municipios,B
1100098,Espigão D'Oeste,RO,demais municipios,B
2408300,Nova Cruz,RN,demais municipios,B
4108809,Guaíra,PR,demais municipios,B
2513901,São Bento,PB,demais municipios,B
4201950,Balneário Arroio do Silva,SC,demais municipios,B
2933505,Wenceslau Guimarães,BA,demais municipios,B
1504406,Marapanim,PA,demais municipios,B
2700409,Atalaia,AL,capital de imediata,B
3139607,Mantena,MG,capital de imediata,B
3530102,Mirandópolis,SP,demais municipios,B
3539509,Pitangueiras,SP,demais municipios,B
2933000,Valente,BA,demais municipios,B
1504901,Muaná,PA,demais municipios,B
2925808,Queimadas,BA,demais municipios,B
4113304,Laranjeiras do Sul,PR,capital de imediata,B
4220000,Balneário Rincão,SC,demais municipios,B
1705508,Colinas do Tocantins,TO,capital de imediata,B
3105400,Barão de Cocais,MG,demais municipios,B
3117504,Conceição do Mato Dentro,MG,demais municipios,B
3162906,São João Nepomuceno,MG,capital de imediata,B
1506195,Rurópolis,PA,demais municipios,B
3156908,Sacramento,MG,demais municipios,B
3500303,Aguaí,SP,demais municipios,B
4109708,Ibaiti,PR,capital de imediata,B
2309409,Novo Oriente,CE,demais municipios,B
3502507,Aparecida,SP,demais municipios,B
3506607,Biritiba Mirim,SP,demais municipios,B
2708402,São José da Tapera,AL,demais municipios,B
4304804,Carlos Barbosa,RS,demais municipios,B
2911907,Iaçu,BA,demais municipios,B
4117305,Ortigueira,PR,demais municipios,B
5210109,Ipameri,GO,demais municipios,B
3513702,Descalvado,SP,demais municipios,B
2922904,Nova Soure,BA,demais municipios,B
3538808,Piraju,SP,capital de imediata,B
2305605,Independência,CE,demais municipios,B
4205506,Fraiburgo,SC,demais municipios,B
3130903,Inhapim,MG,demais municipios,B
2908606,Conde,BA,demais municipios,B
4213609,Porto União,SC,demais municipios,B
5213087,Minaçu,GO,demais municipios,B
2604205,Catende,PE,demais municipios,B
3145307,Novo Cruzeiro,MG,demais municipios,B
3534609,Osvaldo Cruz,SP,demais municipios,B
3542206,Rancharia,SP,demais municipios,B
3101102,Aimorés,MG,capital de imediata,B
3123601,Elói Mendes,MG,demais municipios,B
1303569,Rio Preto da Eva,AM,conurbado com uf,B
2906204,Canarana,BA,demais municipios,B
2909604,Crisópolis,BA,demais municipios,B
2918803,Laje,BA,demais municipios,B
2206209,Miguel Alves,PI,demais municipios,B
2706901,Pilar,AL,demais municipios,B
2922508,Nazaré,BA,capital de imediata,B
3302908,Miguel Pereira,RJ,demais municipios,B
2409407,Pau dos Ferros,RN,capital de imediata,B
2110500,São Bento,MA,demais municipios,B
5001003,Aparecida do Taboado,MS,demais municipios,B
4322004,Triunfo,RS,demais municipios,B
5103007,Chapada dos Guimarães,MT,demais municipios,B
3126703,Francisco Sá,MG,demais municipios,B
4202800,Braço do Norte,SC,demais municipios,B
3518206,Guararapes,SP,demais municipios,B
1502954,Eldorado do Carajás,PA,demais municipios,B
2923704,Paratinga,BA,demais municipios,B
1507003,Santo Antônio do Tauá,PA,demais municipios,B
2917300,Ituberá,BA,demais municipios,B
4305355,Charqueadas,RS,capital de imediata,B
1600279,Laranjal do Jari,AP,capital de imediata,B
4311007,Jaguarão,RS,demais municipios,B
5220603,Silvânia,GO,demais municipios,B
3144607,Nepomuceno,MG,demais municipios,B
3114204,Carmo do Cajuru,MG,demais municipios,B
1200302,Feijó,AC,demais municipios,B
2603009,Cabrobó,PE,demais municipios,B
2914653,Itabela,BA,demais municipios,B
2302701,Campos Sales,CE,demais municipios,B
2102002,Bom Jardim,MA,demais municipios,B
3302106,Itaocara,RJ,demais municipios,B
2913200,Ibotirama,BA,demais municipios,B
2903409,Belmonte,BA,demais municipios,B
2611705,Riacho das Almas,PE,demais municipios,B
3109303,Buritis,MG,demais municipios,B
3154002,Raul Soares,MG,demais municipios,B
2906709,Cândido Sales,BA,demais municipios,B
2929750,Saubara,BA,demais municipios,B
4216305,São João Batista,SC,demais municipios,B
2312700,Senador Pompeu,CE,demais municipios,B
2905008,Caculé,BA,demais municipios,B
3134905,Jacutinga,MG,demais municipios,B
3510005,Cândido Mota,SP,demais municipios,B
3544004,Rio das Pedras,SP,demais municipios,B
3202108,Ecoporanga,ES,demais municipios,B
1506005,Prainha,PA,demais municipios,B
3203056,Jaguaré,ES,demais municipios,B
3537909,Pilar do Sul,SP,demais municipios,B
3157203,Santa Bárbara,MG,capital de imediata,B
3501301,Álvares Machado,SP,demais municipios,B
5002951,Chapadão do Sul,MS,demais municipios,B
2605707,Floresta,PE,demais municipios,B
2504306,Catolé do Rocha,PB,capital de imediata,B
2303204,Caririaçu,CE,demais municipios,B
3151404,Pitangui,MG,demais municipios,B
4311304,Lagoa Vermelha,RS,capital de imediata,B
2928208,Santana,BA,demais municipios,B
3162401,São João da Ponte,MG,demais municipios,B
2407203,Macau,RN,demais municipios,B
3513108,Cravinhos,SP,demais municipios,B
5101704,Barra do Bugres,MT,demais municipios,B
1500503,Almeirim,PA,capital de imediata,B
4122305,Rio Negro,PR,demais municipios,B
3124203,Espera Feliz,MG,demais municipios,B
2312007,Santana do Acaraú,CE,demais municipios,B
4217709,Sombrio,SC,demais municipios,B
3304003,Piraí,RJ,demais municipios,B
1503507,Irituia,PA,demais municipios,B
2106607,Matões,MA,demais municipios,B
2201903,Bom Jesus,PI,capital de imediata,B
4216503,São Joaquim,SC,demais municipios,B
2301703,Aurora,CE,demais municipios,B
5004700,Ivinhema,MS,demais municipios,B
2609501,Nazaré da Mata,PE,demais municipios,B
3143401,Monte Sião,MG,demais municipios,B
2919157,Lapão,BA,demais municipios,B
5100201,Água Boa,MT,capital de imediata,B
2516003,Solânea,PB,demais municipios,B
2605608,Flores,PE,demais municipios,B
2907301,Castro Alves,BA,demais municipios,B
2309458,Ocara,CE,demais municipios,B
5214507,Nerópolis,GO,demais municipios,B
2307254,Jijoca de Jericoacoara,CE,demais municipios,B
3547502,Santa Rita do Passa Quatro,SP,demais municipios,B
3538600,Piracaia,SP,demais municipios,B
4306403,Dois Irmãos,RS,demais municipios,B
2925006,Planalto,BA,demais municipios,B
2103703,Cururupu,MA,capital de imediata,B
2922409,Mutuípe,BA,demais municipios,B
2923209,Oliveira dos Brejinhos,BA,demais municipios,B
3505609,Barrinha,SP,demais municipios,B
2307106,Jardim,CE,demais municipios,B
3169604,Tupaciguara,MG,demais municipios,B
2801207,Canindé de São Francisco,SE,demais municipios,B
1504000,Limoeiro do Ajuru,PA,demais municipios,B
3553401,Tanabi,SP,demais municipios,B
4219705,Xaxim,SC,demais municipios,B
4306908,Encruzilhada do Sul,RS,demais municipios,B
3202454,Ibatiba,ES,demais municipios,B
5007695,São Gabriel do Oeste,MS,demais municipios,B
3519303,Ibaté,SP,demais municipios,B
2402204,Canguaretama,RN,capital de imediata,B
1505205,Oeiras do Pará,PA,demais municipios,B
3204609,Santa Teresa,ES,demais municipios,B
2923407,Palmas de Monte Alto,BA,demais municipios,B
2107803,Parnarama,MA,demais municipios,B
3305604,Silva Jardim,RJ,demais municipios,B
2610202,Panelas,PE,demais municipios,B
4213203,Pomerode,SC,demais municipios,B
3162708,São João do Paraíso,MG,demais municipios,B
3142908,Monte Azul,MG,demais municipios,B
2207801,Paulistana,PI,capital de imediata,B
4114104,Mandaguaçu,PR,demais municipios,B
3100203,Abaeté,MG,capital de imediata,B
4108601,Goioerê,PR,demais municipios,B
5105622,Mirassol d'Oeste,MT,capital de imediata,B
4318200,São Francisco de Paula,RS,demais municipios,B
2102101,Brejo,MA,demais municipios,B
2931509,Teofilândia,BA,demais municipios,B
3114402,Carmo do Rio Claro,MG,demais municipios,B
2112902,Vitória do Mearim,MA,demais municipios,B
2932101,Ubaíra,BA,demais municipios,B
3501707,Américo Brasiliense,SP,demais municipios,B
3203403,Mimoso do Sul,ES,demais municipios,B
2911808,Guaratinga,BA,demais municipios,B
2805505,Poço Verde,SE,demais municipios,B
2603900,Carnaíba,PE,demais municipios,B
2202901,Corrente,PI,capital de intermediaria,B
2804607,Nossa Senhora das Dores,SE,demais municipios,B
4125704,São Miguel do Iguaçu,PR,demais municipios,B
1500305,Afuá,PA,demais municipios,B
3514106,Dois Córregos,SP,demais municipios,B
1100015,Alta Floresta D'Oeste,RO,demais municipios,B
2606606,Ibimirim,PE,demais municipios,B
2109809,Santa Helena,MA,demais municipios,B
2931004,Tanhaçu,BA,demais municipios,B
2924306,Piatã,BA,demais municipios,B
1507201,São Domingos do Capim,PA,demais municipios,B
3118403,Conselheiro Pena,MG,demais municipios,B
2508307,Lagoa Seca,PB,demais municipios,B
2913507,Iguaí,BA,demais municipios,B
2911105,Formosa do Rio Preto,BA,demais municipios,B
3510807,Casa Branca,SP,demais municipios,B
3133501,Itapecerica,MG,demais municipios,B
2108306,Penalva,MA,demais municipios,B
3509254,Cajati,SP,demais municipios,B
2102036,Bom Jesus das Selvas,MA,demais municipios,B
4208500,Ituporanga,SC,capital de imediata,B
2905602,Camacan,BA,capital de imediata,B
3546306,Santa Cruz das Palmeiras,SP,demais municipios,B
3521804,Itaí,SP,demais municipios,B
2308302,Milagres,CE,demais municipios,B
2201507,Batalha,PI,demais municipios,B
4322707,Vera Cruz,RS,demais municipios,B
1200104,Brasiléia,AC,capital de imediata,B
2111102,São João dos Patos,MA,capital de imediata,B
2701407,Campo Alegre,AL,demais municipios,B
2511905,Pitimbu,PB,demais municipios,B
3531902,Morro Agudo,SP,demais municipios,B
3303005,Miracema,RJ,demais municipios,B
4210506,Maravilha,SC,capital de imediata,B
5209705,Hidrolândia,GO,demais municipios,B
2311603,Redenção,CE,capital de imediata,B
4110102,Imbituva,PR,demais municipios,B
4313375,Nova Santa Rita,RS,conurbado com uf,B
5101407,Aripuanã,MT,demais municipios,B
5107008,Poxoréu,MT,demais municipios,B
3504602,Bady Bassitt,SP,demais municipios,B
4111258,Itaperuçu,PR,demais municipios,B
3153400,Presidente Olegário,MG,demais municipios,B
4116901,Nova Esperança,PR,demais municipios,B
5002407,Caarapó,MS,demais municipios,B
2805703,Propriá,SE,capital de imediata,B
3111002,Campestre,MG,demais municipios,B
3526407,Laranjal Paulista,SP,demais municipios,B
4215703,Santo Amaro da Imperatriz,SC,demais municipios,B
5002209,Bonito,MS,demais municipios,B
2800670,Boquim,SE,demais municipios,B
4123501,Santa Helena,PR,demais municipios,B
2917805,Jaguaripe,BA,demais municipios,B
3167103,Serro,MG,demais municipios,B
5106257,Nova Xavantina,MT,demais municipios,B
4104253,Campo Magro,PR,conurbado com uf,B
1100320,São Miguel do Guaporé,RO,demais municipios,B
2912707,Ibirapitanga,BA,demais municipios,B
5104807,Jaciara,MT,capital de imediata,B
2301208,Aracoiaba,CE,demais municipios,B
2113009,Vitorino Freire,MA,demais municipios,B
3520103,Igarapava,SP,demais municipios,B
2412500,São Miguel,RN,demais municipios,B
4321808,Três de Maio,RS,capital de imediata,B
2600302,Agrestina,PE,demais municipios,B
3111101,Campina Verde,MG,demais municipios,B
4314605,Piratini,RS,demais municipios,B
3142809,Monte Alegre de Minas,MG,demais municipios,B
3511003,Castilho,SP,demais municipios,B
5106307,Paranatinga,MT,demais municipios,B
2112605,Urbano Santos,MA,demais municipios,B
2932705,Uruçuca,BA,demais municipios,B
2903805,Boa Vista do Tupim,BA,demais municipios,B
2511202,Pedras de Fogo,PB,demais municipios,B
2605004,Cupira,PE,demais municipios,B
2313203,Tamboril,CE,demais municipios,B
2102200,Buriti,MA,demais municipios,B
1504059,Mãe do Rio,PA,demais municipios,B
1505908,Porto de Moz,PA,demais municipios,B
4319604,São Sepé,RS,demais municipios,B
3537404,Pereira Barreto,SP,demais municipios,B
4202073,Balneário Gaivota,SC,demais municipios,B
2109452,Raposa,MA,demais municipios,B
4313300,Nova Prata,RS,capital de imediata,B
5007109,Ribas do Rio Pardo,MS,demais municipios,B
1300805,Borba,AM,demais municipios,B
4206009,Governador Celso Ramos,SC,demais municipios,B
1503093,Goianésia do Pará,PA,demais municipios,B
2709202,Traipu,AL,demais municipios,B
2806206,Salgado,SE,demais municipios,B
2917201,Ituaçu,BA,demais municipios,B
2600807,Altinho,PE,demais municipios,B
2923357,Ourolândia,BA,demais municipios,B
3532405,Nazaré Paulista,SP,demais municipios,B
3520442,Ilha Solteira,SP,demais municipios,B
2923100,Olindina,BA,demais municipios,B
2500304,Alagoa Grande,PB,demais municipios,B
2705002,Mata Grande,AL,demais municipios,B
2926202,Riachão das Neves,BA,demais municipios,B
3162005,São Gonçalo do Sapucaí,MG,demais municipios,B
3507902,Brotas,SP,demais municipios,B
3144102,Muzambinho,MG,demais municipios,B
4321303,Taquari,RS,demais municipios,B
4205456,Forquilhinha,SC,demais municipios,B
3109402,Buritizeiro,MG,demais municipios,B
2925956,Rafael Jambeiro,BA,demais municipios,B
2208205,Pio IX,PI,demais municipios,B
3159803,Santa Vitória,MG,demais municipios,B
2501500,Bananeiras,PB,demais municipios,B
2505105,Cuité,PB,capital de imediata,B
3502200,Angatuba,SP,demais municipios,B
2922102,Mundo Novo,BA,demais municipios,B
3169703,Turmalina,MG,demais municipios,B
2401107,Areia Branca,RN,demais municipios,B
1503457,Ipixuna do Pará,PA,demais municipios,B
3304151,Quissamã,RJ,demais municipios,B
2401453,Baraúna,RN,demais municipios,B
4321907,Três Passos,RS,capital de imediata,B
4304663,Capão do Leão,RS,demais municipios,B
2703106,Igaci,AL,demais municipios,B
2307403,Jucás,CE,demais municipios,B
3205010,Sooretama,ES,demais municipios,B
4322806,Veranópolis,RS,demais municipios,B
5003256,Costa Rica,MS,demais municipios,B
4313201,Nova Petrópolis,RS,demais municipios,B
1502806,Curralinho,PA,demais municipios,B
2610806,Pedra,PE,demais municipios,B
1508126,Ulianópolis,PA,demais municipios,B
4319505,São Sebastião do Caí,RS,demais municipios,B
2609709,Orobó,PE,demais municipios,B
2616308,Vicência,PE,demais municipios,B
3119104,Corinto,MG,demais municipios,B
2613206,São João,PE,demais municipios,B
2305357,Icapuí,CE,demais municipios,B
2932507,Una,BA,demais municipios,B
2902609,Baixa Grande,BA,demais municipios,B
2205201,Jaicós,PI,demais municipios,B
4121703,Reserva,PR,demais municipios,B
2311264,Quiterianópolis,CE,demais municipios,B
2901106,Amélia Rodrigues,BA,demais municipios,B
2301604,Assaré,CE,demais municipios,B
2929107,São Felipe,BA,demais municipios,B
4309407,Guaporé,RS,demais municipios,B
2912103,Ibicaraí,BA,demais municipios,B
2600401,Água Preta,PE,demais municipios,B
3137700,Lajinha,MG,demais municipios,B
2923605,Paramirim,BA,demais municipios,B
5220207,São Miguel do Araguaia,GO,demais municipios,B
2613404,São José da Coroa Grande,PE,demais municipios,B
2801405,Carira,SE,demais municipios,B
2927507,Santa Bárbara,BA,demais municipios,B
2109502,Riachão,MA,demais municipios,B
2905404,Cairu,BA,demais municipios,B
2910404,Encruzilhada,BA,demais municipios,B
2904100,Boquira,BA,demais municipios,B
2112407,Turiaçu,MA,demais municipios,B
3529203,Martinópolis,SP,demais municipios,B
2921104,Medeiros Neto,BA,demais municipios,B
3509403,Cajuru,SP,demais municipios,B
3202207,Fundão,ES,demais municipios,B
2304004,Coreaú,CE,demais municipios,B
3113008,Caraí,MG,demais municipios,B
2912400,Ibipeba,BA,demais municipios,B
3117306,Conceição das Alagoas,MG,demais municipios,B
3129509,Ibiá,MG,demais municipios,B
3512209,Conchal,SP,demais municipios,B
2600203,Afrânio,PE,demais municipios,B
3137809,Lambari,MG,demais municipios,B
2205805,Luzilândia,PI,demais municipios,B
3147303,Paraisópolis,MG,demais municipios,B
2507002,Itaporanga,PB,capital de imediata,B
1709302,Guaraí,TO,capital de imediata,B
3147402,Paraopeba,MG,demais municipios,B
4102109,Astorga,PR,demais municipios,B
3301405,Conceição de Macabu,RJ,demais municipios,B
2303808,Cedro,CE,demais municipios,B
3125705,Felixlândia,MG,demais municipios,B
2702355,Craíbas,AL,demais municipios,B
2211308,Valença do Piauí,PI,capital de imediata,B
1505700,Ponta de Pedras,PA,demais municipios,B
3203700,Muniz Freire,ES,demais municipios,B
2918357,João Dourado,BA,demais municipios,B
5000708,Anastácio,MS,demais municipios,B
4126603,Siqueira Campos,PR,demais municipios,B
3122009,Divino,MG,demais municipios,B
2605152,Dormentes,PE,demais municipios,B
4321709,Três Coroas,RS,demais municipios,B
5002902,Cassilândia,MS,demais municipios,B
1504307,Maracanã,PA,demais municipios,B
4101606,Arapoti,PR,demais municipios,B
3143203,Monte Santo de Minas,MG,demais municipios,B
5001904,Bataguassu,MS,demais municipios,B
3531407,Monte Aprazível,SP,demais municipios,B
1100809,Candeias do Jamari,RO,conurbado com uf,B
1100254,Presidente Médici,RO,demais municipios,B
2608750,Lagoa Grande,PE,demais municipios,B
3124005,Ervália,MG,demais municipios,B
4322202,Tupanciretã,RS,demais municipios,B
2614006,Serrita,PE,demais municipios,B
2800209,Aquidabã,SE,demais municipios,B
2210003,São João do Piauí,PI,capital de imediata,B
2915809,Itambé,BA,demais municipios,B
1301407,Eirunepé,AM,capital de imediata,B
3502705,Apiaí,SP,demais municipios,B
2807600,Umbaúba,SE,demais municipios,B
2706406,Pão de Açúcar,AL,capital de imediata,B
3135803,Jequitinhonha,MG,demais municipios,B
2911600,Governador Mangabeira,BA,demais municipios,B
4128005,Ubiratã,PR,demais municipios,B
2202307,Canto do Buriti,PI,capital de imediata,B
1506609,Santa Maria do Pará,PA,demais municipios,B
2603108,Cachoeirinha,PE,demais municipios,B
2910750,Fátima,BA,demais municipios,B
2704203,Limoeiro de Anadia,AL,demais municipios,B
3539202,Pirapozinho,SP,demais municipios,B
2408904,Parelhas,RN,demais municipios,B
2906907,Caravelas,BA,demais municipios,B
2704005,Junqueiro,AL,demais municipios,B
1502756,Concórdia do Pará,PA,demais municipios,B
4106605,Cruzeiro do Oeste,PR,demais municipios,B
2102804,Carolina,MA,demais municipios,B
2108504,Pindaré-Mirim,MA,demais municipios,B
2924801,Piritiba,BA,demais municipios,B
2512309,Princesa Isabel,PB,capital de imediata,B
1300607,Benjamin Constant,AM,demais municipios,B
3205069,Venda Nova do Imigrante,ES,demais municipios,B
4106506,Coronel Vivida,PR,demais municipios,B
2930808,Souto Soares,BA,demais municipios,B
5107875,Sapezal,MT,demais municipios,B
1300508,Barreirinha,AM,demais municipios,B
4211702,Orleans,SC,demais municipios,B
2616209,Vertentes,PE,demais municipios,B
5102702,Canarana,MT,demais municipios,B
2912202,Ibicoara,BA,demais municipios,B
3529906,Miracatu,SP,demais municipios,B
3167608,Simonésia,MG,demais municipios,B
3305158,São José do Vale do Rio Preto,RJ,demais municipios,B
4315305,Quaraí,RS,demais municipios,B
2610400,Parnamirim,PE,demais municipios,B
2310852,Pindoretama,CE,demais municipios,B
4318101,São Francisco de Assis,RS,demais municipios,B
5205513,Cocalzinho de Goiás,GO,demais municipios,B
2211209,Uruçuí,PI,capital de imediata,B
5212204,Jussara,GO,demais municipios,B
4216909,São Lourenço do Oeste,SC,capital de imediata,B
1501907,Bujaru,PA,demais municipios,B
2930774,Sobradinho,BA,demais municipios,B
3535804,Paranapanema,SP,demais municipios,B
4119400,Piraí do Sul,PR,demais municipios,B
4320909,Tapejara,RS,capital de imediata,B
1507805,Senador José Porfírio,PA,demais municipios,B
3303955,Pinheiral,RJ,demais municipios,B
5005004,Jardim,MS,capital de imediata,B
1508035,Tracuateua,PA,demais municipios,B
3115508,Caxambu,MG,capital de imediata,B
5006002,Nova Alvorada do Sul,MS,demais municipios,B
3113206,Carandaí,MG,demais municipios,B
4208104,Itaiópolis,SC,demais municipios,B
2311504,Quixeré,CE,demais municipios,B
2931806,Tremedal,BA,demais municipios,B
2105005,Humberto de Campos,MA,demais municipios,B
2605400,Feira Nova,PE,demais municipios,B
2908705,Condeúba,BA,demais municipios,B
2603702,Canhotinho,PE,demais municipios,B
3204104,Pinheiros,ES,demais municipios,B
1506302,Salvaterra,PA,capital de imediata,B
2305308,Ibiapina,CE,demais municipios,B
3132701,Itambacuri,MG,demais municipios,B
3162955,São José da Lapa,MG,demais municipios,B
1501725,Brasil Novo,PA,demais municipios,B
3147204,Paraguaçu,MG,demais municipios,B
4202057,Balneário Barra do Sul,SC,demais municipios,B
2105500,João Lisboa,MA,demais municipios,B
4306809,Encantado,RS,capital de imediata,B
2908101,Cocos,BA,demais municipios,B
2702603,Feira Grande,AL,demais municipios,B
2101004,Arari,MA,demais municipios,B
5008008,Terenos,MS,conurbado com uf,B
3141405,Medina,MG,demais municipios,B
1503077,Garrafão do Norte,PA,demais municipios,B
2920106,Mairi,BA,demais municipios,B
2924603,Pindobaçu,BA,demais municipios,B
2110609,São Bernardo,MA,demais municipios,B
2501104,Areia,PB,demais municipios,B
3507803,Brodowski,SP,demais municipios,B
5004601,Itaquiraí,MS,demais municipios,B
2506905,Itabaiana,PB,capital de imediata,B
2301950,Barreira,CE,demais municipios,B
2301307,Araripe,CE,demais municipios,B
1507458,São Geraldo do Araguaia,PA,demais municipios,B
3171006,Vazante,MG,demais municipios,B
3138609,Lima Duarte,MG,demais municipios,B
2306108,Irauçuba,CE,demais municipios,B
2307809,Marco,CE,demais municipios,B
2708501,São Luís do Quitunde,AL,demais municipios,B
3554300,Teodoro Sampaio,SP,demais municipios,B
3205036,Vargem Alta,ES,demais municipios,B
4113502,Loanda,PR,capital de imediata,B
1504752,Mojuí dos Campos,PA,demais municipios,B
5007406,Rio Verde de Mato Grosso,MS,demais municipios,B
2308906,Morrinhos,CE,demais municipios,B
2511400,Picuí,PB,demais municipios,B
4316006,Rolante,RS,demais municipios,B
3131208,Ipanema,MG,demais municipios,B
2925253,Ponto Novo,BA,demais municipios,B
1600501,Oiapoque,AP,capital de intermediaria,B
1100148,Nova Brasilândia D'Oeste,RO,demais municipios,B
5215306,Orizona,GO,demais municipios,B
3137502,Lagoa Formosa,MG,demais municipios,B
5205406,Ceres,GO,capital de imediata,B
5203500,Bom Jesus de Goiás,GO,demais municipios,B
5200100,Abadiânia,GO,demais municipios,B
1505650,Placas,PA,demais municipios,B
2109007,Porto Franco,MA,demais municipios,B
3170909,Varzelândia,MG,demais municipios,B
4318408,São Jerônimo,RS,demais municipios,B
2904050,Bonito,BA,demais municipios,B
2929701,Sátiro Dias,BA,demais municipios,B
1200450,Senador Guiomard,AC,conurbado com uf,B
2901353,Andorinha,BA,demais municipios,B
3512407,Cordeirópolis,SP,demais municipios,B
5107065,Querência,MT,demais municipios,B
5103502,Diamantino,MT,capital de imediata,B
2615805,Tupanatinga,PE,demais municipios,B
2806008,Ribeirópolis,SE,demais municipios,B
2604502,Chã Grande,PE,demais municipios,B
2916005,Itanhém,BA,demais municipios,B
1100403,Alto Paraíso,RO,demais municipios,B
4301008,Arroio do Meio,RS,demais municipios,B
3547601,Santa Rosa de Viterbo,SP,demais municipios,B
3139508,Manhumirim,MG,demais municipios,B
3149903,Perdões,MG,demais municipios,B
2705705,Olho d'Água das Flores,AL,demais municipios,B
3138807,Luz,MG,demais municipios,B
3507100,Bom Jesus dos Perdões,SP,demais municipios,B
2100477,Alto Alegre do Pindaré,MA,demais municipios,B
2614808,Tacaratu,PE,demais municipios,B
1303106,Nova Olinda do Norte,AM,demais municipios,B
3204351,Rio Bananal,ES,demais municipios,B
2912905,Ibirataia,BA,demais municipios,B
2512903,Rio Tinto,PB,demais municipios,B
2709400,Viçosa,AL,demais municipios,B
2210409,São Miguel do Tapuio,PI,demais municipios,B
1301001,Carauari,AM,demais municipios,B
3113701,Carlos Chagas,MG,demais municipios,B
1503044,Floresta do Araguaia,PA,demais municipios,B
2202604,Castelo do Piauí,PI,demais municipios,B
5005608,Miranda,MS,demais municipios,B
3106309,Belo Oriente,MG,demais municipios,B
3151701,Poço Fundo,MG,demais municipios,B
2411502,Santo Antônio,RN,capital de imediata,B
3115102,Cássia,MG,demais municipios,B
4112108,Jandaia do Sul,PR,demais municipios,B
2707107,Piranhas,AL,demais municipios,B
4203907,Capinzal,SC,demais municipios,B
4103602,Cambará,PR,demais municipios,B
2100956,Arame,MA,demais municipios,B
4105904,Colorado,PR,demais municipios,B
2902005,Aracatu,BA,demais municipios,B
2927606,Santa Brígida,BA,demais municipios,B
2929255,São Gabriel,BA,demais municipios,B
2913101,Ibititá,BA,demais municipios,B
5201306,Anicuns,GO,demais municipios,B
2407807,Monte Alegre,RN,demais municipios,B
1506351,Santa Bárbara do Pará,PA,demais municipios,B
3553807,Taquarituba,SP,demais municipios,B
3535606,Paraibuna,SP,demais municipios,B
1504604,Mocajuba,PA,demais municipios,B
2304350,Forquilha,CE,demais municipios,B
2501302,Aroeiras,PB,demais municipios,B
4301305,Arroio Grande,RS,demais municipios,B
4310009,Ibirubá,RS,demais municipios,B
4206306,Guabiruba,SC,demais municipios,B
3500501,Águas de Lindóia,SP,demais municipios,B
2919926,Madre de Deus,BA,demais municipios,B
2801009,Campo do Brito,SE,demais municipios,B
5106372,Pedra Preta,MT,demais municipios,B
2905305,Cafarnaum,BA,demais municipios,B
2306603,Itatira,CE,demais municipios,B
5108600,Vila Rica,MT,demais municipios,B
4121208,Quitandinha,PR,demais municipios,B
2604601,Condado,PE,demais municipios,B
2903607,Biritinga,BA,demais municipios,B
2500403,Alagoa Nova,PB,demais municipios,B
2313005,Solonópole,CE,demais municipios,B
4116208,Morretes,PR,demais municipios,B
2101509,Barão de Grajaú,MA,demais municipios,B
2930303,Serra Dourada,BA,demais municipios,B
5217708,Pontalina,GO,demais municipios,B
2607703,Itapetim,PE,demais municipios,B
5204409,Caiapônia,GO,demais municipios,B
2600906,Amaraji,PE,demais municipios,B
4100509,Altônia,PR,demais municipios,B
2926509,Ribeira do Amparo,BA,demais municipios,B
2609006,Macaparana,PE,demais municipios,B
3510302,Capela do Alto,SP,demais municipios,B
3203346,Marechal Floriano,ES,demais municipios,B
2105427,Itinga do Maranhão,MA,demais municipios,B
2925600,Presidente Dutra,BA,demais municipios,B
2906824,Canudos,BA,demais municipios,B
1506583,Santa Maria das Barreiras,PA,demais municipios,B
5002100,Bela Vista,MS,demais municipios,B
5103304,Comodoro,MT,demais municipios,B
3204054,Pedro Canário,ES,demais municipios,B
4105409,Chopinzinho,PR,demais municipios,B
3508108,Buritama,SP,demais municipios,B
3204005,Pancas,ES,demais municipios,B
2603801,Capoeiras,PE,demais municipios,B
3104502,Arinos,MG,demais municipios,B
5003801,Fátima do Sul,MS,demais municipios,B
2106904,Monção,MA,demais municipios,B
3161007,São Domingos do Prata,MG,demais municipios,B
2909208,Coronel João Sá,BA,demais municipios,B
2922052,Mulungu do Morro,BA,demais municipios,B
2112100,Timbiras,MA,demais municipios,B
2932804,Utinga,BA,demais municipios,B
2932200,Ubaitaba,BA,demais municipios,B
3305406,Sapucaia,RJ,demais municipios,B
4127601,Tijucas do Sul,PR,demais municipios,B
2915502,Itajuípe,BA,demais municipios,B
2707305,Porto Calvo,AL,capital de imediata,B
3502754,Araçariguama,SP,demais municipios,B
2913002,Ibitiara,BA,demais municipios,B
2404200,Goianinha,RN,demais municipios,B
1507904,Soure,PA,demais municipios,B
2100709,Anajatuba,MA,demais municipios,B
3301108,Cantagalo,RJ,demais municipios,B
4319000,São Marcos,RS,demais municipios,B
4320107,Sarandi,RS,demais municipios,B
2302008,Barro,CE,demais municipios,B
2305209,Hidrolândia,CE,demais municipios,B
2402303,Caraúbas,RN,demais municipios,B
5210901,Itapaci,GO,demais municipios,B
5218904,Rubiataba,GO,demais municipios,B
5105507,Vila Bela da Santíssima Trindade,MT,demais municipios,B
5200134,Acreúna,GO,demais municipios,B
4310801,Ivoti,RS,demais municipios,C
3145109,Nova Resende,MG,demais municipios,C
1200708,Xapuri,AC,demais municipios,C
2931053,Tanque Novo,BA,demais municipios,C
5004502,Itaporã,MS,demais municipios,C
2918506,Jussara,BA,demais municipios,C
1301159,Careiro da Várzea,AM,demais municipios,C
2908200,Conceição da Feira,BA,demais municipios,C
2908002,Coaraci,BA,demais municipios,C
3139201,Malacacheta,MG,demais municipios,C
2900405,Água Fria,BA,demais municipios,C
4212254,Passo de Torres,SC,demais municipios,C
3508702,Caconde,SP,demais municipios,C
2613305,São Joaquim do Monte,PE,demais municipios,C
2514503,São José de Piranhas,PB,demais municipios,C
3511409,Cerqueira César,SP,demais municipios,C
2930402,Serra Preta,BA,demais municipios,C
2903003,Barra do Mendes,BA,demais municipios,C
3108305,Borda da Mata,MG,demais municipios,C
2414209,Tibau do Sul,RN,demais municipios,C
2929602,Sapeaçu,BA,demais municipios,C
3553302,Tambaú,SP,demais municipios,C
3104908,Baependi,MG,demais municipios,C
3148707,Pedra Azul,MG,capital de imediata,C
2903235,Barro Alto,BA,demais municipios,C
2608008,Jataúba,PE,demais municipios,C
2509107,Mari,PB,demais municipios,C
5107107,São José dos Quatro Marcos,MT,demais municipios,C
3301504,Cordeiro,RJ,demais municipios,C
2607000,Inajá,PE,demais municipios,C
3304409,Rio Claro,RJ,demais municipios,C
2921401,Mirangaba,BA,demais municipios,C
3100906,Águas Formosas,MG,capital de imediata,C
2303956,Chorozinho,CE,demais municipios,C
2311702,Reriutaba,CE,demais municipios,C
3154309,Resplendor,MG,demais municipios,C
1100064,Colorado do Oeste,RO,demais municipios,C
4106803,Cruz Machado,PR,demais municipios,C
3548005,Santo Antônio de Posse,SP,demais municipios,C
2110039,Santa Luzia do Paruá,MA,demais municipios,C
4101200,Antonina,PR,demais municipios,C
1507151,São Domingos do Araguaia,PA,demais municipios,C
2705507,Murici,AL,demais municipios,C
4104501,Capanema,PR,demais municipios,C
3538907,Pirajuí,SP,demais municipios,C
4312500,Mostardas,RS,demais municipios,C
3101904,Alpinópolis,MG,demais municipios,C
2917102,Itororó,BA,demais municipios,C
2903508,Belo Campo,BA,demais municipios,C
2904753,Buritirama,BA,demais municipios,C
4124053,Santa Terezinha de Itaipu,PR,demais municipios,C
3110301,Caldas,MG,demais municipios,C
4104659,Carambeí,PR,demais municipios,C
2516300,Sumé,PB,capital de imediata,C
4120804,Quatro Barras,PR,demais municipios,C
4127502,Tibagi,PR,demais municipios,C
3535309,Palmital,SP,demais municipios,C
2609154,Manari,PE,demais municipios,C
2112233,Trizidela do Vale,MA,demais municipios,C
2607752,Itapissuma,PE,demais municipios,C
4124400,Santo Antônio do Sudoeste,PR,demais municipios,C
3114501,Carmópolis de Minas,MG,demais municipios,C
2931202,Taperoá,BA,demais municipios,C
3526100,Juquiá,SP,demais municipios,C
1600402,Mazagão,AP,demais municipios,C
2100436,Alto Alegre do Maranhão,MA,demais municipios,C
5107800,Santo Antônio de Leverger,MT,conurbado com uf,C
2912509,Ibipitanga,BA,demais municipios,C
2604908,Cumaru,PE,demais municipios,C
3204500,Santa Leopoldina,ES,demais municipios,C
2927309,Salinas da Margarida,BA,demais municipios,C
2304954,Guaiúba,CE,demais municipios,C
2202000,Buriti dos Lopes,PI,demais municipios,C
3544251,Rosana,SP,demais municipios,C
2106706,Mirador,MA,demais municipios,C
2500700,São João do Rio do Peixe,PB,demais municipios,C
1400209,Caracaraí,RR,capital de imediata,C
3133303,Itaobim,MG,demais municipios,C
1502772,Curionópolis,PA,demais municipios,C
2304236,Croatá,CE,demais municipios,C
2102309,Buriti Bravo,MA,demais municipios,C
1506161,Rio Maria,PA,demais municipios,C
4219002,Urussanga,SC,demais municipios,C
2103802,Dom Pedro,MA,demais municipios,C
2709103,Taquarana,AL,demais municipios,C
2504405,Conceição,PB,demais municipios,C
3538204,Pinhalzinho,SP,demais municipios,C
2910859,Filadélfia,BA,demais municipios,C
1708205,Formoso do Araguaia,TO,demais municipios,C
4212205,Papanduva,SC,demais municipios,C
2917409,Jacaraci,BA,demais municipios,C
2303303,Cariús,CE,demais municipios,C
3150802,Piranga,MG,demais municipios,C
2309508,Orós,CE,demais municipios,C
2705101,Matriz de Camaragibe,AL,demais municipios,C
3529708,Miguelópolis,SP,demais municipios,C
1507474,São João de Pirabas,PA,demais municipios,C
2702553,Estrela de Alagoas,AL,demais municipios,C
3540002,Pompéia,SP,demais municipios,C
2500601,Alhandra,PB,demais municipios,C
4121406,Realeza,PR,demais municipios,C
3304102,Porciúncula,RJ,demais municipios,C
4311205,Júlio de Castilhos,RS,demais municipios,C
2926806,Rio do Antônio,BA,demais municipios,C
4128500,Wenceslau Braz,PR,demais municipios,C
5209200,Guapó,GO,demais municipios,C
2901908,Aporá,BA,demais municipios,C
3508009,Buri,SP,demais municipios,C
2105104,Icatu,MA,demais municipios,C
2308609,Monsenhor Tabosa,CE,demais municipios,C
3155801,Rio Pomba,MG,demais municipios,C
2916807,Itarantim,BA,demais municipios,C
1507706,São Sebastião da Boa Vista,PA,demais municipios,C
3128105,Guapé,MG,demais municipios,C
2406106,Jucurutu,RN,demais municipios,C
4217808,Taió,SC,demais municipios,C
3105905,Barroso,MG,demais municipios,C
1503101,Gurupá,PA,demais municipios,C
4212908,Pinhalzinho,SC,demais municipios,C
2601607,Belém do São Francisco,PE,demais municipios,C
2924058,Pé de Serra,BA,demais municipios,C
2303105,Cariré,CE,demais municipios,C
4316600,Sananduva,RS,demais municipios,C
4203956,Capivari de Baixo,SC,demais municipios,C
2803609,Laranjeiras,SE,demais municipios,C
1101492,São Francisco do Guaporé,RO,demais municipios,C
4105201,Cerro Azul,PR,demais municipios,C
3505807,Bastos,SP,demais municipios,C
1504950,Nova Esperança do Piriá,PA,demais municipios,C
3203502,Montanha,ES,demais municipios,C
3127800,Grão Mogol,MG,demais municipios,C
3520004,Igaraçu do Tietê,SP,demais municipios,C
5206404,Crixás,GO,demais municipios,C
1200252,Epitaciolândia,AC,demais municipios,C
2611507,Quipapá,PE,demais municipios,C
3107802,Bom Jesus do Galho,MG,demais municipios,C
2106508,Matinha,MA,demais municipios,C
3542404,Regente Feijó,SP,demais municipios,C
2304301,Farias Brito,CE,demais municipios,C
2924504,Pindaí,BA,demais municipios,C
2104552,Governador Edison Lobão,MA,demais municipios,C
2900355,Adustina,BA,demais municipios,C
2901155,América Dourada,BA,demais municipios,C
1506559,Santa Luzia do Pará,PA,demais municipios,C
2703205,Igreja Nova,AL,demais municipios,C
4101002,Ampére,PR,demais municipios,C
5106109,Nossa Senhora do Livramento,MT,demais municipios,C
3139300,Manga,MG,demais municipios,C
2200509,Amarante,PI,capital de imediata,C
2311959,Salitre,CE,demais municipios,C
2920403,Manoel Vitorino,BA,demais municipios,C
2501005,Araruna,PB,demais municipios,C
2508604,Lucena,PB,demais municipios,C
3546702,Santa Gertrudes,SP,demais municipios,C
3128303,Guaranésia,MG,demais municipios,C
5005681,Mundo Novo,MS,demais municipios,C
3304110,Porto Real,RJ,demais municipios,C
2930600,Serrolândia,BA,demais municipios,C
2104677,Governador Nunes Freire,MA,capital de imediata,C
2612406,Sanharó,PE,demais municipios,C
2932457,Umburanas,BA,demais municipios,C
2805802,Riachão do Dantas,SE,demais municipios,C
2707503,Porto Real do Colégio,AL,demais municipios,C
3530201,Mirante do Paranapanema,SP,demais municipios,C
2930766,Sítio do Quinto,BA,demais municipios,C
4309605,Horizontina,RS,demais municipios,C
3149804,Perdizes,MG,demais municipios,C
2503506,Cacimba de Dentro,PB,demais municipios,C
2311355,Quixelô,CE,demais municipios,C
2606507,Iati,PE,demais municipios,C
3543006,Ribeirão Branco,SP,demais municipios,C
1713205,Miracema do Tocantins,TO,capital de imediata,C
3140902,Matipó,MG,demais municipios,C
2701605,Canapi,AL,demais municipios,C
1500958,Aurora do Pará,PA,demais municipios,C
3517505,Guapiaçu,SP,demais municipios,C
2310803,Pereiro,CE,demais municipios,C
2900207,Abaré,BA,demais municipios,C
2909109,Coribe,BA,demais municipios,C
3533007,Nova Granada,SP,demais municipios,C
4302709,Butiá,RS,demais municipios,C
1100940,Cujubim,RO,demais municipios,C
2406502,Lagoa Nova,RN,demais municipios,C
3526001,Junqueirópolis,SP,demais municipios,C
4308904,Getúlio Vargas,RS,demais municipios,C
2605806,Frei Miguelinho,PE,demais municipios,C
4101101,Andirá,PR,demais municipios,C
2906600,Candiba,BA,demais municipios,C
4206702,Herval d'Oeste,SC,demais municipios,C
4104709,Carlópolis,PR,demais municipios,C
3521705,Itaberá,SP,demais municipios,C
3102001,Alterosa,MG,demais municipios,C
3108008,Bom Sucesso,MG,demais municipios,C
1400175,Cantá,RR,demais municipios,C
2101905,Bequimão,MA,demais municipios,C
2907905,Cipó,BA,demais municipios,C
4214003,Presidente Getúlio,SC,demais municipios,C
2312106,Santana do Cariri,CE,demais municipios,C
2608503,Lagoa de Itaenga,PE,demais municipios,C
3556305,Valparaíso,SP,demais municipios,C
2933158,Várzea Nova,BA,demais municipios,C
1300144,Apuí,AM,demais municipios,C
5204904,Campos Belos,GO,capital de imediata,C
3522802,Itaporanga,SP,demais municipios,C
2922706,Nova Canaã,BA,demais municipios,C
2102903,Carutapera,MA,demais municipios,C
2615706,Triunfo,PE,demais municipios,C
4127403,Terra Roxa,PR,demais municipios,C
2303402,Carnaubal,CE,demais municipios,C
2701001,Boca da Mata,AL,demais municipios,C
4319406,São Pedro do Sul,RS,demais municipios,C
4313060,Nova Hartz,RS,demais municipios,C
3302809,Mendes,RJ,demais municipios,C
3155504,Rio Paranaíba,MG,demais municipios,C
4306502,Dom Feliciano,RS,demais municipios,C
2100204,Alcântara,MA,demais municipios,C
5105606,Matupá,MT,demais municipios,C
4106209,Contenda,PR,demais municipios,C
3300902,Cambuci,RJ,demais municipios,C
3517604,Guapiara,SP,demais municipios,C
2903276,Barrocas,BA,demais municipios,C
5214838,Nova Crixás,GO,demais municipios,C
2512002,Pocinhos,PB,demais municipios,C
2108009,Pastos Bons,MA,demais municipios,C
3549953,São Lourenço da Serra,SP,demais municipios,C
1721208,Tocantinópolis,TO,capital de imediata,C
3112000,Candeias,MG,demais municipios,C
3521408,Iracemápolis,SP,demais municipios,C
4315503,Restinga Sêca,RS,demais municipios,C
3547700,Santo Anastácio,SP,demais municipios,C
3536208,Pariquera-Açu,SP,demais municipios,C
1200336,Mâncio Lima,AC,demais municipios,C
4321105,Tapes,RS,demais municipios,C
2503001,Caaporã,PB,demais municipios,C
4206900,Ibirama,SC,capital de imediata,C
3120805,Cruzília,MG,demais municipios,C
3143005,Monte Belo,MG,demais municipios,C
3523305,Itariri,SP,demais municipios,C
2904852,Cabaceiras do Paraguaçu,BA,demais municipios,C
5107701,Rosário Oeste,MT,demais municipios,C
4217501,Seara,SC,demais municipios,C
3301207,Carmo,RJ,demais municipios,C
2313807,Uruburetama,CE,demais municipios,C
2708907,Satuba,AL,conurbado com uf,C
2700102,Água Branca,AL,demais municipios,C
2909406,Cotegipe,BA,demais municipios,C
2512705,Remígio,PB,demais municipios,C
2603504,Camocim de São Félix,PE,demais municipios,C
2907608,Central,BA,demais municipios,C
3540804,Potirendaba,SP,demais municipios,C
3162807,São João Evangelista,MG,demais municipios,C
1600535,Porto Grande,AP,capital de imediata,C
4309001,Giruá,RS,demais municipios,C
2608404,Jurema,PE,demais municipios,C
5220405,São Simão,GO,demais municipios,C
2108702,Pio XII,MA,demais municipios,C
4300109,Agudo,RS,demais municipios,C
4200705,Alfredo Wagner,SC,demais municipios,C
3100302,Abre Campo,MG,demais municipios,C
1200385,Plácido de Castro,AC,demais municipios,C
2104099,Formosa da Serra Negra,MA,demais municipios,C
3148608,Peçanha,MG,demais municipios,C
3146305,Padre Paraíso,MG,demais municipios,C
3512308,Conchas,SP,demais municipios,C
2100303,Aldeias Altas,MA,demais municipios,C
2311108,Porteiras,CE,demais municipios,C
3305703,Sumidouro,RJ,demais municipios,C
2313351,Tejuçuoca,CE,demais municipios,C
5106158,Nova Bandeirantes,MT,demais municipios,C
3515152,Engenheiro Coelho,SP,demais municipios,C
3200300,Alfredo Chaves,ES,demais municipios,C
2920205,Malhada,BA,demais municipios,C
2110104,Santa Quitéria do Maranhão,MA,demais municipios,C
5200050,Abadia de Goiás,GO,conurbado com uf,C
1302553,Manaquiri,AM,demais municipios,C
3524600,Jacupiranga,SP,demais municipios,C
1200807,Porto Acre,AC,demais municipios,C
2506806,Ingá,PB,demais municipios,C
2933059,Várzea da Roça,BA,demais municipios,C
3140506,Martinho Campos,MG,demais municipios,C
2502508,Boqueirão,PB,demais municipios,C
3511607,Cesário Lange,SP,demais municipios,C
4212106,Palmitos,SC,demais municipios,C
3531506,Monte Azul Paulista,SP,demais municipios,C
4114401,Mangueirinha,PR,demais municipios,C
4317905,Santo Cristo,RS,demais municipios,C
4126504,Sertanópolis,PR,demais municipios,C
3108404,Botelhos,MG,demais municipios,C
2706802,Piaçabuçu,AL,demais municipios,C
5101902,Brasnorte,MT,demais municipios,C
2204709,Inhuma,PI,demais municipios,C
4205803,Garuva,SC,demais municipios,C
4312658,Não-Me-Toque,RS,demais municipios,C
3507407,Borborema,SP,demais municipios,C
2918209,Jiquiriçá,BA,demais municipios,C
2516607,Tavares,PB,demais municipios,C
3108909,Brazópolis,MG,demais municipios,C
5100300,Alto Araguaia,MT,demais municipios,C
3133709,Itatiaiuçu,MG,demais municipios,C
2919702,Macarani,BA,demais municipios,C
3132206,Itaguara,MG,demais municipios,C
2304459,Fortim,CE,demais municipios,C
2608453,Lagoa do Carro,PE,demais municipios,C
3545001,Salesópolis,SP,demais municipios,C
1503754,Jacareacanga,PA,demais municipios,C
2926103,Retirolândia,BA,demais municipios,C
2208809,Regeneração,PI,demais municipios,C
2708303,São José da Laje,AL,demais municipios,C
2904001,Boninal,BA,demais municipios,C
2932606,Urandi,BA,demais municipios,C
3123908,Entre Rios de Minas,MG,demais municipios,C
4104402,Cândido de Abreu,PR,demais municipios,C
2912301,Ibicuí,BA,demais municipios,C
3517703,Guará,SP,demais municipios,C
3515400,Fartura,SP,demais municipios,C
2908309,Conceição do Almeida,BA,demais municipios,C
1500701,Anajás,PA,demais municipios,C
3303104,Natividade,RJ,demais municipios,C
3521903,Itajobi,SP,demais municipios,C
2108108,Paulo Ramos,MA,demais municipios,C
2310902,Piquet Carneiro,CE,demais municipios,C
4126306,Sengés,PR,demais municipios,C
2911402,Glória,BA,demais municipios,C
2916856,Itatim,BA,demais municipios,C
2915007,Itaeté,BA,demais municipios,C
2107902,Passagem Franca,MA,demais municipios,C
2932408,Uibaí,BA,demais municipios,C
2107704,Paraibano,MA,demais municipios,C
2611903,Rio Formoso,PE,demais municipios,C
2704104,Lagoa da Canoa,AL,demais municipios,C
2112456,Turilândia,MA,demais municipios,C
4102901,Bituruna,PR,demais municipios,C
2608701,Lagoa dos Gatos,PE,demais municipios,C
2313955,Varjota,CE,demais municipios,C
2516508,Taperoá,PB,demais municipios,C
2704401,Major Isidoro,AL,demais municipios,C
2612455,Santa Cruz,PE,demais municipios,C
2915205,Itagibá,BA,demais municipios,C
3133006,Itamonte,MG,demais municipios,C
2922607,Nilo Peçanha,BA,demais municipios,C
2507101,Itapororoca,PB,demais municipios,C
5201702,Aragarças,GO,demais municipios,C
2203305,Demerval Lobão,PI,conurbado com uf,C
3169000,Tocantins,MG,demais municipios,C
2111706,São Vicente Ferrer,MA,demais municipios,C
2801702,Cristinápolis,SE,demais municipios,C
2804409,Neópolis,SE,demais municipios,C
3204302,Presidente Kennedy,ES,demais municipios,C
1501451,Belterra,PA,demais municipios,C
3527405,Lucélia,SP,demais municipios,C
2913457,Igrapiúna,BA,demais municipios,C
4109302,Guaraniaçu,PR,demais municipios,C
2932309,Ubatã,BA,demais municipios,C
2500809,Araçagi,PB,demais municipios,C
2608305,Jupi,PE,demais municipios,C
2313757,Umirim,CE,demais municipios,C
4117800,Palmital,PR,demais municipios,C
1303908,São Paulo de Olivença,AM,demais municipios,C
3157906,Santa Margarida,MG,demais municipios,C
3508801,Cafelândia,SP,demais municipios,C
2516904,Uiraúna,PB,demais municipios,C
2309003,Mucambo,CE,demais municipios,C
4200101,Abelardo Luz,SC,demais municipios,C
3104304,Areado,MG,demais municipios,C
2111805,Sítio Novo,MA,demais municipios,C
2300408,Aiuaba,CE,demais municipios,C
2931608,Teolândia,BA,demais municipios,C
2904704,Buerarema,BA,demais municipios,C
2108900,Poção de Pedras,MA,demais municipios,C
2111607,São Raimundo das Mangabeiras,MA,demais municipios,C
1707009,Dianópolis,TO,capital de imediata,C
2902500,Baianópolis,BA,demais municipios,C
2412609,São Paulo do Potengi,RN,capital de imediata,C
2302909,Capistrano,CE,demais municipios,C
2922656,Nordestina,BA,demais municipios,C
3501004,Altinópolis,SP,demais municipios,C
1501956,Cachoeira do Piriá,PA,demais municipios,C
2104008,Esperantinópolis,MA,demais municipios,C
2904308,Brejões,BA,demais municipios,C
4110607,Iporã,PR,demais municipios,C
2108256,Pedro do Rosário,MA,demais municipios,C
2612703,Santa Maria do Cambucá,PE,demais municipios,C
5002605,Camapuã,MS,demais municipios,C
2800506,Areia Branca,SE,demais municipios,C
4211207,Morro da Fumaça,SC,demais municipios,C
2903706,Boa Nova,BA,demais municipios,C
2303006,Caridade,CE,demais municipios,C
3546009,Santa Branca,SP,demais municipios,C
3104700,Ataléia,MG,demais municipios,C
2901304,Andaraí,BA,demais municipios,C
2311900,Saboeiro,CE,demais municipios,C
2501906,Belém,PB,demais municipios,C
3535408,Panorama,SP,demais municipios,C
2605905,Gameleira,PE,demais municipios,C
3152402,Poté,MG,demais municipios,C
2507705,Juazeirinho,PB,demais municipios,C
2926707,Rio de Contas,BA,demais municipios,C
2604700,Correntes,PE,demais municipios,C
2921906,Mucugê,BA,demais municipios,C
1508357,Vitória do Xingu,PA,demais municipios,C
3110905,Campanha,MG,demais municipios,C
2929057,São Félix do Coribe,BA,demais municipios,C
2612554,Santa Filomena,PE,demais municipios,C
3512001,Colina,SP,demais municipios,C
3159902,Santo Antônio do Amparo,MG,demais municipios,C
2511301,Piancó,PB,demais municipios,C
3127008,Fronteira,MG,demais municipios,C
2906857,Capela do Alto Alegre,BA,demais municipios,C
5000203,Água Clara,MS,demais municipios,C
2909703,Cristópolis,BA,demais municipios,C
1500347,Água Azul do Norte,PA,demais municipios,C
3100609,Água Boa,MG,demais municipios,C
3202702,Itaguaçu,ES,demais municipios,C
4115606,Matelândia,PR,demais municipios,C
3539103,Pirapora do Bom Jesus,SP,demais municipios,C
2918308,Jitaúna,BA,demais municipios,C
2107605,Palmeirândia,MA,demais municipios,C
3156809,Sabinópolis,MG,demais municipios,C
5209952,Indiara,GO,demais municipios,C
2515500,Serra Branca,PB,demais municipios,C
3556800,Viradouro,SP,demais municipios,C
5005806,Nioaque,MS,demais municipios,C
2306504,Itapiúna,CE,demais municipios,C
2802809,Indiaroba,SE,demais municipios,C
4207205,Imaruí,SC,demais municipios,C
2904506,Brotas de Macaúbas,BA,demais municipios,C
3135506,Jequeri,MG,demais municipios,C
3123205,Dores do Indaiá,MG,capital de imediata,C
2107100,Morros,MA,demais municipios,C
2307635,Madalena,CE,demais municipios,C
2614709,Tacaimbó,PE,demais municipios,C
3142700,Montalvânia,MG,demais municipios,C
4127205,Terra Boa,PR,demais municipios,C
2803302,Japaratuba,SE,demais municipios,C
2925709,Presidente Jânio Quadros,BA,demais municipios,C
2616001,Venturosa,PE,demais municipios,C
1507409,São Francisco do Pará,PA,demais municipios,C
4210605,Massaranduba,SC,demais municipios,C
4213708,Pouso Redondo,SC,demais municipios,C
3141009,Mato Verde,MG,demais municipios,C
3102308,Alvinópolis,MG,demais municipios,C
4104428,Candói,PR,demais municipios,C
2600609,Alagoinha,PE,demais municipios,C
2106326,Maracaçumé,MA,demais municipios,C
2913804,Ipecaetá,BA,demais municipios,C
3205176,Vila Valério,ES,demais municipios,C
2504801,Coremas,PB,demais municipios,C
1100056,Cerejeiras,RO,demais municipios,C
3168408,Tarumirim,MG,demais municipios,C
1501105,Bagre,PA,demais municipios,C
5204300,Caçu,GO,demais municipios,C
2924207,Pedro Alexandre,BA,demais municipios,C
3523602,Itirapina,SP,demais municipios,C
4122008,Rio Azul,PR,demais municipios,C
2700508,Barra de Santo Antônio,AL,demais municipios,C
3202652,Irupi,ES,demais municipios,C
3133402,Itapagipe,MG,demais municipios,C
1505403,Ourém,PA,demais municipios,C
1702554,Augustinópolis,TO,demais municipios,C
2200202,Água Branca,PI,demais municipios,C
2613800,São Vicente Férrer,PE,demais municipios,C
2108454,Peritoró,MA,demais municipios,C
3132107,Itacarambi,MG,demais municipios,C
3147600,Passa Quatro,MG,demais municipios,C
3523503,Itatinga,SP,demais municipios,C
4106308,Corbélia,PR,demais municipios,C
4218301,Três Barras,SC,demais municipios,C
4217402,Schroeder,SC,demais municipios,C
3514908,Elias Fausto,SP,demais municipios,C
3144706,Nova Era,MG,demais municipios,C
4107603,Faxinal,PR,demais municipios,C
3203304,Mantenópolis,ES,demais municipios,C
2802304,Frei Paulo,SE,demais municipios,C
1301308,Codajás,AM,demais municipios,C
2918753,Lagoa Real,BA,demais municipios,C
2309201,Nova Olinda,CE,demais municipios,C
4211751,Otacílio Costa,SC,demais municipios,C
4103453,Cafelândia,PR,demais municipios,C
4205001,Dionísio Cerqueira,SC,demais municipios,C
3300936,Carapebus,RJ,demais municipios,C
5002308,Brasilândia,MS,demais municipios,C
2203503,Elesbão Veloso,PI,demais municipios,C
2913408,Igaporã,BA,demais municipios,C
3555109,Tupi Paulista,SP,demais municipios,C
1400308,Mucajaí,RR,demais municipios,C
2306702,Jaguaretama,CE,demais municipios,C
2700706,Batalha,AL,demais municipios,C
2111409,São Luís Gonzaga do Maranhão,MA,demais municipios,C
2921807,Mortugaba,BA,demais municipios,C
2606903,Iguaracy,PE,demais municipios,C
3142007,Mirabela,MG,demais municipios,C
2210706,Simões,PI,demais municipios,C
2101251,Bacabeira,MA,demais municipios,C
1502004,Cachoeira do Arari,PA,demais municipios,C
2301851,Banabuiú,CE,demais municipios,C
2933455,Wanderley,BA,demais municipios,C
3102803,Andrelândia,MG,demais municipios,C
4126801,Tapejara,PR,demais municipios,C
3537008,Pedregulho,SP,demais municipios,C
3137007,Ladainha,MG,demais municipios,C
2911857,Heliópolis,BA,demais municipios,C
2102606,Cândido Mendes,MA,demais municipios,C
3540507,Porangaba,SP,demais municipios,C
2200301,Alto Longá,PI,demais municipios,C
4314506,Pinheiro Machado,RS,demais municipios,C
4204509,Corupá,SC,demais municipios,C
3302056,Italva,RJ,demais municipios,C
2304509,Frecheirinha,CE,demais municipios,C
4127304,Terra Rica,PR,demais municipios,C
3539400,Piratininga,SP,demais municipios,C
2300705,Alto Santo,CE,demais municipios,C
5105903,Nobres,MT,demais municipios,C
1507979,Terra Santa,PA,demais municipios,C
2804201,Monte Alegre de Sergipe,SE,demais municipios,C
3556008,Urupês,SP,demais municipios,C
5222005,Vianópolis,GO,demais municipios,C
4306007,Crissiumal,RS,demais municipios,C
2300903,Apuiarés,CE,demais municipios,C
3131158,Ipaba,MG,demais municipios,C
4307500,Espumoso,RS,demais municipios,C
2111003,São João Batista,MA,demais municipios,C
2302057,Barroquinha,CE,demais municipios,C
2915353,Itaguaçu da Bahia,BA,demais municipios,C
1504976,Nova Ipixuna,PA,demais municipios,C
3501152,Alumínio,SP,demais municipios,C
5221700,Uruana,GO,demais municipios,C
4105706,Clevelândia,PR,demais municipios,C
3541208,Presidente Bernardes,SP,demais municipios,C
4122156,Rio Bonito do Iguaçu,PR,demais municipios,C
4104600,Capitão Leônidas Marques,PR,demais municipios,C
2304657,Graça,CE,demais municipios,C
4125100,São João do Triunfo,PR,demais municipios,C
3171600,Virgem da Lapa,MG,demais municipios,C
2308203,Meruoca,CE,demais municipios,C
1101401,Monte Negro,RO,demais municipios,C
3149705,Perdigão,MG,demais municipios,C
2516102,Soledade,PB,demais municipios,C
2509206,Massaranduba,PB,demais municipios,C
5105200,Juscimeira,MT,demais municipios,C
3112703,Capitão Enéas,MG,demais municipios,C
2612307,Saloá,PE,demais municipios,C
2807501,Tomar do Geru,SE,demais municipios,C
2411403,Santana do Matos,RN,demais municipios,C
2501609,Barra de Santa Rosa,PB,demais municipios,C
3108552,Brasilândia de Minas,MG,demais municipios,C
2313559,Tururu,CE,demais municipios,C
1720903,Taguatinga,TO,demais municipios,C
4208401,Itapiranga,SC,demais municipios,C
2902401,Aurelino Leal,BA,demais municipios,C
2609303,Mirandiba,PE,demais municipios,C
4103909,Campina da Lagoa,PR,demais municipios,C
3106903,Bicas,MG,demais municipios,C
4115408,Marmeleiro,PR,demais municipios,C
2906899,Caraíbas,BA,demais municipios,C
1300904,Canutama,AM,demais municipios,C
2601052,Araçoiaba,PE,demais municipios,C
2703304,Inhapi,AL,demais municipios,C
2905503,Caldeirão Grande,BA,demais municipios,C
5103379,Cotriguaçu,MT,demais municipios,C
2902252,Arataca,BA,demais municipios,C
2931301,Tapiramutá,BA,demais municipios,C
2205409,Joaquim Pires,PI,demais municipios,C
3142205,Miraí,MG,demais municipios,C
2706448,Paripueira,AL,conurbado com uf,C
3116100,Chapada do Norte,MG,demais municipios,C
2106409,Mata Roma,MA,demais municipios,C
1303700,Santo Antônio do Içá,AM,demais municipios,C
2516706,Teixeira,PB,demais municipios,C
2105609,Joselândia,MA,demais municipios,C
3109105,Bueno Brandão,MG,demais municipios,C
4111407,Ivaí,PR,demais municipios,C
4207106,Ilhota,SC,demais municipios,C
3158201,Santa Maria do Suaçuí,MG,demais municipios,C
3540903,Pradópolis,SP,demais municipios,C
1501006,Aveiro,PA,demais municipios,C
2612471,Santa Cruz da Baixa Verde,PE,demais municipios,C
4204558,Correia Pinto,SC,demais municipios,C
3154200,Resende Costa,MG,demais municipios,C
1100346,Alvorada D'Oeste,RO,demais municipios,C
3130507,Ilicínea,MG,demais municipios,C
3140159,Mário Campos,MG,demais municipios,C
4320404,Serafina Corrêa,RS,demais municipios,C
2928059,Santa Luzia,BA,demais municipios,C
4123006,Salto do Lontra,PR,demais municipios,C
2104404,Gonçalves Dias,MA,demais municipios,C
1507102,São Caetano de Odivelas,PA,demais municipios,C
1501576,Bom Jesus do Tocantins,PA,demais municipios,C
5101258,Araputanga,MT,demais municipios,C
5207907,Flores de Goiás,GO,capital de imediata,C
3514809,Eldorado,SP,demais municipios,C
1301605,Fonte Boa,AM,demais municipios,C
1400050,Alto Alegre,RR,demais municipios,C
3504206,Auriflama,SP,demais municipios,C
3136009,Joaíma,MG,demais municipios,C
4204251,Cocal do Sul,SC,demais municipios,C
3104601,Astolfo Dutra,MG,demais municipios,C
3156007,Rio Vermelho,MG,demais municipios,C
1505635,Piçarra,PA,demais municipios,C
4121505,Rebouças,PR,demais municipios,C
5214002,Mozarlândia,GO,demais municipios,C
3134004,Itinga,MG,demais municipios,C
3102100,Alto Rio Doce,MG,demais municipios,C
3509908,Cananéia,SP,demais municipios,C
2507309,Jacaraú,PB,demais municipios,C
5004304,Iguatemi,MS,demais municipios,C
2107407,Olho d'Água das Cunhãs,MA,demais municipios,C
3200169,Água Doce do Norte,ES,demais municipios,C
2900306,Acajutiba,BA,demais municipios,C
4110508,Ipiranga,PR,demais municipios,C
3155702,Rio Piracicaba,MG,demais municipios,C
5106216,Nova Canaã do Norte,MT,demais municipios,C
2612000,Sairé,PE,demais municipios,C
2703809,Joaquim Gomes,AL,demais municipios,C
2919405,Licínio de Almeida,BA,demais municipios,C
4102802,Bela Vista do Paraíso,PR,demais municipios,C
3301157,Cardoso Moreira,RJ,demais municipios,C
3133105,Itanhandu,MG,demais municipios,C
2109270,Presidente Sarney,MA,demais municipios,C
5003454,Deodápolis,MS,demais municipios,C
4308102,Feliz,RS,demais municipios,C
2102705,Cantanhede,MA,demais municipios,C
3202603,Iconha,ES,demais municipios,C
4127965,Turvo,PR,demais municipios,C
3124500,Estiva,MG,demais municipios,C
2106755,Miranda do Norte,MA,demais municipios,C
4300802,Antônio Prado,RS,demais municipios,C
4320701,Sobradinho,RS,capital de imediata,C
2512408,Puxinanã,PB,demais municipios,C
1200013,Acrelândia,AC,demais municipios,C
2901403,Angical,BA,demais municipios,C
5005202,Ladário,MS,demais municipios,C
2804904,Pacatuba,SE,demais municipios,C
3133600,Itapeva,MG,demais municipios,C
2930907,Tabocas do Brejo Velho,BA,demais municipios,C
4101705,Araruna,PR,demais municipios,C
2313906,Uruoca,CE,demais municipios,C
4101903,Assaí,PR,demais municipios,C
5007935,Sonora,MS,demais municipios,C
3506904,Bofete,SP,demais municipios,C
2111078,São João do Soter,MA,demais municipios,C
2802403,Gararu,SE,demais municipios,C
3552700,Tabatinga,SP,demais municipios,C
3170057,Ubaporanga,MG,demais municipios,C
1304104,Tapauá,AM,demais municipios,C
4107009,Curiúva,PR,demais municipios,C
2608602,Lagoa do Ouro,PE,demais municipios,C
3109501,Cabo Verde,MG,demais municipios,C
5107305,São José do Rio Claro,MT,demais municipios,C
2608057,Jatobá,PE,demais municipios,C
3536307,Patrocínio Paulista,SP,demais municipios,C
4305207,Cerro Largo,RS,capital de imediata,C
3520202,Igaratá,SP,demais municipios,C
3112604,Capinópolis,MG,demais municipios,C
3537206,Pedro de Toledo,SP,demais municipios,C
3551801,Sete Barras,SP,demais municipios,C
2928505,Santa Terezinha,BA,demais municipios,C
2400505,Alexandria,RN,demais municipios,C
1716208,Paranã,TO,demais municipios,C
2513406,Santa Luzia,PB,demais municipios,C
2110401,São Benedito do Rio Preto,MA,demais municipios,C
5104609,Itiquira,MT,demais municipios,C
4216701,São José do Cedro,SC,demais municipios,C
2405603,Jardim de Piranhas,RN,demais municipios,C
3528007,Macatuba,SP,demais municipios,C
1508050,Trairão,PA,demais municipios,C
3510708,Cardoso,SP,demais municipios,C
2509404,Mogeiro,PB,demais municipios,C
2308351,Milhã,CE,demais municipios,C
4111902,Jaguapitã,PR,demais municipios,C
2605509,Ferreiros,PE,demais municipios,C
3203809,Muqui,ES,demais municipios,C
3511706,Charqueada,SP,demais municipios,C
2305704,Ipaumirim,CE,demais municipios,C
2311009,Poranga,CE,demais municipios,C
3161809,São Gonçalo do Pará,MG,demais municipios,C
2207504,Palmeirais,PI,demais municipios,C
5106232,Nova Olímpia,MT,demais municipios,C
3120201,Cristais,MG,demais municipios,C
4211504,Nova Trento,SC,demais municipios,C
3140803,Matias Barbosa,MG,demais municipios,C
2108058,Paulino Neves,MA,demais municipios,C
2929800,Saúde,BA,demais municipios,C
2929370,São José do Jacuípe,BA,demais municipios,C
4121802,Ribeirão Claro,PR,demais municipios,C
3154903,Rio Casca,MG,demais municipios,C
2203206,Curimatá,PI,demais municipios,C
4301107,Arroio dos Ratos,RS,demais municipios,C
1504505,Melgaço,PA,demais municipios,C
2104206,Fortuna,MA,demais municipios,C
3133758,Itaú de Minas,MG,demais municipios,C
1100080,Costa Marques,RO,demais municipios,C
3201159,Brejetuba,ES,demais municipios,C
1507508,São João do Araguaia,PA,demais municipios,C
1304302,Urucará,AM,demais municipios,C
3139805,Mar de Espanha,MG,demais municipios,C
2702108,Colônia Leopoldina,AL,demais municipios,C
1303304,Novo Aripuanã,AM,demais municipios,C
2414001,Tangará,RN,demais municipios,C
5106299,Paranaíta,MT,demais municipios,C
3525508,Joanópolis,SP,demais municipios,C
2601805,Betânia,PE,demais municipios,C
3165008,São Tiago,MG,demais municipios,C
2306009,Iracema,CE,demais municipios,C
3548609,São Bento do Sapucaí,SP,demais municipios,C
2404507,Guamaré,RN,demais municipios,C
3107901,Bom Repouso,MG,demais municipios,C
4119103,Piên,PR,demais municipios,C
4321402,Tenente Portela,RS,demais municipios,C
3305901,Trajano de Moraes,RJ,demais municipios,C
4114005,Mamborê,PR,demais municipios,C
4312708,Nonoai,RS,capital de imediata,C
2804102,Moita Bonita,SE,demais municipios,C
3168507,Teixeiras,MG,demais municipios,C
3134707,Jacinto,MG,demais municipios,C
4218905,Urubici,SC,demais municipios,C
2929404,São Miguel das Matas,BA,demais municipios,C
4117057,Nova Laranjeiras,PR,demais municipios,C
3109709,Cachoeira de Minas,MG,demais municipios,C
2925931,Quixabeira,BA,demais municipios,C
2612802,Santa Terezinha,PE,demais municipios,C
4100806,Alvorada do Sul,PR,demais municipios,C
3145000,Nova Ponte,MG,demais municipios,C
4203709,Canelinha,SC,demais municipios,C
3112802,Capitólio,MG,demais municipios,C
1200351,Marechal Thaumaturgo,AC,demais municipios,C
2205003,Itainópolis,PI,demais municipios,C
3540754,Potim,SP,demais municipios,C
3201001,Boa Esperança,ES,demais municipios,C
3521309,Ipuã,SP,demais municipios,C
2912004,Ibiassucê,BA,demais municipios,C
2920908,Mascote,BA,demais municipios,C
3149150,Pedras de Maria da Cruz,MG,demais municipios,C
3117108,Conceição da Aparecida,MG,demais municipios,C
2100832,Apicum-Açu,MA,demais municipios,C
2101301,Bacuri,MA,demais municipios,C
2103257,Cidelândia,MA,demais municipios,C
1300631,Beruri,AM,demais municipios,C
2110302,Santo Antônio dos Lopes,MA,demais municipios,C
3157708,Santa Juliana,MG,demais municipios,C
1100379,Alto Alegre dos Parecis,RO,demais municipios,C
2208106,Pimenteiras,PI,demais municipios,C
3153905,Raposos,MG,demais municipios,C
5107859,São Félix do Araguaia,MT,demais municipios,C
4209607,Lauro Müller,SC,demais municipios,C
4317806,Santo Augusto,RS,demais municipios,C
3106507,Berilo,MG,demais municipios,C
3111309,Campo do Meio,MG,demais municipios,C
3117900,Congonhal,MG,demais municipios,C
1501600,Bonito,PA,demais municipios,C
2919306,Lençóis,BA,demais municipios,C
4113908,Mallet,PR,demais municipios,C
2706109,Ouro Branco,AL,demais municipios,C
3550001,São Luiz do Paraitinga,SP,demais municipios,C
3538105,Pindorama,SP,demais municipios,C
2907558,Caturama,BA,demais municipios,C
4321436,Terra de Areia,RS,demais municipios,C
3129707,Ibiraci,MG,demais municipios,C
2924652,Pintadas,BA,demais municipios,C
1502509,Chaves,PA,demais municipios,C
4103107,Bocaiúva do Sul,PR,demais municipios,C
4100608,Alto Paraná,PR,demais municipios,C
2919603,Macajuba,BA,demais municipios,C
3203353,Marilândia,ES,demais municipios,C
3301801,Engenheiro Paulo de Frontin,RJ,demais municipios,C
3550902,São Simão,SP,demais municipios,C
1200427,Rodrigues Alves,AC,demais municipios,C
2923506,Palmeiras,BA,demais municipios,C
5104203,Guiratinga,MT,demais municipios,C
5201801,Aragoiânia,GO,demais municipios,C
2210805,Simplício Mendes,PI,capital de imediata,C
3518503,Guareí,SP,demais municipios,C
2111763,Senador La Rocque,MA,demais municipios,C
2607802,Itaquitinga,PE,demais municipios,C
2500908,Arara,PB,demais municipios,C
2914307,Iramaia,BA,demais municipios,C
2915106,Itagi,BA,demais municipios,C
3124906,Eugenópolis,MG,demais municipios,C
3532306,Natividade da Serra,SP,demais municipios,C
2803401,Japoatã,SE,demais municipios,C
2911303,Gentio do Ouro,BA,demais municipios,C
3204807,São José do Calçado,ES,demais municipios,C
2102358,Buritirana,MA,demais municipios,C
4302352,Bom Princípio,RS,demais municipios,C
2603306,Calçado,PE,demais municipios,C
5205307,Cavalcante,GO,demais municipios,C
2904209,Botuporã,BA,demais municipios,C
2103174,Centro Novo do Maranhão,MA,demais municipios,C
1101302,Mirante da Serra,RO,demais municipios,C
2901700,Antônio Cardoso,BA,demais municipios,C
1302306,Jutaí,AM,demais municipios,C
2608255,Jucati,PE,demais municipios,C
2905107,Caém,BA,demais municipios,C
2700201,Anadia,AL,demais municipios,C
4114500,Manoel Ribas,PR,demais municipios,C
3139904,Maria da Fé,MG,demais municipios,C
4107504,Engenheiro Beltrão,PR,demais municipios,C
4301909,Barra do Ribeiro,RS,demais municipios,C
3201704,Conceição do Castelo,ES,demais municipios,C
2918456,Jucuruçu,BA,demais municipios,C
1711902,Lagoa da Confusão,TO,demais municipios,C
5102793,Carlinda,MT,demais municipios,C
3109907,Caetanópolis,MG,demais municipios,C
4317707,Santo Antônio das Missões,RS,demais municipios,C
2900504,Érico Cardoso,BA,demais municipios,C
2914109,Ipupiara,BA,demais municipios,C
1505007,Nova Timboteua,PA,demais municipios,C
2926657,Ribeirão do Largo,BA,demais municipios,C
2300507,Alcântaras,CE,demais municipios,C
3117702,Conceição do Rio Verde,MG,demais municipios,C
2504900,Cruz do Espírito Santo,PB,demais municipios,C
5217203,Piranhas,GO,demais municipios,C
3108107,Bonfim,MG,demais municipios,C
4121901,Ribeirão do Pinhal,PR,demais municipios,C
5105580,Marcelândia,MT,demais municipios,C
4119806,Planalto,PR,demais municipios,C
2414605,Upanema,RN,demais municipios,C
5106828,Porto Esperidião,MT,demais municipios,C
4203303,Campo Alegre,SC,demais municipios,C
2610301,Paranatama,PE,demais municipios,C
3304128,Quatis,RJ,demais municipios,C
1200138,Bujari,AC,conurbado com uf,C
1300409,Barcelos,AM,demais municipios,C
2203453,Dom Inocêncio,PI,demais municipios,C
1101500,Seringueiras,RO,demais municipios,C
2706000,Olivença,AL,demais municipios,C
4217600,Siderópolis,SC,demais municipios,C
3203130,João Neiva,ES,demais municipios,C
1716505,Pedro Afonso,TO,demais municipios,C
2707206,Poço das Trincheiras,AL,demais municipios,C
4215505,Santa Cecília,SC,demais municipios,C
5203906,Buriti Alegre,GO,demais municipios,C
3137403,Lagoa Dourada,MG,demais municipios,C
2201150,Baixa Grande do Ribeiro,PI,demais municipios,C
2920452,Mansidão,BA,demais municipios,C
3545605,Santa Adélia,SP,demais municipios,C
2201101,Avelino Lopes,PI,demais municipios,C
5204102,Cachoeira Alta,GO,demais municipios,C
3170008,Ubaí,MG,demais municipios,C
2910008,Dário Meira,BA,demais municipios,C
3111507,Campos Altos,MG,demais municipios,C
2924678,Piraí do Norte,BA,demais municipios,C
2930006,Sebastião Laranjeiras,BA,demais municipios,C
3556107,Valentim Gentil,SP,demais municipios,C
1100700,Campo Novo de Rondônia,RO,demais municipios,C
2801504,Carmópolis,SE,demais municipios,C
3146909,Papagaios,MG,demais municipios,C
4127858,Três Barras do Paraná,PR,demais municipios,C
3133204,Itanhomi,MG,demais municipios,C
1301803,Ipixuna,AM,demais municipios,C
4218806,Turvo,SC,demais municipios,C
3110707,Cambuquira,MG,demais municipios,C
2500502,Alagoinha,PB,demais municipios,C
2929008,São Félix,BA,demais municipios,C
2611200,Poção,PE,demais municipios,C
3514502,Duartina,SP,demais municipios,C
4123808,Santa Izabel do Oeste,PR,demais municipios,C
4211603,Nova Veneza,SC,demais municipios,C
4118907,Pérola,PR,demais municipios,C
2917359,Jaborandi,BA,demais municipios,C
2804458,Nossa Senhora Aparecida,SE,demais municipios,C
2615508,Tracunhaém,PE,demais municipios,C
2703007,Ibateguara,AL,demais municipios,C
4320206,Seberi,RS,demais municipios,C
2806305,Santa Luzia do Itanhy,SE,demais municipios,C
2905156,Caetanos,BA,demais municipios,C
2901601,Antas,BA,demais municipios,C
1304401,Urucurituba,AM,demais municipios,C
3203163,Laranja da Terra,ES,demais municipios,C
2906105,Canápolis,BA,demais municipios,C
3519055,Holambra,SP,demais municipios,C
5220009,São João d'Aliança,GO,demais municipios,C
3127602,Gouveia,MG,demais municipios,C
3304607,Santa Maria Madalena,RJ,demais municipios,C
2804003,Maruim,SE,demais municipios,C
4306205,Cruzeiro do Sul,RS,demais municipios,C
3161908,São Gonçalo do Rio Abaixo,MG,demais municipios,C
2705200,Messias,AL,demais municipios,C
5108006,Tapurah,MT,demais municipios,C
4209904,Lontras,SC,demais municipios,C
2921450,Mirante,BA,demais municipios,C
2305332,Ibicuitinga,CE,demais municipios,C
1702406,Arraias,TO,demais municipios,C
4118808,Peabiru,PR,demais municipios,C
3203106,Jerônimo Monteiro,ES,demais municipios,C
2102507,Cajari,MA,demais municipios,C
2708956,Senador Rui Palmeira,AL,demais municipios,C
5200605,Alto Paraíso de Goiás,GO,demais municipios,C
4116109,Moreira Sales,PR,demais municipios,C
4311106,Jaguari,RS,demais municipios,C
5207402,Edéia,GO,demais municipios,C
3511300,Cedral,SP,demais municipios,C
2923035,Novo Horizonte,BA,demais municipios,C
3114105,Carmo de Minas,MG,demais municipios,C
1502608,Colares,PA,demais municipios,C
3528809,Maracaí,SP,demais municipios,C
4112504,Jardim Alegre,PR,demais municipios,C
2106805,Mirinzal,MA,demais municipios,C
3151305,Piraúba,MG,demais municipios,C
3166808,Serra do Salitre,MG,demais municipios,C
2515104,São Sebastião de Lagoa de Roça,PB,demais municipios,C
1303007,Nhamundá,AM,demais municipios,C
4301206,Arroio do Tigre,RS,demais municipios,C
2103752,Davinópolis,MA,demais municipios,C
5108055,Terra Nova do Norte,MT,demais municipios,C
2930758,Sítio do Mato,BA,demais municipios,C
3551900,Severínia,SP,demais municipios,C
5213707,Montes Claros de Goiás,GO,demais municipios,C
3553955,Tarumã,SP,demais municipios,C
2921054,Matina,BA,demais municipios,C
4302402,Bom Retiro do Sul,RS,demais municipios,C
3301603,Duas Barras,RJ,demais municipios,C
2413359,Serra do Mel,RN,demais municipios,C
4121000,Querência do Norte,PR,demais municipios,C
2902658,Banzaê,BA,demais municipios,C
2609808,Orocó,PE,demais municipios,C
2706505,Passo de Camaragibe,AL,demais municipios,C
2924702,Piripá,BA,demais municipios,C
1101708,Urupá,RO,demais municipios,C
1101609,Theobroma,RO,demais municipios,C
3306156,Varre-Sai,RJ,demais municipios,C
3101003,Águas Vermelhas,MG,demais municipios,C
3160306,Santo Antônio do Jacinto,MG,demais municipios,C
3114006,Carmo da Mata,MG,demais municipios,C
2922250,Muquém do São Francisco,BA,demais municipios,C
2923902,Pau Brasil,BA,demais municipios,C
2204303,Fronteiras,PI,demais municipios,C
2409803,Pedro Velho,RN,demais municipios,C
4208708,Jacinto Machado,SC,demais municipios,C
5212303,Leopoldo de Bulhões,GO,demais municipios,C
3300225,Areal,RJ,demais municipios,C
2601508,Belém de Maria,PE,demais municipios,C
3108255,Bonito de Minas,MG,demais municipios,C
2502805,Brejo do Cruz,PB,demais municipios,C
3519402,Ibirá,SP,demais municipios,C
4302303,Bom Jesus,RS,demais municipios,C
3522901,Itapuí,SP,demais municipios,C
2510907,Paulista,PB,demais municipios,C
2612901,São Benedito do Sul,PE,demais municipios,C
2105476,Jenipapo dos Vieiras,MA,demais municipios,C
5006903,Porto Murtinho,MS,demais municipios,C
2700607,Barra de São Miguel,AL,demais municipios,C
2108801,Pirapemas,MA,demais municipios,C
1300680,Boa Vista do Ramos,AM,demais municipios,C
4125001,São João do Ivaí,PR,demais municipios,C
2806800,São Domingos,SE,demais municipios,C
2614303,Moreilândia,PE,demais municipios,C
3116159,Chapada Gaúcha,MG,demais municipios,C
5204706,Campinorte,GO,demais municipios,C
4102505,Barbosa Ferraz,PR,demais municipios,C
4102307,Balsa Nova,PR,demais municipios,C
2603926,Carnaubeira da Penha,PE,demais municipios,C
4112801,Joaquim Távora,PR,demais municipios,C
5004007,Glória de Dourados,MS,demais municipios,C
3152303,Porto Firme,MG,demais municipios,C
3532603,Nhandeara,SP,demais municipios,C
3123700,Engenheiro Caldas,MG,demais municipios,C
4321667,Três Cachoeiras,RS,demais municipios,C
2926905,Rio do Pires,BA,demais municipios,C
2305654,Ipaporanga,CE,demais municipios,C
2110906,São Francisco do Maranhão,MA,demais municipios,C
3513900,Divinolândia,SP,demais municipios,C
2205102,Itaueira,PI,demais municipios,C
3136900,Juruaia,MG,demais municipios,C
2400703,Alto do Rodrigues,RN,demais municipios,C
2701308,Cajueiro,AL,demais municipios,C
4116703,Nova Aurora,PR,demais municipios,C
1502855,Curuá,PA,demais municipios,C
2506400,Gurinhém,PB,demais municipios,C
3551108,Sarapuí,SP,demais municipios,C
1300102,Anori,AM,demais municipios,C
5216403,Paraúna,GO,demais municipios,C
4216800,São José do Cerrito,SC,demais municipios,C
3548054,Santo Antônio do Aracanguá,SP,demais municipios,C
3164605,São Sebastião do Oeste,MG,demais municipios,C
4110805,Iretama,PR,demais municipios,C
5212808,Mara Rosa,GO,demais municipios,C
3535002,Palestina,SP,demais municipios,C
3517901,Guaraci,SP,demais municipios,C
4124707,São Jerônimo da Serra,PR,demais municipios,C
3102902,Antônio Carlos,MG,demais municipios,C
3151602,Planura,MG,demais municipios,C
3166204,Senhora dos Remédios,MG,demais municipios,C
2931707,Terra Nova,BA,demais municipios,C
4214706,Rio dos Cedros,SC,demais municipios,C
2602704,Buenos Aires,PE,demais municipios,C
3300159,Aperibé,RJ,demais municipios,C
1502764,Cumaru do Norte,PA,demais municipios,C
3170529,Urucuia,MG,demais municipios,C
2310407,Paramoti,CE,demais municipios,C
2402709,Cerro Corá,RN,demais municipios,C
1303205,Novo Airão,AM,demais municipios,C
1716604,Peixe,TO,demais municipios,C
2405702,Jardim do Seridó,RN,demais municipios,C
2105963,Lagoa Grande do Maranhão,MA,demais municipios,C
2900108,Abaíra,BA,demais municipios,C
3506706,Boa Esperança do Sul,SP,demais municipios,C
2506103,Fagundes,PB,demais municipios,C
3141603,Mercês,MG,demais municipios,C
3202256,Governador Lindenberg,ES,demais municipios,C
3520905,Ipaussu,SP,demais municipios,C
2404705,Ipanguaçu,RN,demais municipios,C
4111209,Itapejara d'Oeste,PR,demais municipios,C
2921302,Milagres,BA,demais municipios,C
4317004,Santana da Boa Vista,RS,demais municipios,C
2404309,Governador Dix-Sept Rosado,RN,demais municipios,C
2933109,Várzea do Poço,BA,demais municipios,C
5208400,Goianápolis,GO,demais municipios,C
3113503,Carbonita,MG,demais municipios,C
2803906,Malhador,SE,demais municipios,C
5213756,Montividiu,GO,demais municipios,C
3149101,Pedralva,MG,demais municipios,C
2107357,Nova Olinda do Maranhão,MA,demais municipios,C
3529807,Mineiros do Tietê,SP,demais municipios,C
1720200,São Miguel do Tocantins,TO,demais municipios,C
4116059,Missal,PR,demais municipios,C
2902054,Araçás,BA,demais municipios,C
2513109,Salgado de São Félix,PB,demais municipios,C
2922730,Nova Fátima,BA,demais municipios,C
1714880,Nova Olinda,TO,demais municipios,C
3125903,Ferros,MG,demais municipios,C
3541703,Quatá,SP,demais municipios,C
2104602,Governador Eugênio Barros,MA,demais municipios,C
3130200,Igaratinga,MG,demais municipios,C
5106240,Nova Ubiratã,MT,demais municipios,C
5216809,Petrolina de Goiás,GO,demais municipios,C
2210656,Sigefredo Pacheco,PI,demais municipios,C
2704609,Maravilha,AL,demais municipios,C
3114550,Carneirinho,MG,demais municipios,C
3202553,Ibitirama,ES,demais municipios,C
2401800,Brejinho,RN,demais municipios,C
3535200,Palmeira d'Oeste,SP,demais municipios,C
2303600,Catarina,CE,demais municipios,C
4124020,Santa Tereza do Oeste,PR,demais municipios,C
4123857,Santa Maria do Oeste,PR,demais municipios,C
1301506,Envira,AM,demais municipios,C
2916906,Itiruçu,BA,demais municipios,C
3121209,Delfinópolis,MG,demais municipios,C
5202502,Aruanã,GO,demais municipios,C
4206207,Gravatal,SC,demais municipios,C
3128204,Guaraciaba,MG,demais municipios,C
2509008,Manaíra,PB,demais municipios,C
5003488,Dois Irmãos do Buriti,MS,demais municipios,C
5205802,Corumbá de Goiás,GO,demais municipios,C
3538501,Piquete,SP,demais municipios,C
4122503,Roncador,PR,demais municipios,C
5219803,São Domingos,GO,demais municipios,C
2305266,Ibaretama,CE,demais municipios,C
2407500,Maxaranguape,RN,demais municipios,C
3113909,Carmo da Cachoeira,MG,demais municipios,C
3532009,Morungaba,SP,demais municipios,C
5219704,Santa Terezinha de Goiás,GO,demais municipios,C
2702009,Coité do Nóia,AL,demais municipios,C
4301404,Arvorezinha,RS,demais municipios,C
1101005,Governador Jorge Teixeira,RO,demais municipios,C
2708105,Santana do Mundaú,AL,demais municipios,C
3116506,Claro dos Poções,MG,demais municipios,C
4306932,Entre-Ijuís,RS,demais municipios,C
3131802,Itabirinha,MG,demais municipios,C
4118006,Paraíso do Norte,PR,demais municipios,C
3162559,São João do Manhuaçu,MG,demais municipios,C
4124806,São João,PR,demais municipios,C
2204204,Francisco Santos,PI,demais municipios,C
3202900,Itarana,ES,demais municipios,C
2806602,Santo Amaro das Brotas,SE,demais municipios,C
4210001,Luiz Alves,SC,demais municipios,C
4105102,Centenário do Sul,PR,demais municipios,C
1713304,Miranorte,TO,demais municipios,C
2210508,São Pedro do Piauí,PI,demais municipios,C
2303931,Choró,CE,demais municipios,C
2106300,Magalhães de Almeida,MA,demais municipios,C
5205901,Corumbaíba,GO,demais municipios,C
2601300,Barra de Guabiraba,PE,demais municipios,C
2109403,Primeira Cruz,MA,demais municipios,C
2408953,Rio do Fogo,RN,demais municipios,C
4304689,Capela de Santana,RS,demais municipios,C
2304905,Groaíras,CE,demais municipios,C
3129301,Iapu,MG,demais municipios,C
2100808,Anapurus,MA,demais municipios,C
4117255,Nova Prata do Iguaçu,PR,demais municipios,C
4117107,Nova Londrina,PR,demais municipios,C
4209706,Lebon Régis,SC,demais municipios,C
1400159,Bonfim,RR,demais municipios,C
3536000,Parapuã,SP,demais municipios,C
2904407,Brejolândia,BA,demais municipios,C
5207808,Firminópolis,GO,demais municipios,C
2104107,Fortaleza dos Nogueiras,MA,demais municipios,C
3204401,Rio Novo do Sul,ES,demais municipios,C
4204707,Cunha Porã,SC,demais municipios,C
2105351,Itaipava do Grajaú,MA,demais municipios,C
3132909,Itamogi,MG,demais municipios,C
3552601,Tabapuã,SP,demais municipios,C
4322533,Vale do Sol,RS,demais municipios,C
2701704,Capela,AL,demais municipios,C
3158508,Santana de Pirapama,MG,demais municipios,C
4315107,Porto Xavier,RS,demais municipios,C
4120507,Primeiro de Maio,PR,demais municipios,C
4304713,Caraá,RS,demais municipios,C
5101605,Barão de Melgaço,MT,demais municipios,C
4110078,Imbaú,PR,demais municipios,C
2412302,São José do Campestre,RN,demais municipios,C
3550803,São Sebastião da Grama,SP,demais municipios,C
3100500,Açucena,MG,demais municipios,C
2411056,Tibau,RN,demais municipios,C
3117801,Conceição dos Ouros,MG,demais municipios,C
3121407,Desterro de Entre Rios,MG,demais municipios,C
3132305,Itaipé,MG,demais municipios,C
2413904,Taipu,RN,demais municipios,C
4123402,Santa Fé,PR,demais municipios,C
2105906,Lago Verde,MA,demais municipios,C
5218607,Rialma,GO,demais municipios,C
3154804,Rio Acima,MG,demais municipios,C
4217006,São Ludgero,SC,demais municipios,C
2303907,Chaval,CE,demais municipios,C
2933174,Varzedo,BA,demais municipios,C
3205150,Vila Pavão,ES,demais municipios,C
2409308,Patu,RN,demais municipios,C
3161502,São Geraldo,MG,demais municipios,C
3125952,Fervedouro,MG,demais municipios,C
1100072,Corumbiara,RO,demais municipios,C
2400802,Angicos,RN,demais municipios,C
2920809,Marcionílio Souza,BA,demais municipios,C
3145356,Novo Oriente de Minas,MG,demais municipios,C
3164506,São Sebastião do Maranhão,MG,demais municipios,C
4302907,Cacequi,RS,demais municipios,C
3126505,Francisco Badaró,MG,demais municipios,C
5100409,Alto Garças,MT,demais municipios,C
4305306,Chapada,RS,demais municipios,C
3130051,Icaraí de Minas,MG,demais municipios,C
3556354,Vargem,SP,demais municipios,C
3171709,Virgínia,MG,demais municipios,C
2910305,Elísio Medrado,BA,demais municipios,C
3105004,Baldim,MG,demais municipios,C
5004908,Jaraguari,MS,demais municipios,C
3103009,Antônio Dias,MG,demais municipios,C
3143500,Morada Nova de Minas,MG,demais municipios,C
3536406,Paulicéia,SP,demais municipios,C
2206605,Monte Alegre do Piauí,PI,demais municipios,C
4206405,Guaraciaba,SC,demais municipios,C
1400456,Pacaraima,RR,capital de imediata,C
3517208,Guaiçara,SP,demais municipios,C
5000856,Angélica,MS,demais municipios,C
3204955,São Roque do Canaã,ES,demais municipios,C
5106778,Porto Alegre do Norte,MT,demais municipios,C
5108501,Vera,MT,demais municipios,C
2604304,Cedro,PE,demais municipios,C
5107180,Ribeirão Cascalheira,MT,demais municipios,C
2511509,Pilar,PB,demais municipios,C
3542909,Ribeirão Bonito,SP,demais municipios,C
2604403,Chã de Alegria,PE,demais municipios,C
4100301,Agudos do Sul,PR,demais municipios,C
5004106,Guia Lopes da Laguna,MS,demais municipios,C
2917334,Iuiu,BA,demais municipios,C
3202504,Ibiraçu,ES,demais municipios,C
3118700,Coqueiral,MG,demais municipios,C
2927903,Santa Inês,BA,demais municipios,C
1709005,Goiatins,TO,demais municipios,C
3519105,Iacanga,SP,demais municipios,C
2412559,São Miguel do Gostoso,RN,demais municipios,C
2611408,Primavera,PE,demais municipios,C
4123907,Santa Mariana,PR,demais municipios,C
3516903,General Salgado,SP,demais municipios,C
2208650,Queimada Nova,PI,demais municipios,C
3171808,Virginópolis,MG,demais municipios,C
4311775,Maquiné,RS,demais municipios,C
2204402,Gilbués,PI,demais municipios,C
2202406,Capitão de Campos,PI,demais municipios,C
2300150,Acarape,CE,demais municipios,C
1303502,Pauini,AM,demais municipios,C
2704807,Maribondo,AL,demais municipios,C
2404606,Ielmo Marinho,RN,demais municipios,C
2902203,Aramari,BA,demais municipios,C
2501401,Baía da Traição,PB,demais municipios,C
3151107,Pirapetinga,MG,demais municipios,C
3516002,Flórida Paulista,SP,demais municipios,C
5003751,Eldorado,MS,demais municipios,C
2919108,Lamarão,BA,demais municipios,C
2922854,Nova Redenção,BA,demais municipios,C
3553609,Tapiratiba,SP,demais municipios,C
4216404,São João do Sul,SC,demais municipios,C
2506707,Imaculada,PB,demais municipios,C
2604155,Casinhas,PE,demais municipios,C
3534906,Pacaembu,SP,demais municipios,C
3557204,Chavantes,SP,demais municipios,C
2800407,Arauá,SE,demais municipios,C
3503406,Arealva,SP,demais municipios,C
1722107,Xambioá,TO,demais municipios,C
4204400,Coronel Freitas,SC,demais municipios,C
3135357,Japonvar,MG,demais municipios,C
2414506,Umarizal,RN,demais municipios,C
2107456,Olinda Nova do Maranhão,MA,demais municipios,C
2409100,Passa e Fica,RN,demais municipios,C
1100502,Novo Horizonte do Oeste,RO,demais municipios,C
2110278,Santo Amaro do Maranhão,MA,demais municipios,C
2409902,Pendências,RN,demais municipios,C
2500106,Água Branca,PB,demais municipios,C
1301654,Guajará,AM,demais municipios,C
2308377,Miraíma,CE,demais municipios,C
4108502,General Carneiro,PR,demais municipios,C
4112702,Jataizinho,PR,demais municipios,C
2602506,Brejinho,PE,demais municipios,C
2706422,Pariconha,AL,demais municipios,C
3158003,Santa Maria de Itabira,MG,demais municipios,C
5003157,Coronel Sapucaia,MS,demais municipios,C
3506805,Bocaina,SP,demais municipios,C
3152709,Prados,MG,demais municipios,C
1200179,Capixaba,AC,demais municipios,C
5209903,Iaciara,GO,demais municipios,C
2111052,São João do Paraíso,MA,demais municipios,C
3162450,São João das Missões,MG,demais municipios,C
2901809,Antônio Gonçalves,BA,demais municipios,C
2616506,Xexéu,PE,demais municipios,C
3504909,Bananal,SP,demais municipios,C
5205471,Chapadão do Céu,GO,demais municipios,C
3168903,Tiros,MG,demais municipios,C
4128401,Uraí,PR,demais municipios,C
2916203,Itapé,BA,demais municipios,C
3200136,Águia Branca,ES,demais municipios,C
2608206,Joaquim Nabuco,PE,demais municipios,C
2210201,São José do Piauí,PI,demais municipios,C
2920304,Malhada de Pedras,BA,demais municipios,C
4207908,Irineópolis,SC,demais municipios,C
1600154,Pedra Branca do Amapari,AP,demais municipios,C
2102556,Campestre do Maranhão,MA,demais municipios,C
3544905,Sales Oliveira,SP,demais municipios,C
4304358,Candiota,RS,demais municipios,C
4315800,Roca Sales,RS,demais municipios,C
2911006,Floresta Azul,BA,demais municipios,C
2401206,Arês,RN,demais municipios,C
2312601,São Luís do Curu,CE,demais municipios,C
5105176,Juruena,MT,demais municipios,C
4202206,Benedito Novo,SC,demais municipios,C
2206720,Nazária,PI,conurbado com uf,C
2201606,Beneditinos,PI,demais municipios,C
2911659,Guajeru,BA,demais municipios,C
4215109,Rodeio,SC,demais municipios,C
4104451,Cantagalo,PR,demais municipios,C
3134806,Jacuí,MG,demais municipios,C
1507961,Terra Alta,PA,demais municipios,C
3159209,Santa Rita de Caldas,MG,demais municipios,C
4127809,Tomazina,PR,demais municipios,C
2309805,Pacoti,CE,demais municipios,C
2907707,Chorrochó,BA,demais municipios,C
2200707,Anísio de Abreu,PI,demais municipios,C
2805307,Pirambu,SE,demais municipios,C
2301257,Ararendá,CE,demais municipios,C
2505709,Dona Inês,PB,demais municipios,C
2903953,Bom Jesus da Serra,BA,demais municipios,C
3106408,Belo Vale,MG,demais municipios,C
3164308,São Roque de Minas,MG,demais municipios,C
3201100,Bom Jesus do Norte,ES,demais municipios,C
2510105,Nova Floresta,PB,demais municipios,C
4120002,Porecatu,PR,demais municipios,C
4105300,Céu Azul,PR,demais municipios,C
2916302,Itapebi,BA,demais municipios,C
3539004,Pirangi,SP,demais municipios,C
2301406,Aratuba,CE,demais municipios,C
3527603,Luís Antônio,SP,demais municipios,C
4103057,Boa Vista da Aparecida,PR,demais municipios,C
5002001,Batayporã,MS,demais municipios,C
3148301,Paula Cândido,MG,demais municipios,C
1300201,Atalaia do Norte,AM,demais municipios,C
2616100,Verdejante,PE,demais municipios,C
3151909,Pocrane,MG,demais municipios,C
2928950,São Domingos,BA,demais municipios,C
5007554,Santa Rita do Pardo,MS,demais municipios,C
3120508,Cristina,MG,demais municipios,C
3150505,Pimenta,MG,demais municipios,C
2202505,Caracol,PI,demais municipios,C
2307908,Martinópole,CE,demais municipios,C
2701209,Cacimbinhas,AL,demais municipios,C
4125209,São Jorge d'Oeste,PR,demais municipios,C
4126678,Tamarana,PR,demais municipios,C
5108956,Nova Monte Verde,MT,demais municipios,C
5107941,Tabaporã,MT,demais municipios,C
3138658,Lontra,MG,demais municipios,C
4308300,Fontoura Xavier,RS,demais municipios,C
2609105,Machados,PE,demais municipios,C
2103554,Conceição do Lago-Açu,MA,demais municipios,C
3168804,Tiradentes,MG,demais municipios,C
3111804,Canápolis,MG,demais municipios,C
4314704,Planalto,RS,demais municipios,C
3142106,Miradouro,MG,demais municipios,C
5205000,Carmo do Rio Verde,GO,demais municipios,C
2707602,Quebrangulo,AL,demais municipios,C
3152170,Ponto dos Volantes,MG,demais municipios,C
3553005,Taguaí,SP,demais municipios,C
4105607,Cidade Gaúcha,PR,demais municipios,C
2601003,Angelim,PE,demais municipios,C
3123007,Dores de Campos,MG,demais municipios,C
3506300,Bernardino de Campos,SP,demais municipios,C
3156601,Rubim,MG,demais municipios,C
1300029,Alvarães,AM,demais municipios,C
4214201,Quilombo,SC,demais municipios,C
2502409,Bonito de Santa Fé,PB,demais municipios,C
4314159,Paverama,RS,demais municipios,C
4305173,Cerro Grande do Sul,RS,demais municipios,C
5103056,Cláudia,MT,demais municipios,C
2917904,Jandaíra,BA,demais municipios,C
3200706,Atílio Vivácqua,ES,demais municipios,C
2702504,Dois Riachos,AL,demais municipios,C
2300101,Abaiara,CE,demais municipios,C
2303659,Catunda,CE,demais municipios,C
3117009,Comercinho,MG,demais municipios,C
2918605,Jussiape,BA,demais municipios,C
5102603,Campinápolis,MT,demais municipios,C
4302006,Barros Cassal,RS,demais municipios,C
4304903,Casca,RS,demais municipios,C
2402105,Campo Redondo,RN,demais municipios,C
2928307,Santanópolis,BA,demais municipios,C
5105002,Jauru,MT,demais municipios,C
2206407,Monsenhor Gil,PI,demais municipios,C
2106003,Lima Campos,MA,demais municipios,C
3109204,Buenópolis,MG,demais municipios,C
3165206,São Tomé das Letras,MG,demais municipios,C
2111532,São Pedro da Água Branca,MA,demais municipios,C
2508000,Juru,PB,demais municipios,C
5211008,Itapirapuã,GO,demais municipios,C
2924900,Planaltino,BA,demais municipios,C
4316451,Salto do Jacuí,RS,demais municipios,C
1101757,Vale do Anari,RO,demais municipios,C
3144656,Ninheira,MG,demais municipios,C
3534757,Ouroeste,SP,demais municipios,C
4216008,São Carlos,SC,demais municipios,C
3147709,Passa Tempo,MG,demais municipios,C
5004403,Inocência,MS,demais municipios,C
2100501,Alto Parnaíba,MA,demais municipios,C
3154101,Recreio,MG,demais municipios,C
4108007,Florestópolis,PR,demais municipios,C
2410108,Poço Branco,RN,demais municipios,C
3107208,Bocaina de Minas,MG,demais municipios,C
2208502,Porto,PI,demais municipios,C
2412906,São Tomé,RN,demais municipios,C
4211009,Mondaí,SC,demais municipios,C
4201000,Anita Garibaldi,SC,demais municipios,C
4320677,Sinimbu,RS,demais municipios,C
3151008,Piranguinho,MG,demais municipios,C
5215009,Nova Veneza,GO,demais municipios,C
1100924,Chupinguaia,RO,demais municipios,C
3129004,Guiricema,MG,demais municipios,C
2202059,Cabeceiras do Piauí,PI,demais municipios,C
2925402,Potiraguá,BA,demais municipios,C
3513207,Cristais Paulista,SP,demais municipios,C
2407708,Montanhas,RN,demais municipios,C
4202602,Bom Retiro,SC,demais municipios,C
4312906,Nova Bassano,RS,demais municipios,C
5203401,Bom Jardim de Goiás,GO,demais municipios,C
2100154,Água Doce do Maranhão,MA,demais municipios,C
1702000,Araguaçu,TO,demais municipios,C
2310001,Palhano,CE,demais municipios,C
2910107,Dom Basílio,BA,demais municipios,C
1722081,Wanderlândia,TO,demais municipios,C
2602407,Brejão,PE,demais municipios,C
3504800,Bálsamo,SP,demais municipios,C
5000807,Anaurilândia,MS,demais municipios,C
4110953,Itaipulândia,PR,demais municipios,C
4212304,Paulo Lopes,SC,demais municipios,C
5001508,Bandeirantes,MS,demais municipios,C
3135704,Jequitibá,MG,demais municipios,C
3531209,Monte Alegre do Sul,SP,demais municipios,C
2501575,Barra de Santana,PB,demais municipios,C
2112852,Vila Nova dos Martírios,MA,demais municipios,C
3118908,Cordisburgo,MG,demais municipios,C
3153608,Prudente de Morais,MG,demais municipios,C
2206506,Monsenhor Hipólito,PI,demais municipios,C
2204808,Ipiranga do Piauí,PI,demais municipios,C
4309050,Glorinha,RS,demais municipios,C
5101308,Arenápolis,MT,demais municipios,C
4311502,Lavras do Sul,RS,demais municipios,C
5220504,Serranópolis,GO,demais municipios,C
2200251,Alagoinha do Piauí,PI,demais municipios,C
3103900,Araújos,MG,demais municipios,C
2207603,Parnaguá,PI,demais municipios,C
2909000,Cordeiros,BA,demais municipios,C
4205308,Faxinal dos Guedes,SC,demais municipios,C
2604809,Cortês,PE,demais municipios,C
5203559,Bonfinópolis,GO,demais municipios,C
5207253,Doverlândia,GO,demais municipios,C
3121100,Delfim Moreira,MG,demais municipios,C
2105153,Igarapé do Meio,MA,demais municipios,C
2505402,Desterro,PB,demais municipios,C
3517000,Getulina,SP,demais municipios,C
3555604,Uchoa,SP,demais municipios,C
2400109,Acari,RN,demais municipios,C
2615904,Tuparetama,PE,demais municipios,C
2201051,Assunção do Piauí,PI,demais municipios,C
2912806,Ibirapuã,BA,demais municipios,C
4201208,Antônio Carlos,SC,demais municipios,C
5214861,Nova Glória,GO,demais municipios,C
2921609,Morpará,BA,demais municipios,C
2906402,Candeal,BA,demais municipios,C
2703601,Japaratinga,AL,demais municipios,C
5102850,Castanheira,MT,demais municipios,C
4215653,Santa Rosa do Sul,SC,demais municipios,C
4200200,Agrolândia,SC,demais municipios,C
4207809,Irani,SC,demais municipios,C
5203203,Barro Alto,GO,demais municipios,C
2923308,Ouriçangas,BA,demais municipios,C
2203107,Cristino Castro,PI,demais municipios,C
4109906,Icaraíma,PR,demais municipios,C
3112505,Capim Branco,MG,demais municipios,C
3144508,Nazareno,MG,demais municipios,C
4118105,Paranacity,PR,capital de imediata,C
4321006,Tapera,RS,demais municipios,C
2311207,Potengi,CE,demais municipios,C
3150158,Piedade de Caratinga,MG,demais municipios,C
2403806,Florânia,RN,demais municipios,C
4215455,Sangão,SC,demais municipios,C
2104909,Guimarães,MA,demais municipios,C
3554706,Torrinha,SP,demais municipios,C
4301750,Barão do Triunfo,RS,demais municipios,C
2111904,Sucupira do Norte,MA,demais municipios,C
4107900,Floresta,PR,demais municipios,C
4313953,Pantano Grande,RS,demais municipios,C
5205455,Cezarina,GO,demais municipios,C
3528601,Manduri,SP,demais municipios,C
3169208,Tombos,MG,demais municipios,C
3136504,Jordânia,MG,demais municipios,C
2919959,Maetinga,BA,demais municipios,C
3122454,Divisópolis,MG,demais municipios,C
3131505,Ipuiúna,MG,demais municipios,C
3153509,Alto Jequitibá,MG,demais municipios,C
3544806,Sales,SP,demais municipios,C
4109500,Guaraqueçaba,PR,demais municipios,C
3512902,Cosmorama,SP,demais municipios,C
5002159,Bodoquena,MS,demais municipios,C
5207535,Faina,GO,demais municipios,C
5001243,Aral Moreira,MS,demais municipios,C
2933406,Wagner,BA,demais municipios,C
3145877,Orizânia,MG,demais municipios,C
3126208,Formoso,MG,demais municipios,C
2108405,Peri Mirim,MA,demais municipios,C
4308805,General Câmara,RS,demais municipios,C
2306801,Jaguaribara,CE,demais municipios,C
2401701,Bom Jesus,RN,demais municipios,C
2407005,Luís Gomes,RN,demais municipios,C
3126000,Florestal,MG,demais municipios,C
4217303,Saudades,SC,demais municipios,C
3543709,Rincão,SP,demais municipios,C
2503308,Cachoeira dos Índios,PB,demais municipios,C
2919900,Macururé,BA,demais municipios,C
1200344,Manoel Urbano,AC,demais municipios,C
4305801,Constantina,RS,demais municipios,C
1506104,Primavera,PA,demais municipios,C
3137106,Lagamar,MG,demais municipios,C
3119203,Coroaci,MG,demais municipios,C
3129103,Gurinhatã,MG,demais municipios,C
4316105,Ronda Alta,RS,demais municipios,C
1304260,Uarini,AM,demais municipios,C
3536109,Pardinho,SP,demais municipios,C
1716703,Colméia,TO,demais municipios,C
4319802,São Vicente do Sul,RS,demais municipios,C
3158904,Santana do Manhuaçu,MG,demais municipios,C
3161700,São Gonçalo do Abaeté,MG,demais municipios,C
2309102,Mulungu,CE,demais municipios,C
1304005,Silves,AM,demais municipios,C
3532504,Neves Paulista,SP,demais municipios,C
4112751,Jesuítas,PR,demais municipios,C
4319158,São Miguel das Missões,RS,demais municipios,C
1720804,Sítio Novo do Tocantins,TO,demais municipios,C
2509800,Mulungu,PB,demais municipios,C
3154507,Riacho dos Machados,MG,demais municipios,C
2105922,Lagoa do Mato,MA,demais municipios,C
3150604,Piracema,MG,demais municipios,C
4307104,Herval,RS,demais municipios,C
2509909,Natuba,PB,demais municipios,C
2209906,São João da Serra,PI,demais municipios,C
2414803,Vera Cruz,RN,demais municipios,C
2406700,Lajes,RN,demais municipios,C
2304269,Deputado Irapuan Pinheiro,CE,demais municipios,C
2707404,Porto de Pedras,AL,demais municipios,C
2414100,Tenente Ananias,RN,demais municipios,C
2609204,Maraial,PE,demais municipios,C
3152907,Pratápolis,MG,demais municipios,C
3500550,Águas de Santa Bárbara,SP,demais municipios,C
3162948,São José da Barra,MG,demais municipios,C
1302801,Maraã,AM,demais municipios,C
3137536,Lagoa Grande,MG,demais municipios,C
2205151,Jacobina do Piauí,PI,demais municipios,C
2404408,Grossos,RN,demais municipios,C
2901502,Anguera,BA,demais municipios,C
2310605,Penaforte,CE,demais municipios,C
1506112,Quatipuru,PA,demais municipios,C
3140852,Matias Cardoso,MG,demais municipios,C
4213807,Praia Grande,SC,demais municipios,C
3102704,Cachoeira de Pajeú,MG,demais municipios,C
4102604,Barracão,PR,demais municipios,C
2202026,Buriti dos Montes,PI,demais municipios,C
4207650,Iporã do Oeste,SC,demais municipios,C
2507200,Itatuba,PB,demais municipios,C
4128559,Vera Cruz do Oeste,PR,demais municipios,C
4213401,Ponte Serrada,SC,demais municipios,C
4322301,Tuparendi,RS,demais municipios,C
3142601,Monsenhor Paulo,MG,demais municipios,C
4127007,Teixeira Soares,PR,demais municipios,C
3130606,Inconfidentes,MG,demais municipios,C
3305307,São Sebastião do Alto,RJ,demais municipios,C
5103601,Dom Aquino,MT,demais municipios,C
2922805,Nova Itarana,BA,demais municipios,C
3165552,Setubinha,MG,demais municipios,C
2920007,Maiquinique,BA,demais municipios,C
2102754,Capinzal do Norte,MA,demais municipios,C
2923050,Novo Triunfo,BA,demais municipios,C
4100707,Alto Piquiri,PR,demais municipios,C
3551405,Serra Azul,SP,demais municipios,C
2103158,Centro do Guilherme,MA,demais municipios,C
4203501,Campo Erê,SC,demais municipios,C
2902302,Aratuípe,BA,demais municipios,C
3143450,Montezuma,MG,demais municipios,C
2400307,Afonso Bezerra,RN,demais municipios,C
1505601,Peixe-Boi,PA,demais municipios,C
2308807,Moraújo,CE,demais municipios,C
2402501,Carnaubais,RN,demais municipios,C
3112901,Caputira,MG,demais municipios,C
4305009,Catuípe,RS,demais municipios,C
3557303,Estiva Gerbi,SP,demais municipios,C
3103702,Araponga,MG,demais municipios,C
5101852,Bom Jesus do Araguaia,MT,demais municipios,C
2205953,Marcolândia,PI,demais municipios,C
3515202,Estrela d'Oeste,SP,demais municipios,C
3107505,Bom Jardim de Minas,MG,demais municipios,C
1100296,Santa Luzia D'Oeste,RO,demais municipios,C
4314027,Paraíso do Sul,RS,demais municipios,C
2106102,Loreto,MA,demais municipios,C
2401305,Campo Grande,RN,demais municipios,C
3157252,Santa Bárbara do Leste,MG,demais municipios,C
3115805,Centralina,MG,demais municipios,C
2919058,Lajedo do Tabocal,BA,demais municipios,C
1101104,Itapuã do Oeste,RO,demais municipios,C
5103700,Feliz Natal,MT,demais municipios,C
3138625,Limeira do Oeste,MG,demais municipios,C
4115101,Mariluz,PR,demais municipios,C
5106281,Novo São Joaquim,MT,demais municipios,C
3537503,Pereiras,SP,demais municipios,C
3543808,Rinópolis,SP,demais municipios,C
4311155,Jóia,RS,demais municipios,C
3100104,Abadia dos Dourados,MG,demais municipios,C
3555802,Urânia,SP,demais municipios,C
5213004,Maurilândia,GO,demais municipios,C
5207600,Fazenda Nova,GO,demais municipios,C
3548203,Santo Antônio do Pinhal,SP,demais municipios,C
2506251,Gado Bravo,PB,demais municipios,C
4216107,São Domingos,SC,demais municipios,C
2101103,Axixá,MA,demais municipios,C
4300505,Alpestre,RS,demais municipios,C
3545407,Salto Grande,SP,demais municipios,C
4117222,Nova Santa Rosa,PR,demais municipios,C
2200053,Acauã,PI,demais municipios,C
2206696,Murici dos Portelas,PI,demais municipios,C
3139250,Mamonas,MG,demais municipios,C
4110201,Inácio Martins,PR,demais municipios,C
4103800,Cambira,PR,demais municipios,C
1400233,Caroebe,RR,demais municipios,C
2105203,Igarapé Grande,MA,demais municipios,C
2516805,Triunfo,PB,demais municipios,C
4300851,Arambaré,RS,demais municipios,C
2410306,Serra Caiada,RN,demais municipios,C
2927101,Rodelas,BA,demais municipios,C
5006358,Paranhos,MS,demais municipios,C
3130309,Iguatama,MG,demais municipios,C
3517802,Guaraçaí,SP,demais municipios,C
3128808,Guidoval,MG,demais municipios,C
2403509,Espírito Santo,RN,demais municipios,C
3142403,Moema,MG,demais municipios,C
3170503,Urucânia,MG,demais municipios,C
3169109,Toledo,MG,demais municipios,C
4201257,Apiúna,SC,demais municipios,C
3117836,Cônego Marinho,MG,demais municipios,C
2606705,Ibirajuba,PE,demais municipios,C
2204501,Guadalupe,PI,demais municipios,C
4128534,Ventania,PR,demais municipios,C
2207207,Padre Marcos,PI,demais municipios,C
1701002,Ananás,TO,demais municipios,C
4106001,Congonhinhas,PR,demais municipios,C
1600808,Vitória do Jari,AP,demais municipios,C
2701100,Branquinha,AL,demais municipios,C
4123709,Santa Isabel do Ivaí,PR,demais municipios,C
2111029,São João do Carú,MA,demais municipios,C
2708709,São Miguel dos Milagres,AL,demais municipios,C
2410405,Pureza,RN,demais municipios,C
4300901,Aratiba,RS,demais municipios,C
3116803,Coluna,MG,demais municipios,C
3167400,Silvianópolis,MG,demais municipios,C
2102077,Bom Lugar,MA,demais municipios,C
3130655,Indaiabira,MG,demais municipios,C
5219001,Sanclerlândia,GO,demais municipios,C
2107001,Montes Altos,MA,demais municipios,C
5103106,Cocalinho,MT,demais municipios,C
2203354,Dirceu Arcoverde,PI,demais municipios,C
2515401,São Vicente do Seridó,PB,demais municipios,C
3143807,Munhoz,MG,demais municipios,C
5202155,Araguapaz,GO,demais municipios,C
4204905,Descanso,SC,demais municipios,C
2705606,Novo Lino,AL,demais municipios,C
2101772,Bela Vista do Maranhão,MA,demais municipios,C
3127305,Galiléia,MG,demais municipios,C
3128402,Guarani,MG,demais municipios,C
2805109,Pedrinhas,SE,demais municipios,C
3519006,Herculândia,SP,demais municipios,C
1400027,Amajari,RR,demais municipios,C
1703008,Babaçulândia,TO,demais municipios,C
2206357,Milton Brandão,PI,demais municipios,C
3130556,Imbé de Minas,MG,demais municipios,C
1304237,Tonantins,AM,demais municipios,C
3544301,Roseira,SP,demais municipios,C
3124807,Estrela do Sul,MG,demais municipios,C
1600709,Tartarugalzinho,AP,demais municipios,C
3204658,São Domingos do Norte,ES,demais municipios,C
4201505,Armazém,SC,demais municipios,C
4103503,Califórnia,PR,demais municipios,C
3509304,Cajobi,SP,demais municipios,C
4212650,Pescaria Brava,SC,demais municipios,C
5213509,Monte Alegre de Goiás,GO,demais municipios,C
2508208,Lagoa de Dentro,PB,demais municipios,C
3155306,Rio Manso,MG,demais municipios,C
2405306,Januário Cicco,RN,demais municipios,C
2611533,Quixaba,PE,demais municipios,C
4204004,Catanduvas,SC,demais municipios,C
4203402,Campo Belo do Sul,SC,demais municipios,C
3119500,Coronel Murta,MG,demais municipios,C
5006408,Pedro Gomes,MS,demais municipios,C
2111748,Senador Alexandre Costa,MA,demais municipios,C
4105003,Catanduvas,PR,demais municipios,C
2513158,Santa Cecília,PB,demais municipios,C
4101309,Antônio Olinto,PR,demais municipios,C
1101203,Ministro Andreazza,RO,demais municipios,C
3126901,Frei Inocêncio,MG,demais municipios,C
2310951,Pires Ferreira,CE,demais municipios,C
5100607,Alto Taquari,MT,demais municipios,C
3128600,Guarda-Mor,MG,demais municipios,C
3165701,Senador Firmino,MG,demais municipios,C
4315404,Redentora,RS,demais municipios,C
2201739,Betânia do Piauí,PI,demais municipios,C
4107256,Douradina,PR,demais municipios,C
1715754,Palmeirópolis,TO,demais municipios,C
2103109,Cedral,MA,demais municipios,C
3146503,Pains,MG,demais municipios,C
3154457,Riachinho,MG,demais municipios,C
2407401,Martins,RN,demais municipios,C
1503408,Inhangapi,PA,demais municipios,C
2111789,Serrano do Maranhão,MA,demais municipios,C
2916708,Itaquara,BA,demais municipios,C
3202009,Dores do Rio Preto,ES,demais municipios,C
3109451,Cabeceira Grande,MG,demais municipios,C
4123303,Santa Cruz de Monte Castelo,PR,demais municipios,C
3164209,São Romão,MG,demais municipios,C
2616183,Vertente do Lério,PE,demais municipios,C
5000906,Antônio João,MS,demais municipios,C
2207777,Patos do Piauí,PI,demais municipios,C
2701803,Carneiros,AL,demais municipios,C
3131109,Inimutaba,MG,demais municipios,C
2209971,São João do Arraial,PI,demais municipios,C
2508505,Livramento,PB,demais municipios,C
2915700,Itamari,BA,demais municipios,C
4301701,Barão de Cotegipe,RS,demais municipios,C
5106265,Novo Mundo,MT,demais municipios,C
3515350,Euclides da Cunha Paulista,SP,demais municipios,C
2607950,Jaqueira,PE,demais municipios,C
3135605,Jequitaí,MG,demais municipios,C
3154150,Reduto,MG,demais municipios,C
4122701,Sabáudia,PR,demais municipios,C
2201960,Brasileira,PI,demais municipios,C
2511806,Pirpirituba,PB,demais municipios,C
3155405,Rio Novo,MG,demais municipios,C
3200359,Alto Rio Novo,ES,demais municipios,C
2931400,Teodoro Sampaio,BA,demais municipios,C
4103305,Borrazópolis,PR,demais municipios,C
2517001,Umbuzeiro,PB,demais municipios,C
2916609,Itapitanga,BA,demais municipios,C
3528106,Macaubal,SP,demais municipios,C
2109205,Presidente Juscelino,MA,demais municipios,C
2310100,Palmácia,CE,demais municipios,C
2110856,São Francisco do Brejão,MA,demais municipios,C
3156502,Rubelita,MG,demais municipios,C
3556602,Vera Cruz,SP,demais municipios,C
4108957,Guamiranga,PR,demais municipios,C
5007950,Tacuru,MS,demais municipios,C
4300646,Ametista do Sul,RS,demais municipios,C
5100805,Apiacás,MT,demais municipios,C
2106375,Maranhãozinho,MA,demais municipios,C
2402402,Carnaúba dos Dantas,RN,demais municipios,C
2512804,Riacho dos Cavalos,PB,demais municipios,C
3101805,Alpercata,MG,demais municipios,C
5007703,Sete Quedas,MS,demais municipios,C
5216304,Paranaiguara,GO,demais municipios,C
3101201,Aiuruoca,MG,demais municipios,C
4316303,Roque Gonzales,RS,demais municipios,C
2206100,Matias Olímpio,PI,demais municipios,C
1707108,Divinópolis do Tocantins,TO,demais municipios,C
3117603,Conceição do Pará,MG,demais municipios,C
2204907,Isaías Coelho,PI,demais municipios,C
2405009,Jaçanã,RN,demais municipios,C
3504404,Avanhandava,SP,demais municipios,C
2104305,Godofredo Viana,MA,demais municipios,C
1717909,Ponte Alta do Tocantins,TO,demais municipios,C
2106631,Matões do Norte,MA,demais municipios,C
3553500,Tapiraí,SP,demais municipios,C
2306207,Itaiçaba,CE,demais municipios,C
2907004,Cardeal da Silva,BA,demais municipios,C
3200508,Apiacá,ES,demais municipios,C
4122602,Rondon,PR,demais municipios,C
1101807,Vale do Paraíso,RO,demais municipios,C
2703759,Jequiá da Praia,AL,demais municipios,C
3140530,Martins Soares,MG,demais municipios,C
3115458,Catuji,MG,demais municipios,C
2301505,Arneiroz,CE,demais municipios,C
4115002,Marilena,PR,demais municipios,C
3505401,Barra do Turvo,SP,demais municipios,C
4128609,Verê,PR,demais municipios,C
3116704,Coimbra,MG,demais municipios,C
3162609,São João do Oriente,MG,demais municipios,C
4217907,Tangará,SC,demais municipios,C
5200803,Alvorada do Norte,GO,demais municipios,C
3171030,Verdelândia,MG,demais municipios,C
4108205,Formosa do Oeste,PR,demais municipios,C
2205557,Lagoa Alegre,PI,demais municipios,C
3162203,São João Batista do Glória,MG,demais municipios,C
3104106,Arceburgo,MG,demais municipios,C
4200606,Águas Mornas,SC,demais municipios,C
1714203,Natividade,TO,demais municipios,C
5100508,Alto Paraguai,MT,demais municipios,C
4128708,Vitorino,PR,demais municipios,C
4115754,Mauá da Serra,PR,demais municipios,C
3106002,Bela Vista de Minas,MG,demais municipios,C
3121258,Delta,MG,demais municipios,C
3305133,São José de Ubá,RJ,demais municipios,C
1101435,Nova União,RO,demais municipios,C
3102852,Angelândia,MG,demais municipios,C
2701506,Campo Grande,AL,demais municipios,C
4313805,Palmitinho,RS,demais municipios,C
3514304,Dourado,SP,demais municipios,C
4319307,São Paulo das Missões,RS,demais municipios,C
3160454,Santo Antônio do Retiro,MG,demais municipios,C
2100873,Araguanã,MA,demais municipios,C
2503555,Cacimbas,PB,demais municipios,C
5107776,Santa Terezinha,MT,demais municipios,C
4310504,Iraí,RS,demais municipios,C
1700707,Alvorada,TO,demais municipios,C
2806107,Rosário do Catete,SE,demais municipios,C
2110237,Santana do Maranhão,MA,demais municipios,C
2922201,Muniz Ferreira,BA,demais municipios,C
4302501,Bossoroca,RS,demais municipios,C
2105807,Lago do Junco,MA,demais municipios,C
5007802,Selvíria,MS,demais municipios,C
1600204,Calçoene,AP,demais municipios,C
4125803,São Pedro do Ivaí,PR,demais municipios,C
4219200,Vidal Ramos,SC,demais municipios,C
2705804,Olho d'Água do Casado,AL,demais municipios,C
2507903,Juripiranga,PB,demais municipios,C
4215679,Santa Terezinha,SC,demais municipios,C
5222054,Vicentinópolis,GO,demais municipios,C
4300307,Alecrim,RS,demais municipios,C
3500402,Águas da Prata,SP,demais municipios,C
3148509,Pavão,MG,demais municipios,C
3165404,Sapucaí-Mirim,MG,demais municipios,C
4127908,Tuneiras do Oeste,PR,demais municipios,C
5214408,Nazário,GO,demais municipios,C
3304508,Rio das Flores,RJ,demais municipios,C
4321956,Trindade do Sul,RS,demais municipios,C
4316709,Santa Bárbara do Sul,RS,demais municipios,C
4320263,Segredo,RS,demais municipios,C
5222302,Vila Propício,GO,demais municipios,C
3155207,Rio Espera,MG,demais municipios,C
3111408,Campo Florido,MG,demais municipios,C
3123809,Engenheiro Navarro,MG,demais municipios,C
3131604,Iraí de Minas,MG,demais municipios,C
2504157,Casserengue,PB,demais municipios,C
4206652,Guatambú,SC,demais municipios,C
2410207,Portalegre,RN,demais municipios,C
4309506,Guarani das Missões,RS,demais municipios,C
2202083,Cajueiro da Praia,PI,demais municipios,C
1302009,Itapiranga,AM,demais municipios,C
1707207,Dois Irmãos do Tocantins,TO,demais municipios,C
3115706,Central de Minas,MG,demais municipios,C
4114906,Marilândia do Sul,PR,demais municipios,C
5218789,Rio Quente,GO,demais municipios,C
3162252,São João da Lagoa,MG,demais municipios,C
5204003,Cabeceiras,GO,demais municipios,C
5215504,Ouvidor,GO,demais municipios,C
3519907,Iepê,SP,demais municipios,C
2202778,Colônia do Piauí,PI,demais municipios,C
2702801,Flexeiras,AL,demais municipios,C
5211305,Itarumã,GO,demais municipios,C
5103858,Gaúcha do Norte,MT,demais municipios,C
5204250,Cachoeira Dourada,GO,demais municipios,C
3116001,Chalé,MG,demais municipios,C
2501708,Barra de São Miguel,PB,demais municipios,C
4112405,Japurá,PR,demais municipios,C
3514601,Dumont,SP,demais municipios,C
1400407,Normandia,RR,demais municipios,C
3168309,Taquaraçu de Minas,MG,demais municipios,C
2313252,Tarrafas,CE,demais municipios,C
2901957,Apuarema,BA,demais municipios,C
2931103,Tanquinho,BA,demais municipios,C
2615201,Terra Nova,PE,demais municipios,C
3138906,Machacalis,MG,demais municipios,C
4107751,Figueira,PR,demais municipios,C
3138005,Laranjal,MG,demais municipios,C
3541901,Queluz,SP,demais municipios,C
3535101,Palmares Paulista,SP,demais municipios,C
3300951,Comendador Levy Gasparian,RJ,demais municipios,C
3554953,Tuiuti,SP,demais municipios,C
5212709,Mambaí,GO,demais municipios,C
4200408,Água Doce,SC,demais municipios,C
3302304,Laje do Muriaé,RJ,demais municipios,C
2514909,São Mamede,PB,demais municipios,C
4200903,Angelina,SC,demais municipios,C
2311231,Potiretama,CE,demais municipios,C
2516409,Tacima,PB,demais municipios,C
3138104,Lassance,MG,demais municipios,C
4213104,Piratuba,SC,demais municipios,C
4212700,Petrolândia,SC,demais municipios,C
2403004,Cruzeta,RN,demais municipios,C
5211404,Itauçu,GO,demais municipios,C
1302207,Juruá,AM,demais municipios,C
3164407,São Sebastião da Bela Vista,MG,demais municipios,C
5204805,Campo Alegre de Goiás,GO,demais municipios,C
4218400,Treze de Maio,SC,demais municipios,C
4307302,Erval Seco,RS,demais municipios,C
3547908,Santo Antônio da Alegria,SP,demais municipios,C
2503902,Camalaú,PB,demais municipios,C
4315156,Progresso,RS,demais municipios,C
2910776,Feira da Mata,BA,demais municipios,C
2206803,Nossa Senhora dos Remédios,PI,demais municipios,C
2202729,Cocal dos Alves,PI,demais municipios,C
4301503,Augusto Pestana,RS,demais municipios,C
5102686,Campos de Júlio,MT,demais municipios,C
4218509,Treze Tílias,SC,demais municipios,C
3532900,Nova Europa,SP,demais municipios,C
2606309,Granito,PE,demais municipios,C
4314209,Pedro Osório,RS,demais municipios,C
2307205,Jati,CE,demais municipios,C
2915908,Itanagra,BA,demais municipios,C
2610103,Palmeirina,PE,demais municipios,C
2105948,Lago dos Rodrigues,MA,demais municipios,C
4311759,Manoel Viana,RS,demais municipios,C
1303957,São Sebastião do Uatumã,AM,demais municipios,C
4321352,Tavares,RS,demais municipios,C
3120870,Curral de Dentro,MG,demais municipios,C
2208700,Redenção do Gurguéia,PI,demais municipios,C
5211701,Jandaia,GO,demais municipios,C
2209005,Rio Grande do Piauí,PI,demais municipios,C
3121803,Dionísio,MG,demais municipios,C
3166303,Sericita,MG,demais municipios,C
2209401,Santo Antônio de Lisboa,PI,demais municipios,C
3536802,Pedra Bela,SP,demais municipios,C
3127339,Gameleiras,MG,demais municipios,C
2313708,Umari,CE,demais municipios,C
3550506,São Pedro do Turvo,SP,demais municipios,C
3128907,Guimarânia,MG,demais municipios,C
3138674,Luisburgo,MG,demais municipios,C
4318606,São José do Ouro,RS,demais municipios,C
3156304,Rodeiro,MG,demais municipios,C
3529500,Mendonça,SP,demais municipios,C
3163805,São Miguel do Anta,MG,demais municipios,C
3152600,Pouso Alto,MG,demais municipios,C
3544202,Riolândia,SP,demais municipios,C
3503604,Areiópolis,SP,demais municipios,C
3130705,Indianópolis,MG,demais municipios,C
4112959,Juranda,PR,demais municipios,C
4308409,Formigueiro,RS,demais municipios,C
3159001,Santana do Riacho,MG,demais municipios,C
3159506,Santa Rita do Itueto,MG,demais municipios,C
4120705,Quatiguá,PR,demais municipios,C
2804300,Muribeca,SE,demais municipios,C
4306056,Cristal,RS,demais municipios,C
5106182,Nova Lacerda,MT,demais municipios,C
2102408,Cajapió,MA,demais municipios,C
2104503,Governador Archer,MA,demais municipios,C
3127404,Gonçalves,MG,demais municipios,C
2412807,São Rafael,RN,demais municipios,C
2514206,São José da Lagoa Tapada,PB,demais municipios,C
3150406,Piedade dos Gerais,MG,demais municipios,C
4303707,Campina das Missões,RS,demais municipios,C
3542107,Rafard,SP,demais municipios,C
3140555,Mata Verde,MG,demais municipios,C
2922755,Nova Ibiá,BA,demais municipios,C
2515971,Sobrado,PB,demais municipios,C
3150570,Pintópolis,MG,demais municipios,C
2312502,São João do Jaguaribe,CE,demais municipios,C
1717503,Pium,TO,demais municipios,C
2210300,São Julião,PI,demais municipios,C
2300804,Antonina do Norte,CE,demais municipios,C
3141702,Mesquita,MG,demais municipios,C
4100103,Abatiá,PR,demais municipios,C
4302451,Boqueirão do Leão,RS,demais municipios,C
1400282,Iracema,RR,demais municipios,C
4108320,Francisco Alves,PR,demais municipios,C
4212007,Palma Sola,SC,demais municipios,C
5004809,Japorã,MS,demais municipios,C
2401404,Baía Formosa,RN,demais municipios,C
2102374,Cachoeira Grande,MA,demais municipios,C
4215307,Salete,SC,demais municipios,C
5003108,Corguinho,MS,demais municipios,C
4214607,Rio do Oeste,SC,demais municipios,C
3146750,Palmópolis,MG,demais municipios,C
3145455,Olhos-d'Água,MG,demais municipios,C
4117271,Nova Tebas,PR,demais municipios,C
2509396,Maturéia,PB,demais municipios,C
2510006,Nazarezinho,PB,demais municipios,C
3534807,Ouro Verde,SP,demais municipios,C
1400704,Uiramutã,RR,demais municipios,C
1504109,Magalhães Barata,PA,demais municipios,C
1701903,Araguacema,TO,demais municipios,C
2802601,Graccho Cardoso,SE,demais municipios,C
2104081,Fernando Falcão,MA,demais municipios,C
4210308,Major Vieira,SC,demais municipios,C
5104542,Itanhangá,MT,demais municipios,C
2104073,Feira Nova do Maranhão,MA,demais municipios,C
2112001,Tasso Fragoso,MA,demais municipios,C
2202133,Campo Grande do Piauí,PI,demais municipios,C
3125606,Felisburgo,MG,demais municipios,C
2509057,Marcação,PB,demais municipios,C
3514007,Dobrada,SP,demais municipios,C
3163904,São Pedro da União,MG,demais municipios,C
5219902,São Francisco de Goiás,GO,demais municipios,C
2407302,Marcelino Vieira,RN,demais municipios,C
3171071,Veredinha,MG,demais municipios,C
3503109,Arandu,SP,demais municipios,C
4127957,Tupãssi,PR,demais municipios,C
1707405,Esperantina,TO,demais municipios,C
2105989,Lajeado Novo,MA,demais municipios,C
3120607,Crucilândia,MG,demais municipios,C
3543253,Ribeirão Grande,SP,demais municipios,C
1200393,Porto Walter,AC,demais municipios,C
2406601,Lagoa Salgada,RN,demais municipios,C
3204252,Ponto Belo,ES,demais municipios,C
3527009,Lindóia,SP,demais municipios,C
2500775,Aparecida,PB,demais municipios,C
3533601,Nuporanga,SP,demais municipios,C
3148756,Pedra Bonita,MG,demais municipios,C
4103040,Boa Ventura de São Roque,PR,demais municipios,C
3123528,Durandé,MG,demais municipios,C
2203008,Cristalândia do Piauí,PI,demais municipios,C
3136603,Nova União,MG,demais municipios,C
5221197,Terezópolis de Goiás,GO,demais municipios,C
2800704,Brejo Grande,SE,demais municipios,C
2803708,Macambira,SE,demais municipios,C
1300839,Caapiranga,AM,demais municipios,C
3532827,Nova Campina,SP,demais municipios,C
3146552,Pai Pedro,MG,demais municipios,C
4309654,Hulha Negra,RS,demais municipios,C
2914208,Irajuba,BA,demais municipios,C
4128633,Doutor Ulysses,PR,demais municipios,C
2507606,Juarez Távora,PB,demais municipios,C
3166907,Serrania,MG,demais municipios,C
4304309,Cândido Godói,RS,demais municipios,C
1505551,Pau D'Arco,PA,demais municipios,C
3136959,Juvenília,MG,demais municipios,C
4305124,Cerrito,RS,demais municipios,C
4309902,Ibiraiaras,RS,demais municipios,C
3509452,Campina do Monte Alegre,SP,demais municipios,C
3545159,Saltinho,SP,demais municipios,C
3552007,Silveiras,SP,demais municipios,C
2505006,Cubati,PB,demais municipios,C
2708204,São Brás,AL,demais municipios,C
4125407,São José da Boa Vista,PR,demais municipios,C
3506409,Bilac,SP,demais municipios,C
3554904,Três Fronteiras,SP,demais municipios,C
2501203,Areial,PB,demais municipios,C
3118205,Conquista,MG,demais municipios,C
3157336,Santa Cruz de Minas,MG,demais municipios,C
3169505,Tumiritinga,MG,demais municipios,C
3523800,Itobi,SP,demais municipios,C
4118857,Perobal,PR,demais municipios,C
3552304,Sud Mennucci,SP,demais municipios,C
3161205,São Francisco de Paula,MG,demais municipios,C
2304277,Ereré,CE,demais municipios,C
3108503,Botumirim,MG,demais municipios,C
1718758,Rio Sono,TO,demais municipios,C
3502309,Anhembi,SP,demais municipios,C
4214508,Rio do Campo,SC,demais municipios,C
1303601,Santa Isabel do Rio Negro,AM,demais municipios,C
2802700,Ilha das Flores,SE,demais municipios,C
4302204,Boa Vista do Buricá,RS,demais municipios,C
4118709,Paulo Frontin,PR,demais municipios,C
4312450,Morro Redondo,RS,demais municipios,C
4210803,Meleiro,SC,demais municipios,C
5219738,Santo Antônio de Goiás,GO,demais municipios,C
3129608,Ibiaí,MG,demais municipios,C
1100031,Cabixi,RO,demais municipios,C
2107209,Nina Rodrigues,MA,demais municipios,C
3101631,Alfredo Vasconcelos,MG,demais municipios,C
1300086,Anamã,AM,demais municipios,C
3108206,Bonfinópolis de Minas,MG,demais municipios,C
3536604,Paulo de Faria,SP,demais municipios,C
4300638,Amaral Ferrador,RS,demais municipios,C
2104651,Governador Newton Bello,MA,demais municipios,C
3164001,São Pedro dos Ferros,MG,demais municipios,C
4211801,Ouro,SC,demais municipios,C
3159308,Santa Rita de Jacutinga,MG,demais municipios,C
4208005,Itá,SC,demais municipios,C
5219407,Santa Rita do Araguaia,GO,demais municipios,C
3164472,São Sebastião do Anta,MG,demais municipios,C
2413003,São Vicente,RN,demais municipios,C
3554409,Terra Roxa,SP,demais municipios,C
2205524,Júlio Borges,PI,demais municipios,C
4314001,Paraí,RS,demais municipios,C
2807204,Siriri,SE,demais municipios,C
3545704,Santa Albertina,SP,demais municipios,C
2933257,Vereda,BA,demais municipios,C
1707702,Filadélfia,TO,demais municipios,C
4111555,Ivaté,PR,demais municipios,C
4303608,Cambará do Sul,RS,demais municipios,C
4308003,Faxinal do Soturno,RS,demais municipios,C
2913309,Ichu,BA,demais municipios,C
4300703,Anta Gorda,RS,demais municipios,C
4201901,Aurora,SC,demais municipios,C
3542305,Redenção da Serra,SP,demais municipios,C
3112406,Capetinga,MG,demais municipios,C
2200608,Angical do Piauí,PI,demais municipios,C
5212105,Joviânia,GO,demais municipios,C
4207700,Ipumirim,SC,demais municipios,C
4126009,São Sebastião da Amoreira,PR,demais municipios,C
1703842,Campos Lindos,TO,demais municipios,C
4100202,Adrianópolis,PR,demais municipios,C
4302659,Brochier,RS,demais municipios,C
3130408,Ijaci,MG,demais municipios,C
4314076,Passo do Sobrado,RS,demais municipios,C
3159357,Santa Rita de Minas,MG,demais municipios,C
1702901,Axixá do Tocantins,TO,demais municipios,C
2102150,Brejo de Areia,MA,demais municipios,C
2201929,Bonfim do Piauí,PI,demais municipios,C
3165305,São Vicente de Minas,MG,demais municipios,C
4125357,São Jorge do Patrocínio,PR,demais municipios,C
3122207,Divinolândia de Minas,MG,demais municipios,C
4107306,Doutor Camargo,PR,demais municipios,C
4310439,Ipê,RS,demais municipios,C
3526308,Lagoinha,SP,demais municipios,C
3134301,Itumirim,MG,demais municipios,C
4300877,Araricá,RS,demais municipios,C
4300208,Ajuricaba,RS,demais municipios,C
5204854,Campo Limpo de Goiás,GO,demais municipios,C
4315008,Porto Lucena,RS,demais municipios,C
3103751,Araporã,MG,demais municipios,C
3518859,Guatapará,SP,demais municipios,C
4201703,Ascurra,SC,demais municipios,C
2903300,Barro Preto,BA,demais municipios,C
3556909,Vista Alegre do Alto,SP,demais municipios,C
4207403,Imbuia,SC,demais municipios,C
2312809,Senador Sá,CE,demais municipios,C
3166709,Serra dos Aimorés,MG,demais municipios,C
3146701,Palma,MG,demais municipios,C
4211058,Monte Carlo,SC,demais municipios,C
2515807,Serra Redonda,PB,demais municipios,C
2402808,Coronel Ezequiel,RN,demais municipios,C
5214051,Mundo Novo,GO,demais municipios,C
4301651,Barão,RS,demais municipios,C
2615102,Terezinha,PE,demais municipios,C
3145059,Nova Porteirinha,MG,demais municipios,C
3134103,Itueta,MG,demais municipios,C
3500758,Alambari,SP,demais municipios,C
4211108,Monte Castelo,SC,demais municipios,C
4214409,Rio das Antas,SC,demais municipios,C
5106653,Pontal do Araguaia,MT,demais municipios,C
3138500,Liberdade,MG,demais municipios,C
2915403,Itaju do Colônia,BA,demais municipios,C
3124401,Espírito Santo do Dourado,MG,demais municipios,C
2109551,Ribamar Fiquene,MA,demais municipios,C
3111903,Cana Verde,MG,demais municipios,C
2109304,Presidente Vargas,MA,demais municipios,C
2205516,Juazeiro do Piauí,PI,demais municipios,C
3131000,Inhaúma,MG,demais municipios,C
2915304,Itagimirim,BA,demais municipios,C
2904803,Caatiba,BA,demais municipios,C
4311700,Machadinho,RS,demais municipios,C
2406304,Lagoa de Pedras,RN,demais municipios,C
5203807,Britânia,GO,demais municipios,C
3165107,São Tomás de Aquino,MG,demais municipios,C
4108650,Goioxim,PR,demais municipios,C
2305100,Guaramiranga,CE,demais municipios,C
2406205,Lagoa d'Anta,RN,demais municipios,C
2805901,Riachuelo,SE,demais municipios,C
2202539,Caraúbas do Piauí,PI,demais municipios,C
3116308,Cipotânea,MG,demais municipios,C
3549508,São José da Bela Vista,SP,demais municipios,C
2413300,Serra de São Bento,RN,demais municipios,C
2502151,Boa Vista,PB,demais municipios,C
2802205,Feira Nova,SE,demais municipios,C
3139706,Maravilhas,MG,demais municipios,C
2206902,Novo Oriente do Piauí,PI,demais municipios,C
2507408,Jericó,PB,demais municipios,C
3543501,Riversul,SP,demais municipios,C
3548104,Santo Antônio do Jardim,SP,demais municipios,C
3120300,Cristália,MG,demais municipios,C
3135407,Jeceaba,MG,demais municipios,C
2603603,Camutanga,PE,demais municipios,C
4218251,Timbó Grande,SC,demais municipios,C
2509305,Mataraca,PB,demais municipios,C
4209508,Laurentino,SC,demais municipios,C
2300606,Altaneira,CE,demais municipios,C
2209658,São Francisco de Assis do Piauí,PI,demais municipios,C
3521101,Ipeúna,SP,demais municipios,C
4206108,Grão-Pará,SC,demais municipios,C
1706100,Cristalândia,TO,demais municipios,C
1200054,Assis Brasil,AC,demais municipios,C
3167806,Soledade de Minas,MG,demais municipios,C
4119004,Pérola d'Oeste,PR,demais municipios,C
2304608,General Sampaio,CE,demais municipios,C
2918555,Jussari,BA,demais municipios,C
3515608,Fernando Prestes,SP,demais municipios,C
3102050,Alto Caparaó,MG,demais municipios,C
3138682,Luislândia,MG,demais municipios,C
2511103,Pedra Lavrada,PB,demais municipios,C
2513604,Santana dos Garrotes,PB,demais municipios,C
4305702,Condor,RS,demais municipios,C
3141504,Mendes Pimentel,MG,demais municipios,C
4117453,Ouro Verde do Oeste,PR,demais municipios,C
4126207,Sapopema,PR,demais municipios,C
5200175,Água Fria de Goiás,GO,demais municipios,C
4310405,Independência,RS,demais municipios,C
2911253,Gavião,BA,demais municipios,C
4119202,Pinhalão,PR,demais municipios,C
4114708,Maria Helena,PR,demais municipios,C
3117876,Confins,MG,demais municipios,C
2911501,Gongogi,BA,demais municipios,C
3107703,Bom Jesus do Amparo,MG,demais municipios,C
3148202,Patrocínio do Muriaé,MG,demais municipios,C
2206050,Massapê do Piauí,PI,demais municipios,C
2515005,São Miguel de Taipu,PB,demais municipios,C
4316956,Santa Maria do Herval,RS,demais municipios,C
5008404,Vicentina,MS,demais municipios,C
2412104,São João do Sabugi,RN,demais municipios,C
3158300,Santana da Vargem,MG,demais municipios,C
2502607,Igaracy,PB,demais municipios,C
2413409,Serra Negra do Norte,RN,demais municipios,C
3170750,Varjão de Minas,MG,demais municipios,C
5006275,Paraíso das Águas,MS,demais municipios,C
3128253,Guaraciama,MG,demais municipios,C
4121752,Reserva do Iguaçu,PR,demais municipios,C
4316501,Salvador do Sul,RS,demais municipios,C
4311254,Lagoão,RS,demais municipios,C
4308706,Gaurama,RS,demais municipios,C
3519808,Icém,SP,demais municipios,C
4316758,Santa Clara do Sul,RS,demais municipios,C
2202174,Campo Largo do Piauí,PI,demais municipios,C
2106672,Milagres do Maranhão,MA,demais municipios,C
4117008,Nova Fátima,PR,demais municipios,C
2400901,Antônio Martins,RN,demais municipios,C
3532801,Nova Aliança,SP,demais municipios,C
3157377,Santa Cruz de Salinas,MG,demais municipios,C
4115358,Maripá,PR,demais municipios,C
1501758,Brejo Grande do Araguaia,PA,demais municipios,C
2403202,Doutor Severiano,RN,demais municipios,C
3113602,Careaçu,MG,demais municipios,C
3129202,Heliodora,MG,demais municipios,C
3516606,Gália,SP,demais municipios,C
4305439,Chuí,RS,demais municipios,C
3112109,Caparaó,MG,demais municipios,C
3135456,Jenipapo de Minas,MG,demais municipios,C
4107405,Enéas Marques,PR,demais municipios,C
4311908,Marcelino Ramos,RS,demais municipios,C
2309904,Pacujá,CE,demais municipios,C
4305900,Coronel Bicaco,RS,demais municipios,C
3503703,Ariranha,SP,demais municipios,C
3155900,Rio Preto,MG,demais municipios,C
3149952,Periquito,MG,demais municipios,C
3126802,Frei Gaspar,MG,demais municipios,C
3150901,Piranguçu,MG,demais municipios,C
2206704,Nazaré do Piauí,PI,demais municipios,C
3167707,Sobrália,MG,demais municipios,C
2413508,Serrinha,RN,demais municipios,C
3133907,Itaverava,MG,demais municipios,C
3203601,Mucurici,ES,demais municipios,C
3524907,Jambeiro,SP,demais municipios,C
4307203,Erval Grande,RS,demais municipios,C
4124509,Santo Inácio,PR,demais municipios,C
2500536,Alcantil,PB,demais municipios,C
2804706,Nossa Senhora de Lourdes,SE,demais municipios,C
3142304,Moeda,MG,demais municipios,C
4106456,Coronel Domingos Soares,PR,demais municipios,C
4116802,Nova Cantu,PR,demais municipios,C
4320552,Sertão Santana,RS,demais municipios,C
1713601,Monte do Carmo,TO,demais municipios,C
4301800,Barracão,RS,demais municipios,C
2614402,Solidão,PE,demais municipios,C
3163508,São José do Jacuri,MG,demais municipios,C
2805208,Pinhão,SE,demais municipios,C
3139102,Madre de Deus de Minas,MG,demais municipios,C
4310538,Itaara,RS,demais municipios,C
2202091,Caldeirão Grande do Piauí,PI,demais municipios,C
3127206,Funilândia,MG,demais municipios,C
3156106,Ritápolis,MG,demais municipios,C
4311601,Liberato Salzano,RS,demais municipios,C
2209708,São Francisco do Piauí,PI,demais municipios,C
2106359,Marajá do Sena,MA,demais municipios,C
2204659,Ilha Grande,PI,demais municipios,C
3119955,Córrego Fundo,MG,demais municipios,C
5005152,Juti,MS,demais municipios,C
2406007,José da Penha,RN,demais municipios,C
4218608,Trombudo Central,SC,demais municipios,C
2110658,São Domingos do Azeitão,MA,demais municipios,C
2806404,Santana do São Francisco,SE,demais municipios,C
2603405,Calumbi,PE,demais municipios,C
4216255,São João do Oeste,SC,demais municipios,C
4113734,Luiziana,PR,demais municipios,C
2103901,Duque Bacelar,MA,demais municipios,C
4200804,Anchieta,SC,demais municipios,C
3169802,Turvolândia,MG,demais municipios,C
2510402,Olho d'Água,PB,demais municipios,C
3161304,São Francisco de Sales,MG,demais municipios,C
4121604,Renascença,PR,demais municipios,C
3524501,Jaci,SP,demais municipios,C
5104526,Ipiranga do Norte,MT,demais municipios,C
4320503,Sertão,RS,demais municipios,C
3136108,Joanésia,MG,demais municipios,C
4312252,Minas do Leão,RS,demais municipios,C
2705408,Monteirópolis,AL,demais municipios,C
4320354,Sentinela do Sul,RS,demais municipios,C
3512100,Colômbia,SP,demais municipios,C
3518107,Guarantã,SP,demais municipios,C
1700400,Almas,TO,demais municipios,C
2203750,Fartura do Piauí,PI,demais municipios,C
3511904,Clementina,SP,demais municipios,C
1710508,Itacajá,TO,demais municipios,C
2504504,Condado,PB,demais municipios,C
3521150,Ipiguá,SP,demais municipios,C
1506906,Santarém Novo,PA,demais municipios,C
2607109,Ingazeira,PE,demais municipios,C
4104105,Campo do Tenente,PR,demais municipios,C
3125408,Felício dos Santos,MG,demais municipios,C
4115853,Mercedes,PR,demais municipios,C
5103452,Denise,MT,demais municipios,C
2111722,Satubinha,MA,demais municipios,C
5104906,Jangada,MT,demais municipios,C
2409704,Pedro Avelino,RN,demais municipios,C
4202503,Bom Jardim da Serra,SC,demais municipios,C
1301951,Itamarati,AM,demais municipios,C
2404853,Itajá,RN,demais municipios,C
2700904,Belo Monte,AL,demais municipios,C
3160959,São Domingos das Dores,MG,demais municipios,C
4200507,Águas de Chapecó,SC,demais municipios,C
1715705,Palmeirante,TO,demais municipios,C
4126900,Tapira,PR,demais municipios,C
3170578,Vargem Alegre,MG,demais municipios,C
3501806,Américo de Campos,SP,demais municipios,C
4128807,Xambrê,PR,demais municipios,C
2203404,Dom Expedito Lopes,PI,demais municipios,C
3519501,Ibirarema,SP,demais municipios,C
2507804,Junco do Seridó,PB,demais municipios,C
3521507,Irapuã,SP,demais municipios,C
2410900,Riachuelo,RN,demais municipios,C
4120200,Porto Rico,PR,demais municipios,C
4315909,Rodeio Bonito,RS,demais municipios,C
2202117,Campo Alegre do Fidalgo,PI,demais municipios,C
1703800,Buriti do Tocantins,TO,demais municipios,C
1300060,Amaturá,AM,demais municipios,C
5007505,Rochedo,MS,demais municipios,C
2205854,Madeiro,PI,demais municipios,C
4207684,Ipuaçu,SC,demais municipios,C
5103908,General Carneiro,MT,demais municipios,C
4126405,Sertaneja,PR,demais municipios,C
2209104,Santa Cruz do Piauí,PI,demais municipios,C
4203105,Caibi,SC,demais municipios,C
3118106,Congonhas do Norte,MG,demais municipios,C
2201945,Boqueirão do Piauí,PI,demais municipios,C
3162575,São João do Manteninha,MG,demais municipios,C
4107736,Fernandes Pinheiro,PR,demais municipios,C
2205565,Lagoa do Barro do Piauí,PI,demais municipios,C
3165578,Senador Amaral,MG,demais municipios,C
2201770,Boa Hora,PI,demais municipios,C
3127073,Fruta de Leite,MG,demais municipios,C
5205208,Caturaí,GO,demais municipios,C
4306734,Doutor Maurício Cardoso,RS,demais municipios,C
3138708,Luminárias,MG,demais municipios,C
3201803,Divino de São Lourenço,ES,demais municipios,C
4108700,Grandes Rios,PR,demais municipios,C
4124004,Santana do Itararé,PR,demais municipios,C
2413607,Severiano Melo,RN,demais municipios,C
1706001,Couto Magalhães,TO,demais municipios,C
3514700,Echaporã,SP,demais municipios,C
3122900,Dona Euzébia,MG,demais municipios,C
2900900,Almadina,BA,demais municipios,C
2509156,Marizópolis,PB,demais municipios,C
2803104,Itabi,SE,demais municipios,C
2929354,São José da Vitória,BA,demais municipios,C
2201919,Bom Princípio do Piauí,PI,demais municipios,C
3120151,Crisólita,MG,demais municipios,C
4218103,Timbé do Sul,SC,demais municipios,C
2414159,Tenente Laurentino Cruz,RN,demais municipios,C
3105509,Barão do Monte Alto,MG,demais municipios,C
1718303,Praia Norte,TO,demais municipios,C
3147956,Patis,MG,demais municipios,C
2413102,Senador Elói de Souza,RN,demais municipios,C
4118600,Paula Freitas,PR,demais municipios,C
2924108,Pedrão,BA,demais municipios,C
2503605,Caiçara,PB,demais municipios,C
4210407,Maracajá,SC,demais municipios,C
5007307,Rio Negro,MS,demais municipios,C
3552908,Taciba,SP,demais municipios,C
5100102,Acorizal,MT,demais municipios,C
5106000,Nortelândia,MT,demais municipios,C
2500205,Aguiar,PB,demais municipios,C
2206670,Morro do Chapéu do Piauí,PI,demais municipios,C
2504702,Congo,PB,demais municipios,C
2513307,Santa Helena,PB,demais municipios,C
4125753,São Pedro do Iguaçu,PR,demais municipios,C
4319208,São Nicolau,RS,demais municipios,C
1400506,São João da Baliza,RR,demais municipios,C
1710706,Itaguatins,TO,demais municipios,C
4122651,Rosário do Ivaí,PR,demais municipios,C
2514107,São João do Tigre,PB,demais municipios,C
3519204,Iacri,SP,demais municipios,C
4115309,Mariópolis,PR,demais municipios,C
3166006,Senhora de Oliveira,MG,demais municipios,C
3150307,Piedade do Rio Grande,MG,demais municipios,C
3105707,Barra Longa,MG,demais municipios,C
2202752,Colônia do Gurguéia,PI,demais municipios,C
4322905,Viadutos,RS,demais municipios,C
2202554,Caridade do Piauí,PI,demais municipios,C
2208908,Ribeiro Gonçalves,PI,demais municipios,C
1718865,Santa Fé do Araguaia,TO,demais municipios,C
3126604,Francisco Dumont,MG,demais municipios,C
4322103,Tucunduva,RS,demais municipios,C
4202131,Bela Vista do Toldo,SC,demais municipios,C
4126272,Saudade do Iguaçu,PR,demais municipios,C
3521606,Irapuru,SP,demais municipios,C
4122909,Salto do Itararé,PR,demais municipios,C
4300034,Aceguá,RS,demais municipios,C
2405405,Japi,RN,demais municipios,C
2201408,Barro Duro,PI,demais municipios,C
2205573,Lagoa de São Francisco,PI,demais municipios,C
2211357,Várzea Branca,PI,demais municipios,C
3553856,Taquarivaí,SP,demais municipios,C
3542008,Quintana,SP,demais municipios,C
2101970,Boa Vista do Gurupi,MA,demais municipios,C
1505494,Palestina do Pará,PA,demais municipios,C
2104628,Governador Luiz Rocha,MA,demais municipios,C
2612109,Salgadinho,PE,demais municipios,C
4313490,Novo Barreiro,RS,demais municipios,C
5107354,São José do Xingu,MT,demais municipios,C
5000252,Alcinópolis,MS,demais municipios,C
1706506,Darcinópolis,TO,demais municipios,C
2202653,Caxingó,PI,demais municipios,C
3129657,Ibiracatu,MG,demais municipios,C
4124608,São Carlos do Ivaí,PR,demais municipios,C
4321477,Tiradentes do Sul,RS,demais municipios,C
2205607,Landri Sales,PI,demais municipios,C
5005251,Laguna Carapã,MS,demais municipios,C
2109700,Sambaíba,MA,demais municipios,C
3543600,Rifaina,SP,demais municipios,C
2403301,Encanto,RN,demais municipios,C
3146404,Paineiras,MG,demais municipios,C
5213905,Mossâmedes,GO,demais municipios,C
2706604,Paulo Jacinto,AL,demais municipios,C
4108908,Guairaçá,PR,demais municipios,C
5220686,Simolândia,GO,demais municipios,C
2511608,Pilões,PB,demais municipios,C
4115457,Marquinho,PR,demais municipios,C
2503100,Cabaceiras,PB,demais municipios,C
4313102,Nova Palma,RS,demais municipios,C
2209872,São João da Fronteira,PI,demais municipios,C
2202802,Conceição do Canindé,PI,demais municipios,C
5200852,Americano do Brasil,GO,demais municipios,C
3105301,Bandeira do Sul,MG,demais municipios,C
4312476,Morro Reuter,RS,demais municipios,C
4113254,Laranjal,PR,demais municipios,C
2405108,Jandaíra,RN,demais municipios,C
1101450,Parecis,RO,demais municipios,C
1101484,São Felipe D'Oeste,RO,demais municipios,C
4111100,Itambé,PR,demais municipios,C
3117405,Conceição de Ipanema,MG,demais municipios,C
3122504,Dom Cavati,MG,demais municipios,C
1400605,São Luiz,RR,demais municipios,C
2111250,São José dos Basílios,MA,demais municipios,C
3163409,São José do Goiabal,MG,demais municipios,C
1707306,Dueré,TO,demais municipios,C
2513208,Santa Cruz,PB,demais municipios,C
4112207,Janiópolis,PR,demais municipios,C
4103206,Bom Sucesso,PR,demais municipios,C
2105450,Jatobá,MA,demais municipios,C
3115474,Catuti,MG,demais municipios,C
3100807,Aguanil,MG,demais municipios,C
3114808,Carvalhos,MG,demais municipios,C
3517109,Glicério,SP,demais municipios,C
3526506,Lavínia,SP,demais municipios,C
5209937,Inaciolândia,GO,demais municipios,C
4309704,Humaitá,RS,demais municipios,C
2510204,Nova Olinda,PB,demais municipios,C
4111704,Jaboti,PR,demais municipios,C
2403400,Equador,RN,demais municipios,C
4200309,Agronômica,SC,demais municipios,C
5208103,Formoso,GO,demais municipios,C
2202109,Campinas do Piauí,PI,demais municipios,C
2505600,Diamante,PB,demais municipios,C
2203271,Curral Novo do Piauí,PI,demais municipios,C
4120358,Pranchita,PR,demais municipios,C
2202851,Coronel José Dias,PI,demais municipios,C
5200555,Alto Horizonte,GO,demais municipios,C
2210938,Sussuapara,PI,demais municipios,C
4113007,Jussara,PR,demais municipios,C
4322541,Vale Real,RS,demais municipios,C
5210604,Itaguaru,GO,demais municipios,C
4111001,Itambaracá,PR,demais municipios,C
5219100,Santa Bárbara de Goiás,GO,demais municipios,C
4312054,Marques de Souza,RS,demais municipios,C
5208509,Goiandira,GO,demais municipios,C
3553906,Tarabai,SP,demais municipios,C
3121001,Datas,MG,demais municipios,C
3122405,Divisa Nova,MG,demais municipios,C
2502003,Belém do Brejo do Cruz,PB,demais municipios,C
3511201,Catiguá,SP,demais municipios,C
4202701,Botuverá,SC,demais municipios,C
2204006,Francinópolis,PI,demais municipios,C
3121308,Descoberto,MG,demais municipios,C
3544608,Sabino,SP,demais municipios,C
2403707,Felipe Guerra,RN,demais municipios,C
3104452,Aricanduva,MG,demais municipios,C
1600238,Ferreira Gomes,AP,demais municipios,C
5204557,Caldazinha,GO,demais municipios,C
4319109,São Martinho,RS,demais municipios,C
3542701,Restinga,SP,demais municipios,C
3547007,Santa Maria da Serra,SP,demais municipios,C
3153103,Presidente Bernardes,MG,demais municipios,C
1721109,Tocantínia,TO,demais municipios,C
3112653,Capitão Andrade,MG,demais municipios,C
4116950,Nova Esperança do Sudoeste,PR,demais municipios,C
4113452,Lindoeste,PR,demais municipios,C
3539905,Poloni,SP,demais municipios,C
5106802,Porto dos Gaúchos,MT,demais municipios,C
2210359,São Lourenço do Piauí,PI,demais municipios,C
3144409,Natércia,MG,demais municipios,C
2109759,Santa Filomena do Maranhão,MA,demais municipios,C
3505104,Barbosa,SP,demais municipios,C
1100601,Cacaulândia,RO,demais municipios,C
3112208,Capela Nova,MG,demais municipios,C
4312104,Mata,RS,demais municipios,C
3123304,Dores do Turvo,MG,demais municipios,C
3529609,Meridiano,SP,demais municipios,C
3119906,Córrego do Bom Jesus,MG,demais municipios,C
2205599,Lagoa do Sítio,PI,demais municipios,C
2204352,Geminiano,PI,demais municipios,C
3145372,Novorizonte,MG,demais municipios,C
5108907,Nova Maringá,MT,demais municipios,C
2103125,Central do Maranhão,MA,demais municipios,C
2504033,Capim,PB,demais municipios,C
3140308,Marliéria,MG,demais municipios,C
4313391,Novo Cabrais,RS,demais municipios,C
1600105,Amapá,AP,demais municipios,C
2910909,Firmino Alves,BA,demais municipios,C
3146206,Ouro Verde de Minas,MG,demais municipios,C
1707652,Figueirópolis,TO,demais municipios,C
3542503,Reginópolis,SP,demais municipios,C
3526605,Lavrinhas,SP,demais municipios,C
4303806,Campinas do Sul,RS,demais municipios,C
3157658,Santa Helena de Minas,MG,demais municipios,C
3535705,Paraíso,SP,demais municipios,C
4109658,Honório Serpa,PR,demais municipios,C
2505204,Cuitegi,PB,demais municipios,C
3110103,Caiana,MG,demais municipios,C
3122702,Dom Silvério,MG,demais municipios,C
2400604,Almino Afonso,RN,demais municipios,C
4303400,Caiçara,RS,demais municipios,C
2209302,Santa Luz,PI,demais municipios,C
3171154,Vermelho Novo,MG,demais municipios,C
4117206,Nova Olímpia,PR,demais municipios,C
2412708,São Pedro,RN,demais municipios,C
2918704,Lafaiete Coutinho,BA,demais municipios,C
3115359,Catas Altas,MG,demais municipios,C
3531704,Monteiro Lobato,SP,demais municipios,C
3156452,Rosário da Limeira,MG,demais municipios,C
2111573,São Pedro dos Crentes,MA,demais municipios,C
3104809,Augusto de Lima,MG,demais municipios,C
3501202,Álvares Florence,SP,demais municipios,C
4305447,Chuvisca,RS,demais municipios,C
4110003,Iguaraçu,PR,demais municipios,C
4210035,Luzerna,SC,demais municipios,C
2505238,Cuité de Mamanguape,PB,demais municipios,C
3144359,Naque,MG,demais municipios,C
3553203,Taiúva,SP,demais municipios,C
4109757,Ibema,PR,demais municipios,C
3122355,Divisa Alegre,MG,demais municipios,C
3524204,Jaborandi,SP,demais municipios,C
2504355,Caturité,PB,demais municipios,C
3163102,São José da Varginha,MG,demais municipios,C
3158102,Santa Maria do Salto,MG,demais municipios,C
3116407,Claraval,MG,demais municipios,C
1703909,Caseara,TO,demais municipios,C
1700350,Aliança do Tocantins,TO,demais municipios,C
2211407,Várzea Grande,PI,demais municipios,C
4215208,Romelândia,SC,demais municipios,C
1200328,Jordão,AC,demais municipios,C
4320859,Tabaí,RS,demais municipios,C
5101001,Araguaiana,MT,demais municipios,C
2209377,Santa Rosa do Piauí,PI,demais municipios,C
2909505,Cravolândia,BA,demais municipios,C
2209203,Santa Filomena,PI,demais municipios,C
2509602,Monte Horebe,PB,demais municipios,C
4314423,Picada Café,RS,demais municipios,C
1718907,Santa Rosa do Tocantins,TO,demais municipios,C
3123858,Entre Folhas,MG,demais municipios,C
1716653,Pequizeiro,TO,demais municipios,C
3509106,Caiuá,SP,demais municipios,C
2709004,Tanque d'Arca,AL,demais municipios,C
3157104,Salto da Divisa,MG,demais municipios,C
2514305,São José de Caiana,PB,demais municipios,C
3111705,Canaã,MG,demais municipios,C
3164100,São Pedro do Suaçuí,MG,demais municipios,C
4127882,Tunas do Paraná,PR,demais municipios,C
1500131,Abel Figueiredo,PA,demais municipios,C
1503002,Faro,PA,demais municipios,C
2401859,Caiçara do Norte,RN,demais municipios,C
4303301,Caibaté,RS,demais municipios,C
3502002,Analândia,SP,demais municipios,C
5212956,Matrinchã,GO,demais municipios,C
2104701,Graça Aranha,MA,demais municipios,C
3134509,Itutinga,MG,demais municipios,C
2206753,Nossa Senhora de Nazaré,PI,demais municipios,C
2903102,Barra do Rocha,BA,demais municipios,C
5209606,Heitoraí,GO,demais municipios,C
2502300,Bom Sucesso,PB,demais municipios,C
1708304,Goianorte,TO,demais municipios,C
2505352,Damião,PB,demais municipios,C
2100550,Amapá do Maranhão,MA,demais municipios,C
3126752,Franciscópolis,MG,demais municipios,C
4214300,Rancho Queimado,SC,demais municipios,C
3544509,Rubinéia,SP,demais municipios,C
5002803,Caracol,MS,demais municipios,C
5219209,Santa Cruz de Goiás,GO,demais municipios,C
3136520,José Gonçalves de Minas,MG,demais municipios,C
5103437,Curvelândia,MT,demais municipios,C
3135902,Jesuânia,MG,demais municipios,C
4323101,Vicente Dutra,RS,demais municipios,C
2101731,Belágua,MA,demais municipios,C
2101806,Benedito Leite,MA,demais municipios,C
2512721,Pedro Régis,PB,demais municipios,C
3108701,Brás Pires,MG,demais municipios,C
5221304,Três Ranchos,GO,demais municipios,C
4205209,Erval Velho,SC,demais municipios,C
4118451,Pato Bragado,PR,demais municipios,C
2408508,Ouro Branco,RN,demais municipios,C
3122603,Dom Joaquim,MG,demais municipios,C
3165503,Sardoá,MG,demais municipios,C
3505351,Barra do Chapéu,SP,demais municipios,C
2701357,Campestre,AL,demais municipios,C
3171907,Virgolândia,MG,demais municipios,C
2410504,Rafael Fernandes,RN,demais municipios,C
3553104,Taiaçu,SP,demais municipios,C
2508802,Malta,PB,demais municipios,C
3512506,Coroados,SP,demais municipios,C
3520707,Indiaporã,SP,demais municipios,C
3114600,Carrancas,MG,demais municipios,C
3504305,Avaí,SP,demais municipios,C
4322251,Tupandi,RS,demais municipios,C
5006259,Novo Horizonte do Sul,MS,demais municipios,C
5218391,Professor Jamil,GO,demais municipios,C
3546900,Santa Lúcia,SP,demais municipios,C
2506608,Ibiara,PB,demais municipios,C
4309803,Ibiaçá,RS,demais municipios,C
4318424,São João da Urtiga,RS,demais municipios,C
2502904,Brejo dos Santos,PB,demais municipios,C
1701309,Aragominas,TO,demais municipios,C
4311130,Jari,RS,demais municipios,C
2801603,Cedro de São João,SE,demais municipios,C
2504074,Caraúbas,PB,demais municipios,C
5108204,Torixoréu,MT,demais municipios,C
5221908,Varjão,GO,demais municipios,C
3127503,Gonzaga,MG,demais municipios,C
4303202,Cacique Doble,RS,demais municipios,C
4209151,José Boiteux,SC,demais municipios,C
3115904,Chácara,MG,demais municipios,C
3161403,São Francisco do Glória,MG,demais municipios,C
3146255,Padre Carvalho,MG,demais municipios,C
2701902,Chã Preta,AL,demais municipios,C
2910206,Dom Macedo Costa,BA,demais municipios,C
2413706,Sítio Novo,RN,demais municipios,C
2205532,Jurema,PI,demais municipios,C
3157401,Santa Cruz do Escalvado,MG,demais municipios,C
2200905,Aroazes,PI,demais municipios,C
2503803,Caldas Brandão,PB,demais municipios,C
2509503,Montadas,PB,demais municipios,C
2514008,São João do Cariri,PB,demais municipios,C
2201988,Brejo do Piauí,PI,demais municipios,C
3534203,Orindiúva,SP,demais municipios,C
1702307,Arapoema,TO,demais municipios,C
4112306,Japira,PR,demais municipios,C
3165909,Senador Modestino Gonçalves,MG,demais municipios,C
1720101,São Bento do Tocantins,TO,demais municipios,C
1720655,Silvanópolis,TO,demais municipios,C
2514453,São José dos Ramos,PB,demais municipios,C
3148905,Pedra do Indaiá,MG,demais municipios,C
4312203,Maximiliano de Almeida,RS,demais municipios,C
5209408,Guarani de Goiás,GO,demais municipios,C
2413557,Serrinha dos Pintos,RN,demais municipios,C
3108800,Braúnas,MG,demais municipios,C
3129400,Ibertioga,MG,demais municipios,C
3138351,Leme do Prado,MG,demais municipios,C
5210562,Itaguari,GO,demais municipios,C
2301802,Baixio,CE,demais municipios,C
2203602,Eliseu Martins,PI,demais municipios,C
3102209,Alvarenga,MG,demais municipios,C
5219258,Santa Fé de Goiás,GO,demais municipios,C
4311122,Jaquirana,RS,demais municipios,C
1703701,Brejinho de Nazaré,TO,demais municipios,C
2517209,Vieirópolis,PB,demais municipios,C
3546504,Santa Ernestina,SP,demais municipios,C
4219358,Vitor Meireles,SC,demais municipios,C
2209856,São João da Canabrava,PI,demais municipios,C
3555505,Ubirajara,SP,demais municipios,C
4305132,Cerro Branco,RS,demais municipios,C
4207601,Ipira,SC,demais municipios,C
2410256,Porto do Mangue,RN,demais municipios,C
3523701,Itirapuã,SP,demais municipios,C
1713809,Palmeiras do Tocantins,TO,demais municipios,C
3162658,São João do Pacuí,MG,demais municipios,C
5220157,São Luiz do Norte,GO,demais municipios,C
4313037,Nova Esperança do Sul,RS,demais municipios,C
4309555,Harmonia,RS,demais municipios,C
2106201,Luís Domingues,MA,demais municipios,C
4215075,Riqueza,SC,demais municipios,C
3141306,Medeiros,MG,demais municipios,C
2207405,Palmeira do Piauí,PI,demais municipios,C
3522000,Itaju,SP,demais municipios,C
3170651,Vargem Grande do Rio Pardo,MG,demais municipios,C
1302108,Japurá,AM,demais municipios,C
2202711,Cocal de Telha,PI,demais municipios,C
4124905,São João do Caiuá,PR,demais municipios,C
4312302,Miraguaí,RS,demais municipios,C
4126108,São Tomé,PR,demais municipios,C
4315750,Riozinho,RS,demais municipios,C
3155108,Rio do Prado,MG,demais municipios,C
1717008,Pindorama do Tocantins,TO,demais municipios,C
2202455,Capitão Gervásio Oliveira,PI,demais municipios,C
4201109,Anitápolis,SC,demais municipios,C
4107157,Diamante D'Oeste,PR,demais municipios,C
1507466,São João da Ponta,PA,demais municipios,C
2205276,Jatobá do Piauí,PI,demais municipios,C
3537701,Piacatu,SP,demais municipios,C
2205904,Manoel Emídio,PI,demais municipios,C
3123106,Dores de Guanhães,MG,demais municipios,C
2513505,Santana de Mangueira,PB,demais municipios,C
3554201,Tejupá,SP,demais municipios,C
4306304,David Canabarro,RS,demais municipios,C
3517307,Guaimbê,SP,demais municipios,C
3519253,Iaras,SP,demais municipios,C
2209559,São Braz do Piauí,PI,demais municipios,C
3119807,Córrego Danta,MG,demais municipios,C
5106208,Nova Brasilândia,MT,demais municipios,C
2515930,Sertãozinho,PB,demais municipios,C
2919009,Lajedinho,BA,demais municipios,C
4307559,Estação,RS,demais municipios,C
4121109,Quinta do Sol,PR,demais municipios,C
3520608,Indiana,SP,demais municipios,C
4316204,Rondinha,RS,demais municipios,C
3149606,Pequi,MG,demais municipios,C
4217253,São Pedro de Alcântara,SC,demais municipios,C
5208152,Gameleira de Goiás,GO,demais municipios,C
4307054,Ernestina,RS,demais municipios,C
1717800,Ponte Alta do Bom Jesus,TO,demais municipios,C
3120839,Cuparaque,MG,demais municipios,C
3546207,Santa Cruz da Conceição,SP,demais municipios,C
5204656,Campinaçu,GO,demais municipios,C
2203800,Flores do Piauí,PI,demais municipios,C
2208874,Ribeira do Piauí,PI,demais municipios,C
3166956,Serranópolis de Minas,MG,demais municipios,C
4113809,Lupionópolis,PR,demais municipios,C
4320305,Selbach,RS,demais municipios,C
2502102,Boa Ventura,PB,demais municipios,C
1101559,Teixeirópolis,RO,demais municipios,C
2111631,São Raimundo do Doca Bezerra,MA,demais municipios,C
5221502,Turvânia,GO,demais municipios,C
3105202,Bandeira,MG,demais municipios,C
3532207,Narandiba,SP,demais municipios,C
5220264,São Miguel do Passa Quatro,GO,demais municipios,C
5105234,Lambari D'Oeste,MT,demais municipios,C
5203104,Baliza,GO,demais municipios,C
5201504,Aporé,GO,demais municipios,C
2927804,Santa Cruz da Vitória,BA,demais municipios,C
3534104,Oriente,SP,demais municipios,C
2100402,Altamira do Maranhão,MA,demais municipios,C
5205521,Colinas do Sul,GO,demais municipios,C
2908804,Contendas do Sincorá,BA,demais municipios,C
3507704,Braúna,SP,demais municipios,C
5102694,Canabrava do Norte,MT,demais municipios,C
3171105,Veríssimo,MG,demais municipios,C
3500808,Alfredo Marcondes,SP,demais municipios,C
4103354,Braganey,PR,demais municipios,C
5107750,Salto do Céu,MT,demais municipios,C
5003504,Douradina,MS,demais municipios,C
5221809,Urutaí,GO,demais municipios,C
4314498,Pinheirinho do Vale,RS,demais municipios,C
3136801,Juramento,MG,demais municipios,C
1712504,Marianópolis do Tocantins,TO,demais municipios,C
3150703,Pirajuba,MG,demais municipios,C
3503000,Aramina,SP,demais municipios,C
2703403,Jacaré dos Homens,AL,demais municipios,C
2406809,Lajes Pintadas,RN,demais municipios,C
4308458,Fortaleza dos Valos,RS,demais municipios,C
4311627,Lindolfo Collor,RS,demais municipios,C
4126702,Tamboara,PR,demais municipios,C
3126307,Fortaleza de Minas,MG,demais municipios,C
3530003,Mira Estrela,SP,demais municipios,C
4201273,Arabutã,SC,demais municipios,C
4311981,Mariana Pimentel,RS,demais municipios,C
2101350,Bacurituba,MA,demais municipios,C
2101939,Bernardo do Mearim,MA,demais municipios,C
2206654,Morro Cabeça no Tempo,PI,demais municipios,C
3168101,Tapira,MG,demais municipios,C
3154408,Ressaquinha,MG,demais municipios,C
4126355,Serranópolis do Iguaçu,PR,demais municipios,C
4214904,Rio Fortuna,SC,demais municipios,C
5207352,Edealina,GO,demais municipios,C
3512704,Corumbataí,SP,demais municipios,C
3510153,Canitar,SP,demais municipios,C
5215405,Ouro Verde de Goiás,GO,demais municipios,C
1703206,Bernardo Sayão,TO,demais municipios,C
2501534,Baraúna,PB,demais municipios,C
4204350,Cordilheira Alta,SC,demais municipios,C
2404903,Itaú,RN,demais municipios,C
4312609,Muçum,RS,demais municipios,C
3135076,Jampruca,MG,demais municipios,C
4204103,Caxambu do Sul,SC,demais municipios,C
5210802,Itajá,GO,demais municipios,C
3171402,Vieiras,MG,demais municipios,C
4305504,Ciríaco,RS,demais municipios,C
5108808,Nova Guarita,MT,demais municipios,C
2707909,Santa Luzia do Norte,AL,demais municipios,C
3159100,Santana dos Montes,MG,demais municipios,C
3136405,Joaquim Felício,MG,demais municipios,C
3157609,Santa Fé de Minas,MG,demais municipios,C
2205581,Lagoa do Piauí,PI,demais municipios,C
4125308,São Jorge do Ivaí,PR,demais municipios,C
5221551,Turvelândia,GO,demais municipios,C
3541653,Quadra,SP,demais municipios,C
4202438,Bocaina do Sul,SC,demais municipios,C
4206603,Guarujá do Sul,SC,demais municipios,C
1705557,Combinado,TO,demais municipios,C
2505279,Curral de Cima,PB,demais municipios,C
2111953,Sucupira do Riachão,MA,demais municipios,C
2414704,Várzea,RN,demais municipios,C
5219357,Santa Isabel,GO,demais municipios,C
2807006,São Miguel do Aleixo,SE,demais municipios,C
4110904,Itaguajé,PR,demais municipios,C
2705309,Minador do Negrão,AL,demais municipios,C
3157302,Santa Bárbara do Tugúrio,MG,demais municipios,C
3167905,Tabuleiro,MG,demais municipios,C
2200459,Alvorada do Gurguéia,PI,demais municipios,C
1701101,Aparecida do Rio Negro,TO,demais municipios,C
3170438,União de Minas,MG,demais municipios,C
2703700,Jaramataia,AL,demais municipios,C
4213302,Ponte Alta,SC,demais municipios,C
3107604,Bom Jesus da Penha,MG,demais municipios,C
2209955,São João da Varjota,PI,demais municipios,C
2201804,Bocaina,PI,demais municipios,C
3122108,Divino das Laranjeiras,MG,demais municipios,C
3121902,Divinésia,MG,demais municipios,C
5104559,Itaúba,MT,demais municipios,C
4314472,Pinhal Grande,RS,demais municipios,C
2912608,Ibiquera,BA,demais municipios,C
4107546,Espigão Alto do Iguaçu,PR,demais municipios,C
2203420,Domingos Mourão,PI,demais municipios,C
2508109,Lagoa,PB,demais municipios,C
2201705,Bertolínia,PI,demais municipios,C
2514800,São José dos Cordeiros,PB,demais municipios,C
3169059,Tocos do Moji,MG,demais municipios,C
3509809,Campos Novos Paulista,SP,demais municipios,C
4113106,Kaloré,PR,demais municipios,C
3127057,Fronteira dos Vales,MG,demais municipios,C
4108452,Foz do Jordão,PR,demais municipios,C
4107850,Flor da Serra do Sul,PR,demais municipios,C
3302452,Macuco,RJ,demais municipios,C
5107206,Rio Branco,MT,demais municipios,C
2200277,Alegrete do Piauí,PI,demais municipios,C
4219408,Witmarsum,SC,demais municipios,C
3127388,Goianá,MG,demais municipios,C
4103479,Cafezal do Sul,PR,demais municipios,C
3136553,José Raydan,MG,demais municipios,C
4107801,Floraí,PR,demais municipios,C
4318622,São José dos Ausentes,RS,demais municipios,C
2510303,Nova Palmeira,PB,demais municipios,C
4113759,Lunardelli,PR,demais municipios,C
4301552,Áurea,RS,demais municipios,C
1703107,Barrolândia,TO,demais municipios,C
4300455,Alegria,RS,demais municipios,C
3172103,Volta Grande,MG,demais municipios,C
3115409,Catas Altas da Noruega,MG,demais municipios,C
3532702,Nipoã,SP,demais municipios,C
4315354,Quinze de Novembro,RS,demais municipios,C
2210052,São José do Divino,PI,demais municipios,C
5100359,Alto Boa Vista,MT,demais municipios,C
2109056,Porto Rico do Maranhão,MA,demais municipios,C
4323754,Vitória das Missões,RS,demais municipios,C
2207553,Paquetá,PI,demais municipios,C
2207306,Paes Landim,PI,demais municipios,C
3157278,Santa Bárbara do Monte Verde,MG,demais municipios,C
4107108,Diamante do Norte,PR,demais municipios,C
3106606,Bertópolis,MG,demais municipios,C
3555356,Ubarana,SP,demais municipios,C
5209150,Gouvelândia,GO,demais municipios,C
3142254,Miravânia,MG,demais municipios,C
3500204,Adolfo,SP,demais municipios,C
3512605,Coronel Macedo,SP,demais municipios,C
2206001,Marcos Parente,PI,demais municipios,C
2409332,Santa Maria,RN,demais municipios,C
3532108,Murutinga do Sul,SP,demais municipios,C
4305959,Cotiporã,RS,demais municipios,C
2210631,Sebastião Leal,PI,demais municipios,C
4212239,Paraíso,SC,demais municipios,C
5107248,Santa Carmem,MT,demais municipios,C
3143153,Monte Formoso,MG,demais municipios,C
3502606,Aparecida d'Oeste,SP,demais municipios,C
4311718,Maçambará,RS,demais municipios,C
4106571,Cruzeiro do Iguaçu,PR,demais municipios,C
5215207,Novo Brasil,GO,demais municipios,C
5214101,Mutunópolis,GO,demais municipios,C
2703502,Jacuípe,AL,demais municipios,C
3102506,Amparo do Serra,MG,demais municipios,C
2707800,Roteiro,AL,demais municipios,C
4115507,Marumbi,PR,demais municipios,C
4218756,Tunápolis,SC,demais municipios,C
5204953,Campos Verdes,GO,demais municipios,C
5202353,Arenópolis,GO,demais municipios,C
3521200,Iporanga,SP,demais municipios,C
2110807,São Félix de Balsas,MA,demais municipios,C
4314068,Passa Sete,RS,demais municipios,C
5221007,Taquaral de Goiás,GO,demais municipios,C
3163300,São José do Divino,MG,demais municipios,C
4109005,Guapirama,PR,demais municipios,C
3135308,Japaraíba,MG,demais municipios,C
3148400,Paulistas,MG,demais municipios,C
4321857,Três Palmeiras,RS,demais municipios,C
2105658,Junco do Maranhão,MA,demais municipios,C
5106273,Novo Horizonte do Norte,MT,demais municipios,C
2508703,Mãe d'Água,PB,demais municipios,C
4323408,Vila Maria,RS,demais municipios,C
1720499,São Valério,TO,demais municipios,C
2201002,Arraial,PI,demais municipios,C
2515906,Serraria,PB,demais municipios,C
4308078,Fazenda Vilanova,RS,demais municipios,C
5201603,Araçu,GO,demais municipios,C
3153004,Pratinha,MG,demais municipios,C
5208301,Divinópolis de Goiás,GO,demais municipios,C
3527702,Luiziânia,SP,demais municipios,C
4310702,Itatiba do Sul,RS,demais municipios,C
3549607,São José do Barreiro,SP,demais municipios,C
3540408,Populina,SP,demais municipios,C
1507755,Sapucaia,PA,demais municipios,C
2207850,Pavussu,PI,demais municipios,C
5206701,Damianópolis,GO,demais municipios,C
4304002,Campo Novo,RS,demais municipios,C
4312617,Muitos Capões,RS,demais municipios,C
4211454,Nova Itaberaba,SC,demais municipios,C
4209805,Leoberto Leal,SC,demais municipios,C
4207759,Iraceminha,SC,demais municipios,C
3160900,São Brás do Suaçuí,MG,demais municipios,C
4100459,Altamira do Paraná,PR,demais municipios,C
3106804,Bias Fortes,MG,demais municipios,C
4100905,Amaporã,PR,demais municipios,C
2210904,Socorro do Piauí,PI,demais municipios,C
2404002,Frutuoso Gomes,RN,demais municipios,C
2200103,Agricolândia,PI,demais municipios,C
4212403,Pedras Grandes,SC,demais municipios,C
2405207,Janduís,RN,demais municipios,C
1711506,Jaú do Tocantins,TO,demais municipios,C
2700805,Belém,AL,demais municipios,C
4120853,Quatro Pontes,PR,demais municipios,C
3159407,Santa Rita de Ibitipoca,MG,demais municipios,C
4312443,Morrinhos do Sul,RS,demais municipios,C
5213772,Montividiu do Norte,GO,demais municipios,C
3120409,Cristiano Otoni,MG,demais municipios,C
3141207,Matutina,MG,demais municipios,C
3543204,Ribeirão do Sul,SP,demais municipios,C
2512077,Poço de José de Moura,PB,demais municipios,C
2513802,Santa Teresinha,PB,demais municipios,C
3132008,Itacambira,MG,demais municipios,C
4322152,Tunas,RS,demais municipios,C
3140605,Materlândia,MG,demais municipios,C
5206503,Cromínia,GO,demais municipios,C
4303673,Campestre da Serra,RS,demais municipios,C
2204105,Francisco Ayres,PI,demais municipios,C
4313425,Novo Machado,RS,demais municipios,C
5202601,Aurilândia,GO,demais municipios,C
4109203,Guaraci,PR,demais municipios,C
2801900,Cumbe,SE,demais municipios,C
5005103,Jateí,MS,demais municipios,C
4313607,Paim Filho,RS,demais municipios,C
3102407,Alvorada de Minas,MG,demais municipios,C
3153202,Presidente Juscelino,MG,demais municipios,C
3541059,Pratânia,SP,demais municipios,C
3153707,Quartel Geral,MG,demais municipios,C
3522653,Itapirapuã Paulista,SP,demais municipios,C
4320602,Severiano de Almeida,RS,demais municipios,C
2514404,São José de Espinharas,PB,demais municipios,C
4314035,Pareci Novo,RS,demais municipios,C
2203230,Currais,PI,demais municipios,C
2205300,Jerumenha,PI,demais municipios,C
3144904,Nova Módica,MG,demais municipios,C
3523008,Itapura,SP,demais municipios,C
1100908,Castanheiras,RO,demais municipios,C
5203609,Brazabrantes,GO,demais municipios,C
2209500,Santo Inácio do Piauí,PI,demais municipios,C
3136579,Josenópolis,MG,demais municipios,C
2511707,Pilõezinhos,PB,demais municipios,C
5106190,Nova Santa Helena,MT,demais municipios,C
1716307,Pau D'Arco,TO,demais municipios,C
4318481,São José do Hortêncio,RS,demais municipios,C
3508900,Caiabu,SP,demais municipios,C
3124708,Estrela do Indaiá,MG,demais municipios,C
3530409,Mirassolândia,SP,demais municipios,C
2209153,Santa Cruz dos Milagres,PI,demais municipios,C
4204178,Cerro Negro,SC,demais municipios,C
3122470,Dom Bosco,MG,demais municipios,C
5215900,Palminópolis,GO,demais municipios,C
4312807,Nova Araçá,RS,demais municipios,C
4211405,Nova Erechim,SC,demais municipios,C
2401602,Bento Fernandes,RN,demais municipios,C
3132602,Itamarati de Minas,MG,demais municipios,C
2509339,Matinhas,PB,demais municipios,C
2918902,Lajedão,BA,demais municipios,C
4203253,Capão Alto,SC,demais municipios,C
4205100,Dona Emma,SC,demais municipios,C
4315206,Putinga,RS,demais municipios,C
3121704,Diogo de Vasconcelos,MG,demais municipios,C
2107258,Nova Colinas,MA,demais municipios,C
3138302,Leandro Ferreira,MG,demais municipios,C
4309951,Ibirapuitã,RS,demais municipios,C
2411007,Rodolfo Fernandes,RN,demais municipios,C
4122800,Salgado Filho,PR,demais municipios,C
2702207,Coqueiro Seco,AL,demais municipios,C
4110409,Indianópolis,PR,demais municipios,C
4323457,Vila Nova do Sul,RS,demais municipios,C
2201556,Bela Vista do Piauí,PI,demais municipios,C
3137304,Lagoa dos Patos,MG,demais municipios,C
2512754,Riachão do Bacamarte,PB,demais municipios,C
4310553,Itacurubi,RS,demais municipios,C
4307401,Esmeralda,RS,demais municipios,C
1501253,Bannach,PA,demais municipios,C
3545100,Salmourão,SP,demais municipios,C
4209854,Lindóia do Sul,SC,demais municipios,C
3518909,Guzolândia,SP,demais municipios,C
2408805,Parazinho,RN,demais municipios,C
2107308,Nova Iorque,MA,demais municipios,C
3158805,Santana do Jacaré,MG,demais municipios,C
2100105,Afonso Cunha,MA,demais municipios,C
3543105,Ribeirão Corrente,SP,demais municipios,C
2304806,Granjeiro,CE,demais municipios,C
3120102,Couto de Magalhães de Minas,MG,demais municipios,C
5007976,Taquarussu,MS,demais municipios,C
2208858,Riacho Frio,PI,demais municipios,C
2510501,Olivedos,PB,demais municipios,C
4113601,Lobato,PR,demais municipios,C
2900603,Aiquara,BA,demais municipios,C
3157500,Santa Efigênia de Minas,MG,demais municipios,C
2203255,Curralinhos,PI,conurbado com uf,C
3152131,Ponto Chique,MG,demais municipios,C
4121257,Ramilândia,PR,demais municipios,C
4107702,Fênix,PR,demais municipios,C
4300059,Água Santa,RS,demais municipios,C
5200829,Amaralina,GO,demais municipios,C
3145851,Oratórios,MG,demais municipios,C
3160009,Santo Antônio do Aventureiro,MG,demais municipios,C
3528700,Marabá Paulista,SP,demais municipios,C
3158409,Santana de Cataguases,MG,demais municipios,C
3115201,Conceição da Barra de Minas,MG,demais municipios,C
2502706,Borborema,PB,demais municipios,C
3106655,Berizal,MG,demais municipios,C
4309753,Ibarama,RS,demais municipios,C
4106704,Cruzeiro do Sul,PR,demais municipios,C
2512200,Prata,PB,demais municipios,C
5103809,Figueirópolis D'Oeste,MT,demais municipios,C
3531605,Monte Castelo,SP,demais municipios,C
3111150,Campo Azul,MG,demais municipios,C
4103008,Boa Esperança,PR,demais municipios,C
3501103,Alto Alegre,SP,demais municipios,C
2513927,São Bentinho,PB,demais municipios,C
2515203,São Sebastião do Umbuzeiro,PB,demais municipios,C
1718840,Sandolândia,TO,demais municipios,C
5211602,Ivolândia,GO,demais municipios,C
3539608,Planalto,SP,demais municipios,C
2503407,Cacimba de Areia,PB,demais municipios,C
4319125,São Martinho da Serra,RS,demais municipios,C
5003900,Figueirão,MS,demais municipios,C
4322525,Vale Verde,RS,demais municipios,C
4312153,Mato Leitão,RS,demais municipios,C
1600253,Itaubal,AP,conurbado com uf,C
3145802,Onça de Pitangui,MG,demais municipios,C
4208609,Jaborá,SC,demais municipios,C
5206602,Cumari,GO,demais municipios,C
3100401,Acaiaca,MG,demais municipios,C
4215901,São Bonifácio,SC,demais municipios,C
3516853,Gavião Peixoto,SP,demais municipios,C
5103957,Glória D'Oeste,MT,demais municipios,C
3507308,Boracéia,SP,demais municipios,C
4103958,Campina do Simão,PR,demais municipios,C
4312377,Monte Alegre dos Campos,RS,demais municipios,C
5219712,Santo Antônio da Barra,GO,demais municipios,C
1710904,Itapiratins,TO,demais municipios,C
5214903,Nova Roma,GO,demais municipios,C
2504207,Catingueira,PB,demais municipios,C
4219176,Vargem Bonita,SC,demais municipios,C
4107124,Diamante do Sul,PR,demais municipios,C
3163201,São José do Alegre,MG,demais municipios,C
4128658,Virmond,PR,demais municipios,C
2201176,Barra D'Alcântara,PI,demais municipios,C
3110202,Cajuri,MG,demais municipios,C
3528205,Macedônia,SP,demais municipios,C
3132800,Itambé do Mato Dentro,MG,demais municipios,C
1506401,Santa Cruz do Arari,PA,demais municipios,C
2112274,Tufilândia,MA,demais municipios,C
5209804,Hidrolina,GO,demais municipios,C
2501351,Assunção,PB,demais municipios,C
4304101,Campos Borges,RS,demais municipios,C
3170479,Uruana de Minas,MG,demais municipios,C
4104055,Campo Bonito,PR,demais municipios,C
5107297,São José do Povo,MT,demais municipios,C
5108105,Tesouro,MT,demais municipios,C
2801108,Canhoba,SE,demais municipios,C
2210953,Tamboril do Piauí,PI,demais municipios,C
5215256,Novo Planalto,GO,demais municipios,C
2411908,São Francisco do Oeste,RN,demais municipios,C
3508207,Buritizal,SP,demais municipios,C
2211605,Vila Nova do Piauí,PI,demais municipios,C
4106555,Corumbataí do Sul,PR,demais municipios,C
4300570,Alto Feliz,RS,demais municipios,C
4215406,Salto Veloso,SC,demais municipios,C
2410801,Riacho de Santana,RN,demais municipios,C
3144672,Nova Belém,MG,demais municipios,C
4216354,São João do Itaperiú,SC,demais municipios,C
3533700,Ocauçu,SP,demais municipios,C
5215652,Palestina de Goiás,GO,demais municipios,C
2209807,São Gonçalo do Piauí,PI,demais municipios,C
4306353,Dezesseis de Novembro,RS,demais municipios,C
2206951,Novo Santo Antônio,PI,demais municipios,C
3150109,Piau,MG,demais municipios,C
2211506,Vera Mendes,PI,demais municipios,C
3534005,Onda Verde,SP,demais municipios,C
3131406,Ipiaçu,MG,demais municipios,C
2508554,Logradouro,PB,demais municipios,C
4206801,Ibicaré,SC,demais municipios,C
5200902,Amorinópolis,GO,demais municipios,C
2512762,Riachão do Poço,PB,demais municipios,C
4122172,Rio Branco do Ivaí,PR,demais municipios,C
3119708,Coronel Xavier Chaves,MG,demais municipios,C
4210209,Major Gercino,SC,demais municipios,C
3112059,Cantagalo,MG,demais municipios,C
3168051,Taparuba,MG,demais municipios,C
1100262,Rio Crespo,RO,demais municipios,C
5221452,Trombas,GO,demais municipios,C
4310306,Ilópolis,RS,demais municipios,C
3528908,Mariápolis,SP,demais municipios,C
3525607,João Ramalho,SP,demais municipios,C
4113429,Lidianópolis,PR,demais municipios,C
3150539,Pingo-d'Água,MG,demais municipios,C
5220702,Sítio d'Abadia,GO,demais municipios,C
2411106,Ruy Barbosa,RN,demais municipios,C
4107538,Entre Rios do Oeste,PR,demais municipios,C
5222203,Vila Boa,GO,demais municipios,C
3502408,Anhumas,SP,demais municipios,C
2205458,Joca Marques,PI,demais municipios,C
5219456,Santa Rita do Novo Destino,GO,demais municipios,C
4319703,São Valentim,RS,demais municipios,C
5107404,São Pedro da Cipa,MT,demais municipios,C
4305405,Chiapetta,RS,demais municipios,C
4321493,Toropi,RS,demais municipios,C
5106851,Porto Estrela,MT,demais municipios,C
4219606,Xavantina,SC,demais municipios,C
2211704,Wall Ferraz,PI,demais municipios,C
3161650,São Geraldo do Baixio,MG,demais municipios,C
5218706,Rianápolis,GO,demais municipios,C
4116307,Munhoz de Melo,PR,demais municipios,C
3505005,Barão de Antonina,SP,demais municipios,C
3509957,Canas,SP,demais municipios,C
3160108,Santo Antônio do Grama,MG,demais municipios,C
4120150,Porto Barreiro,PR,demais municipios,C
4212270,Passos Maia,SC,demais municipios,C
3140100,Marilac,MG,demais municipios,C
5204607,Campestre de Goiás,GO,demais municipios,C
2514602,São José do Bonfim,PB,demais municipios,C
5219605,Santa Tereza de Goiás,GO,demais municipios,C
3149200,Pedrinópolis,MG,demais municipios,C
3148806,Pedra do Anta,MG,demais municipios,C
2408409,Olho d'Água do Borges,RN,demais municipios,C
3141900,Minduri,MG,demais municipios,C
3540259,Pontalinda,SP,demais municipios,C
3140407,Marmelópolis,MG,demais municipios,C
2111672,São Roberto,MA,demais municipios,C
3159704,Santa Rosa da Serra,MG,demais municipios,C
2201572,Belém do Piauí,PI,demais municipios,C
2205250,Jardim do Mulato,PI,demais municipios,C
4103156,Bom Jesus do Sul,PR,demais municipios,C
2511004,Pedra Branca,PB,demais municipios,C
3154705,Ribeirão Vermelho,MG,demais municipios,C
2407609,Messias Targino,RN,demais municipios,C
3129905,Ibitiúra de Minas,MG,demais municipios,C
3143708,Morro do Pilar,MG,demais municipios,C
1702158,Araguanã,TO,demais municipios,C
5108303,União do Sul,MT,demais municipios,C
3538303,Piquerobi,SP,demais municipios,C
1712009,Lajeado,TO,demais municipios,C
2907400,Catolândia,BA,demais municipios,C
4120408,Presidente Castelo Branco,PR,demais municipios,C
1715101,Novo Acordo,TO,demais municipios,C
2210102,São José do Peixe,PI,demais municipios,C
1200435,Santa Rosa do Purus,AC,demais municipios,C
3160603,Santo Hipólito,MG,demais municipios,C
3533254,Novais,SP,demais municipios,C
4201604,Arroio Trinta,SC,demais municipios,C
4211892,Painel,SC,demais municipios,C
4314779,Pontão,RS,demais municipios,C
2204550,Guaribas,PI,demais municipios,C
2207959,Nova Santa Rita,PI,demais municipios,C
3541109,Presidente Alves,SP,demais municipios,C
3161056,São Félix de Minas,MG,demais municipios,C
3533205,Nova Independência,SP,demais municipios,C
4311791,Maratá,RS,demais municipios,C
3546108,Santa Clara d'Oeste,SP,demais municipios,C
4305116,Centenário,RS,demais municipios,C
2205359,João Costa,PI,demais municipios,C
4215356,Saltinho,SC,demais municipios,C
3156403,Romaria,MG,demais municipios,C
3125507,São Gonçalo do Rio Preto,MG,demais municipios,C
2706208,Palestina,AL,demais municipios,C
4125456,São José das Palmeiras,PR,demais municipios,C
4315552,Rio dos Índios,RS,demais municipios,C
5218102,Portelândia,GO,demais municipios,C
4113403,Leópolis,PR,demais municipios,C
1702703,Aurora do Tocantins,TO,demais municipios,C
5107578,Rondolândia,MT,demais municipios,C
2401503,Barcelona,RN,demais municipios,C
2702702,Feliz Deserto,AL,demais municipios,C
3127354,Glaucilândia,MG,demais municipios,C
3160207,Santo Antônio do Itambé,MG,demais municipios,C
2703908,Jundiá,AL,demais municipios,C
4304671,Capivari do Sul,RS,demais municipios,C
1703867,Cariri do Tocantins,TO,demais municipios,C
4119707,Planaltina do Paraná,PR,demais municipios,C
4120655,Quarto Centenário,PR,demais municipios,C
3508306,Cabrália Paulista,SP,demais municipios,C
5203575,Bonópolis,GO,demais municipios,C
2207793,Pau D'Arco do Piauí,PI,demais municipios,C
4123824,Santa Lúcia,PR,demais municipios,C
3106101,Belmiro Braga,MG,demais municipios,C
3121506,Desterro do Melo,MG,demais municipios,C
4216057,São Cristóvão do Sul,SC,demais municipios,C
2209351,Santana do Piauí,PI,demais municipios,C
4210902,Modelo,SC,demais municipios,C
4315149,Presidente Lucena,RS,demais municipios,C
5103361,Conquista D'Oeste,MT,demais municipios,C
1718550,Riachinho,TO,demais municipios,C
3115003,Cascalho Rico,MG,demais municipios,C
2412401,São José do Seridó,RN,demais municipios,C
3109253,Bugre,MG,demais municipios,C
2202737,Coivaras,PI,demais municipios,C
3116902,Comendador Gomes,MG,demais municipios,C
3166501,Serra Azul de Minas,MG,demais municipios,C
3551207,Sarutaiá,SP,demais municipios,C
4321469,Tio Hugo,RS,demais municipios,C
3125200,Fama,MG,demais municipios,C
3158607,Santana do Deserto,MG,demais municipios,C
4219853,Zortéa,SC,demais municipios,C
4307450,Esperança do Sul,RS,demais municipios,C
4310850,Jaboticaba,RS,demais municipios,C
4117214,Nova Santa Bárbara,PR,demais municipios,C
3114709,Carvalhópolis,MG,demais municipios,C
2402907,Coronel João Pessoa,RN,demais municipios,C
2806503,Santa Rosa de Lima,SE,demais municipios,C
1700301,Aguiarnópolis,TO,demais municipios,C
4313003,Nova Bréscia,RS,demais municipios,C
4114351,Manfrinópolis,PR,demais municipios,C
4205159,Doutor Pedrinho,SC,demais municipios,C
4307815,Estrela Velha,RS,demais municipios,C
4102208,Atalaia,PR,demais municipios,C
4128625,Alto Paraíso,PR,demais municipios,C
4126652,Sulina,PR,demais municipios,C
3516804,Gastão Vidigal,SP,demais municipios,C
1714302,Nazaré,TO,demais municipios,C
4314308,Pejuçara,RS,demais municipios,C
1705607,Conceição do Tocantins,TO,demais municipios,C
4313359,Nova Roma do Sul,RS,demais municipios,C
2207355,Pajeú do Piauí,PI,demais municipios,C
4108551,Godoy Moreira,PR,demais municipios,C
4313011,Nova Candelária,RS,demais municipios,C
5108857,Nova Marilândia,MT,demais municipios,C
4309159,Gramado Xavier,RS,demais municipios,C
3137908,Lamim,MG,demais municipios,C
3160801,São Bento Abade,MG,demais municipios,C
3540101,Pongaí,SP,demais municipios,C
5210158,Ipiranga de Goiás,GO,demais municipios,C
3161601,São Geraldo da Piedade,MG,demais municipios,C
4312757,Nova Alvorada,RS,demais municipios,C
2607406,Itacuruba,PE,demais municipios,C
3525805,Júlio Mesquita,SP,demais municipios,C
4301875,Barra do Quaraí,RS,demais municipios,C
4217105,São Martinho,SC,demais municipios,C
2207751,Passagem Franca do Piauí,PI,demais municipios,C
3126406,Fortuna de Minas,MG,demais municipios,C
3164431,São Sebastião da Vargem Alegre,MG,demais municipios,C
4306379,Dilermando de Aguiar,RS,demais municipios,C
1703073,Barra do Ouro,TO,demais municipios,C
2411700,São Bento do Trairí,RN,demais municipios,C
3552551,Suzanápolis,SP,demais municipios,C
5206305,Cristianópolis,GO,demais municipios,C
2406908,Lucrécia,RN,demais municipios,C
3500600,Águas de São Pedro,SP,demais municipios,C
2109239,Presidente Médici,MA,demais municipios,C
2514701,São José do Sabugi,PB,demais municipios,C
5212600,Mairipotaba,GO,demais municipios,C
4308656,Garruchos,RS,demais municipios,C
3126950,Frei Lagonegro,MG,demais municipios,C
3510906,Cássia dos Coqueiros,SP,demais municipios,C
3535903,Paranapuã,SP,demais municipios,C
4218350,Treviso,SC,demais municipios,C
3551306,Sebastianópolis do Sul,SP,demais municipios,C
1600055,Serra do Navio,AP,demais municipios,C
4311734,Mampituba,RS,demais municipios,C
1720309,São Sebastião do Tocantins,TO,demais municipios,C
4115739,Mato Rico,PR,demais municipios,C
2705903,Olho d'Água Grande,AL,demais municipios,C
3144375,Natalândia,MG,demais municipios,C
3162302,São João da Mata,MG,demais municipios,C
4102752,Bela Vista da Caroba,PR,demais municipios,C
3109600,Cachoeira da Prata,MG,demais municipios,C
4305603,Colorado,RS,demais municipios,C
2406155,Jundiá,RN,demais municipios,C
4120333,Prado Ferreira,PR,demais municipios,C
4310652,Itati,RS,demais municipios,C
5218052,Porteirão,GO,demais municipios,C
5108352,Vale de São Domingos,MT,demais municipios,C
4321634,Três Arroios,RS,demais municipios,C
4323309,Vila Flores,RS,demais municipios,C
3125002,Ewbank da Câmara,MG,demais municipios,C
2210623,Sebastião Barros,PI,demais municipios,C
3119005,Cordislândia,MG,demais municipios,C
3101300,Alagoa,MG,demais municipios,C
4212056,Palmeira,SC,demais municipios,C
2202075,Cajazeiras do Piauí,PI,demais municipios,C
5205059,Castelândia,GO,demais municipios,C
4120101,Porto Amazonas,PR,demais municipios,C
3548302,Santo Expedito,SP,demais municipios,C
5205703,Córrego do Ouro,GO,demais municipios,C
2204154,Francisco Macedo,PI,demais municipios,C
2209757,São Gonçalo do Gurguéia,PI,demais municipios,C
3163003,São José da Safira,MG,demais municipios,C
3515194,Espírito Santo do Turvo,SP,demais municipios,C
2409506,Pedra Grande,RN,demais municipios,C
2512036,Poço Dantas,PB,demais municipios,C
3503505,Areias,SP,demais municipios,C
4200051,Abdon Batista,SC,demais municipios,C
3532058,Motuca,SP,demais municipios,C
3103603,Arantina,MG,demais municipios,C
2408607,Paraná,RN,demais municipios,C
1101476,Primavera de Rondônia,RO,demais municipios,C
2802007,Divina Pastora,SE,demais municipios,C
3542800,Ribeira,SP,demais municipios,C
5106455,Planalto da Serra,MT,demais municipios,C
3122801,Dom Viçoso,MG,demais municipios,C
2209609,São Félix do Piauí,PI,demais municipios,C
3110806,Campanário,MG,demais municipios,C
2202251,Canavieira,PI,demais municipios,C
4321832,Três Forquilhas,RS,demais municipios,C
5221577,Uirapuru,GO,demais municipios,C
3125309,Faria Lemos,MG,demais municipios,C
3166105,Senhora do Porto,MG,demais municipios,C
5212006,Jaupaci,GO,demais municipios,C
3150000,Pescador,MG,demais municipios,C
3522158,Itaoca,SP,demais municipios,C
3135001,Jaguaraçu,MG,demais municipios,C
2408706,Paraú,RN,demais municipios,C
5213855,Morro Agudo de Goiás,GO,demais municipios,C
4322327,Turuçu,RS,demais municipios,C
1703305,Bom Jesus do Tocantins,TO,demais municipios,C
2411809,São Fernando,RN,demais municipios,C
4310900,Jacutinga,RS,demais municipios,C
4123105,Santa Amélia,PR,demais municipios,C
4306452,Dois Lajeados,RS,demais municipios,C
4103024,Boa Esperança do Iguaçu,PR,demais municipios,C
2506202,Frei Martinho,PB,demais municipios,C
4204152,Celso Ramos,SC,demais municipios,C
4215059,Rio Rufino,SC,demais municipios,C
4121307,Rancho Alegre,PR,demais municipios,C
3127370,Goiabeira,MG,demais municipios,C
1720978,Talismã,TO,demais municipios,C
3149507,Pequeri,MG,demais municipios,C
5107792,Santo Antônio do Leste,MT,demais municipios,C
3163607,São José do Mantimento,MG,demais municipios,C
4101655,Arapuã,PR,demais municipios,C
1720259,São Salvador do Tocantins,TO,demais municipios,C
2506509,Gurjão,PB,demais municipios,C
4103370,Brasilândia do Sul,PR,demais municipios,C
4122107,Rio Bom,PR,demais municipios,C
4308052,Faxinalzinho,RS,demais municipios,C
5213053,Mimoso de Goiás,GO,demais municipios,C
2403905,Francisco Dantas,RN,demais municipios,C
4318440,São Jorge,RS,demais municipios,C
4123956,Santa Mônica,PR,demais municipios,C
2505808,Duas Estradas,PB,demais municipios,C
5203962,Buritinópolis,GO,demais municipios,C
4302253,Boa Vista do Sul,RS,demais municipios,C
4112900,Jundiaí do Sul,PR,demais municipios,C
3548401,Santópolis do Aguapeí,SP,demais municipios,C
3104403,Argirita,MG,demais municipios,C
4312138,Mato Castelhano,RS,demais municipios,C
5106174,Nova Nazaré,MT,demais municipios,C
3528858,Marapoama,SP,demais municipios,C
3510104,Cândido Rodrigues,SP,demais municipios,C
5214879,Nova Iguaçu de Goiás,GO,demais municipios,C
4202859,Braço do Trombudo,SC,demais municipios,C
5219506,Santa Rosa de Goiás,GO,demais municipios,C
4215687,Santa Terezinha do Progresso,SC,demais municipios,C
4307831,Eugênio de Castro,RS,demais municipios,C
4120309,Porto Vitória,PR,demais municipios,C
5207501,Estrela do Norte,GO,demais municipios,C
3116209,Chiador,MG,demais municipios,C
4306700,Dona Francisca,RS,demais municipios,C
4117297,Novo Itacolomi,PR,demais municipios,C
2204600,Hugo Napoleão,PI,demais municipios,C
3150208,Piedade de Ponte Nova,MG,demais municipios,C
5206800,Damolândia,GO,demais municipios,C
3107000,Biquinhas,MG,demais municipios,C
3557154,Zacarias,SP,demais municipios,C
4116406,Nossa Senhora das Graças,PR,demais municipios,C
2210979,Tanque do Piauí,PI,demais municipios,C
3120706,Cruzeiro da Fortaleza,MG,demais municipios,C
4111605,Ivatuba,PR,demais municipios,C
4315958,Rolador,RS,demais municipios,C
2410603,Rafael Godeiro,RN,demais municipios,C
4106100,Conselheiro Mairinck,PR,demais municipios,C
4125902,São Pedro do Paraná,PR,demais municipios,C
4204194,Chapadão do Lageado,SC,demais municipios,C
5203939,Buriti de Goiás,GO,demais municipios,C
3165560,Sem-Peixe,MG,demais municipios,C
3533809,Óleo,SP,demais municipios,C
3527801,Lupércio,SP,demais municipios,C
2806909,São Francisco,SE,demais municipios,C
3530904,Mombuca,SP,demais municipios,C
4207577,Iomerê,SC,demais municipios,C
4201802,Atalanta,SC,demais municipios,C
4323200,Victor Graeff,RS,demais municipios,C
3536901,Pedranópolis,SP,demais municipios,C
4202081,Bandeirante,SC,demais municipios,C
2407252,Major Sales,RN,demais municipios,C
1600212,Cutias,AP,demais municipios,C
3545506,Sandovalina,SP,demais municipios,C
4218954,Urupema,SC,demais municipios,C
3515129,Emilianópolis,SP,demais municipios,C
5107263,Santo Afonso,MT,demais municipios,C
2203859,Floresta do Piauí,PI,demais municipios,C
3167509,Simão Pereira,MG,demais municipios,C
4304655,Capão do Cipó,RS,demais municipios,C
1707553,Fátima,TO,demais municipios,C
3119609,Coronel Pacheco,MG,demais municipios,C
3515905,Floreal,SP,demais municipios,C
4111308,Itaúna do Sul,PR,demais municipios,C
4211256,Morro Grande,SC,demais municipios,C
1718808,Sampaio,TO,demais municipios,C
4219101,Vargeão,SC,demais municipios,C
2513356,Santa Inês,PB,demais municipios,C
4219150,Vargem,SC,demais municipios,C
2514552,São José de Princesa,PB,demais municipios,C
3140209,Maripá de Minas,MG,demais municipios,C
4312674,Nicolau Vergueiro,RS,demais municipios,C
2500577,Algodão de Jandaíra,PB,demais municipios,C
3125804,Fernandes Tourinho,MG,demais municipios,C
4316972,Santa Margarida do Sul,RS,demais municipios,C
3528304,Magda,SP,demais municipios,C
3103801,Arapuá,MG,demais municipios,C
4320321,Senador Salgado Filho,RS,demais municipios,C
4306551,Dom Pedro de Alcântara,RS,demais municipios,C
3110400,Camacho,MG,demais municipios,C
2803807,Malhada dos Bois,SE,demais municipios,C
4212601,Peritiba,SC,demais municipios,C
2516151,Sossêgo,PB,demais municipios,C
4315321,Quevedos,RS,demais municipios,C
3147808,Passa Vinte,MG,demais municipios,C
2513943,São Domingos do Cariri,PB,demais municipios,C
1718501,Recursolândia,TO,demais municipios,C
5209457,Guarinos,GO,demais municipios,C
3525409,Jeriquara,SP,demais municipios,C
4103222,Bom Sucesso do Sul,PR,demais municipios,C
3547403,Santa Rita d'Oeste,SP,demais municipios,C
4312385,Monte Belo do Sul,RS,demais municipios,C
4305871,Coronel Barros,RS,demais municipios,C
3554607,Timburi,SP,demais municipios,C
2515708,Serra Grande,PB,demais municipios,C
3113107,Caranaíba,MG,demais municipios,C
2407906,Monte das Gameleiras,RN,demais municipios,C
3101409,Albertina,MG,demais municipios,C
5209291,Guaraíta,GO,demais municipios,C
4316477,Salvador das Missões,RS,demais municipios,C
2201309,Barreiras do Piauí,PI,demais municipios,C
4315057,Porto Mauá,RS,demais municipios,C
3533304,Nova Luzitânia,SP,demais municipios,C
4123204,Santa Cecília do Pavão,PR,demais municipios,C
3516101,Florínea,SP,demais municipios,C
5210307,Israelândia,GO,demais municipios,C
3103207,Araçaí,MG,demais municipios,C
2208601,Prata do Piauí,PI,demais municipios,C
2502052,Bernardino Batista,PB,demais municipios,C
1718881,Santa Maria do Tocantins,TO,demais municipios,C
5202809,Avelinópolis,GO,demais municipios,C
4308250,Floriano Peixoto,RS,demais municipios,C
4314548,Pinto Bandeira,RS,demais municipios,C
4314555,Pirapó,RS,demais municipios,C
4217550,Serra Alta,SC,demais municipios,C
2510600,Ouro Velho,PB,demais municipios,C
3130804,Ingaí,MG,demais municipios,C
4323705,Vista Gaúcha,RS,demais municipios,C
4310363,Imigrante,RS,demais municipios,C
5216007,Panamá,GO,demais municipios,C
5216908,Pilar de Goiás,GO,demais municipios,C
2413201,Senador Georgino Avelino,RN,demais municipios,C
3149002,Pedra Dourada,MG,demais municipios,C
1703057,Bandeirantes do Tocantins,TO,demais municipios,C
4302600,Braga,RS,demais municipios,C
4304952,Caseiros,RS,demais municipios,C
3520806,Inúbia Paulista,SP,demais municipios,C
2410009,Pilões,RN,demais municipios,C
4321329,Taquaruçu do Sul,RS,demais municipios,C
4303558,Camargo,RS,demais municipios,C
2200806,Antônio Almeida,PI,demais municipios,C
5201454,Aparecida do Rio Doce,GO,demais municipios,C
1712405,Lizarda,TO,demais municipios,C
3128501,Guarará,MG,demais municipios,C
3547106,Santa Mercedes,SP,demais municipios,C
2414456,Triunfo Potiguar,RN,demais municipios,C
1713957,Muricilândia,TO,demais municipios,C
4213153,Planalto Alegre,SC,demais municipios,C
4308433,Forquetinha,RS,demais municipios,C
3541802,Queiroz,SP,demais municipios,C
3164902,São Sebastião do Rio Verde,MG,demais municipios,C
4101150,Ângulo,PR,demais municipios,C
4205175,Entre Rios,SC,demais municipios,C
3514924,Elisiário,SP,demais municipios,C
4319372,São Pedro do Butiá,RS,demais municipios,C
2513851,Santo André,PB,demais municipios,C
4106852,Cruzmaltina,PR,demais municipios,C
4202875,Brunópolis,SC,demais municipios,C
4218855,União do Oeste,SC,demais municipios,C
4306957,Entre Rios do Sul,RS,demais municipios,C
3170602,Vargem Bonita,MG,demais municipios,C
3554656,Torre de Pedra,SP,demais municipios,C
4203154,Calmon,SC,demais municipios,C
2205540,Lagoinha do Piauí,PI,demais municipios,C
4319356,São Pedro da Serra,RS,demais municipios,C
4316436,Saldanha Marinho,RS,demais municipios,C
3539707,Platina,SP,demais municipios,C
5206909,Davinópolis,GO,demais municipios,C
4305371,Charrua,RS,demais municipios,C
4102703,Barra do Jacaré,PR,demais municipios,C
4305975,Coxilha,RS,demais municipios,C
4323770,Westfália,RS,demais municipios,C
1713700,Monte Santo do Tocantins,TO,demais municipios,C
2505501,Vista Serrana,PB,demais municipios,C
4116604,Nova América da Colina,PR,demais municipios,C
4318051,São Domingos do Sul,RS,demais municipios,C
1708254,Tabocão,TO,demais municipios,C
2517100,Várzea,PB,demais municipios,C
2805000,Pedra Mole,SE,demais municipios,C
3507159,Bom Sucesso de Itararé,SP,demais municipios,C
4117404,Ourizona,PR,demais municipios,C
4320230,Sede Nova,RS,demais municipios,C
3500907,Altair,SP,demais municipios,C
2512747,Riachão,PB,demais municipios,C
2513000,Salgadinho,PB,demais municipios,C
4107553,Farol,PR,demais municipios,C
3117207,Conceição das Pedras,MG,demais municipios,C
4318432,São João do Polêsine,RS,demais municipios,C
4319711,São Valentim do Sul,RS,demais municipios,C
2516755,Tenório,PB,demais municipios,C
1715002,Nova Rosalândia,TO,demais municipios,C
1701051,Angico,TO,demais municipios,C
2401909,Caiçara do Rio do Vento,RN,demais municipios,C
4313086,Nova Pádua,RS,demais municipios,C
4314175,Pedras Altas,RS,demais municipios,C
4214102,Presidente Nereu,SC,demais municipios,C
2210391,São Miguel do Fidalgo,PI,demais municipios,C
2515609,Serra da Raiz,PB,demais municipios,C
4214151,Princesa,SC,demais municipios,C
2409209,Passagem,RN,demais municipios,C
4301859,Barra do Guarita,RS,demais municipios,C
4306320,Derrubadas,RS,demais municipios,C
1718899,Santa Rita do Tocantins,TO,demais municipios,C
3170305,Umburatiba,MG,demais municipios,C
1719004,Santa Tereza do Tocantins,TO,demais municipios,C
5216452,Perolândia,GO,demais municipios,C
3532843,Nova Canaã Paulista,SP,demais municipios,C
3124609,Estrela Dalva,MG,demais municipios,C
1700251,Abreulândia,TO,demais municipios,C
4201653,Arvoredo,SC,demais municipios,C
4307864,Fagundes Varela,RS,demais municipios,C
4318499,São José do Inhacorá,RS,demais municipios,C
3536257,Parisi,SP,demais municipios,C
2411429,Santana do Seridó,RN,demais municipios,C
1717206,Piraquê,TO,demais municipios,C
2411601,São Bento do Norte,RN,demais municipios,C
2704906,Mar Vermelho,AL,demais municipios,C
2210383,São Miguel da Baixa Grande,PI,demais municipios,C
4302220,Boa Vista do Cadeado,RS,demais municipios,C
3100708,Água Comprida,MG,demais municipios,C
1711951,Lagoa do Tocantins,TO,demais municipios,C
2513984,São Francisco,PB,demais municipios,C
3155009,Rio Doce,MG,demais municipios,C
5212907,Marzagão,GO,demais municipios,C
3144201,Nacip Raydan,MG,demais municipios,C
2505907,Emas,PB,demais municipios,C
3549003,São Francisco,SP,demais municipios,C
5207105,Diorama,GO,demais municipios,C
4217758,Sul Brasil,SC,demais municipios,C
3168200,Tapiraí,MG,demais municipios,C
2414753,Venha-Ver,RN,demais municipios,C
2807303,Telha,SE,demais municipios,C
3143609,Morro da Garça,MG,demais municipios,C
4211652,Novo Horizonte,SC,demais municipios,C
4306072,Cristal do Sul,RS,demais municipios,C
1600550,Pracuúba,AP,demais municipios,C
3130002,Ibituruna,MG,demais municipios,C
4304697,Capitão,RS,demais municipios,C
2200954,Aroeiras do Itaim,PI,demais municipios,C
2210375,São Luis do Piauí,PI,demais municipios,C
3503158,Arapeí,SP,demais municipios,C
3516507,Gabriel Monteiro,SP,demais municipios,C
4213005,Pinheiro Preto,SC,demais municipios,C
2802502,General Maynard,SE,demais municipios,C
2508406,Lastro,PB,demais municipios,C
5200209,Água Limpa,GO,demais municipios,C
1718402,Presidente Kennedy,TO,demais municipios,C
4215752,São Bernardino,SC,demais municipios,C
4314456,Pinhal,RS,demais municipios,C
3120003,Córrego Novo,MG,demais municipios,C
5221080,Teresina de Goiás,GO,demais municipios,C
3171501,Mathias Lobato,MG,demais municipios,C
3145505,Olímpio Noronha,MG,demais municipios,C
3525854,Jumirim,SP,demais municipios,C
4200556,Águas Frias,SC,demais municipios,C
4301073,Arroio do Padre,RS,demais municipios,C
4305850,Coqueiros do Sul,RS,demais municipios,C
4311429,Lajeado do Bugre,RS,demais municipios,C
5107768,Santa Rita do Trivelato,MT,demais municipios,C
4309571,Herveiras,RS,demais municipios,C
4306973,Erebango,RS,demais municipios,C
4317954,Santo Expedito do Sul,RS,demais municipios,C
2400406,Água Nova,RN,demais municipios,C
4323507,Vista Alegre,RS,demais municipios,C
2503753,Cajazeirinhas,PB,demais municipios,C
2517407,Zabelê,PB,demais municipios,C
1101468,Pimenteiras do Oeste,RO,demais municipios,C
1711100,Itaporã do Tocantins,TO,demais municipios,C
3145406,Olaria,MG,demais municipios,C
1712801,Maurilândia do Tocantins,TO,demais municipios,C
2403756,Fernando Pedroza,RN,demais municipios,C
3507753,Brejo Alegre,SP,demais municipios,C
3532157,Nantes,SP,demais municipios,C
4210852,Mirim Doce,SC,demais municipios,C
3527900,Lutécia,SP,demais municipios,C
5107743,Santa Cruz do Xingu,MT,demais municipios,C
4305157,Cerro Grande,RS,demais municipios,C
5106315,Novo Santo Antônio,MT,demais municipios,C
4205605,Galvão,SC,demais municipios,C
3507456,Borebi,SP,demais municipios,C
4209177,Jupiá,SC,demais municipios,C
4302238,Boa Vista do Incra,RS,demais municipios,C
3113800,Carmésia,MG,demais municipios,C
2500734,Amparo,PB,demais municipios,C
4311239,Lagoa Bonita do Sul,RS,demais municipios,C
4316428,Sagrada Família,RS,demais municipios,C
3142502,Monjolos,MG,demais municipios,C
4312427,Mormaço,RS,demais municipios,C
5107198,Ribeirãozinho,MT,demais municipios,C
3501400,Álvaro de Carvalho,SP,demais municipios,C
5220280,São Patrício,GO,demais municipios,C
4321626,Travesseiro,RS,demais municipios,C
4306130,Cruzaltense,RS,demais municipios,C
4314464,Pinhal da Serra,RS,demais municipios,C
3544400,Rubiácea,SP,demais municipios,C
1711803,Juarina,TO,demais municipios,C
3153301,Presidente Kubitschek,MG,demais municipios,C
4101853,Ariranha do Ivaí,PR,demais municipios,C
4119251,Pinhal de São Bento,PR,demais municipios,C
4318457,São José das Missões,RS,demais municipios,C
4306759,Doutor Ricardo,RS,demais municipios,C
1705102,Chapada da Natividade,TO,demais municipios,C
2207934,Pedro Laurentino,PI,demais municipios,C
4205431,Formosa do Sul,SC,demais municipios,C
4318614,São José do Sul,RS,demais municipios,C
1703891,Carrasco Bonito,TO,demais municipios,C
3537156,Pedrinhas Paulista,SP,demais municipios,C
4101051,Anahy,PR,demais municipios,C
3109808,Cachoeira Dourada,MG,demais municipios,C
3534500,Oscar Bressane,SP,demais municipios,C
5200159,Adelândia,GO,demais municipios,C
1704105,Centenário,TO,demais municipios,C
4322376,Unistalda,RS,demais municipios,C
2410702,Riacho da Cruz,RN,demais municipios,C
5107156,Reserva do Cabaçal,MT,demais municipios,C
3158706,Santana do Garambéu,MG,demais municipios,C
4313334,Nova Ramada,RS,demais municipios,C
4312005,Mariano Moro,RS,demais municipios,C
3114907,Casa Grande,MG,demais municipios,C
4304614,Canudos do Vale,RS,demais municipios,C
2513968,São Domingos,PB,demais municipios,C
4210704,Matos Costa,SC,demais municipios,C
5105309,Luciara,MT,demais municipios,C
3515301,Estrela do Norte,SP,demais municipios,C
4305587,Colinas,RS,demais municipios,C
1712702,Mateiros,TO,demais municipios,C
3555208,Turiúba,SP,demais municipios,C
4302584,Bozano,RS,demais municipios,C
4320453,Sério,RS,demais municipios,C
4323358,Vila Lângaro,RS,demais municipios,C
3544707,Sagres,SP,demais municipios,C
4213351,Ponte Alta do Norte,SC,demais municipios,C
3123502,Douradoquara,MG,demais municipios,C
5107883,Serra Nova Dourada,MT,demais municipios,C
4124202,Santo Antônio do Caiuá,PR,demais municipios,C
2406403,Lagoa de Velhos,RN,demais municipios,C
4205555,Frei Rogério,SC,demais municipios,C
4311643,Linha Nova,RS,demais municipios,C
1718709,Rio dos Bois,TO,demais municipios,C
3540309,Pontes Gestal,SP,demais municipios,C
3549300,São João do Pau d'Alho,SP,demais municipios,C
3501509,Alvinlândia,SP,demais municipios,C
4119657,Pitangueiras,PR,demais municipios,C
3167301,Silveirânia,MG,demais municipios,C
3103306,Aracitaba,MG,demais municipios,C
4314753,Poço das Antas,RS,demais municipios,C
4202156,Belmonte,SC,demais municipios,C
2510659,Parari,PB,demais municipios,C
2415008,Vila Flor,RN,demais municipios,C
2605459,Fernando de Noronha,PE,demais municipios,C
3172202,Wenceslau Braz,MG,demais municipios,C
4103404,Cafeara,PR,demais municipios,C
4107520,Esperança Nova,PR,demais municipios,C
4304622,Capão Bonito do Sul,RS,demais municipios,C
1718006,Porto Alegre do Tocantins,TO,demais municipios,C
2510709,Passagem,PB,demais municipios,C
3156205,Rochedo de Minas,MG,demais municipios,C
4200754,Alto Bela Vista,SC,demais municipios,C
5215801,Palmelo,GO,demais municipios,C
3527504,Lucianópolis,SP,demais municipios,C
2401651,Bodó,RN,demais municipios,C
4314134,Paulo Bento,RS,demais municipios,C
3503356,Arco-Íris,SP,demais municipios,C
3167004,Serranos,MG,demais municipios,C
5213400,Moiporá,GO,demais municipios,C
5214705,Nova América,GO,demais municipios,C
4215554,Santa Helena,SC,demais municipios,C
5200506,Aloândia,GO,demais municipios,C
3145703,Oliveira Fortes,MG,demais municipios,C
4320651,Silveira Martins,RS,demais municipios,C
3549201,São João das Duas Pontes,SP,demais municipios,C
4202537,Bom Jesus,SC,demais municipios,C
4315073,Porto Vera Cruz,RS,demais municipios,C
4110052,Iguatu,PR,demais municipios,C
4322343,Ubiretama,RS,demais municipios,C
2413805,Taboleiro Grande,RN,demais municipios,C
5214804,Nova Aurora,GO,demais municipios,C
2414308,Timbaúba dos Batistas,RN,demais municipios,C
3165800,Senador José Bento,MG,demais municipios,C
4305934,Coronel Pilar,RS,demais municipios,C
4217956,Tigrinhos,SC,demais municipios,C
5212055,Jesúpolis,GO,demais municipios,C
2513653,Joca Claudino,PB,demais municipios,C
4301958,Barra Funda,RS,demais municipios,C
4121356,Rancho Alegre D'Oeste,PR,demais municipios,C
5106703,Ponte Branca,MT,demais municipios,C
4108106,Flórida,PR,demais municipios,C
4310751,Ivorá,RS,demais municipios,C
4109104,Guaporema,PR,demais municipios,C
4322855,Vespasiano Corrêa,RS,demais municipios,C
2509370,Mato Grosso,PB,demais municipios,C
3160504,Santo Antônio do Rio Abaixo,MG,demais municipios,C
4204459,Coronel Martins,SC,demais municipios,C
4110300,Inajá,PR,demais municipios,C
4313441,Novo Tiradentes,RS,demais municipios,C
3149408,Pedro Teixeira,MG,demais municipios,C
4317558,Santo Antônio do Palma,RS,demais municipios,C
3536570,Paulistânia,SP,demais municipios,C
1712454,Luzinópolis,TO,demais municipios,C
3514205,Dolcinópolis,SP,demais municipios,C
2405504,Jardim de Angicos,RN,demais municipios,C
4315172,Protásio Alves,RS,demais municipios,C
4310579,Itapuca,RS,demais municipios,C
4302154,Boa Vista das Missões,RS,demais municipios,C
3153806,Queluzito,MG,demais municipios,C
3164803,São Sebastião do Rio Preto,MG,demais municipios,C
3555307,Turmalina,SP,demais municipios,C
3546256,Santa Cruz da Esperança,SP,demais municipios,C
3531001,Monções,SP,demais municipios,C
5104500,Indiavaí,MT,demais municipios,C
3547205,Santana da Ponte Pensa,SP,demais municipios,C
1718451,Pugmil,TO,demais municipios,C
2207108,Olho D'Água do Piauí,PI,demais municipios,C
4211850,Ouro Verde,SC,demais municipios,C
4215604,Santa Rosa de Lima,SC,demais municipios,C
4300554,Alto Alegre,RS,demais municipios,C
4300471,Almirante Tamandaré do Sul,RS,demais municipios,C
3118502,Consolação,MG,demais municipios,C
4312955,Nova Boa Vista,RS,demais municipios,C
4322558,Vanini,RS,demais municipios,C
3506201,Bento de Abreu,SP,demais municipios,C
4124301,Santo Antônio do Paraíso,PR,demais municipios,C
3165602,Senador Cortes,MG,demais municipios,C
1720002,Santa Terezinha do Tocantins,TO,demais municipios,C
3518008,Guarani d'Oeste,SP,demais municipios,C
4118303,Paranapoema,PR,demais municipios,C
4310876,Jacuizinho,RS,demais municipios,C
4205191,Ermo,SC,demais municipios,C
4211876,Paial,SC,demais municipios,C
3147501,Passabém,MG,demais municipios,C
4209201,Lacerdópolis,SC,demais municipios,C
3533106,Nova Guataporanga,SP,demais municipios,C
2707008,Pindoba,AL,demais municipios,C
4317756,Santo Antônio do Planalto,RS,demais municipios,C
4210050,Macieira,SC,demais municipios,C
4314787,Ponte Preta,RS,demais municipios,C
2409605,Pedra Preta,RN,demais municipios,C
2208551,Porto Alegre do Piauí,PI,demais municipios,C
2502201,Bom Jesus,PB,demais municipios,C
2504850,Coxixola,PB,demais municipios,C
1704600,Chapada de Areia,TO,demais municipios,C
4217154,São Miguel da Boa Vista,SC,demais municipios,C
4301925,Barra do Rio Azul,RS,demais municipios,C
3514957,Embaúba,SP,demais municipios,C
4110656,Iracema do Oeste,PR,demais municipios,C
2404804,Ipueira,RN,demais municipios,C
4115903,Mirador,PR,demais municipios,C
4202578,Bom Jesus do Oeste,SC,demais municipios,C
4207858,Irati,SC,demais municipios,C
4316733,Santa Cecília do Sul,RS,demais municipios,C
3543238,Ribeirão dos Índios,SP,demais municipios,C
1712157,Lavandeira,TO,demais municipios,C
4306429,Dois Irmãos das Missões,RS,demais municipios,C
1715259,Novo Jardim,TO,demais municipios,C
2405900,João Dias,RN,demais municipios,C
4320578,Sete de Setembro,RS,demais municipios,C
3553658,Taquaral,SP,demais municipios,C
4128302,Uniflor,PR,demais municipios,C
4302055,Benjamin Constant do Sul,RS,demais municipios,C
4302378,Bom Progresso,RS,demais municipios,C
4319752,São Vendelino,RS,demais municipios,C
4210555,Marema,SC,demais municipios,C
3547650,Santa Salete,SP,demais municipios,C
4310413,Inhacorá,RS,demais municipios,C
5220058,São João da Paraúna,GO,demais municipios,C
4317251,Santa Tereza,RS,demais municipios,C
4204756,Cunhataí,SC,demais municipios,C
3513306,Cruzália,SP,demais municipios,C
3549250,São João de Iracema,SP,demais municipios,C
3166402,Seritinga,MG,demais municipios,C
4202099,Barra Bonita,SC,demais municipios,C
4205357,Flor do Sertão,SC,demais municipios,C
4311270,Lagoa dos Três Cantos,RS,demais municipios,C
1715150,Novo Alegre,TO,demais municipios,C
4125555,São Manoel do Paraná,PR,demais municipios,C
4319737,São Valério do Sul,RS,demais municipios,C
1721307,Tupiratins,TO,demais municipios,C
4304853,Carlos Gomes,RS,demais municipios,C
3515657,Fernão,SP,demais municipios,C
2800100,Amparo do São Francisco,SE,demais municipios,C
4310462,Ipiranga do Sul,RS,demais municipios,C
5204201,Cachoeira de Goiás,GO,demais municipios,C
5212253,Lagoa Santa,GO,demais municipios,C
1709807,Ipueiras,TO,demais municipios,C
4319364,São Pedro das Missões,RS,demais municipios,C
4305835,Coqueiro Baixo,RS,demais municipios,C
4309126,Gramado dos Loureiros,RS,demais municipios,C
3503950,Aspásia,SP,demais municipios,C
4206751,Ibiam,SC,demais municipios,C
4318465,São José do Herval,RS,demais municipios,C
3529658,Mesópolis,SP,demais municipios,C
4323606,Vista Alegre do Prata,RS,demais municipios,C
3515806,Flora Rica,SP,demais municipios,C
3103108,Antônio Prado de Minas,MG,demais municipios,C
4116000,Miraselva,PR,demais municipios,C
3527256,Lourdes,SP,demais municipios,C
4315453,Relvado,RS,demais municipios,C
4312179,Mato Queimado,RS,demais municipios,C
1703826,Cachoeirinha,TO,demais municipios,C
2504108,Carrapateira,PB,demais municipios,C
2505303,Curral Velho,PB,demais municipios,C
1703602,Brasilândia do Tocantins,TO,demais municipios,C
3529104,Marinópolis,SP,demais municipios,C
4123600,Santa Inês,PR,demais municipios,C
2501153,Areia de Baraúnas,PB,demais municipios,C
4312625,Muliterno,RS,demais municipios,C
1703883,Carmolândia,TO,demais municipios,C
4308854,Gentil,RS,demais municipios,C
4313466,Novo Xingu,RS,demais municipios,C
1720937,Taipas do Tocantins,TO,demais municipios,C
2512788,Riacho de Santo Antônio,PB,demais municipios,C
3513850,Dirce Reis,SP,demais municipios,C
4315313,Quatro Irmãos,RS,demais municipios,C
2512606,Quixaba,PB,demais municipios,C
4116505,Nova Aliança do Ivaí,PR,demais municipios,C
1720853,Sucupira,TO,demais municipios,C
3123403,Doresópolis,MG,demais municipios,C
3555901,Uru,SP,demais municipios,C
3146602,Paiva,MG,demais municipios,C
4213906,Presidente Castello Branco,SC,demais municipios,C
2404101,Galinhos,RN,demais municipios,C
1721257,Tupirama,TO,demais municipios,C
4208955,Jardinópolis,SC,demais municipios,C
1720150,São Félix do Tocantins,TO,demais municipios,C
1718659,Rio da Conceição,TO,demais municipios,C
3556958,Vitória Brasil,SP,demais municipios,C
4309258,Guabiju,RS,demais municipios,C
1706258,Crixás do Tocantins,TO,demais municipios,C
3127909,Grupiara,MG,demais municipios,C
2414902,Viçosa,RN,demais municipios,C
4322186,Tupanci do Sul,RS,demais municipios,C
4209458,Lajeado Grande,SC,demais municipios,C
2514651,São José do Brejo do Cruz,PB,demais municipios,C
4215695,Santiago do Sul,SC,demais municipios,C
3554755,Trabiju,SP,demais municipios,C
4312351,Montauri,RS,demais municipios,C
2209450,Santo Antônio dos Milagres,PI,demais municipios,C
4300661,André da Rocha,RS,demais municipios,C
3555703,União Paulista,SP,demais municipios,C
4112603,Jardim Olinda,PR,demais municipios,C
4315131,Pouso Novo,RS,demais municipios,C
3540853,Pracinha,SP,demais municipios,C
3115607,Cedro do Abaeté,MG,demais municipios,C
3504701,Balbinos,SP,demais municipios,C
4322350,União da Serra,RS,demais municipios,C
3532868,Nova Castilho,SP,demais municipios,C
5101209,Araguainha,MT,demais municipios,C
3166600,Serra da Saudade,MG,demais municipios,C
2206308,Miguel Leão,PI,demais municipios,C
1715507,Oliveira de Fátima,TO,demais municipios,C
4306924,Engenho Velho,RS,demais municipios,C
5201207,Anhanguera,GO,demais municipios,C
3507209,Borá,SP,demais municipios,C
