CD_MUN,NM_MUN,CD_UF,NM_UF,setores_urbanos,populacao_urbana,domicilios_urbanos,area_urbana_km2,area_media_setor_urbano_km2,area_mediana_setor_urbano_km2,area_dp_setor_urbano_km2,densidade_demografica_urbana,densidade_domiciliar_urbana,pct_setores_urbanos_no_total_lido
1100015.0,Alta Floresta D'Oeste,11,Rondônia,26,12971,5937,10.728975,0.41265288461538463,0.30193139999999996,0.27505291254449454,1208.9691699346863,553.3613416006655,0.007324665812122322
1100023.0,Ariquemes,11,Rondônia,126,83952,36731,41.0897435,0.3261090753968254,0.2048216,0.43516706120638243,2043.1376019662914,893.9213748073166,0.03549645739720818
1100031.0,Cabixi,11,Rondônia,5,2846,1419,1.8538442,0.37076884,0.3618934,0.04776596450091846,1535.1883399910305,765.4364913728997,0.0014085895792542928
1100049.0,Cacoal,11,Rondônia,117,71907,33110,48.2350014,0.4122649692307692,0.2402992,0.7263140731204328,1490.7639248041983,686.4309948998986,0.03296099615455045
1100056.0,Cerejeiras,11,Rondônia,24,14116,6224,14.7625651,0.6151068791666666,0.3247318,0.9811458738747296,956.2023878898932,421.6069468848608,0.006761229980420605
1100064.0,Colorado do Oeste,11,Rondônia,33,11709,5899,10.2287406,0.3099618363636364,0.2284987,0.2936360435101386,1144.7157042969689,576.7083388545409,0.009296691223078331
1100072.0,Corumbiara,11,Rondônia,4,2780,1217,2.1178031,0.529450775,0.4821613,0.20093895313124957,1312.6810514159695,574.6521005659118,0.0011268716634034342
1100080.0,Costa Marques,11,Rondônia,13,6670,2634,6.9582823000000005,0.5352524846153847,0.4395359,0.35297435541648264,958.5699045294555,378.54169843037266,0.003662332906061161
1100098.0,Espigão D'Oeste,11,Rondônia,36,21452,9229,13.9650774,0.38791881666666667,0.25897775,0.37105122413164576,1536.1175155391547,660.8627890598015,0.010141844970630908
1100106.0,Guajará-Mirim,11,Rondônia,49,31737,13288,34.917395,0.7125998979591837,0.3157193,1.8291630535672103,908.9166015964249,380.55530774847324,0.013804177876692069
1100114.0,Jaru,11,Rondônia,58,39807,18409,23.347794399999998,0.4025481793103448,0.24363845,0.44855035026456597,1704.957621178984,788.4684816309673,0.016339639119349793
1100122.0,Ji-Paraná,11,Rondônia,178,112983,50929,72.2300089,0.4057865668539326,0.2244988,0.9474631226047899,1564.211353710632,705.0947490607329,0.05014578902145282
1100130.0,Machadinho D'Oeste,11,Rondônia,30,16634,7955,13.10387,0.4367956666666667,0.31543560000000004,0.3125582625346505,1269.395987597557,607.0725671118532,0.008451537475525756
1100148.0,Nova Brasilândia D'Oeste,11,Rondônia,13,7309,3679,6.1425558,0.4725042923076923,0.4735067,0.16791859635625264,1189.8955805985515,598.9363580547367,0.003662332906061161
1100155.0,Ouro Preto do Oeste,11,Rondônia,55,27701,12615,20.7304755,0.3769177363636364,0.1742444,0.6008191624624382,1336.2452781172337,608.5243920237141,0.01549448537179722
1100189.0,Pimenta Bueno,11,Rondônia,45,28710,12744,20.3691837,0.45264852666666666,0.2663951,0.679986585511016,1409.4821089958552,625.6509925824862,0.012677306213288634
1100205.0,Porto Velho,11,Rondônia,641,426299,186002,207.9692164,0.3244449553822153,0.1404547,0.6798614516752964,2049.817792168207,894.3727500624462,0.18058118406040033
1100254.0,Presidente Médici,11,Rondônia,26,12381,5902,8.1511758,0.3135067615384616,0.255451,0.19095870921153626,1518.9219695151219,724.0673179935586,0.007324665812122322
1100262.0,Rio Crespo,11,Rondônia,3,1438,640,1.1117103,0.37057009999999996,0.3786869,0.10907683577043294,1293.5024529322072,575.6895478975053,0.0008451537475525756
1100288.0,Rolim de Moura,11,Rondônia,70,47264,21119,23.9718195,0.34245456428571425,0.27726215,0.21849968999866115,1971.6484182604497,880.9927840479527,0.019720254109560097
1100296.0,Santa Luzia D'Oeste,11,Rondônia,7,3256,1649,2.4297225,0.3471032142857143,0.2839998,0.26527667382428877,1340.0707282415997,678.6783264343974,0.0019720254109560098
1100304.0,Vilhena,11,Rondônia,138,90305,38961,59.3782055,0.43027685144927535,0.23556675,0.6465523736127146,1520.844209412829,656.1498393547781,0.03887707238741848
1100320.0,São Miguel do Guaporé,11,Rondônia,20,11961,5443,11.723105799999999,0.58615529,0.33762400000000004,0.8355350452484506,1020.292762349718,464.296756581349,0.005634358317017171
1100338.0,Nova Mamoré,11,Rondônia,23,14719,6914,16.9796151,0.7382441347826088,0.6853965,0.3967316861912762,866.8629950274903,407.19415365310607,0.006479512064569746
1100346.0,Alvorada D'Oeste,11,Rondônia,17,7750,3583,7.3191514,0.4305383176470588,0.3804094,0.2295537726593739,1058.865922625948,489.53762590564804,0.004789204569464595
1100379.0,Alto Alegre dos Parecis,11,Rondônia,11,4986,2220,3.3233636,0.3021239636363636,0.2423476,0.17181908588968967,1500.2872391091964,667.9979283639021,0.0030988970743594437
1100403.0,Alto Paraíso,11,Rondônia,16,8158,3495,5.4761185,0.34225740625,0.256856,0.30234865814091183,1489.741319513082,638.2257798110103,0.004507486653613737
1100452.0,Buritis,11,Rondônia,35,19414,8806,10.4810506,0.29945858857142854,0.218086,0.21772665683538073,1852.2952269689454,840.182948835301,0.009860127054780048
1100502.0,Novo Horizonte do Oeste,11,Rondônia,6,3309,1610,2.7670737,0.46117895000000003,0.46798185000000003,0.1763709890040508,1195.848162627544,581.8421099517516,0.0016903074951051512
1100601.0,Cacaulândia,11,Rondônia,2,1932,899,1.6162185,0.80810925,0.80810925,0.4198287414269359,1195.3829262565673,556.2366722073779,0.0005634358317017171
1100700.0,Campo Novo de Rondônia,11,Rondônia,6,2731,1457,3.5459945,0.5909990833333333,0.62385185,0.3039701430607909,770.1647591387973,410.8861420963851,0.0016903074951051512
1100809.0,Candeias do Jamari,11,Rondônia,24,17059,7608,12.3717844,0.5154910166666666,0.29459665,0.4612097280432262,1378.8633432700299,614.94767076607,0.006761229980420605
1100908.0,Castanheiras,11,Rondônia,1,767,418,0.7846016,0.7846016,0.7846016,0.0,977.566194104116,532.7544578038077,0.00028171791585085854
1100924.0,Chupinguaia,11,Rondônia,11,5302,2184,5.4760855,0.49782595454545453,0.376132,0.28188961632375664,968.2098645099679,398.8250366068974,0.0030988970743594437
1100940.0,Cujubim,11,Rondônia,16,9723,4315,11.5625807,0.72266129375,0.34998435,0.99145703278367,840.9022390650211,373.18658454855154,0.004507486653613737
1101005.0,Governador Jorge Teixeira,11,Rondônia,6,2543,1308,2.516717,0.41945283333333333,0.34921865,0.19117244229692384,1010.4433672915947,519.7247048436515,0.0016903074951051512
1101104.0,Itapuã do Oeste,11,Rondônia,7,5916,2520,4.4472181,0.6353168714285714,0.7354747,0.31942924767746145,1330.2698151907593,566.6463715822707,0.0019720254109560098
1101203.0,Ministro Andreazza,11,Rondônia,6,2965,1397,1.3209566,0.22015943333333332,0.19609769999999999,0.09208124734879881,2244.5854769187727,1057.5669177927573,0.0016903074951051512
1101302.0,Mirante da Serra,11,Rondônia,12,4987,2692,5.3951180999999995,0.44959317499999996,0.3437456,0.4255624284272117,924.3541860557233,498.96961477080555,0.0033806149902103023
1101401.0,Monte Negro,11,Rondônia,11,5267,2646,4.0620247,0.3692749727272728,0.2632688,0.3900591125843648,1296.6440110519268,651.3992886355418,0.0030988970743594437
1101435.0,Nova União,11,Rondônia,4,1687,830,0.8339914,0.20849785,0.23908195,0.09106476593628297,2022.8026332166014,995.214099330041,0.0011268716634034342
1101450.0,Parecis,11,Rondônia,2,1454,734,1.7073546,0.8536773,0.8536773,0.11532331773592014,851.6098530440015,429.90483640598154,0.0005634358317017171
1101468.0,Pimenteiras do Oeste,11,Rondônia,3,1223,612,1.297238,0.4324126666666666,0.5661918,0.3511865579036352,942.7722592153484,471.7715638918996,0.0008451537475525756
1101476.0,Primavera de Rondônia,11,Rondônia,2,1390,669,1.3857608,0.6928804,0.6928804,0.1931291052970007,1003.0591138095407,482.76730009969975,0.0005634358317017171
1101484.0,São Felipe D'Oeste,11,Rondônia,3,2164,1029,1.6684233000000002,0.5561411,0.5261709,0.07092707326740613,1297.0329532079777,616.7499578793942,0.0008451537475525756
1101492.0,São Francisco do Guaporé,11,Rondônia,16,9260,4164,7.7578021999999995,0.48486263749999997,0.41836284999999995,0.24243987251496918,1193.637032921515,536.7499573526121,0.004507486653613737
1101500.0,Seringueiras,11,Rondônia,11,5086,2311,3.830467,0.34822427272727274,0.3804018,0.12642629413348389,1327.7754383473346,603.3206917067814,0.0030988970743594437
1101559.0,Teixeirópolis,11,Rondônia,3,1641,819,1.2253484,0.40844946666666665,0.4122505,0.11551596166202889,1339.2109542069832,668.3813354634486,0.0008451537475525756
1101609.0,Theobroma,11,Rondônia,5,2491,1268,2.706576,0.5413152,0.4955047,0.1277699865344166,920.3510265368495,468.48859961811524,0.0014085895792542928
1101708.0,Urupá,11,Rondônia,13,5497,2454,4.5909525,0.35315019230769235,0.2920844,0.1699086932600049,1197.3550151085205,534.5295992498288,0.003662332906061161
1101757.0,Vale do Anari,11,Rondônia,7,3513,1666,2.9476964,0.4210994857142857,0.4724363,0.14838294963417495,1191.7780949218516,565.187106786167,0.0019720254109560098
1101807.0,Vale do Paraíso,11,Rondônia,6,2550,1259,2.2629256,0.3771542666666667,0.2839546,0.2503379733548841,1126.8598490379004,556.3594313485163,0.0016903074951051512
1200013.0,Acrelândia,12,Acre,12,7765,2772,7.4407925,0.6200660416666667,0.5275079500000001,0.38263461243349844,1043.571635682624,372.5409625386006,0.0033806149902103023
1200054.0,Assis Brasil,12,Acre,15,4818,1869,3.0215867,0.20143911333333334,0.1568652,0.18142983471004065,1594.526478422744,618.5491880805539,0.004225768737762878
1200104.0,Brasiléia,12,Acre,39,16744,7113,7.7881718,0.19969671282051282,0.1647891,0.1323743012038932,2149.9268929840505,913.308050035568,0.010986998718183483
1200138.0,Bujari,12,Acre,11,5942,2487,6.4175164,0.5834105818181818,0.6011787,0.25666504744915236,925.9033603716229,387.5330961366924,0.0030988970743594437
1200179.0,Capixaba,12,Acre,7,4225,1561,2.0128558,0.2875508285714286,0.3096342,0.15102682384864305,2099.0077878405395,775.5150667027414,0.0019720254109560098
1200203.0,Cruzeiro do Sul,12,Acre,109,68215,23125,95.0440873,0.8719641036697248,0.194702,1.8989636334424917,717.7195545545525,243.30813895879243,0.03070725282774358
1200252.0,Epitaciolândia,12,Acre,30,12921,5407,11.8196637,0.39398879,0.20589354999999998,0.5246888414819866,1093.17831098697,457.4580239537611,0.008451537475525756
1200302.0,Feijó,12,Acre,36,18113,6217,12.5164339,0.3476787194444444,0.17717729999999998,0.6295052905346654,1447.1374310537446,496.70697338161153,0.010141844970630908
1200328.0,Jordão,12,Acre,5,3674,1242,2.6752849999999997,0.5350569999999999,0.4731206,0.3734895656781525,1373.311628480704,464.2496033132919,0.0014085895792542928
1200336.0,Mâncio Lima,12,Acre,22,12727,4602,54.4462671,2.4748303227272728,1.9494042999999999,2.240391133598482,233.75339904615794,84.52370098298255,0.006197794148718887
1200344.0,Manoel Urbano,12,Acre,13,6725,2213,4.9727952,0.38252270769230773,0.22648,0.35592162934547694,1352.358126471808,445.021343328195,0.003662332906061161
1200351.0,Marechal Thaumaturgo,12,Acre,8,5894,2033,2.7702365,0.3462795625,0.2317557,0.28638148927162044,2127.6161800626046,733.8723607172167,0.0022537433268068684
1200385.0,Plácido de Castro,12,Acre,21,10739,4168,13.8457188,0.6593199428571429,0.2494046,0.8104219256746066,775.6188143875925,301.03168063762786,0.005916076232868029
1200393.0,Porto Walter,12,Acre,6,4951,1472,2.8991855,0.48319758333333335,0.4585369,0.23407302649412998,1707.721013367375,507.7288086602254,0.0016903074951051512
1200401.0,Rio Branco,12,Acre,593,341025,136942,233.0807313,0.3930535097807757,0.1344651,0.7985840025042017,1463.1196585747111,587.53033438762,0.1670587240995591
1200427.0,Rodrigues Alves,12,Acre,12,5688,1800,3.6955833,0.307965275,0.21861955,0.3306278010163423,1539.134566389019,487.0679007560187,0.0033806149902103023
1200435.0,Santa Rosa do Purus,12,Acre,5,3291,815,3.5987273,0.7197454600000001,0.5314823,0.458308980187802,914.4899642715357,226.4689519542089,0.0014085895792542928
1200450.0,Senador Guiomard,12,Acre,21,13355,5414,7.685828600000001,0.3659918380952381,0.1991243,0.487802757320997,1737.6135606250702,704.4133146554946,0.005916076232868029
1200500.0,Sena Madureira,12,Acre,57,26943,9595,20.5743282,0.36095312631578946,0.138123,0.5608505484806232,1309.5445809015528,466.3578760253275,0.016057921203498936
1200609.0,Tarauacá,12,Acre,34,24414,8215,14.504630800000001,0.42660678823529413,0.1913493,0.5930358358231455,1683.1865861763265,566.3708448201246,0.00957840913892919
1200708.0,Xapuri,12,Acre,21,10308,4439,6.2505152,0.2976435809523809,0.2178052,0.22150568140966187,1649.144057757031,710.1814583220277,0.005916076232868029
1200807.0,Porto Acre,12,Acre,19,9465,3808,9.1860689,0.4834773105263158,0.3836357,0.41051343149747505,1030.3645773873957,414.5407618268572,0.0053526404011663125
1300029.0,Alvarães,13,Amazonas,10,8730,2191,1.9938413,0.19938413,0.18398035,0.11291382243413238,4378.482881260409,1098.883847977269,0.0028171791585085855
1300060.0,Amaturá,13,Amazonas,13,7771,1859,9.887292,0.7605609230769231,0.7004156,0.4414271170929847,785.9583797059903,188.01912596492548,0.003662332906061161
1300086.0,Anamã,13,Amazonas,9,4811,1248,2.4873349,0.2763705444444444,0.1655151,0.2737925363945624,1934.1987281246286,501.74184425265776,0.002535461242657727
1300102.0,Anori,13,Amazonas,17,10850,3074,3.9775178,0.23397163529411766,0.1573556,0.23738268989387667,2727.8319156736393,772.8438072609002,0.004789204569464595
1300144.0,Apuí,13,Amazonas,30,10940,3858,8.0635176,0.26878392,0.18658695,0.34964488866738175,1356.7279868031787,478.45124068433853,0.008451537475525756
1300201.0,Atalaia do Norte,13,Amazonas,10,7933,1929,3.8246267,0.38246267,0.23454055000000001,0.2576506649629474,2074.189358140495,504.36294867679504,0.0028171791585085855
1300300.0,Autazes,13,Amazonas,43,18585,6268,8.4958573,0.19757807674418607,0.1193739,0.23837254966735305,2187.5367421719757,737.7713370962574,0.012113870381586917
1300409.0,Barcelos,13,Amazonas,24,10460,3327,8.6524945,0.36052060416666665,0.13896730000000002,0.4972263339431271,1208.8999305344835,384.5133909070962,0.006761229980420605
1300508.0,Barreirinha,13,Amazonas,25,16978,4677,15.7433901,0.629735604,0.3883498,0.6681977727084396,1078.4208415187527,297.07705711999097,0.007042947896271463
1300607.0,Benjamin Constant,13,Amazonas,42,28794,6961,13.5593566,0.3228418238095238,0.19653179999999998,0.35715991386845114,2123.5520865348435,513.372441285304,0.011832152465736058
1300631.0,Beruri,13,Amazonas,23,12080,3386,7.7450279,0.3367403434782609,0.1695004,0.5940699876622755,1559.710327189396,437.1837059489482,0.006479512064569746
1300680.0,Boa Vista do Ramos,13,Amazonas,27,11873,2526,6.9765315,0.25839005555555555,0.0975778,0.3581284621705762,1701.8485475196378,362.0710377355854,0.00760638372797318
1300706.0,Boca do Acre,13,Amazonas,36,22125,7303,26.7225708,0.7422936333333333,0.323836,0.9951601328672973,827.951777753359,273.2895743698432,0.010141844970630908
1300805.0,Borba,13,Amazonas,30,20416,6283,12.4515331,0.41505110333333334,0.21979535,0.46868685699751156,1639.6374515520502,504.59649824165024,0.008451537475525756
1300839.0,Caapiranga,13,Amazonas,8,6965,1622,3.6445319,0.4555664875,0.19059155,0.43091696670591534,1911.0821886344306,445.0502957595185,0.0022537433268068684
1300904.0,Canutama,13,Amazonas,11,10088,2688,7.7731208,0.7066473454545454,0.4605232,0.5983440383894693,1297.8056381164179,345.80705345528656,0.0030988970743594437
1301001.0,Carauari,13,Amazonas,33,22681,6324,10.2897231,0.3118097909090909,0.1600175,0.2966252438154364,2204.238129595538,614.5937979613853,0.009296691223078331
1301100.0,Careiro,13,Amazonas,32,12940,4759,6.0043081,0.187634628125,0.1424701,0.21508305786502382,2155.119255122834,792.5975684025941,0.009014973307227473
1301159.0,Careiro da Várzea,13,Amazonas,6,2960,1004,1.2152034,0.20253390000000002,0.1702765,0.1576799375089678,2435.8062197653494,826.1991367041928,0.0016903074951051512
1301209.0,Coari,13,Amazonas,66,52896,16233,26.0110736,0.39410717575757576,0.11107205,0.9412413621372125,2033.595414531448,624.0803532230981,0.018593382446156662
1301308.0,Codajás,13,Amazonas,22,17837,4776,4.3796391,0.19907450454545456,0.1354277,0.17342446477408702,4072.7100093704066,1090.5008131834425,0.006197794148718887
1301407.0,Eirunepé,13,Amazonas,39,25892,7186,16.8024956,0.4308332205128205,0.166582,0.709965865826279,1540.961570018206,427.6745651997076,0.010986998718183483
1301506.0,Envira,13,Amazonas,21,12797,3667,10.1156663,0.48169839523809527,0.2780113,0.5997109206132322,1265.0674330765537,362.50701547954384,0.005916076232868029
1301605.0,Fonte Boa,13,Amazonas,33,18064,4326,7.2568031,0.21990312424242425,0.1312546,0.23521584333692855,2489.2503973271646,596.1302711933854,0.009296691223078331
1301654.0,Guajará,13,Amazonas,22,9257,2682,9.1023292,0.41374223636363633,0.18278234999999998,0.6581660575151435,1016.9924418905878,294.64985731344456,0.006197794148718887
1301704.0,Humaitá,13,Amazonas,61,42212,12234,23.9586087,0.3927640770491803,0.1709783,0.6886727078312821,1761.8719237231835,510.63065277242083,0.01718479286690237
1301803.0,Ipixuna,13,Amazonas,30,16517,3428,8.3209045,0.2773634833333333,0.14775290000000002,0.30862481711271583,1985.0005489186904,411.9744434033584,0.008451537475525756
1301852.0,Iranduba,13,Amazonas,85,46642,18958,143.1115406,1.6836651835294119,0.601107,2.260580742846547,325.9136181781834,132.47009934012266,0.023946022847322977
1301902.0,Itacoatiara,13,Amazonas,141,73023,23934,39.2836115,0.27860717375886523,0.1159142,0.593488129251207,1858.8667694160451,609.2617019186232,0.039722226134971055
1301951.0,Itamarati,13,Amazonas,11,7401,1948,4.8731541,0.4430140090909091,0.1560983,0.5284713055749715,1518.7289070132217,399.7411040213155,0.0030988970743594437
1302009.0,Itapiranga,13,Amazonas,12,7953,2452,4.7073302,0.3922775166666667,0.2551615,0.28896210673027645,1689.4926980053363,520.8897391561782,0.0033806149902103023
1302108.0,Japurá,13,Amazonas,5,4995,1236,2.0881440000000002,0.4176288,0.410121,0.1969536813636267,2392.07640852355,591.9132013884099,0.0014085895792542928
1302207.0,Juruá,13,Amazonas,14,7215,2045,4.8812654,0.3486618142857143,0.22558705,0.34869219896524756,1478.1003302955007,418.9487422667081,0.0039440508219120195
1302306.0,Jutaí,13,Amazonas,23,16163,3587,8.5820161,0.37313113478260873,0.1365638,0.929161349391498,1883.356988808259,417.9670555500356,0.006479512064569746
1302405.0,Lábrea,13,Amazonas,44,27687,8093,16.3613747,0.37184942499999996,0.10806945,0.8011510303219485,1692.2172193758267,494.64058787187366,0.012395588297437775
1302504.0,Manacapuru,13,Amazonas,80,66353,20613,20.6545448,0.25818181,0.1351765,0.3340030169257009,3212.513306030351,997.9885879644271,0.022537433268068684
1302553.0,Manaquiri,13,Amazonas,15,6603,2374,6.022495,0.4014996666666667,0.1074139,0.8258580566915165,1096.3894532083464,394.1887872053028,0.004225768737762878
1302603.0,Manaus,13,Amazonas,3171,2043677,723226,556.3343165,0.17544443913591926,0.0522343,1.5283495718778863,3673.469242122511,1299.98452108787,0.8933275111630724
1302702.0,Manicoré,13,Amazonas,54,30694,8142,39.8097017,0.7372166981481482,0.16963905,2.6057519146062162,771.0180857748051,204.5230095255901,0.01521276745594636
1302801.0,Maraã,13,Amazonas,9,7926,1900,2.3996314,0.2666257111111111,0.2526719,0.18442390202053155,3303.0072868691414,791.7882721487975,0.002535461242657727
1302900.0,Maués,13,Amazonas,36,29196,7703,14.3936577,0.399823825,0.1499811,0.6795919656602493,2028.393380509528,535.1662628464479,0.010141844970630908
1303007.0,Nhamundá,13,Amazonas,8,7496,1955,1.2279925999999999,0.15349907499999998,0.1411072,0.07310076409244493,6104.27131238413,1592.0291376348687,0.0022537433268068684
1303106.0,Nova Olinda do Norte,13,Amazonas,33,16463,4993,9.4238941,0.2855725484848485,0.1403531,0.49427380347001254,1746.9423812816403,529.8234410337867,0.009296691223078331
1303205.0,Novo Airão,13,Amazonas,36,11836,3827,6.714128199999999,0.1865035611111111,0.09978875,0.2411945721800108,1762.8498663460136,569.9920951762584,0.010141844970630908
1303304.0,Novo Aripuanã,13,Amazonas,16,17907,3807,12.4631282,0.7789455125,0.26211914999999997,1.018508012947017,1436.798186830815,305.4610318459213,0.004507486653613737
1303403.0,Parintins,13,Amazonas,161,79675,24012,67.0272365,0.4163182391304348,0.0810522,1.3302325472278178,1188.6958818599062,358.2424288072805,0.04535658445198822
1303502.0,Pauini,13,Amazonas,11,11898,2861,6.4843741,0.5894885545454546,0.2654411,0.5180232863394933,1834.8725438280928,441.2145190697742,0.0030988970743594437
1303536.0,Presidente Figueiredo,13,Amazonas,41,16772,6808,39.2183679,0.9565455585365853,0.1088548,1.8741592803222584,427.65675621090804,173.59212951847496,0.0115504345498852
1303569.0,Rio Preto da Eva,13,Amazonas,32,14145,5789,30.2578724,0.9455585125,0.2970925,1.5011830126638872,467.481646197966,191.3221102750106,0.009014973307227473
1303601.0,Santa Isabel do Rio Negro,13,Amazonas,9,6902,1740,11.333959700000001,1.2593288555555557,0.3826516,1.9382758654296477,608.9663438630366,153.52092702429493,0.002535461242657727
1303700.0,Santo Antônio do Içá,13,Amazonas,34,21900,4757,13.873498,0.4080440588235294,0.16536574999999998,0.42887571039620104,1578.5492598910528,342.8839648082985,0.00957840913892919
1303809.0,São Gabriel da Cachoeira,13,Amazonas,29,26600,7255,20.5224648,0.7076712000000001,0.3205637,0.7759675668734914,1296.140607827964,353.51504172149924,0.008169819559674897
1303908.0,São Paulo de Olivença,13,Amazonas,36,24118,5257,18.5274866,0.5146524055555556,0.3215601,0.5263681740915611,1301.741597265546,283.74059112799466,0.010141844970630908
1303957.0,São Sebastião do Uatumã,13,Amazonas,20,9527,2447,6.9288704,0.34644352,0.174265,0.349751689109015,1374.9715971018884,353.1600186951108,0.005634358317017171
1304005.0,Silves,13,Amazonas,11,5142,1558,5.0912814,0.4628437636363636,0.3331,0.44570720936651514,1009.9618536111558,306.01333487479206,0.0030988970743594437
1304062.0,Tabatinga,13,Amazonas,91,55680,14500,20.1808118,0.22176716263736265,0.1174241,0.3187334859737864,2759.0565013841515,718.5042972354561,0.025636330342428126
1304104.0,Tapauá,13,Amazonas,20,11339,3422,2.8209366,0.14104683,0.11729244999999999,0.09704295436180013,4019.586969802866,1213.0722824469008,0.005634358317017171
1304203.0,Tefé,13,Amazonas,85,59584,16535,16.5386906,0.19457283058823527,0.0703635,0.45647990580743925,3602.7035900895326,999.7768505325325,0.023946022847322977
1304237.0,Tonantins,13,Amazonas,13,11347,2506,6.9863333,0.5374102538461538,0.2728766,0.6681046994220449,1624.1710082741113,358.7003213831782,0.003662332906061161
1304260.0,Uarini,13,Amazonas,10,9764,2450,2.6262006,0.26262006000000004,0.2470931,0.14070032659396037,3717.9185778877663,932.906648486791,0.0028171791585085855
1304302.0,Urucará,13,Amazonas,30,12336,3324,11.8147102,0.39382367333333335,0.09601635,0.7133043894002771,1044.1220978911526,281.3441839648339,0.008451537475525756
1304401.0,Urucurituba,13,Amazonas,24,15563,3543,6.9604944,0.2900206,0.15348725,0.2780701233443995,2235.9043920788154,509.01556648045,0.006761229980420605
1400027.0,Amajari,14,Roraima,2,2213,762,1.9368537,0.96842685,0.96842685,0.36060303306966923,1142.5746818151522,393.4215578595327,0.0005634358317017171
1400050.0,Alto Alegre,14,Roraima,5,4763,1782,3.0785327,0.6157065399999999,0.5716294,0.18319977501736462,1547.1656351092195,578.8471891170752,0.0014085895792542928
1400100.0,Boa Vista,14,Roraima,494,402169,127815,150.4968861,0.3046495670040486,0.163157,0.9116217547112054,2672.2745594402036,849.2866750417103,0.13916865043032411
1400159.0,Bonfim,14,Roraima,8,5067,1762,10.672017799999999,1.3340022249999999,1.0953819,0.7973446124303967,474.7930611585,165.10467214550562,0.0022537433268068684
1400175.0,Cantá,14,Roraima,7,4628,1836,9.273167,1.324738142857143,0.7103828,1.5538853957175358,499.0743723260888,197.99061097465406,0.0019720254109560098
1400209.0,Caracaraí,14,Roraima,16,11113,3836,7.3820752,0.4613797,0.39407970000000003,0.2247420390850512,1505.4032502947139,519.6370798281762,0.004507486653613737
1400233.0,Caroebe,14,Roraima,6,4945,1696,3.2750352,0.5458392,0.5088961,0.13400280029017309,1509.9074354987085,517.8570294450576,0.0016903074951051512
1400282.0,Iracema,14,Roraima,8,4265,1431,1.9053694,0.238171175,0.2172704,0.06274501485474478,2238.4110923582584,751.035468502853,0.0022537433268068684
1400308.0,Mucajaí,14,Roraima,11,10121,3482,9.6035575,0.8730506818181819,0.7673097,0.5830141333091933,1053.880293839028,362.57397323856287,0.0030988970743594437
1400407.0,Normandia,14,Roraima,4,3234,976,5.5617455,1.390436375,1.1015417,0.8638413479693455,581.4721295679567,175.4844769506264,0.0011268716634034342
1400456.0,Pacaraima,14,Roraima,12,9251,2749,5.4235118,0.45195931666666667,0.37446945,0.4835492471625067,1705.7213741104058,506.8671557052757,0.0033806149902103023
1400472.0,Rorainópolis,14,Roraima,32,24295,9177,23.6977599,0.740554996875,0.39172885,0.8698403120943445,1025.202386323443,387.251792520693,0.009014973307227473
1400506.0,São João da Baliza,14,Roraima,9,6287,1918,4.1671399000000005,0.4630155444444445,0.3508306,0.2666218372065392,1508.7086469067187,460.26772463290706,0.002535461242657727
1400605.0,São Luiz,14,Roraima,9,4363,1469,3.3769069,0.37521187777777776,0.3136356,0.2826062045313707,1292.0107450993098,435.01347342445246,0.002535461242657727
1400704.0,Uiramutã,14,Roraima,2,1056,370,2.709851,1.3549255,1.3549255,1.3599158225952737,389.689322401859,136.53887243246953,0.0005634358317017171
1500107.0,Abaetetuba,15,Pará,127,98390,33143,42.7631312,0.33671756850393697,0.1091936,0.9350234247250916,2300.8137439664383,775.036791506044,0.03577817531305903
1500131.0,Abel Figueiredo,15,Pará,10,5366,2145,2.997394,0.2997394,0.2083032,0.26004774260026003,1790.2217726465058,715.6216366617135,0.0028171791585085855
1500206.0,Acará,15,Pará,28,13079,4662,4.9756685,0.17770244642857144,0.1296887,0.16132431623900986,2628.591514888904,936.9595261420651,0.007888101643824039
1500305.0,Afuá,15,Pará,9,11875,3430,1.8696396,0.20773773333333334,0.1675191,0.1281894653453239,6351.491485310859,1834.5781721782103,0.002535461242657727
1500347.0,Água Azul do Norte,15,Pará,15,9302,3139,4.6114448,0.30742965333333333,0.319516,0.10612463703747364,2017.1552308291753,680.697728399568,0.004225768737762878
1500404.0,Alenquer,15,Pará,41,35153,11886,29.7294622,0.7251088341463414,0.2119841,2.039517442538075,1182.4297312717617,399.80541592171824,0.0115504345498852
1500503.0,Almeirim,15,Pará,29,22500,7620,8.5352792,0.2943199724137931,0.136373,0.3671439077388465,2636.1176328010456,892.765171641954,0.008169819559674897
1500602.0,Altamira,15,Pará,217,104202,43578,77.7519802,0.3583040562211982,0.1434351,0.7774690475089576,1340.1845166124783,560.4744713627242,0.061132787739636305
1500701.0,Anajás,15,Pará,11,12306,3667,3.0716022,0.2792365636363636,0.1294183,0.3205888385920485,4006.378169673143,1193.8394887202517,0.0030988970743594437
1500800.0,Ananindeua,15,Pará,751,477298,186735,81.530442,0.10856250599201064,0.0658859,0.2679952049820593,5854.2304971191015,2290.371490933411,0.21157015480399477
1500859.0,Anapu,15,Pará,19,15840,6039,14.874685500000002,0.7828781842105265,0.3310318,1.0621264131615322,1064.8964645336534,405.9917771034554,0.0053526404011663125
1500909.0,Augusto Corrêa,15,Pará,28,22944,7266,12.569377,0.4489063214285714,0.30746175,0.36606241803852235,1825.3888000972522,578.0716100726393,0.007888101643824039
1500958.0,Aurora do Pará,15,Pará,17,10136,3763,4.8853778000000005,0.28737516470588237,0.2080422,0.20327267728799334,2074.7627747438487,770.257727048254,0.004789204569464595
1501006.0,Aveiro,15,Pará,12,4417,1521,4.9984085,0.4165340416666667,0.41963755,0.21614208835072296,883.6812757500712,304.29685768980266,0.0033806149902103023
1501105.0,Bagre,15,Pará,17,13003,3171,9.1982019,0.5410707,0.1500974,0.8501721138244177,1413.6458561536901,344.74129122997397,0.004789204569464595
1501204.0,Baião,15,Pará,26,27311,6694,11.329098,0.4357345384615385,0.2690263,0.475419912959351,2410.6950085523135,590.8678696221006,0.007324665812122322
1501253.0,Bannach,15,Pará,5,1611,725,3.1724378,0.63448756,0.6419703,0.3224006005821531,507.8113745839241,228.53087931306328,0.0014085895792542928
1501303.0,Barcarena,15,Pará,207,104487,39375,109.1732254,0.5274068859903382,0.1336628,2.2431738274947572,957.0753233420545,360.6653541262874,0.05831560858112772
1501402.0,Belém,15,Pará,2029,1296633,525329,253.8264338,0.12509927737801874,0.0471108,0.4524540500756419,5108.345023756151,2069.6386587297984,0.571605651261392
1501451.0,Belterra,15,Pará,15,8778,3836,55.0753836,3.67169224,2.4330678,3.406903154887351,159.38154990898693,69.64999150727658,0.004225768737762878
1501501.0,Benevides,15,Pará,181,60298,24493,61.6978544,0.34087212375690606,0.1233804,0.6882390778810282,977.3111332053064,396.9830108062883,0.05099094276900539
1501576.0,Bom Jesus do Tocantins,15,Pará,17,10333,3144,5.4726738,0.3219219882352941,0.1540894,0.3739121674101401,1888.1081492560365,574.4906630466446,0.004789204569464595
1501600.0,Bonito,15,Pará,13,6925,2734,4.6730969,0.3594689923076923,0.4097408,0.21134023995568718,1481.886669202173,585.0509969095655,0.003662332906061161
1501709.0,Bragança,15,Pará,133,87608,31707,39.5517233,0.2973813781954887,0.1453403,0.5821069561645967,2215.02358659553,801.6591277073381,0.037468482808164186
1501725.0,Brasil Novo,15,Pará,22,13404,4754,9.3921506,0.4269159363636364,0.30071159999999997,0.35838009669607374,1427.1491771011422,506.1673521291279,0.006197794148718887
1501758.0,Brejo Grande do Araguaia,15,Pará,10,3792,1544,2.4519077,0.24519077,0.2096766,0.16695381225916647,1546.5508754672942,629.7137530911135,0.0028171791585085855
1501782.0,Breu Branco,15,Pará,48,28500,9947,10.9846766,0.22884742916666667,0.11877665000000001,0.5157243698195199,2594.523356290708,905.5341692990761,0.01352245996084121
1501808.0,Breves,15,Pará,59,55509,16203,13.901720599999999,0.23562238305084746,0.1368201,0.321327375777452,3992.9589722872147,1165.5391779345646,0.016621357035200655
1501907.0,Bujaru,15,Pará,10,8660,3243,6.503025599999999,0.6503025599999999,0.40403515,0.7030715761375875,1331.6878223576425,498.690947795131,0.0028171791585085855
1501956.0,Cachoeira do Piriá,15,Pará,10,7152,2512,6.3202055999999995,0.63202056,0.40188205,0.5621255993255129,1131.6087565252624,397.45542455137854,0.0028171791585085855
1502004.0,Cachoeira do Arari,15,Pará,16,11363,3321,4.0582818,0.2536426125,0.14997375000000002,0.24987456043878462,2799.9534187103523,818.326613001591,0.004507486653613737
1502103.0,Cametá,15,Pará,88,68213,21590,25.5782769,0.2906622375,0.16276575,0.3074143570528697,2666.8332767951233,844.0756226233519,0.02479117659487555
1502152.0,Canaã dos Carajás,15,Pará,92,69332,24981,53.5677866,0.5822585499999999,0.2172577,1.2348614166278147,1294.2853233364697,466.3437036616331,0.025918048258278984
1502202.0,Capanema,15,Pará,91,59704,23295,24.9690634,0.27438531208791206,0.1742953,0.28748031657635853,2391.1189235876586,932.9544976044235,0.025636330342428126
1502301.0,Capitão Poço,15,Pará,61,31205,12368,15.5072402,0.2542170524590164,0.1879737,0.2303203757774198,2012.2858482581576,797.5629345059091,0.01718479286690237
1502400.0,Castanhal,15,Pará,307,177867,72807,94.853012,0.3089674657980456,0.1132259,1.1306456310914315,1875.1855766056221,767.577101294369,0.08648740016621358
1502509.0,Chaves,15,Pará,4,4686,1377,2.7946522,0.69866305,0.5395497499999999,0.6152633029700617,1676.773947040709,492.7267872546001,0.0011268716634034342
1502608.0,Colares,15,Pará,7,5093,2348,3.3137596,0.4733942285714286,0.4484421,0.23797497466870135,1536.9250080784375,708.5607537734481,0.0019720254109560098
1502707.0,Conceição do Araguaia,15,Pará,55,33157,13254,27.4947255,0.4999041,0.2213569,0.8883302211620331,1205.9403902759457,482.05609472260414,0.01549448537179722
1502756.0,Concórdia do Pará,15,Pará,19,16492,6116,11.7632328,0.6191175157894737,0.395824,0.5500674643236655,1401.9955466663891,519.9251008617291,0.0053526404011663125
1502764.0,Cumaru do Norte,15,Pará,7,5001,1933,4.4782219,0.6397459857142858,0.6426075,0.3085681778819738,1116.737873127725,431.64453284460956,0.0019720254109560098
1502772.0,Curionópolis,15,Pará,40,17905,7594,17.780835200000002,0.44452088000000006,0.21275064999999999,0.5278392295125012,1006.9830690517844,427.08904922531417,0.011268716634034342
1502806.0,Curralinho,15,Pará,14,13515,4177,5.0970815,0.36407724999999996,0.21588215,0.3113167014953243,2651.5173437976223,819.4885641910964,0.0039440508219120195
1502855.0,Curuá,15,Pará,23,7358,2638,4.7286858,0.2055950347826087,0.1135711,0.23113707484203472,1556.0348712532348,557.8717029581453,0.006479512064569746
1502905.0,Curuçá,15,Pará,41,24716,8731,16.269457,0.3968160243902439,0.286635,0.28266129759592823,1519.1656365667275,536.6497480524397,0.0115504345498852
1502939.0,Dom Eliseu,15,Pará,57,49321,13789,20.712307199999998,0.36337381052631573,0.1504244,0.5826503201073735,2381.241236128441,665.739449828168,0.016057921203498936
1502954.0,Eldorado do Carajás,15,Pará,28,17253,7325,12.3895713,0.44248468928571427,0.26646939999999997,0.39904492348500514,1392.5421293632653,591.2230393314738,0.007888101643824039
1503002.0,Faro,15,Pará,19,7198,2007,3.3446596,0.1760347157894737,0.1212584,0.2709868667477823,2152.087465044275,600.0610645101224,0.0053526404011663125
1503044.0,Floresta do Araguaia,15,Pará,18,10449,5093,13.4644688,0.7480260444444444,0.49398224999999996,0.8229988496782307,776.0424978666815,378.2548034869374,0.005070922485315454
1503077.0,Garrafão do Norte,15,Pará,23,14188,5423,6.6699265,0.2899968043478261,0.259648,0.13594748317834648,2127.159872001588,813.0524376842833,0.006479512064569746
1503093.0,Goianésia do Pará,15,Pará,28,16790,6652,9.4759507,0.3384268107142857,0.17001254999999998,0.42679351365528934,1771.853878471529,701.9876116493514,0.007888101643824039
1503101.0,Gurupá,15,Pará,15,13228,3944,4.9218301,0.3281220066666667,0.1964705,0.37196276445931575,2687.6181686970463,801.3279450666125,0.004225768737762878
1503200.0,Igarapé-Açu,15,Pará,38,24862,9665,13.8861385,0.36542469736842104,0.32717355,0.23894616312599098,1790.4185530052146,696.0178310190411,0.010705280802332625
1503309.0,Igarapé-Miri,15,Pará,44,28911,9346,9.9706993,0.22660680227272725,0.12396075000000001,0.2729466790859603,2899.5960193082947,937.3464908323933,0.012395588297437775
1503408.0,Inhangapi,15,Pará,7,3659,1324,2.2322607,0.3188943857142857,0.2055362,0.2983981177802424,1639.1454636100525,593.1206870236975,0.0019720254109560098
1503457.0,Ipixuna do Pará,15,Pará,33,15532,5506,6.8252624,0.20682613333333333,0.1514238,0.15118905357143433,2275.6634235776783,806.7089112940185,0.009296691223078331
1503507.0,Irituia,15,Pará,15,8958,3484,6.1792022,0.41194681333333333,0.2849068,0.34344296211589254,1449.701710683622,563.8268318845433,0.004225768737762878
1503606.0,Itaituba,15,Pará,158,107284,38372,78.7621322,0.4984945075949367,0.16363149999999999,1.0415899185685025,1362.1266591358226,487.1884359677099,0.044511430704435646
1503705.0,Itupiranga,15,Pará,55,28558,10469,12.6423204,0.2298603709090909,0.1254429,0.24275763868263656,2258.920759515002,828.0916531746815,0.01549448537179722
1503754.0,Jacareacanga,15,Pará,11,10150,3839,4.9859624,0.45326930909090907,0.3520277,0.24130127792824246,2035.7153114512055,769.9616828237614,0.0030988970743594437
1503804.0,Jacundá,15,Pará,78,33701,13791,18.4100182,0.23602587435897435,0.12061645,0.3049853071484606,1830.5793961681147,749.1030074049573,0.021973997436366965
1503903.0,Juruti,15,Pará,35,29791,8879,9.4634372,0.27038392,0.1741614,0.27850938343846826,3148.0105346924056,938.2426080874717,0.009860127054780048
1504000.0,Limoeiro do Ajuru,15,Pará,11,8735,2608,2.3654299,0.21503908181818182,0.1254292,0.30777298354353266,3692.774831331928,1102.5479977233736,0.0030988970743594437
1504059.0,Mãe do Rio,15,Pará,33,27834,9659,14.1109791,0.42760542727272727,0.2770801,0.5074386824815601,1972.5066420089872,684.5024665935478,0.009296691223078331
1504109.0,Magalhães Barata,15,Pará,7,3857,1553,2.7874375000000002,0.39820535714285715,0.2682234,0.3274702661863968,1383.7081548913652,557.1425368281799,0.0019720254109560098
1504208.0,Marabá,15,Pará,423,239719,91873,124.2649849,0.2937706498817967,0.112136,1.0740920171324095,1929.0953134779643,739.3313576944715,0.11916667840491316
1504307.0,Maracanã,15,Pará,15,10813,3831,4.7588889,0.31725926,0.2275341,0.22297141982062826,2272.169035087161,805.0198440228348,0.004225768737762878
1504406.0,Marapanim,15,Pará,31,15249,9015,18.2045649,0.5872440290322581,0.3277612,0.6091511039727117,837.6470453298227,495.2054635483213,0.008733255391376614
1504422.0,Marituba,15,Pará,239,111479,45783,47.8169143,0.20007077112970711,0.0860784,0.46511453257632174,2331.371683680559,957.4645430435063,0.0673305818883552
1504455.0,Medicilândia,15,Pará,16,10745,4473,9.7812514,0.6113282125,0.3583015,0.6147898231803678,1098.530194203985,457.30344892270125,0.004507486653613737
1504505.0,Melgaço,15,Pará,8,9657,2358,2.8171718,0.352146475,0.2989885,0.30414085622521186,3427.905958734927,837.0096562801033,0.0022537433268068684
1504604.0,Mocajuba,15,Pará,22,19424,6049,6.0376702,0.27443955454545454,0.1904002,0.1921372645919646,3217.134980310783,1001.8765185286205,0.006197794148718887
1504703.0,Moju,15,Pará,51,33208,11484,14.6687061,0.2876216882352941,0.2039293,0.23195944019376288,2263.867022327211,782.8911372080732,0.014367613708393786
1504752.0,Mojuí dos Campos,15,Pará,12,8463,3343,14.2855203,1.190460025,0.6704517,1.6492484991151621,592.4180444446255,234.01317766493952,0.0033806149902103023
1504802.0,Monte Alegre,15,Pará,55,32654,13143,23.1731725,0.4213304090909091,0.2158113,0.49713483113112295,1409.1294577814065,567.1644657200045,0.01549448537179722
1504901.0,Muaná,15,Pará,23,19561,6652,13.4261808,0.5837469913043478,0.185851,1.1609032936410404,1456.9295834300103,495.4499048605096,0.006479512064569746
1504950.0,Nova Esperança do Piriá,15,Pará,20,12730,4655,9.427838,0.4713919,0.29974765,0.4936240700700846,1350.2565487442614,493.75052901842395,0.005634358317017171
1504976.0,Nova Ipixuna,15,Pará,14,7050,2848,3.5658909999999997,0.2547065,0.15366065,0.24023048122944507,1977.065479567379,798.6783667812617,0.0039440508219120195
1505007.0,Nova Timboteua,15,Pará,19,9105,3927,7.4878398,0.39409683157894737,0.2882225,0.3738788644165707,1215.9715275959832,524.450322775335,0.0053526404011663125
1505031.0,Novo Progresso,15,Pará,35,26931,10995,35.8515661,1.02433046,0.8540818,1.0764501371821198,751.1805739498783,306.6811633648551,0.009860127054780048
1505064.0,Novo Repartimento,15,Pará,47,32689,13207,20.8036579,0.4426310191489362,0.2146721,0.5346888153934779,1571.3102069420204,634.8402796990812,0.013240742044990352
1505106.0,Óbidos,15,Pará,51,31699,10675,18.2773453,0.35837931960784314,0.1644774,0.5103063890812385,1734.3328300527319,584.0563727818832,0.014367613708393786
1505205.0,Oeiras do Pará,15,Pará,17,15669,4622,4.9310947,0.29006439411764706,0.1591339,0.25975693026108676,3177.5905662489104,937.3172249155953,0.004789204569464595
1505304.0,Oriximiná,15,Pará,56,47358,15254,27.7581249,0.4956808017857143,0.2215595,0.9194641951547078,1706.0950684028373,549.5327964317936,0.015776203287648078
1505403.0,Ourém,15,Pará,19,10884,4097,6.6299566,0.34894508421052634,0.2223009,0.29967054595992626,1641.6397054544823,617.9527630693691,0.0053526404011663125
1505437.0,Ourilândia do Norte,15,Pará,46,27495,10971,49.4294916,1.0745541652173913,0.25706355000000003,2.1995170443018637,556.2468702389001,221.95251548976077,0.012959024129139492
1505486.0,Pacajá,15,Pará,31,18964,7239,13.5178074,0.43605830322580647,0.2791939,0.40146919004304715,1402.8902349947668,535.51584112672,0.008733255391376614
1505494.0,Palestina do Pará,15,Pará,8,4724,1867,10.13784,1.26723,0.5692626,1.556733514105927,465.97697339867267,184.16151764083867,0.0022537433268068684
1505502.0,Paragominas,15,Pará,176,96150,34061,48.471340500000004,0.27540534375000003,0.10386495,0.5040265742684373,1983.6463982257721,702.7038998436611,0.0495823531897511
1505536.0,Parauapebas,15,Pará,423,258225,99938,123.2788275,0.2914393085106383,0.1159996,0.9293428919859706,2094.6419205682337,810.6663733478483,0.11916667840491316
1505551.0,Pau D'Arco,15,Pará,8,4239,1925,8.554341,1.069292625,0.7356686,0.893541927658543,495.53787953975643,225.03194576882075,0.0022537433268068684
1505601.0,Peixe-Boi,15,Pará,11,4986,2275,4.2102954,0.38275412727272723,0.3936501,0.1426798997422839,1184.2399466792758,540.3421337134682,0.0030988970743594437
1505635.0,Piçarra,15,Pará,7,5318,2046,4.1574058,0.5939151142857143,0.3468265,0.4683556983926477,1279.163078090669,492.133820566662,0.0019720254109560098
1505650.0,Placas,15,Pará,16,8060,3143,6.3404197,0.39627623125,0.2927164,0.30824259473960597,1271.2092229478121,495.70850964329696,0.004507486653613737
1505700.0,Ponta de Pedras,15,Pará,18,13002,5047,6.6051451000000005,0.3669525055555556,0.21141595000000002,0.37447888339618024,1968.465461871534,764.1013064194456,0.005070922485315454
1505809.0,Portel,15,Pará,26,30223,8074,7.7197291,0.2969126576923077,0.15358855,0.4975849133415957,3915.0337542284997,1045.8916233213417,0.007324665812122322
1505908.0,Porto de Moz,15,Pará,19,19863,5285,5.6094746,0.2952355052631579,0.2367444,0.16635685507466394,3540.9733382160243,942.1559730389009,0.0053526404011663125
1506005.0,Prainha,15,Pará,31,18520,6371,12.2823902,0.39620613548387096,0.2544827,0.3941244693952343,1507.8498320302508,518.7101123037111,0.008733255391376614
1506104.0,Primavera,15,Pará,11,7202,2763,3.9797377,0.36179433636363634,0.3567313,0.23022045265416916,1809.6670039334504,694.2668608536688,0.0030988970743594437
1506112.0,Quatipuru,15,Pará,17,9651,3542,5.2393281,0.3081957705882353,0.2572805,0.236676462567454,1842.0300877893103,676.0408839446417,0.004789204569464595
1506138.0,Redenção,15,Pará,152,81630,32212,84.9226688,0.5587017684210526,0.17763905000000002,2.2767804094318533,961.2274455510283,379.30979390040085,0.0428211232093305
1506161.0,Rio Maria,15,Pará,22,13970,5808,8.6875241,0.39488745909090905,0.32253735,0.3632492677145093,1608.0530930555924,668.5449079790179,0.006197794148718887
1506187.0,Rondon do Pará,15,Pará,40,33871,11640,14.1938443,0.3548461075,0.17184205,0.5982390539755306,2386.3161581954228,820.0738118565947,0.011268716634034342
1506195.0,Rurópolis,15,Pará,26,21637,6665,12.582938,0.48395915384615384,0.2932618,0.42951062231855097,1719.5507122422441,529.6855154177824,0.007324665812122322
1506203.0,Salinópolis,15,Pará,64,41139,23495,58.3409058,0.911576653125,0.369114,1.6029583418316284,705.1484620590172,402.7191501027397,0.018029946614454947
1506302.0,Salvaterra,15,Pará,27,17814,7730,28.8852176,1.069822874074074,0.7512487,0.920244685789508,616.7168358115467,267.61093189756684,0.00760638372797318
1506351.0,Santa Bárbara do Pará,15,Pará,29,13764,5659,9.3068673,0.3209264586206897,0.2667455,0.21404059787636504,1478.9079457488342,608.0456309933634,0.008169819559674897
1506401.0,Santa Cruz do Arari,15,Pará,9,6270,1866,3.3366637,0.3707404111111111,0.3035044,0.21123369514099447,1879.1225498692002,559.2412564682501,0.002535461242657727
1506500.0,Santa Izabel do Pará,15,Pará,80,58670,19626,40.4290588,0.505363235,0.17676940000000002,0.7866429322817318,1451.1839192259406,485.44291117655206,0.022537433268068684
1506559.0,Santa Luzia do Pará,15,Pará,17,10952,4021,4.4332247,0.26077792352941176,0.2260385,0.13198593988974983,2470.4364748306125,907.0147064731458,0.004789204569464595
1506583.0,Santa Maria das Barreiras,15,Pará,13,8180,3536,11.5645488,0.889580676923077,0.4008425,1.287218939685235,707.3341244407218,305.7620371665516,0.003662332906061161
1506609.0,Santa Maria do Pará,15,Pará,33,17080,7027,13.3977535,0.4059925303030303,0.2890472,0.47090722076261915,1274.8405917454743,524.4909155852135,0.009296691223078331
1506708.0,Santana do Araguaia,15,Pará,55,25819,10241,23.9107157,0.43474028545454546,0.2409838,0.6767633075270236,1079.808748677481,428.3016923663226,0.01549448537179722
1506807.0,Santarém,15,Pará,420,264507,93666,133.260953,0.31728798333333336,0.13667455,0.7922722644155961,1984.8799970686086,702.8765582968629,0.11832152465736058
1506906.0,Santarém Novo,15,Pará,3,1910,746,2.265379,0.7551263333333332,0.825697,0.3537077236315646,843.1260288013618,329.3047211967623,0.0008451537475525756
1507003.0,Santo Antônio do Tauá,15,Pará,31,18317,8252,18.9801294,0.6122622387096774,0.3230733,0.6778198577607577,965.0619136453306,434.77048159640054,0.008733255391376614
1507102.0,São Caetano de Odivelas,15,Pará,16,9230,3426,4.0221291,0.25138306875,0.18763395,0.1791568628855868,2294.804510377352,851.7876763329153,0.004507486653613737
1507151.0,São Domingos do Araguaia,15,Pará,19,14890,5819,16.7838086,0.8833583473684211,0.545391,0.9240127210332685,887.1645497673276,346.7031910742833,0.0053526404011663125
1507201.0,São Domingos do Capim,15,Pará,12,9310,3243,3.9718042000000002,0.33098368333333333,0.3285757,0.166402011917551,2344.0229002225233,816.5055064899724,0.0033806149902103023
1507300.0,São Félix do Xingu,15,Pará,74,39114,15035,47.7895315,0.6458044797297298,0.34549205,0.940432226380164,818.4637675303429,314.608650222905,0.02084712577296353
1507409.0,São Francisco do Pará,15,Pará,12,7442,3313,5.3603759,0.4466979916666667,0.2324473,0.5007143875619213,1388.3354710254555,618.053670452477,0.0033806149902103023
1507458.0,São Geraldo do Araguaia,15,Pará,25,16943,6486,9.5509746,0.382038984,0.1863759,0.3916339568960405,1773.9550893581059,679.0930006242504,0.007042947896271463
1507466.0,São João da Ponta,15,Pará,3,876,474,0.8003033,0.2667677666666667,0.2632158,0.06833242274589225,1094.585015456015,592.2754535686657,0.0008451537475525756
1507474.0,São João de Pirabas,15,Pará,20,13130,5166,8.8027519,0.44013759500000005,0.3401754,0.3122557014595224,1491.5790140580923,586.8619334824147,0.005634358317017171
1507508.0,São João do Araguaia,15,Pará,11,5422,2032,3.8769168,0.35244698181818185,0.286795,0.18831507766344585,1398.5340103249057,524.1278327149038,0.0030988970743594437
1507607.0,São Miguel do Guamá,15,Pará,72,37846,14063,22.191264500000003,0.3082120069444445,0.1576712,0.595632283335711,1705.4458523532985,633.7178307256893,0.020283689941261816
1507706.0,São Sebastião da Boa Vista,15,Pará,15,11260,3542,4.025775400000001,0.2683850266666667,0.1355036,0.3635235792616513,2796.9767016808732,879.8305042054754,0.004225768737762878
1507755.0,Sapucaia,15,Pará,6,4764,1585,2.1521742,0.3586957,0.3520152,0.14026787179396427,2213.5754624323627,736.4645482693733,0.0016903074951051512
1507805.0,Senador José Porfírio,15,Pará,13,8963,3026,5.739372100000001,0.4414901615384616,0.2252047,0.5944577049821242,1561.6690892022839,527.2353747546704,0.003662332906061161
1507904.0,Soure,15,Pará,28,22543,8497,13.913231,0.4969011071428571,0.3491048,0.39717141696909103,1620.256286983232,610.7136437251706,0.007888101643824039
1507953.0,Tailândia,15,Pará,108,62871,21232,31.4503678,0.29120710925925924,0.11725405,0.7540963097668487,1999.0545229808092,675.0954435578969,0.03042553491189272
1507961.0,Terra Alta,15,Pará,11,5908,2481,5.4828773,0.4984433909090909,0.3152885,0.3696241012638582,1077.5364241691127,452.4996391949169,0.0030988970743594437
1507979.0,Terra Santa,15,Pará,25,16259,5139,7.679414899999999,0.30717659599999997,0.1689762,0.5529902757603898,2117.2185917445354,669.1916072928942,0.007042947896271463
1508001.0,Tomé-Açu,15,Pará,68,42807,15145,14.1455053,0.20802213676470588,0.15099859999999998,0.18821011542540708,3026.190941372734,1070.658112156658,0.01915681827785838
1508035.0,Tracuateua,15,Pará,17,10173,3890,7.1276052,0.41927089411764706,0.2590764,0.3623851941622227,1427.2676045525081,545.7653574864107,0.004789204569464595
1508050.0,Trairão,15,Pará,17,9399,3480,8.3321217,0.49012480588235297,0.2653724,0.4545991916321845,1128.044013087327,417.6607261989464,0.004789204569464595
1508084.0,Tucumã,15,Pará,59,34117,12060,28.2515584,0.47883997288135594,0.2095812,0.7495768375725304,1207.6147983397616,426.8791062513564,0.016621357035200655
1508100.0,Tucuruí,15,Pará,150,85560,31428,32.0554596,0.213703064,0.11686389999999999,0.4506573749165144,2669.124107644989,980.4258117702983,0.04225768737762878
1508126.0,Ulianópolis,15,Pará,32,26486,7503,25.5237331,0.797616659375,0.21809604999999999,1.425377171847452,1037.7008682950066,293.961701080474,0.009014973307227473
1508159.0,Uruará,15,Pará,45,25678,10957,35.8865785,0.7974795222222222,0.2784064,1.069553521851229,715.5321313231352,305.32306109929095,0.012677306213288634
1508209.0,Vigia,15,Pará,69,39596,14398,25.3013621,0.3666864072463768,0.098885,0.5672022462580779,1564.9750334982955,569.0602720554717,0.01943853619370924
1508308.0,Viseu,15,Pará,53,29936,9893,17.1078568,0.32278975094339624,0.2268245,0.28678867281446346,1749.8392902143066,578.272317547105,0.014931049540095503
1508357.0,Vitória do Xingu,15,Pará,13,8700,3370,3.1274585,0.24057373076923078,0.1653285,0.2018269128656714,2781.811493262021,1077.5522680796564,0.003662332906061161
1508407.0,Xinguara,15,Pará,80,46390,17922,25.7546085,0.32193260625,0.1789511,0.4677749091037003,1801.2310301668922,695.8754585611348,0.022537433268068684
1600055.0,Serra do Navio,16,Amapá,3,2721,1067,2.9582743,0.9860914333333333,0.7922893,0.7190535890998482,919.7930022919106,360.6832537469565,0.0008451537475525756
1600105.0,Amapá,16,Amapá,7,6631,2019,2.4246691,0.3463813,0.3041093,0.14035405390789393,2734.8061638596378,832.6909432713932,0.0019720254109560098
1600154.0,Pedra Branca do Amapari,16,Amapá,8,8607,3147,5.4952784999999995,0.6869098124999999,0.5729181,0.4749228272165954,1566.2536484729574,572.6734322928311,0.0022537433268068684
1600204.0,Calçoene,16,Amapá,10,8822,2910,7.0316419,0.7031641900000001,0.50166515,0.6458023397173,1254.6145161345603,413.8436003118987,0.0028171791585085855
1600212.0,Cutias,16,Amapá,4,2833,932,1.8394218,0.45985545,0.44144170000000005,0.24753779564694767,1540.1578909198531,506.6809581141204,0.0011268716634034342
1600238.0,Ferreira Gomes,16,Amapá,6,4726,1860,2.4062888,0.40104813333333333,0.3913489,0.2661335697246979,1964.0202788626202,772.9745490233757,0.0016903074951051512
1600253.0,Itaubal,16,Amapá,4,2710,833,1.3235964,0.3308991,0.35676240000000004,0.0897315197249365,2047.4519271886807,629.34592448272,0.0011268716634034342
1600279.0,Laranjal do Jari,16,Amapá,51,32285,12500,15.250396,0.2990273725490196,0.1556196,0.4342141907905577,2116.99420788811,819.6508470993147,0.014367613708393786
1600303.0,Macapá,16,Amapá,659,418800,139565,149.3811321,0.22667850091047043,0.089519,0.690454762908383,2803.5669171367863,934.2880057072482,0.18565210654571576
1600402.0,Mazagão,16,Amapá,11,11150,3531,7.570616299999999,0.6882378454545454,0.6944443,0.3347029343025285,1472.7995130330407,466.408527400867,0.0030988970743594437
1600501.0,Oiapoque,16,Amapá,24,18658,6991,11.4070425,0.47529343749999997,0.34678180000000003,0.4153375433348847,1635.6562185158862,612.8670073772408,0.006761229980420605
1600535.0,Porto Grande,16,Amapá,16,12081,4976,8.8931055,0.55581909375,0.46180755,0.3662410361379338,1358.4680851925123,559.5345742834154,0.004507486653613737
1600550.0,Pracuúba,16,Amapá,2,1717,552,1.2915904,0.6457952,0.6457952,0.43539110102068007,1329.3688153767635,427.38007343504563,0.0005634358317017171
1600600.0,Santana,16,Amapá,183,103232,32424,31.751265,0.17350418032786885,0.0908174,0.3473332183476829,3251.2720359330565,1021.1876597672565,0.051554378600707114
1600709.0,Tartarugalzinho,16,Amapá,9,7252,2197,5.0241027,0.5582336333333333,0.4044165,0.3874215039184034,1443.441830916394,437.2920163435353,0.002535461242657727
1600808.0,Vitória do Jari,16,Amapá,13,9029,3162,3.2534663999999998,0.25026664615384614,0.1196067,0.24928084961507643,2775.193867070519,971.886477758,0.003662332906061161
1700251.0,Abreulândia,17,Tocantins,3,1498,632,1.8060922000000001,0.6020307333333333,0.2877781,0.5465719970589633,829.4150210050184,349.92676453616264,0.0008451537475525756
1700301.0,Aguiarnópolis,17,Tocantins,9,3746,1493,3.7861572999999997,0.4206841444444444,0.4117238,0.24515855442869064,989.3936525035556,394.3312128104134,0.002535461242657727
1700350.0,Aliança do Tocantins,17,Tocantins,11,4350,1993,3.6251024000000003,0.32955476363636366,0.3442316,0.11526890534781072,1199.9661030264965,549.7775731797259,0.0030988970743594437
1700400.0,Almas,17,Tocantins,9,5294,2289,4.8893167,0.5432574111111111,0.4398198,0.26187067531132346,1082.7688867035347,468.1635779494505,0.002535461242657727
1700707.0,Alvorada,17,Tocantins,16,8314,3428,6.5299212,0.408120075,0.3235979,0.2737832097565408,1273.2159769401198,524.9680501504367,0.004507486653613737
1701002.0,Ananás,17,Tocantins,18,7767,2855,4.4473885,0.24707713888888888,0.2148698,0.1453342904660317,1746.4181507866922,641.9497644516553,0.005070922485315454
1701051.0,Angico,17,Tocantins,4,1995,700,1.7517364,0.4379341,0.49992250000000005,0.19701695410449663,1138.8699806660409,399.60350198808453,0.0011268716634034342
1701101.0,Aparecida do Rio Negro,17,Tocantins,8,3577,1517,4.6219569,0.5777446125,0.43000965,0.41254257461303634,773.9146161228808,328.21595545384685,0.0022537433268068684
1701309.0,Aragominas,17,Tocantins,5,2541,944,1.8859042,0.37718083999999996,0.3926711,0.08974598831356193,1347.3643040828904,500.5556485849069,0.0014085895792542928
1701903.0,Araguacema,17,Tocantins,8,2822,1261,3.2356666,0.404458325,0.28366985,0.33209037682365816,872.1541335562817,389.7187676876227,0.0022537433268068684
1702000.0,Araguaçu,17,Tocantins,13,5526,2591,3.3114285,0.2547252692307692,0.2939782,0.14372001173632354,1668.7662137352506,782.441777015569,0.003662332906061161
1702109.0,Araguaína,17,Tocantins,307,166572,68769,99.0498245,0.3226378648208469,0.1642915,0.5896021945116654,1681.6990927631578,694.2869444458228,0.08648740016621358
1702158.0,Araguanã,17,Tocantins,5,2892,1236,2.2336819,0.44673638000000004,0.3585016,0.28226086821130025,1294.7232996784367,553.3464724766762,0.0014085895792542928
1702208.0,Araguatins,17,Tocantins,36,22680,8847,13.0323253,0.3620090361111111,0.259958,0.2789703779879702,1740.2880512812246,678.8504580989857,0.010141844970630908
1702307.0,Arapoema,17,Tocantins,11,4357,1770,2.7492818,0.2499347090909091,0.2875677,0.11709692554501551,1584.7775226242723,643.8045019612032,0.0030988970743594437
1702406.0,Arraias,17,Tocantins,13,7119,3401,5.0372527,0.3874809769230769,0.2761454,0.2579368869090433,1413.2703725584386,675.1696217265415,0.003662332906061161
1702554.0,Augustinópolis,17,Tocantins,27,15109,5614,9.0403918,0.3348293259259259,0.1894875,0.3938447770425743,1671.2771231883999,620.9907849347857,0.00760638372797318
1702703.0,Aurora do Tocantins,17,Tocantins,5,2271,1120,1.3497823,0.26995646,0.2592895,0.10118844391815697,1682.4935398841724,829.7634366667869,0.0014085895792542928
1702901.0,Axixá do Tocantins,17,Tocantins,13,8471,2729,5.5942405,0.4303261923076923,0.3589445,0.3549073425872178,1514.2359360488704,487.8231459659269,0.003662332906061161
1703008.0,Babaçulândia,17,Tocantins,8,4102,1483,3.5287815,0.4410976875,0.53091825,0.21593025017160017,1162.4409162199472,420.2583809737157,0.0022537433268068684
1703057.0,Bandeirantes do Tocantins,17,Tocantins,5,2086,775,1.1813207000000001,0.23626414,0.2007804,0.09296517329031338,1765.8202383146252,656.0453905531325,0.0014085895792542928
1703073.0,Barra do Ouro,17,Tocantins,7,3331,1258,3.8528013999999997,0.5504002,0.5257159,0.2374616379883566,864.5657157412786,326.5156620842175,0.0019720254109560098
1703107.0,Barrolândia,17,Tocantins,10,4073,1708,3.2429243000000003,0.32429243,0.30259975,0.20859012088706433,1255.9651793290393,526.6851279877238,0.0028171791585085855
1703206.0,Bernardo Sayão,17,Tocantins,6,2184,996,3.2614554,0.5435759,0.5205167,0.1337407734458269,669.6396952109172,305.3851357280556,0.0016903074951051512
1703305.0,Bom Jesus do Tocantins,17,Tocantins,7,3232,1244,2.0162642,0.2880377428571429,0.2439185,0.10433215325278615,1602.9645321282794,616.982635509771,0.0019720254109560098
1703602.0,Brasilândia do Tocantins,17,Tocantins,4,1281,516,1.1153145,0.278828625,0.31128075,0.12586310362163,1148.5549591617432,462.6497727770956,0.0011268716634034342
1703701.0,Brejinho de Nazaré,17,Tocantins,7,3754,1742,3.3998302000000002,0.4856900285714286,0.4858395,0.1551617115974354,1104.1727907470201,512.3785299630551,0.0019720254109560098
1703800.0,Buriti do Tocantins,17,Tocantins,13,7900,2283,4.322526,0.33250199999999996,0.2831353,0.19586431233798907,1827.635044878851,528.1633933491667,0.003662332906061161
1703826.0,Cachoeirinha,17,Tocantins,4,1515,581,1.9316928999999998,0.48292322499999996,0.43972449999999996,0.13333133166667602,784.2861564589278,300.77244680042054,0.0011268716634034342
1703842.0,Campos Lindos,17,Tocantins,9,6213,2051,3.8949916,0.4327768444444444,0.2611052,0.5324550518785978,1595.125391284541,526.5736644977617,0.002535461242657727
1703867.0,Cariri do Tocantins,17,Tocantins,4,2492,1022,1.7195858,0.42989645,0.4266273,0.036941355193017306,1449.1861935589372,594.329169268553,0.0011268716634034342
1703883.0,Carmolândia,17,Tocantins,2,1838,725,1.2181232,0.6090616,0.6090616,0.0366756488411589,1508.8785764855313,595.1778933362406,0.0005634358317017171
1703891.0,Carrasco Bonito,17,Tocantins,3,1513,635,1.0596003999999999,0.3532001333333333,0.335904,0.2152931058561173,1427.8967807109173,599.282521977153,0.0008451537475525756
1703909.0,Caseara,17,Tocantins,7,3069,1193,2.0568201999999998,0.29383145714285713,0.2235391,0.20191318486112506,1492.1090331571036,580.0215303214156,0.0019720254109560098
1704105.0,Centenário,17,Tocantins,2,1381,625,1.2296486,0.6148243,0.6148243,0.27666967027486045,1123.085083006641,508.27529100590203,0.0005634358317017171
1704600.0,Chapada de Areia,17,Tocantins,2,956,555,1.3994439,0.69972195,0.69972195,0.029419672606013157,683.1284912528469,396.58610109344147,0.0005634358317017171
1705102.0,Chapada da Natividade,17,Tocantins,3,1801,718,1.6046423,0.5348807666666667,0.4298045,0.25460622012367123,1122.3685178933647,447.45174672261845,0.0008451537475525756
1705508.0,Colinas do Tocantins,17,Tocantins,55,33018,12816,18.037588799999998,0.32795615999999994,0.2250802,0.45317709233976544,1830.5107387745752,710.516252593584,0.01549448537179722
1705557.0,Combinado,17,Tocantins,7,4077,1779,2.7515439,0.39307770000000003,0.3145304,0.2519692093310477,1481.7135935937638,646.5461081685812,0.0019720254109560098
1705607.0,Conceição do Tocantins,17,Tocantins,6,2829,1252,2.3725129000000003,0.39541881666666673,0.40534335,0.1320528795086486,1192.4065829104659,527.7105131862506,0.0016903074951051512
1706001.0,Couto Magalhães,17,Tocantins,5,2737,1108,2.4416946999999998,0.48833893999999994,0.4127234,0.25020835617999054,1120.9427615991467,453.7831859159133,0.0014085895792542928
1706100.0,Cristalândia,17,Tocantins,12,5197,2296,5.071773,0.42264775000000004,0.32773505,0.3672777176446221,1024.6909709878576,452.7016489105486,0.0033806149902103023
1706258.0,Crixás do Tocantins,17,Tocantins,2,995,411,0.8742901,0.43714505,0.43714505,0.2297751263640279,1138.0661864980514,470.095681055979,0.0005634358317017171
1706506.0,Darcinópolis,17,Tocantins,7,4265,1665,3.0435212,0.4347887428571428,0.4189412,0.20891058883377883,1401.3373719887347,547.0637102839961,0.0019720254109560098
1707009.0,Dianópolis,17,Tocantins,23,15505,6082,11.4031456,0.4957889391304348,0.3340158,0.4839219518776646,1359.7125340572693,533.3616015566793,0.006479512064569746
1707108.0,Divinópolis do Tocantins,17,Tocantins,9,5242,2217,3.6212177,0.4023575222222222,0.3661743,0.224889919025102,1447.5793598379905,612.2249982374714,0.002535461242657727
1707207.0,Dois Irmãos do Tocantins,17,Tocantins,6,3041,1331,2.4033156,0.4005526,0.38856115,0.11443175447151022,1265.3352726541616,553.8182334438306,0.0016903074951051512
1707306.0,Dueré,17,Tocantins,9,2883,1283,5.461359699999999,0.6068177444444444,0.3302563,0.8246901301291081,527.8905178137232,234.92318222511514,0.002535461242657727
1707405.0,Esperantina,17,Tocantins,9,5821,2111,3.5876085,0.39862316666666664,0.3089253,0.28911851087755086,1622.529325593916,588.4142598056617,0.002535461242657727
1707553.0,Fátima,17,Tocantins,6,2931,1215,4.6628723,0.7771453833333334,0.6568854,0.5586643177535698,628.582515545193,260.5690059322448,0.0016903074951051512
1707652.0,Figueirópolis,17,Tocantins,8,4145,1835,5.9965161,0.7495645125,0.3913641,0.6045456845704772,691.234698761169,306.0110186313016,0.0022537433268068684
1707702.0,Filadélfia,17,Tocantins,9,5030,1876,5.6359168,0.6262129777777778,0.6822496,0.20357422065794442,892.4901091513628,332.8650983634109,0.002535461242657727
1708205.0,Formoso do Araguaia,17,Tocantins,24,13450,5512,9.0068163,0.37528401250000004,0.30463335,0.21787668231902932,1493.31345860801,611.980950471922,0.006761229980420605
1708254.0,Tabocão,17,Tocantins,5,2707,1059,3.4416034,0.68832068,0.6367758,0.38751027770581387,786.551989110657,307.70541428451634,0.0014085895792542928
1708304.0,Goianorte,17,Tocantins,6,2877,1181,1.5756988,0.26261646666666666,0.2451064,0.0934188336410526,1825.8565659883727,749.5087259062456,0.0016903074951051512
1709005.0,Goiatins,17,Tocantins,12,6855,2534,7.5040164,0.6253347,0.35971915,0.6309073365318887,913.5107966981521,337.68582915143946,0.0033806149902103023
1709302.0,Guaraí,17,Tocantins,43,22707,9026,13.8846608,0.322899088372093,0.2056263,0.27903343856074736,1635.4018529570415,650.0698958378587,0.012113870381586917
1709500.0,Gurupi,17,Tocantins,158,83125,35502,40.0961261,0.25377295,0.1641424,0.3261004328168348,2073.142921405567,885.422195437479,0.044511430704435646
1709807.0,Ipueiras,17,Tocantins,2,844,450,1.0272222,0.5136111,0.5136111,0.03048634318543304,821.6333330802236,438.07464441481113,0.0005634358317017171
1710508.0,Itacajá,17,Tocantins,8,4087,1606,1.8955559,0.2369444875,0.20342355,0.0958563828747307,2156.0957395136697,847.2448636307693,0.0022537433268068684
1710706.0,Itaguatins,17,Tocantins,7,2895,1302,3.4562923,0.49375604285714286,0.3441382,0.3201794721106006,837.6027687241615,376.70425038993375,0.0019720254109560098
1710904.0,Itapiratins,17,Tocantins,5,2364,1002,2.6060351,0.5212070200000001,0.370391,0.30464283581468315,907.1251572935453,384.4921351980255,0.0014085895792542928
1711100.0,Itaporã do Tocantins,17,Tocantins,3,1574,668,2.4773400000000003,0.8257800000000001,0.8528139,0.21545166171354999,635.3588930062082,269.6440537027618,0.0008451537475525756
1711506.0,Jaú do Tocantins,17,Tocantins,5,1343,634,2.2919241,0.45838482,0.3593139,0.3111902404604087,585.9705389022263,276.6234710826593,0.0014085895792542928
1711803.0,Juarina,17,Tocantins,3,1211,478,1.4434754,0.4811584666666667,0.3468199,0.2722797443480571,838.947445865721,331.1452346191698,0.0008451537475525756
1711902.0,Lagoa da Confusão,17,Tocantins,18,11508,4108,8.2577975,0.4587665277777778,0.3114291,0.37630277242510735,1393.5919353798636,497.4692101616684,0.005070922485315454
1711951.0,Lagoa do Tocantins,17,Tocantins,5,2510,905,2.1810623,0.43621245999999997,0.3044471,0.30159719104935806,1150.815361853717,414.93541931379036,0.0014085895792542928
1712009.0,Lajeado,17,Tocantins,9,2433,1063,6.6664943,0.740721588888889,0.3953028,0.688583244445264,364.95943602621844,159.45412268634206,0.002535461242657727
1712157.0,Lavandeira,17,Tocantins,2,1069,459,1.3333891,0.66669455,0.66669455,0.3854258752018668,801.7164682087172,344.2356023459319,0.0005634358317017171
1712405.0,Lizarda,17,Tocantins,5,2184,923,2.4200947,0.48401894,0.5064849,0.14012513376433583,902.4440241945904,381.39003403461857,0.0014085895792542928
1712454.0,Luzinópolis,17,Tocantins,5,2000,752,1.812225,0.362445,0.3465894,0.0738913462258944,1103.6157210059457,414.9595110982356,0.0014085895792542928
1712504.0,Marianópolis do Tocantins,17,Tocantins,6,2581,1015,3.5704983,0.5950830500000001,0.2617594,0.661357332132271,722.8682898406645,284.27404656655347,0.0016903074951051512
1712702.0,Mateiros,17,Tocantins,2,1552,548,1.1640589000000001,0.5820294500000001,0.5820294500000001,0.08233388725576489,1333.265868247732,470.7665565720085,0.0005634358317017171
1712801.0,Maurilândia do Tocantins,17,Tocantins,5,1834,755,1.8362989,0.36725978000000004,0.3733913,0.13064572061383029,998.7480796290843,411.15310802614977,0.0014085895792542928
1713205.0,Miracema do Tocantins,17,Tocantins,33,15366,6744,14.4259465,0.43714989393939396,0.307861,0.3764788397125204,1065.1640777955192,467.4909892394235,0.009296691223078331
1713304.0,Miranorte,17,Tocantins,25,11388,4505,7.3066633,0.292266532,0.2255795,0.22307096064604964,1558.5773604758822,616.56050306848,0.007042947896271463
1713601.0,Monte do Carmo,17,Tocantins,7,2813,1157,2.5439456,0.3634208,0.4362514,0.14871098392956725,1105.7626389495122,454.80532288111823,0.0019720254109560098
1713700.0,Monte Santo do Tocantins,17,Tocantins,4,1320,615,1.605067,0.40126675,0.36570545,0.17561892056116848,822.3955760102226,383.161575186581,0.0011268716634034342
1713809.0,Palmeiras do Tocantins,17,Tocantins,7,2893,1139,2.8859062,0.41227231428571426,0.3713358,0.13712769913015907,1002.4580840499945,394.67672234114883,0.0019720254109560098
1713957.0,Muricilândia,17,Tocantins,2,1825,693,1.3523581,0.67617905,0.67617905,0.3326000488997634,1349.494634594195,512.4382365883711,0.0005634358317017171
1714203.0,Natividade,17,Tocantins,17,7278,2973,6.8172093,0.40101231176470586,0.3437795,0.24484440823394327,1067.5922770920354,436.10220387395174,0.004789204569464595
1714302.0,Nazaré,17,Tocantins,3,2008,804,2.4827562,0.8275853999999999,0.7938005,0.061848709316605806,808.77856633688,323.8336490711412,0.0008451537475525756
1714880.0,Nova Olinda,17,Tocantins,14,7730,3079,5.7090708999999995,0.40779077857142854,0.39004425,0.22127868416027638,1353.9856371375595,539.3171768106787,0.0039440508219120195
1715002.0,Nova Rosalândia,17,Tocantins,7,2780,1103,3.1126711,0.4446673,0.3625648,0.3318209993431298,893.1235940732704,354.3580303103659,0.0019720254109560098
1715101.0,Novo Acordo,17,Tocantins,7,3265,1314,3.1928633,0.45612332857142857,0.3904124,0.23218018921227765,1022.5931063193341,411.5428305370919,0.0019720254109560098
1715150.0,Novo Alegre,17,Tocantins,3,1379,662,1.2219121,0.4073040333333333,0.3515215,0.09902056036855847,1128.559083750787,541.7738313582458,0.0008451537475525756
1715259.0,Novo Jardim,17,Tocantins,4,1673,691,1.4212240999999999,0.35530602499999997,0.3139505,0.14997479319137547,1177.154257375737,486.20059285513105,0.0011268716634034342
1715507.0,Oliveira de Fátima,17,Tocantins,2,983,451,1.1925115,0.59625575,0.59625575,0.03052318344873286,824.3107089533308,378.19341784125356,0.0005634358317017171
1715705.0,Palmeirante,17,Tocantins,4,1942,731,2.1587157,0.539678925,0.58090475,0.10239300168499064,899.608966572115,338.627268055724,0.0011268716634034342
1715754.0,Palmeirópolis,17,Tocantins,16,5860,2688,5.1015423,0.31884639375,0.21162219999999998,0.29587789316150104,1148.6722358452266,526.8994829269571,0.004507486653613737
1716109.0,Paraíso do Tocantins,17,Tocantins,87,50619,19730,38.4932874,0.44245157931034484,0.2023746,0.7407971812783607,1315.0084967801424,512.556898426919,0.024509458679024692
1716208.0,Paranã,17,Tocantins,10,6226,2752,6.865677,0.6865677,0.34877135,0.8427878149120468,906.8297270611478,400.8344697835334,0.0028171791585085855
1716307.0,Pau D'Arco,17,Tocantins,6,2805,1165,2.9602321000000003,0.4933720166666667,0.40987635,0.34897253044687293,947.560834841295,393.550221957258,0.0016903074951051512
1716505.0,Pedro Afonso,17,Tocantins,33,12908,5167,10.2217634,0.30975040606060605,0.1681379,0.3467905930403497,1262.7958107502272,505.4900801167047,0.009296691223078331
1716604.0,Peixe,17,Tocantins,9,4560,2243,3.8521196,0.4280132888888889,0.4232484,0.2315120840164366,1183.7638685984723,582.2768327338539,0.002535461242657727
1716653.0,Pequizeiro,17,Tocantins,5,2553,1052,2.0800793,0.41601586,0.4454026,0.28991058106089884,1227.3570531661942,505.7499490524232,0.0014085895792542928
1716703.0,Colméia,17,Tocantins,16,6440,2682,6.7660605,0.42287878125,0.21599775,0.5702560641728174,951.8094022363531,396.3901889437731,0.004507486653613737
1717008.0,Pindorama do Tocantins,17,Tocantins,6,2899,1285,2.3160946,0.38601576666666665,0.4016326,0.046659024854133715,1251.6759894004329,554.8132619453454,0.0016903074951051512
1717206.0,Piraquê,17,Tocantins,2,1097,431,1.0238990000000001,0.5119495000000001,0.5119495000000001,0.03371937681037415,1071.3947371762254,420.93995599175304,0.0005634358317017171
1717503.0,Pium,17,Tocantins,11,3804,1701,4.7102658,0.4282059818181818,0.2892705,0.3801420888482038,807.5977368410929,361.1261173414035,0.0030988970743594437
1717800.0,Ponte Alta do Bom Jesus,17,Tocantins,5,2326,1171,4.0102709999999995,0.8020541999999999,0.6301524,0.48647588468351133,580.0106775826373,292.0002164442254,0.0014085895792542928
1717909.0,Ponte Alta do Tocantins,17,Tocantins,10,5163,1935,5.1722966,0.51722966,0.3561394,0.44208996427145464,998.2026166094187,374.1084763004504,0.0028171791585085855
1718006.0,Porto Alegre do Tocantins,17,Tocantins,3,2119,900,1.5348111,0.5116037,0.4242696,0.19751712816768577,1380.625928493741,586.3913806721882,0.0008451537475525756
1718204.0,Porto Nacional,17,Tocantins,166,57815,25345,71.5061657,0.4307600343373494,0.3022122,0.46145724515589587,808.5316760313999,354.44495942256907,0.046765174031242515
1718303.0,Praia Norte,17,Tocantins,6,5447,1602,2.4958712,0.4159785333333333,0.37597425,0.26718419939292565,2182.404284323646,641.8600447010247,0.0016903074951051512
1718402.0,Presidente Kennedy,17,Tocantins,5,2586,1068,2.8822295,0.5764459000000001,0.563092,0.4502080219390143,897.22209837905,370.54648146512966,0.0014085895792542928
1718451.0,Pugmil,17,Tocantins,5,1759,758,1.3734771000000001,0.27469542,0.1736723,0.23417799502014916,1280.6911742467346,551.8839738937038,0.0014085895792542928
1718501.0,Recursolândia,17,Tocantins,3,1810,695,1.081237,0.36041233333333333,0.2515972,0.21194921870621117,1674.0085661145522,642.7822947235435,0.0008451537475525756
1718550.0,Riachinho,17,Tocantins,4,1786,657,1.4939801,0.373495025,0.34561105000000003,0.1560401955211408,1195.4643840302826,439.7648937894153,0.0011268716634034342
1718659.0,Rio da Conceição,17,Tocantins,3,1604,700,2.9773408,0.9924469333333333,1.1690766,0.3622266068219911,538.7357738825197,235.1091282529699,0.0008451537475525756
1718709.0,Rio dos Bois,17,Tocantins,3,1606,626,1.0063024999999999,0.33543416666666664,0.3896868,0.09479214476961333,1595.9415782033734,622.0793449285876,0.0008451537475525756
1718758.0,Rio Sono,17,Tocantins,3,2025,881,2.1047584,0.7015861333333334,0.6474582,0.3173656877630179,962.1056744565076,418.5753576277448,0.0008451537475525756
1718808.0,Sampaio,17,Tocantins,7,3520,1319,1.8535089,0.2647869857142857,0.2347109,0.14610014614128478,1899.1006733229067,711.6232352593505,0.0019720254109560098
1718840.0,Sandolândia,17,Tocantins,5,2088,986,1.6289006,0.32578012,0.3590342,0.15586840017136894,1281.8461728112816,605.316248271994,0.0014085895792542928
1718865.0,Santa Fé do Araguaia,17,Tocantins,9,4796,1818,2.9322648,0.3258072,0.3249912,0.17792802822004322,1635.595802943854,619.9985758448555,0.002535461242657727
1718881.0,Santa Maria do Tocantins,17,Tocantins,2,1840,718,1.9259502,0.9629751,0.9629751,0.1368425569864141,955.372574015673,372.80299355611584,0.0005634358317017171
1718899.0,Santa Rita do Tocantins,17,Tocantins,3,1002,402,0.9617769,0.3205923,0.243496,0.1363193907379651,1041.8216532337176,417.97635189616216,0.0008451537475525756
1718907.0,Santa Rosa do Tocantins,17,Tocantins,9,3328,1535,5.8984749,0.6553861,0.5177463,0.537503985367232,564.2136410549107,260.23676052262255,0.002535461242657727
1719004.0,Santa Tereza do Tocantins,17,Tocantins,4,1833,702,1.5611672,0.3902918,0.47002925,0.20977915888799184,1174.1215162603978,449.6635594188758,0.0011268716634034342
1720002.0,Santa Terezinha do Tocantins,17,Tocantins,3,1492,582,2.0050791,0.6683597,0.4696123,0.4375790602049874,744.1102947010918,290.2628629464044,0.0008451537475525756
1720101.0,São Bento do Tocantins,17,Tocantins,8,3230,1153,2.6988168999999997,0.33735211249999997,0.3030578,0.20251515118965038,1196.8207254074925,427.2242403699192,0.0022537433268068684
1720150.0,São Félix do Tocantins,17,Tocantins,2,1273,455,2.2601217,1.13006085,1.13006085,0.7505466842072152,563.2440058426943,201.31659281887343,0.0005634358317017171
1720200.0,São Miguel do Tocantins,17,Tocantins,17,9186,3679,13.3545426,0.7855613294117647,0.7156997,0.6178267064474084,687.8558311686392,275.4867845492514,0.004789204569464595
1720259.0,São Salvador do Tocantins,17,Tocantins,6,1212,687,2.490049,0.4150081666666667,0.2605362,0.2912214310149146,486.7374095851126,275.8981851361158,0.0016903074951051512
1720309.0,São Sebastião do Tocantins,17,Tocantins,6,3132,1093,1.5441311,0.25735518333333335,0.1875583,0.15935803306241472,2028.325185601145,707.8414520632348,0.0016903074951051512
1720499.0,São Valério,17,Tocantins,8,2983,1352,3.4422525999999998,0.43028157499999997,0.3685355,0.23329174939432595,866.5837016144603,392.76606254869273,0.0022537433268068684
1720655.0,Silvanópolis,17,Tocantins,8,4270,1847,6.0575932,0.75719915,0.40962770000000004,0.8079543522672111,704.9004215073405,304.9065757667583,0.0022537433268068684
1720804.0,Sítio Novo do Tocantins,17,Tocantins,8,5563,1844,2.7071607,0.3383950875,0.36513865,0.17584181787741943,2054.9204928987037,681.156460346074,0.0022537433268068684
1720853.0,Sucupira,17,Tocantins,2,1138,533,0.7165675,0.35828375,0.35828375,0.030176276861882734,1588.1267291636866,743.823854696173,0.0005634358317017171
1720903.0,Taguatinga,17,Tocantins,19,10340,4470,7.4680357,0.3930545105263158,0.2192323,0.30109067244332427,1384.5675643998327,598.5509683624035,0.0053526404011663125
1720937.0,Taipas do Tocantins,17,Tocantins,3,1594,631,1.0715243,0.3571747666666667,0.2882634,0.1693665288832576,1487.6004211943675,588.8807188040439,0.0008451537475525756
1720978.0,Talismã,17,Tocantins,4,1456,693,1.3582355,0.339558875,0.3234834,0.0934494820255798,1071.9790492885807,510.2207974979302,0.0011268716634034342
1721000.0,Palmas,17,Tocantins,703,296241,125729,198.8662255,0.2828822553342817,0.1357112,0.6985654244261065,1489.6496338439329,632.2290257377063,0.19804769484315354
1721109.0,Tocantínia,17,Tocantins,8,2623,1148,4.9532688,0.6191586,0.28717685,0.8957659522677801,529.5492948010412,231.7661419868835,0.0022537433268068684
1721208.0,Tocantinópolis,17,Tocantins,32,17483,6658,10.8251062,0.33828456875,0.21765289999999998,0.36930679421707174,1615.0418921525222,615.0517026798315,0.009014973307227473
1721257.0,Tupirama,17,Tocantins,3,1292,501,1.4582377,0.4860792333333333,0.5438694,0.23340384604805325,886.0009585542879,343.56538717933296,0.0008451537475525756
1721307.0,Tupiratins,17,Tocantins,2,1096,496,1.1328971,0.56644855,0.56644855,0.08945657386265699,967.4311991795194,437.8155791907314,0.0005634358317017171
1722081.0,Wanderlândia,17,Tocantins,22,8837,3422,8.4288311,0.38312868636363634,0.2878345,0.38235114070289755,1048.4253267336203,405.98749214467,0.006197794148718887
1722107.0,Xambioá,17,Tocantins,18,8451,3524,3.5856987,0.19920548333333332,0.16259669999999998,0.10800250537428041,2356.862834013354,982.7931164433866,0.005070922485315454
2100055.0,Açailândia,21,Maranhão,206,94580,37740,59.2552412,0.2876468019417476,0.1093021,0.8962383629808093,1596.1457262619329,636.9056852307607,0.05803389066527686
2100105.0,Afonso Cunha,21,Maranhão,5,3035,1102,1.6874098,0.33748195999999997,0.1738647,0.2625694837414241,1798.614657802746,653.0719449418867,0.0014085895792542928
2100154.0,Água Doce do Maranhão,21,Maranhão,3,3006,1120,2.9925965000000003,0.9975321666666668,1.1275534,0.39519229805278766,1004.4788864786815,374.2569370778853,0.0008451537475525756
2100204.0,Alcântara,21,Maranhão,10,4987,2203,6.0003596,0.60003596,0.3928214,0.5437575506611977,831.1168550631531,367.1446624632297,0.0028171791585085855
2100303.0,Aldeias Altas,21,Maranhão,22,15716,5377,8.7132576,0.3960571636363637,0.30337630000000004,0.26830928952774874,1803.6882095624028,617.105593205462,0.006197794148718887
2100402.0,Altamira do Maranhão,21,Maranhão,4,2966,1051,3.3201538,0.83003845,0.9622796499999999,0.3100028983237683,893.3321100968275,316.5516007119911,0.0011268716634034342
2100436.0,Alto Alegre do Maranhão,21,Maranhão,25,19350,7276,17.5144147,0.700576588,0.401708,0.6711688511964956,1104.804261600589,415.4292406928106,0.007042947896271463
2100477.0,Alto Alegre do Pindaré,21,Maranhão,21,14079,5073,7.2223497,0.34392141428571427,0.2412902,0.3123136215911504,1949.3655921977859,702.40298666236,0.005916076232868029
2100501.0,Alto Parnaíba,21,Maranhão,11,8362,3004,9.1821775,0.834743409090909,0.5495721,0.5958507444472088,910.6772331508512,327.15551403792836,0.0030988970743594437
2100550.0,Amapá do Maranhão,21,Maranhão,8,5430,1847,6.3649377,0.7956172125,0.84336685,0.4936759295027818,853.1112566899124,290.1835158575079,0.0022537433268068684
2100600.0,Amarante do Maranhão,21,Maranhão,24,15802,5877,14.6927676,0.61219865,0.193581,1.342587931897928,1075.495129998517,399.9927147830202,0.006761229980420605
2100709.0,Anajatuba,21,Maranhão,15,8285,2982,6.117641,0.4078427333333333,0.4842764,0.2065914921214523,1354.2801874121087,487.44279044814823,0.004225768737762878
2100808.0,Anapurus,21,Maranhão,11,7716,2736,8.5732707,0.7793882454545454,0.7928064,0.5679395419129916,900.0065750869152,319.13141387218764,0.0030988970743594437
2100832.0,Apicum-Açu,21,Maranhão,17,11593,3640,5.9232801,0.3484282411764706,0.2968807,0.22087277000828742,1957.192603469824,614.5243747632329,0.004789204569464595
2100873.0,Araguanã,21,Maranhão,6,5122,1732,2.4623757,0.41039595,0.41812665000000004,0.15433965070483666,2080.1049977872995,703.3857587207347,0.0016903074951051512
2100907.0,Araioses,21,Maranhão,17,11187,4209,7.3467798,0.43216351764705885,0.2684721,0.4090047380766882,1522.7079488621669,572.9040633557576,0.004789204569464595
2100956.0,Arame,21,Maranhão,13,10557,3784,7.3697203,0.5669015615384615,0.4753076,0.5648611710991597,1432.483129651474,513.4523219286898,0.003662332906061161
2101004.0,Arari,21,Maranhão,22,17494,6169,11.5712131,0.5259642318181817,0.17941295000000002,0.6989540136371603,1511.8553127329408,533.1333842602899,0.006197794148718887
2101103.0,Axixá,21,Maranhão,11,4870,1738,7.911604199999999,0.7192367454545454,0.5314396,0.4139106476466759,615.5515211440937,219.67731904485314,0.0030988970743594437
2101202.0,Bacabal,21,Maranhão,113,83031,31106,43.8534776,0.38808387256637167,0.159067,0.7609092928523973,1893.3732179087208,709.3166084506831,0.03183412449114702
2101251.0,Bacabeira,21,Maranhão,24,11815,4756,20.4537854,0.8522410583333334,0.62611165,0.710724008091053,577.643686434688,232.52419574129294,0.006761229980420605
2101301.0,Bacuri,21,Maranhão,16,8344,3239,5.4053408,0.3378338,0.3371345,0.20982978619587833,1543.658449805792,599.222161903279,0.004507486653613737
2101350.0,Bacurituba,21,Maranhão,2,1437,606,3.0253885,1.51269425,1.51269425,0.937725485940531,474.9803207092246,200.30485340973564,0.0005634358317017171
2101400.0,Balsas,21,Maranhão,117,89502,30696,44.953317,0.3842163846153846,0.1914432,0.6339224641737602,1990.9987954837682,682.8417133267385,0.03296099615455045
2101509.0,Barão de Grajaú,21,Maranhão,14,12496,5171,11.5383282,0.8241663,0.6723946000000001,0.5897475160553265,1082.9991818052115,448.1585122531009,0.0039440508219120195
2101608.0,Barra do Corda,21,Maranhão,89,58268,24077,44.9305154,0.5048372516853932,0.180227,0.774094744776356,1296.8469086379544,535.8718854135379,0.02507289451072641
2101707.0,Barreirinhas,21,Maranhão,51,28711,12356,32.509673,0.6374445686274509,0.2885137,0.901146019681025,883.1525312481612,380.07149441337043,0.014367613708393786
2101731.0,Belágua,21,Maranhão,5,4448,1206,5.9360021000000005,1.1872004200000001,0.7914122,0.6949064836110624,749.3258804608575,203.16704402783145,0.0014085895792542928
2101772.0,Bela Vista do Maranhão,21,Maranhão,8,7028,2484,5.1407927,0.6425990875,0.653213,0.28347430529628725,1367.1043378193406,483.19396345236794,0.0022537433268068684
2101806.0,Benedito Leite,21,Maranhão,5,3377,1269,3.2634895,0.6526978999999999,0.5751172,0.34029447577095634,1034.7819412319236,388.8475817066364,0.0014085895792542928
2101905.0,Bequimão,21,Maranhão,11,6005,2471,7.381888099999999,0.6710807363636363,0.5687089,0.4002148654593062,813.4775166803192,334.73820877886243,0.0030988970743594437
2101939.0,Bernardo do Mearim,21,Maranhão,5,2583,1035,3.9413413999999998,0.7882682799999999,0.3894415,0.7257446940619319,655.3606343261713,262.60095103661916,0.0014085895792542928
2101970.0,Boa Vista do Gurupi,21,Maranhão,8,6148,2196,5.3205845,0.6650730625,0.717292,0.2977928410865846,1155.512143449653,412.73660816776805,0.0022537433268068684
2102002.0,Bom Jardim,21,Maranhão,17,16247,5969,7.0079253,0.4122309,0.4022867,0.249410197359488,2318.3751687535823,851.74994659261,0.004789204569464595
2102036.0,Bom Jesus das Selvas,21,Maranhão,22,18093,6447,5.6216874,0.2555312454545455,0.17639825,0.20039738052874734,3218.42868744356,1146.8086966201643,0.006197794148718887
2102077.0,Bom Lugar,21,Maranhão,6,3876,1313,4.3078845999999995,0.7179807666666665,0.58578935,0.2924718980827297,899.7455502870249,304.7899658222043,0.0016903074951051512
2102101.0,Brejo,21,Maranhão,26,15992,5401,19.2363723,0.739860473076923,0.5640723000000001,0.6919725804409573,831.3417805913436,280.7701949083196,0.007324665812122322
2102150.0,Brejo de Areia,21,Maranhão,4,2990,1029,2.1944744,0.5486186,0.5391116499999999,0.4011129164341216,1362.513046404187,468.9049915551533,0.0011268716634034342
2102200.0,Buriti,21,Maranhão,13,9890,3403,12.4010516,0.9539270461538462,0.6288395,1.10945038563431,797.5130109127197,274.41221194499343,0.003662332906061161
2102309.0,Buriti Bravo,21,Maranhão,25,17040,6177,9.776731,0.39106924,0.1341471,0.48934488383976693,1742.9138635398683,631.8062755332022,0.007042947896271463
2102325.0,Buriticupu,21,Maranhão,63,39923,14884,18.1813233,0.28859243333333334,0.1868176,0.3859066336775194,2195.8247670564224,818.6422822149585,0.01774822869860409
2102358.0,Buritirana,21,Maranhão,7,3989,1559,2.4212825000000002,0.3458975,0.3410045,0.2591099814617852,1647.4740142878825,643.8736496051163,0.0019720254109560098
2102374.0,Cachoeira Grande,21,Maranhão,6,4339,1493,3.9123751,0.6520625166666667,0.65032835,0.36419969093266086,1109.0449890655934,381.6096263366976,0.0016903074951051512
2102408.0,Cajapió,21,Maranhão,6,3622,1411,6.0258848,1.0043141333333334,0.7652262000000001,0.6404787029405885,601.0735552063657,234.15648437222032,0.0016903074951051512
2102507.0,Cajari,21,Maranhão,4,3731,1410,2.1491694999999997,0.5372923749999999,0.4338117,0.2525551277097388,1736.0194251779585,656.0673785850768,0.0011268716634034342
2102556.0,Campestre do Maranhão,21,Maranhão,18,9762,3780,4.3982997,0.24434998333333333,0.13726080000000002,0.2681393969656153,2219.4940467562956,859.4230174901451,0.005070922485315454
2102606.0,Cândido Mendes,21,Maranhão,17,13467,4586,11.1288664,0.6546392,0.3710058,0.5599537055259256,1210.0962951626411,412.081503647128,0.004789204569464595
2102705.0,Cantanhede,21,Maranhão,19,16523,4353,12.5030007,0.6580526684210526,0.2989709,0.8998504927871901,1321.5227605321977,348.1564229617295,0.0053526404011663125
2102754.0,Capinzal do Norte,21,Maranhão,11,5987,2342,5.0785003,0.46168184545454544,0.3281207,0.3790943236058735,1178.8913353022742,461.1597640350637,0.0030988970743594437
2102804.0,Carolina,21,Maranhão,26,16712,6393,14.564528000000001,0.5601741538461539,0.24968800000000002,0.58770390864539,1147.4453549061116,438.94316382927065,0.007324665812122322
2102903.0,Carutapera,21,Maranhão,30,17875,5969,5.7392539,0.19130846333333332,0.1402022,0.11550606666408743,3114.5163311210194,1040.0306562495869,0.008451537475525756
2103000.0,Caxias,21,Maranhão,208,121275,44823,90.953406,0.4372759903846154,0.13462885,1.5717949188095983,1333.3750250100584,492.8127705300008,0.058597326496978575
2103109.0,Cedral,21,Maranhão,4,2422,902,2.9374301,0.734357525,0.60523925,0.39218382999125445,824.5302586093879,307.0711367736036,0.0011268716634034342
2103125.0,Central do Maranhão,21,Maranhão,7,4112,1582,7.0401948,1.0057421142857144,0.5000216,0.6679093366621911,584.0747474771579,224.70969127161084,0.0019720254109560098
2103158.0,Centro do Guilherme,21,Maranhão,7,7142,2103,2.9107994,0.4158284857142857,0.3985464,0.1289277502614989,2453.6215034261722,722.4819408716381,0.0019720254109560098
2103174.0,Centro Novo do Maranhão,21,Maranhão,10,7365,2605,5.801735,0.5801735,0.43053474999999997,0.38867930483303476,1269.4478462046268,449.00361702145995,0.0028171791585085855
2103208.0,Chapadinha,21,Maranhão,103,61373,23760,78.0679892,0.7579416427184466,0.196226,1.749800816022559,786.1480823179701,304.35009590332834,0.02901694533263843
2103257.0,Cidelândia,21,Maranhão,13,7063,2747,4.1602903,0.32002233076923076,0.2022514,0.34735574009608267,1697.7180654917279,660.2904609805715,0.003662332906061161
2103307.0,Codó,21,Maranhão,122,83203,30047,30.2346767,0.24782521885245903,0.13695345,0.33766787001603493,2751.9063896588646,993.7926672124792,0.03436958573380474
2103406.0,Coelho Neto,21,Maranhão,44,34494,11407,11.1551892,0.2535270272727273,0.18014975,0.2292684371793632,3092.193183061386,1022.573422600488,0.012395588297437775
2103505.0,Colinas,21,Maranhão,43,27683,10615,23.3146795,0.5422018488372093,0.3114128,0.6204015257782561,1187.3635234831343,455.2925550617155,0.012113870381586917
2103554.0,Conceição do Lago-Açu,21,Maranhão,7,7083,2216,3.2787687,0.4683955285714286,0.353223,0.41389008829552293,2160.2621740289273,675.8634727725686,0.0019720254109560098
2103604.0,Coroatá,21,Maranhão,71,42193,16541,35.1944311,0.4956962126760564,0.184732,0.899019478472764,1198.8544403549117,469.98912847890864,0.020001972025410954
2103703.0,Cururupu,21,Maranhão,34,22523,8509,12.0028033,0.3530236264705882,0.25483325,0.33140272936492265,1876.4783056971366,708.9177242453019,0.00957840913892919
2103752.0,Davinópolis,21,Maranhão,31,12718,5000,7.6349669,0.2462892548387097,0.1926345,0.2261439365636273,1665.7570578334792,654.8816865204747,0.008733255391376614
2103802.0,Dom Pedro,21,Maranhão,24,16433,6287,16.8131746,0.7005489416666667,0.25294675,0.8392860085339459,977.388291679312,373.93295136541315,0.006761229980420605
2103901.0,Duque Bacelar,21,Maranhão,8,5615,1820,6.5380668,0.81725835,0.6755446,0.6544233923103867,858.8165541532858,278.3697468493286,0.0022537433268068684
2104008.0,Esperantinópolis,21,Maranhão,23,10014,3955,12.0947446,0.5258584608695652,0.2591572,0.5253867597969413,827.9629153971553,327.00153089632005,0.006479512064569746
2104057.0,Estreito,21,Maranhão,44,25756,10064,17.3944483,0.39532837045454544,0.17724475,0.5499645267211702,1480.7023227060326,578.5754067290538,0.012395588297437775
2104073.0,Feira Nova do Maranhão,21,Maranhão,5,2832,1093,1.9415667,0.38831334,0.4005319,0.06294685541846391,1458.615869338921,562.9474382724013,0.0014085895792542928
2104081.0,Fernando Falcão,21,Maranhão,3,2112,772,4.583603,1.5278676666666666,1.6280644,0.5748801221376186,460.772889798702,168.42645403626798,0.0008451537475525756
2104099.0,Formosa da Serra Negra,21,Maranhão,9,6527,2433,9.7923199,1.0880355444444445,0.9057421,0.8389056484880855,666.5427668473126,248.46002018377686,0.002535461242657727
2104107.0,Fortaleza dos Nogueiras,21,Maranhão,12,8128,2960,6.359642,0.5299701666666666,0.47486765,0.2346332545838731,1278.0593624609687,465.4350040458252,0.0033806149902103023
2104206.0,Fortuna,21,Maranhão,14,10074,3605,8.2402905,0.5885921785714286,0.34890665,0.6121770613408839,1222.5297154269015,437.48457654496525,0.0039440508219120195
2104305.0,Godofredo Viana,21,Maranhão,12,8821,3197,6.0568107,0.504734225,0.3758547,0.40102397045003124,1456.3770335434126,527.8355488310044,0.0033806149902103023
2104404.0,Gonçalves Dias,21,Maranhão,13,8218,3142,7.8075195,0.6005784230769231,0.2726057,0.5674600783945337,1052.5750207860513,402.4325523618609,0.003662332906061161
2104503.0,Governador Archer,21,Maranhão,12,7401,2497,7.7521805,0.6460150416666667,0.4410039,0.6524764612868386,954.6991327149826,322.1029231711001,0.0033806149902103023
2104552.0,Governador Edison Lobão,21,Maranhão,29,15417,6197,21.7268495,0.7492017068965517,0.2867046,1.0504712376940748,709.5828596778377,285.2231291057638,0.008169819559674897
2104602.0,Governador Eugênio Barros,21,Maranhão,8,4971,1896,5.1741024,0.6467628,0.3444777,0.6312876350763686,960.7463509032988,366.44037041091417,0.0022537433268068684
2104628.0,Governador Luiz Rocha,21,Maranhão,5,4903,1869,5.273855999999999,1.0547711999999998,0.7763506,0.573454392159516,929.6802946458911,354.3896534148828,0.0014085895792542928
2104651.0,Governador Newton Bello,21,Maranhão,4,5776,1784,5.1600126,1.29000315,1.13273835,0.6069935595818488,1119.377111598526,345.73558987045885,0.0011268716634034342
2104677.0,Governador Nunes Freire,21,Maranhão,24,15722,5491,11.2915481,0.47048117083333335,0.2284232,0.4716170577379292,1392.368863929296,486.2929291334286,0.006761229980420605
2104701.0,Graça Aranha,21,Maranhão,6,2843,1132,2.7903649,0.4650608166666667,0.38585075,0.2912567490419916,1018.8631601551467,405.6817085105966,0.0016903074951051512
2104800.0,Grajaú,21,Maranhão,71,47863,17418,32.1239943,0.452450623943662,0.2618255,0.6128871802949428,1489.9454766744248,542.2115269146341,0.020001972025410954
2104909.0,Guimarães,21,Maranhão,11,5577,2471,8.4906262,0.7718751090909091,0.6295157,0.5361326802870954,656.8420124301315,291.0268267374673,0.0030988970743594437
2105005.0,Humberto de Campos,21,Maranhão,16,11554,4334,9.4524656,0.5907791,0.5163026,0.632330820555092,1222.3265853514451,458.5047101361575,0.004507486653613737
2105104.0,Icatu,21,Maranhão,21,9589,3245,11.5602104,0.5504862095238096,0.2761494,0.5181015991916604,829.4831727284133,280.704233549244,0.005916076232868029
2105153.0,Igarapé do Meio,21,Maranhão,8,7119,2449,3.2580498,0.407256225,0.38535094999999997,0.16295683451181392,2185.049473461087,751.6766625236974,0.0022537433268068684
2105203.0,Igarapé Grande,21,Maranhão,12,6661,2320,4.3478268,0.3623189,0.2663336,0.342797190875888,1532.0297487471212,533.5999124896143,0.0033806149902103023
2105302.0,Imperatriz,21,Maranhão,443,262000,104945,133.6725489,0.30174390270880364,0.0867344,0.9030951225535032,1960.0134968324824,785.0901390270415,0.12480103672193033
2105351.0,Itaipava do Grajaú,21,Maranhão,8,5965,1978,5.8713006,0.733912575,0.460375,0.5809878053173374,1015.9588831135644,336.89298756054154,0.0022537433268068684
2105401.0,Itapecuru Mirim,21,Maranhão,62,36726,14901,28.2031088,0.4548888516129032,0.1414903,0.7176938030678041,1302.1968698713101,528.3460098554809,0.017466510782753228
2105427.0,Itinga do Maranhão,21,Maranhão,29,16923,6252,6.9139735,0.23841287931034483,0.121196,0.2567307202848073,2447.65184593201,904.2557076621714,0.008169819559674897
2105450.0,Jatobá,21,Maranhão,5,3521,1334,6.3017179,1.26034358,1.2860675,0.31892863535353333,558.7365311925499,211.68830804057416,0.0014085895792542928
2105476.0,Jenipapo dos Vieiras,21,Maranhão,4,2813,1021,3.2608764,0.8152191,0.7314798499999999,0.39556327445684336,862.6515252157365,313.1060103964689,0.0011268716634034342
2105500.0,João Lisboa,21,Maranhão,29,16974,6272,11.6025292,0.4000872137931034,0.1821036,0.678062403439589,1462.9568870208059,540.5717918813771,0.008169819559674897
2105609.0,Joselândia,21,Maranhão,12,7203,2731,8.447408,0.7039506666666666,0.5438087,0.38278664363028025,852.6875936381906,323.2944354055114,0.0033806149902103023
2105658.0,Junco do Maranhão,21,Maranhão,5,3016,1053,2.4720535,0.4944107,0.416593,0.23357143583764692,1220.0383203680665,425.96165495609216,0.0014085895792542928
2105708.0,Lago da Pedra,21,Maranhão,40,30983,11005,16.2662352,0.40665588,0.17216785,0.6208214340528846,1904.743145482121,676.5548305855064,0.011268716634034342
2105807.0,Lago do Junco,21,Maranhão,8,4201,1498,3.5787889,0.4473486125,0.34484405,0.2668534707963981,1173.8607996688488,418.5773572730149,0.0022537433268068684
2105906.0,Lago Verde,21,Maranhão,6,5266,1932,3.6987595,0.6164599166666667,0.4213976,0.4413841392288509,1423.72057442502,522.3372863253207,0.0016903074951051512
2105922.0,Lagoa do Mato,21,Maranhão,8,4986,1653,4.4968171,0.5621021375,0.47230914999999996,0.24461997300518987,1108.784255423686,367.59333618438694,0.0022537433268068684
2105948.0,Lago dos Rodrigues,21,Maranhão,8,4982,1863,4.5219675,0.5652459375,0.5562227,0.45306950682708697,1101.732818734323,411.98880796909754,0.0022537433268068684
2105963.0,Lagoa Grande do Maranhão,21,Maranhão,11,7582,2717,7.17751,0.6525009090909091,0.4261048,0.48921881461575956,1056.3551983905281,378.54353389963927,0.0030988970743594437
2105989.0,Lajeado Novo,21,Maranhão,5,3606,1424,2.5297223,0.50594446,0.5605821,0.21240852349209763,1425.452904455165,562.9076361464656,0.0014085895792542928
2106003.0,Lima Campos,21,Maranhão,10,6932,2637,3.0042598000000003,0.30042598000000004,0.23805575,0.21496681652165034,2307.3903262294425,877.7536483362724,0.0028171791585085855
2106102.0,Loreto,21,Maranhão,8,6943,2356,4.1687664,0.5210958,0.49211479999999996,0.2029576550499706,1665.48070431579,565.1551979501658,0.0022537433268068684
2106201.0,Luís Domingues,21,Maranhão,6,6200,2032,2.7993804,0.4665634,0.5299427,0.19036012329385588,2214.7758125333735,725.8749114625508,0.0016903074951051512
2106300.0,Magalhães de Almeida,21,Maranhão,10,7608,2782,6.6397913,0.66397913,0.37953165,0.5469912510515829,1145.8191464541965,418.98907274389785,0.0028171791585085855
2106326.0,Maracaçumé,21,Maranhão,20,17619,6049,8.7195799,0.435978995,0.29945595,0.3599318496287939,2020.6248697830042,693.7260819182355,0.005634358317017171
2106359.0,Marajá do Sena,21,Maranhão,2,1498,649,2.3722312,1.1861156,1.1861156,0.6485774315873933,631.4730199990626,273.58210278998104,0.0005634358317017171
2106375.0,Maranhãozinho,21,Maranhão,12,7840,2583,5.2145241,0.434543675,0.4137244,0.31578408048045953,1503.4929074352153,495.34721682463794,0.0033806149902103023
2106409.0,Mata Roma,21,Maranhão,12,8809,3110,10.0607346,0.83839455,0.33969495,0.7908407746523644,875.582186612894,309.12255651789087,0.0033806149902103023
2106508.0,Matinha,21,Maranhão,11,8498,3130,7.1899117,0.6536283363636364,0.6433096,0.3681329697966626,1181.9338476715925,435.3321891282754,0.0030988970743594437
2106607.0,Matões,21,Maranhão,28,16251,5712,12.3228428,0.4401015285714286,0.22264295,0.5203763443634828,1318.7703733427484,463.5294057309568,0.007888101643824039
2106631.0,Matões do Norte,21,Maranhão,4,8343,1918,2.141971,0.53549275,0.5344025,0.22902843787765015,3895.010716765073,895.4369596974003,0.0011268716634034342
2106672.0,Milagres do Maranhão,21,Maranhão,2,1575,543,1.3479013,0.67395065,0.67395065,0.010097414124665789,1168.48318196592,402.8484874968219,0.0005634358317017171
2106706.0,Mirador,21,Maranhão,15,10943,4060,15.0109366,1.0007291066666668,1.087156,0.6140649231173309,729.0018132512797,270.46946557618526,0.004225768737762878
2106755.0,Miranda do Norte,21,Maranhão,26,19844,5688,7.8064887,0.3002495653846154,0.1180027,0.39666780817372005,2541.987923456547,728.6246376043559,0.007324665812122322
2106805.0,Mirinzal,21,Maranhão,14,8961,3528,10.1267117,0.72333655,0.6991004,0.5068408124256673,884.8874408066738,348.3855475020584,0.0039440508219120195
2106904.0,Monção,21,Maranhão,17,12671,4232,5.9838366,0.3519903882352941,0.2900821,0.26509218281002955,2117.5377683274305,707.2385632990046,0.004789204569464595
2107001.0,Montes Altos,21,Maranhão,8,4861,1950,6.6382435,0.8297804375,0.5477231,0.8085888394389855,732.2720234652435,293.75240603933855,0.0022537433268068684
2107100.0,Morros,21,Maranhão,12,7544,2977,10.7452625,0.8954385416666667,0.8668258,0.6338855551553945,702.0768454935372,277.05232887516706,0.0033806149902103023
2107209.0,Nina Rodrigues,21,Maranhão,5,5723,1485,3.9081200000000003,0.7816240000000001,0.8300418,0.6491141882181902,1464.386968670358,379.97809688545897,0.0014085895792542928
2107258.0,Nova Colinas,21,Maranhão,4,2314,900,1.1458115,0.286452875,0.27361045,0.05872428766057959,2019.5293903054735,785.4695122190692,0.0011268716634034342
2107308.0,Nova Iorque,21,Maranhão,7,2908,1039,2.4200774,0.34572534285714285,0.3270264,0.11479685723749666,1201.6144607606352,429.32511166791613,0.0019720254109560098
2107357.0,Nova Olinda do Maranhão,21,Maranhão,12,9522,3491,5.7258372,0.4771531,0.26411015,0.54629898023763,1662.9882526174513,609.6925005132874,0.0033806149902103023
2107407.0,Olho d'Água das Cunhãs,21,Maranhão,14,10176,3758,5.098436,0.36417400000000005,0.27662745,0.31968891293384916,1995.9061955470265,737.0887856589745,0.0039440508219120195
2107456.0,Olinda Nova do Maranhão,21,Maranhão,11,6340,2417,8.9100269,0.8100024454545455,0.4521664,0.6388419310949108,711.5578966433873,271.2674189569506,0.0030988970743594437
2107506.0,Paço do Lumiar,21,Maranhão,315,144832,60456,83.5641452,0.2652830006349206,0.0951579,0.46977407430951956,1733.183528095253,723.4681795081655,0.08874114349302044
2107605.0,Palmeirândia,21,Maranhão,8,4064,1511,4.7838241,0.5979780125,0.55316195,0.3013634008578178,849.5295635974575,315.856095126909,0.0022537433268068684
2107704.0,Paraibano,21,Maranhão,25,14294,5718,7.8777168,0.315108672,0.1410792,0.2736139113259313,1814.4851310217193,725.8448285421989,0.007042947896271463
2107803.0,Parnarama,21,Maranhão,20,13278,5110,12.946007700000001,0.6473003850000001,0.41631209999999996,0.6310949183326766,1025.6443768375018,394.71627998490993,0.005634358317017171
2107902.0,Passagem Franca,21,Maranhão,19,11387,4526,10.7918858,0.5679939894736842,0.4776165,0.5088836870005812,1055.1445976198156,419.38916736869106,0.0053526404011663125
2108009.0,Pastos Bons,21,Maranhão,22,13560,5199,20.0290036,0.9104092545454545,0.4688336,0.9995071637320031,677.0182017441946,259.5735715979401,0.006197794148718887
2108058.0,Paulino Neves,21,Maranhão,11,6439,2322,11.1254775,1.0114070454545454,0.9964169,0.5369681970451404,578.761675622462,208.71014300285088,0.0030988970743594437
2108108.0,Paulo Ramos,21,Maranhão,21,11506,4125,9.8111839,0.4671992333333333,0.3203796,0.43391865246695416,1172.743281267004,420.43855685958556,0.005916076232868029
2108207.0,Pedreiras,21,Maranhão,50,30814,11867,14.8676161,0.297352322,0.1534624,0.5283440381716692,2072.5582226998717,798.1777253449529,0.014085895792542926
2108256.0,Pedro do Rosário,21,Maranhão,8,7857,2538,5.6700196,0.70875245,0.58265665,0.4695287341948034,1385.7094956073875,447.6175002992935,0.0022537433268068684
2108306.0,Penalva,21,Maranhão,23,15248,5514,9.1041109,0.3958309086956522,0.2037404,0.8179217919753575,1674.8477877175244,605.6604604849442,0.006479512064569746
2108405.0,Peri Mirim,21,Maranhão,6,3267,1430,6.465675,1.0776125,1.07051155,0.6030891094891633,505.2836710784257,221.16793683567454,0.0016903074951051512
2108454.0,Peritoró,21,Maranhão,24,12623,4471,11.0498166,0.46040902499999997,0.43988289999999997,0.3323017761978871,1142.3719014485725,404.6221002437271,0.006761229980420605
2108504.0,Pindaré-Mirim,21,Maranhão,33,22162,7815,13.5910039,0.411848603030303,0.1760073,0.5961623422239812,1630.6374542354447,575.0127111655086,0.009296691223078331
2108603.0,Pinheiro,21,Maranhão,77,56660,21701,32.0800829,0.41662445324675323,0.1676599,0.5827282334601736,1766.2049121450368,676.4633391891889,0.021692279520516108
2108702.0,Pio XII,21,Maranhão,17,12431,4530,7.0292859,0.41348740588235294,0.3277467,0.32982647407779725,1768.4584432680424,644.4466855445445,0.004789204569464595
2108801.0,Pirapemas,21,Maranhão,19,11943,3929,13.4654159,0.7087061,0.4065215,0.7256959565256108,886.9388133789466,291.78452631381407,0.0053526404011663125
2108900.0,Poção de Pedras,21,Maranhão,13,8136,3332,6.5574338999999995,0.5044179923076922,0.3910767,0.5272644870689258,1240.729243187644,508.1255946781256,0.003662332906061161
2109007.0,Porto Franco,21,Maranhão,34,19282,7364,12.7094096,0.37380616470588235,0.2312294,0.43182533444963034,1517.1436445010002,579.4132246709555,0.00957840913892919
2109056.0,Porto Rico do Maranhão,21,Maranhão,4,2475,849,1.8300147,0.457503675,0.47218175,0.13213739051119924,1352.4481524656605,463.930699573069,0.0011268716634034342
2109106.0,Presidente Dutra,21,Maranhão,44,32666,12360,19.0478847,0.4329064704545455,0.12595365,0.8401766953466038,1714.9410821454626,648.8909500801419,0.012395588297437775
2109205.0,Presidente Juscelino,21,Maranhão,5,4423,1527,4.2674138,0.85348276,1.0192788,0.4109767950328437,1036.459131289307,357.8279659685217,0.0014085895792542928
2109239.0,Presidente Médici,21,Maranhão,5,3661,1290,3.8087171,0.76174342,0.8037874,0.5815654663841225,961.2160483119106,338.6967228413998,0.0014085895792542928
2109270.0,Presidente Sarney,21,Maranhão,13,8974,3276,8.8386499,0.6798961461538462,0.560538,0.46730350351137,1015.3134360486436,370.6448424888964,0.003662332906061161
2109304.0,Presidente Vargas,21,Maranhão,7,4848,1491,4.5727312,0.6532473142857143,0.2880899,0.6696604481368386,1060.1978966093611,326.0633382517652,0.0019720254109560098
2109403.0,Primeira Cruz,21,Maranhão,7,4006,1397,2.6069579,0.3724225571428571,0.389453,0.10018013039022686,1536.6569594391992,535.8736326351876,0.0019720254109560098
2109452.0,Raposa,21,Maranhão,60,30605,11537,21.1450101,0.352416835,0.21977825,0.3599298199289628,1447.3863977960455,545.6133596266288,0.016903074951051512
2109502.0,Riachão,21,Maranhão,21,11672,4627,11.6734267,0.555877461904762,0.4123593,0.4693926364927868,999.8777822453795,396.3703305731127,0.005916076232868029
2109551.0,Ribamar Fiquene,21,Maranhão,8,3793,1507,2.5610744999999997,0.32013431249999996,0.20105875,0.34047433580692116,1481.0190019852996,588.424897440508,0.0022537433268068684
2109601.0,Rosário,21,Maranhão,37,25577,9717,11.4682403,0.30995244054054055,0.2347777,0.24339451647458138,2230.2462566990334,847.2965115668181,0.010423562886481766
2109700.0,Sambaíba,21,Maranhão,5,2924,1109,2.7085189,0.54170378,0.5601186,0.2037572248116297,1079.5568013204559,409.4488689002687,0.0014085895792542928
2109759.0,Santa Filomena do Maranhão,21,Maranhão,4,2263,822,3.4531538999999998,0.8632884749999999,0.6300517999999999,0.5549697059380351,655.3429315733655,238.0432566298305,0.0011268716634034342
2109809.0,Santa Helena,21,Maranhão,29,20924,6534,5.51466,0.1901606896551724,0.1337084,0.16095355083628352,3794.2502348286203,1184.8418578842575,0.008169819559674897
2109908.0,Santa Inês,21,Maranhão,117,76145,29124,53.0798602,0.4536740188034188,0.1385799,1.172820325198647,1434.5365589338912,548.6826809690806,0.03296099615455045
2110005.0,Santa Luzia,21,Maranhão,34,27123,10356,16.0027328,0.47066861176470587,0.26755724999999997,0.45957392965299065,1694.8980114196495,647.1394685787667,0.00957840913892919
2110039.0,Santa Luzia do Paruá,21,Maranhão,29,18463,6209,20.5913896,0.7100479172413793,0.4522773,0.8627711336161332,896.6369127414306,301.5338022646126,0.008169819559674897
2110104.0,Santa Quitéria do Maranhão,21,Maranhão,21,13427,4469,12.0078222,0.5718010571428571,0.4633409,0.6572576087236233,1118.187775964904,372.17406500239485,0.005916076232868029
2110203.0,Santa Rita,21,Maranhão,17,17526,6102,10.2980937,0.6057702176470589,0.5154574,0.44522649450538687,1701.8683758917439,592.536849805513,0.004789204569464595
2110237.0,Santana do Maranhão,21,Maranhão,4,2368,946,7.047555,1.76188875,1.58587075,0.7876202798740625,336.0030535412636,134.2309495988325,0.0011268716634034342
2110278.0,Santo Amaro do Maranhão,21,Maranhão,8,5547,1922,10.3622981,1.2952872625,0.905061,1.1473408782723642,535.3059665403758,185.4800915252573,0.0022537433268068684
2110302.0,Santo Antônio dos Lopes,21,Maranhão,8,7030,2689,3.1676333999999997,0.39595417499999996,0.33328355,0.30036979545863485,2219.3224758900446,848.8987393553813,0.0022537433268068684
2110401.0,São Benedito do Rio Preto,21,Maranhão,20,11984,3931,13.2192151,0.660960755,0.5165523000000001,0.5436129830953486,906.559119383722,297.37015172708703,0.005634358317017171
2110500.0,São Bento,21,Maranhão,29,27638,8518,11.9732292,0.41286997241379314,0.2598579,0.45693984252551134,2308.3162894768607,711.4204411955966,0.008169819559674897
2110609.0,São Bernardo,21,Maranhão,18,13317,4815,15.3768108,0.8542672666666666,0.5300629,0.7171530895417773,866.0443425628935,313.1338521769417,0.005070922485315454
2110658.0,São Domingos do Azeitão,21,Maranhão,7,5605,1880,4.0148238,0.5735462571428572,0.6463787,0.2734371939662797,1396.0762113644937,468.2646346771183,0.0019720254109560098
2110708.0,São Domingos do Maranhão,21,Maranhão,28,18464,7122,24.2164017,0.8648714892857142,0.40617234999999996,1.0344379128501886,762.4584456740326,294.09819378739496,0.007888101643824039
2110807.0,São Félix de Balsas,21,Maranhão,3,1710,699,2.0308717,0.6769572333333334,0.631075,0.3050527092008909,842.0029684790034,344.1871783431715,0.0008451537475525756
2110856.0,São Francisco do Brejão,21,Maranhão,11,4719,1778,4.0223181,0.3656652818181818,0.3438589,0.18647444801538263,1173.2040785138302,442.0336621312969,0.0030988970743594437
2110906.0,São Francisco do Maranhão,21,Maranhão,6,4338,1731,8.2694242,1.3782373666666665,1.2972682,0.7479780695623893,524.5830779850428,209.32533609776604,0.0016903074951051512
2111003.0,São João Batista,21,Maranhão,12,6062,2429,8.0681984,0.6723498666666666,0.65544975,0.43996426840044284,751.3449347006638,301.05853619068165,0.0033806149902103023
2111029.0,São João do Carú,21,Maranhão,6,6693,2257,3.8516456,0.6419409333333334,0.42989455,0.3898577491334277,1737.6988163189262,585.9833002288684,0.0016903074951051512
2111052.0,São João do Paraíso,21,Maranhão,11,5574,2282,5.1177213,0.46524739090909095,0.4269702,0.28629834244568536,1089.1566135107826,445.9015773289569,0.0030988970743594437
2111078.0,São João do Soter,21,Maranhão,10,7379,2551,5.2236121,0.52236121,0.4690404,0.31067955665493613,1412.62403462156,488.3593864100284,0.0028171791585085855
2111102.0,São João dos Patos,21,Maranhão,39,21629,9137,34.2219078,0.8774848153846153,0.2170985,1.4339422167585107,632.0220405713326,266.9927127791514,0.010986998718183483
2111201.0,São José de Ribamar,21,Maranhão,598,240840,100656,110.5707412,0.1849009050167224,0.0604524,0.5314493123527634,2178.153075453925,910.3312405036135,0.1684673136788134
2111250.0,São José dos Basílios,21,Maranhão,5,2796,1064,3.5041662000000002,0.70083324,0.619212,0.45849326108622684,797.9073595310633,303.6385660018066,0.0014085895792542928
2111300.0,São Luís,21,Maranhão,1705,1029939,403355,405.8438023,0.238031555601173,0.0688576,1.0654359353686702,2537.771906736347,993.8675857906528,0.4803290465257138
2111409.0,São Luís Gonzaga do Maranhão,21,Maranhão,14,7493,2991,2.4572687,0.17551919285714287,0.1455048,0.11433271651598823,3049.320572878334,1217.205102559602,0.0039440508219120195
2111508.0,São Mateus do Maranhão,21,Maranhão,45,28774,10608,16.2275127,0.3606113933333333,0.2499674,0.36013216103730417,1773.1614531412447,653.7046185765735,0.012677306213288634
2111532.0,São Pedro da Água Branca,21,Maranhão,14,11912,3654,3.6494893,0.26067780714285715,0.17217585000000002,0.1775716032555425,3264.0183381274746,1001.2359811549524,0.0039440508219120195
2111573.0,São Pedro dos Crentes,21,Maranhão,6,3147,1149,3.6829964,0.6138327333333333,0.5917068,0.3735874555695128,854.4673027646728,311.9742392362914,0.0016903074951051512
2111607.0,São Raimundo das Mangabeiras,21,Maranhão,20,13767,5098,8.5414749,0.42707374500000006,0.29150054999999997,0.48645602514617853,1611.7825271605022,596.8524241638876,0.005634358317017171
2111631.0,São Raimundo do Doca Bezerra,21,Maranhão,3,1917,715,2.0398912,0.6799637333333334,0.780555,0.21870830870637573,939.7560026730837,350.50888988589196,0.0008451537475525756
2111672.0,São Roberto,21,Maranhão,5,2469,883,2.2285733,0.44571466,0.4304119,0.13985802735911515,1107.8836850463927,396.21761599674556,0.0014085895792542928
2111706.0,São Vicente Ferrer,21,Maranhão,9,5537,2221,6.9468167,0.7718685222222222,0.8336728,0.3502645738686785,797.055721939518,319.7147838951904,0.002535461242657727
2111722.0,Satubinha,21,Maranhão,5,3833,1221,2.7804329,0.55608658,0.5859625,0.25233681730269164,1378.56230948785,439.14025042647137,0.0014085895792542928
2111748.0,Senador Alexandre Costa,21,Maranhão,9,6227,2312,7.5725137,0.8413904111111111,0.5628521,0.7149657496226558,822.3161088503545,305.31473320411425,0.002535461242657727
2111763.0,Senador La Rocque,21,Maranhão,18,10103,3883,8.6268087,0.47926715,0.38436970000000004,0.31156499122676923,1171.1167305703673,450.1085088394275,0.005070922485315454
2111789.0,Serrano do Maranhão,21,Maranhão,10,4428,1678,7.7501766,0.7750176599999999,0.62681515,0.43132724660767774,571.3418194883457,216.51119537069647,0.0028171791585085855
2111805.0,Sítio Novo,21,Maranhão,8,5877,2135,3.1911454,0.398893175,0.4036308,0.21304716909791027,1841.6584841292408,669.0387720973165,0.0022537433268068684
2111904.0,Sucupira do Norte,21,Maranhão,7,5699,2080,3.0298379,0.4328339857142857,0.3282442,0.31214371616173553,1880.9587139958874,686.505373769336,0.0019720254109560098
2111953.0,Sucupira do Riachão,21,Maranhão,5,2690,1223,7.8466449,1.56932898,0.7465206,1.5159386179770924,342.82168165912543,155.86279430078451,0.0014085895792542928
2112001.0,Tasso Fragoso,21,Maranhão,6,6168,2148,3.786513,0.6310855,0.5849523999999999,0.19115707929239764,1628.9393434011715,567.2765417681122,0.0016903074951051512
2112100.0,Timbiras,21,Maranhão,23,18710,6383,14.9632874,0.6505777130434783,0.49627,0.49125485930139096,1250.3936802015846,426.57738432531875,0.006479512064569746
2112209.0,Timon,21,Maranhão,269,155677,57387,124.6935907,0.4635449468401487,0.1013414,1.47454065197795,1248.4763581357033,460.22413564196125,0.07578211936388095
2112233.0,Trizidela do Vale,21,Maranhão,25,19071,7125,7.9256139999999995,0.31702455999999996,0.1150685,0.406660014537526,2406.2489038704134,898.9839777713122,0.007042947896271463
2112274.0,Tufilândia,21,Maranhão,3,2993,1155,2.5160217,0.8386739,0.9986656,0.3152196186203677,1189.5763856090748,459.0580438952494,0.0008451537475525756
2112308.0,Tuntum,21,Maranhão,34,17324,6553,17.1712655,0.5050372205882353,0.26845205,0.5187444313909136,1008.8947724907055,381.62592034931845,0.00957840913892919
2112407.0,Turiaçu,21,Maranhão,16,12907,4015,6.9355465,0.43347165625,0.17157024999999998,0.5319015570203908,1860.9924971305434,578.9017491267631,0.004507486653613737
2112456.0,Turilândia,21,Maranhão,11,13599,3767,3.7563605,0.34148731818181816,0.2540151,0.2796986454557613,3620.259557089901,1002.8323958789365,0.0030988970743594437
2112506.0,Tutóia,21,Maranhão,51,29252,10369,38.9022986,0.762790168627451,0.4724038,0.9373366134026919,751.9350026273254,266.5395201094878,0.014367613708393786
2112605.0,Urbano Santos,21,Maranhão,28,19704,6964,26.468063700000002,0.9452879892857143,0.37861275,1.1456378072582352,744.4443319818669,263.10953755185346,0.007888101643824039
2112704.0,Vargem Grande,21,Maranhão,41,28761,10461,17.9552076,0.43793189268292687,0.1914277,0.7640847177712098,1601.8194075350038,582.6164883774443,0.0115504345498852
2112803.0,Viana,21,Maranhão,45,29609,11458,20.723553,0.46052339999999997,0.2204649,0.5817290343866733,1428.7607921286472,552.8974688847999,0.012677306213288634
2112852.0,Vila Nova dos Martírios,21,Maranhão,13,6745,2614,4.4720119,0.3440009153846154,0.2019408,0.4582017016004903,1508.2696895328029,584.5243837566711,0.003662332906061161
2112902.0,Vitória do Mearim,21,Maranhão,27,18113,7079,9.357080999999999,0.34655855555555554,0.204297,0.3704513825979986,1935.7532546741875,756.5393523899174,0.00760638372797318
2113009.0,Vitorino Freire,21,Maranhão,29,17483,6534,13.9474678,0.48094716551724137,0.2868549,0.4885266921898743,1253.489181742366,468.47213370157414,0.008169819559674897
2114007.0,Zé Doca,21,Maranhão,42,27458,11000,15.9659362,0.3801413380952381,0.16596975,0.537775966383554,1719.786403756267,688.9668017087529,0.011832152465736058
2200053.0,Acauã,22,Piauí,3,1535,708,1.7235121,0.5745040333333333,0.5870746,0.0435398020397812,890.6232802195007,410.78910905238206,0.0008451537475525756
2200103.0,Agricolândia,22,Piauí,8,4011,1812,5.654787499999999,0.7068484374999999,0.42856384999999997,0.7590435206515104,709.3104736473299,320.4364443403046,0.0022537433268068684
2200202.0,Água Branca,22,Piauí,36,15667,6627,8.5407319,0.2372425527777778,0.1530159,0.27666646807554857,1834.3861139113849,775.9288170607485,0.010141844970630908
2200251.0,Alagoinha do Piauí,22,Piauí,7,3820,2063,2.6265699000000002,0.37522427142857145,0.4194595,0.21799772594546876,1454.3682998880022,785.4350268766881,0.0019720254109560098
2200277.0,Alegrete do Piauí,22,Piauí,6,3038,1404,2.6497153,0.44161921666666665,0.34464785,0.20762368482216495,1146.538271489016,529.8682465999271,0.0016903074951051512
2200301.0,Alto Longá,22,Piauí,11,6724,2972,11.3433562,1.0312142,0.6882499,0.7853346177211851,592.7698893912897,262.0035858523071,0.0030988970743594437
2200400.0,Altos,22,Piauí,56,34201,14493,22.6347354,0.4041917035714286,0.2874266,0.35914070605777393,1510.996236342131,640.2990688373587,0.015776203287648078
2200459.0,Alvorada do Gurguéia,22,Piauí,3,2106,758,2.0186156,0.6728718666666667,0.6092267,0.26694548514058697,1043.2892721130263,375.50487571779394,0.0008451537475525756
2200509.0,Amarante,22,Piauí,17,9187,3892,12.9213208,0.760077694117647,0.3104913,0.9757504949820986,710.995427030958,301.2075979105789,0.004789204569464595
2200608.0,Angical do Piauí,22,Piauí,15,5336,2487,8.9719497,0.59812998,0.5985198,0.5851106488812426,594.7425229100427,277.1972740774505,0.004225768737762878
2200707.0,Anísio de Abreu,22,Piauí,10,4765,2122,9.091313099999999,0.9091313099999999,0.36038159999999997,1.2859684669762175,524.1267072850017,233.4096270427646,0.0028171791585085855
2200806.0,Antônio Almeida,22,Piauí,7,2520,1074,3.8689989,0.5527141285714285,0.5866688,0.4273523012833156,651.3312784865357,277.5911877359283,0.0019720254109560098
2200905.0,Aroazes,22,Piauí,8,3480,1542,4.0017177,0.5002147125,0.4717228,0.30560517986362934,869.6265606142082,385.33452772043364,0.0022537433268068684
2200954.0,Aroeiras do Itaim,22,Piauí,1,361,162,0.1841341,0.1841341,0.1841341,0.0,1960.5276806414456,879.7935852185989,0.00028171791585085854
2201002.0,Arraial,22,Piauí,5,2570,1139,1.4103035,0.2820607,0.2426865,0.12950619912087222,1822.3027880169057,807.627578035508,0.0014085895792542928
2201051.0,Assunção do Piauí,22,Piauí,5,3134,1495,1.7990191,0.35980382,0.3143999,0.12779017738538043,1742.060437268287,831.008408971311,0.0014085895792542928
2201101.0,Avelino Lopes,22,Piauí,12,7015,3212,3.6237057,0.301975475,0.27962415,0.1770966287165293,1935.8636105575572,886.385447913168,0.0033806149902103023
2201150.0,Baixa Grande do Ribeiro,22,Piauí,19,8359,3310,14.6605116,0.7716058736842105,0.3446579,0.9237193230159894,570.1710982582628,225.7765683975176,0.0053526404011663125
2201176.0,Barra D'Alcântara,22,Piauí,5,2205,1064,2.4830725,0.4966145,0.3351948,0.4583736387403021,888.0127342234268,428.50138286336784,0.0014085895792542928
2201200.0,Barras,22,Piauí,46,24319,9402,23.2518541,0.5054750891304348,0.16435845,0.7947291245358356,1045.8950884265182,404.3548509965922,0.012959024129139492
2201309.0,Barreiras do Piauí,22,Piauí,3,1941,780,0.9084019,0.30280063333333335,0.4451009,0.24770570874570763,2136.7194410315524,858.6507800126794,0.0008451537475525756
2201408.0,Barro Duro,22,Piauí,10,4901,2083,2.9741249,0.29741249000000003,0.2298659,0.14413243896757244,1647.8796838693627,700.3740831462727,0.0028171791585085855
2201507.0,Batalha,22,Piauí,21,11616,4985,9.2562681,0.4407746714285714,0.2976166,0.27656336091008177,1254.933400211258,538.5539772773003,0.005916076232868029
2201556.0,Bela Vista do Piauí,22,Piauí,2,1765,661,1.0646792,0.5323396,0.5323396,0.14694485014787012,1657.776351787468,620.8442881198392,0.0005634358317017171
2201572.0,Belém do Piauí,22,Piauí,4,2036,922,2.6709218000000003,0.6677304500000001,0.6324964500000001,0.6055364236485999,762.2836430478794,345.1991743075368,0.0011268716634034342
2201606.0,Beneditinos,22,Piauí,13,6185,2866,6.7378294,0.5182945692307692,0.2940747,0.42008225918358805,917.9514102865235,425.3595378950972,0.003662332906061161
2201705.0,Bertolínia,22,Piauí,6,4410,1714,3.9866176,0.6644362666666667,0.4690494,0.4549428850145287,1106.200905750278,429.938401917455,0.0016903074951051512
2201739.0,Betânia do Piauí,22,Piauí,5,2186,1129,1.2258744,0.24517487999999998,0.1833777,0.10630131885045922,1783.2169429429314,920.9752646763812,0.0014085895792542928
2201770.0,Boa Hora,22,Piauí,4,3319,1274,6.9581542999999995,1.7395385749999999,1.5335667499999999,1.416609805660814,476.9943086775182,183.0945312609696,0.0011268716634034342
2201804.0,Bocaina,22,Piauí,5,1785,956,1.0366269,0.20732537999999998,0.1132092,0.20643896579780427,1721.9310052633211,922.2218717264622,0.0014085895792542928
2201903.0,Bom Jesus,22,Piauí,33,23614,9578,12.1973456,0.36961653333333333,0.2708643,0.3621757928596732,1935.9949922219141,785.2528176294356,0.009296691223078331
2201919.0,Bom Princípio do Piauí,22,Piauí,3,1915,774,1.8311446,0.6103815333333333,0.5611477,0.29062298942372633,1045.793980442615,422.68644431466527,0.0008451537475525756
2201929.0,Bonfim do Piauí,22,Piauí,3,1790,803,4.7753385,1.5917795000000001,1.5471435,0.09571118117174199,374.84253734054664,168.15561870640164,0.0008451537475525756
2201945.0,Boqueirão do Piauí,22,Piauí,5,3139,1240,3.1923406,0.63846812,0.7083358,0.20042202493119862,983.291068628454,388.429730837618,0.0014085895792542928
2201960.0,Brasileira,22,Piauí,13,3952,1613,6.3149314,0.48576395384615384,0.3121425,0.4320381810777523,625.8183580584898,255.42636931891295,0.003662332906061161
2201988.0,Brejo do Piauí,22,Piauí,3,1511,756,1.5117607,0.5039202333333334,0.4604799,0.3024799070347869,999.4968118962214,500.0791461241187,0.0008451537475525756
2202000.0,Buriti dos Lopes,22,Piauí,19,12663,4607,10.2353183,0.5387009631578947,0.2781498,0.9278058388610518,1237.1867321410025,450.1081319571664,0.0053526404011663125
2202026.0,Buriti dos Montes,22,Piauí,4,2712,1119,1.7289102,0.43222755,0.3995877,0.12741173198075859,1568.6181965957514,647.2285258077603,0.0011268716634034342
2202059.0,Cabeceiras do Piauí,22,Piauí,5,2407,930,8.639931,1.7279862000000001,1.102627,1.3884056496029664,278.5901878151573,107.63974851188047,0.0014085895792542928
2202075.0,Cajazeiras do Piauí,22,Piauí,2,1174,540,1.0148316,0.5074158,0.5074158,0.12297944569853937,1156.8421795300817,532.10798717738,0.0005634358317017171
2202083.0,Cajueiro da Praia,22,Piauí,12,5688,2707,8.5477356,0.7123113,0.53146885,0.6211352889733707,665.439394264839,316.69206052653294,0.0033806149902103023
2202091.0,Caldeirão Grande do Piauí,22,Piauí,3,2153,985,0.9331699999999999,0.31105666666666665,0.3374925,0.08370767151595684,2307.189472443392,1055.5418626831124,0.0008451537475525756
2202109.0,Campinas do Piauí,22,Piauí,3,1680,864,1.2946814,0.43156046666666664,0.3823657,0.09351015750945631,1297.6165410270048,667.3456496710311,0.0008451537475525756
2202117.0,Campo Alegre do Fidalgo,22,Piauí,3,1350,808,1.2747521,0.42491736666666663,0.4007195,0.16898124695259337,1059.029437958957,633.8487302746943,0.0008451537475525756
2202133.0,Campo Grande do Piauí,22,Piauí,3,2357,1070,2.0312172,0.6770724,0.6190751,0.15312454188329838,1160.3879683571013,526.7777370140426,0.0008451537475525756
2202174.0,Campo Largo do Piauí,22,Piauí,2,1697,659,1.9595885000000002,0.9797942500000001,0.9797942500000001,0.49358012012604907,865.9981419568444,336.295094607873,0.0005634358317017171
2202208.0,Campo Maior,22,Piauí,71,34532,14152,36.621378899999996,0.5157940690140844,0.1774549,1.0839443458378433,942.9464710844081,386.4409376458515,0.020001972025410954
2202251.0,Canavieira,22,Piauí,3,1695,705,1.2565126,0.41883753333333335,0.4664861,0.12869654891162904,1348.9717492685709,561.0767452709985,0.0008451537475525756
2202307.0,Canto do Buriti,22,Piauí,17,11781,5365,7.0128287,0.41251933529411766,0.3038735,0.3810595350413845,1679.9212563113085,765.0265291664689,0.004789204569464595
2202406.0,Capitão de Campos,22,Piauí,9,6604,2605,6.840466,0.7600517777777778,0.7148806,0.4995244182101356,965.4313024872866,380.8220083251638,0.002535461242657727
2202455.0,Capitão Gervásio Oliveira,22,Piauí,2,1488,764,1.236238,0.618119,0.618119,0.027835117020052192,1203.6517240207793,618.0039765805614,0.0005634358317017171
2202505.0,Caracol,22,Piauí,5,4045,1679,4.2367016,0.84734032,0.7947777,0.08316845131037975,954.7521590852658,396.29885663885324,0.0014085895792542928
2202539.0,Caraúbas do Piauí,22,Piauí,1,1013,443,1.5051363,1.5051363,1.5051363,0.0,673.028748293427,294.3255039427326,0.00028171791585085854
2202554.0,Caridade do Piauí,22,Piauí,5,2323,969,6.859133,1.3718266,0.9747329,1.2630491582771473,338.6725406840777,141.27149889060323,0.0014085895792542928
2202604.0,Castelo do Piauí,22,Piauí,20,11411,5190,9.8914093,0.49457046499999996,0.33616725000000003,0.34739284963388617,1153.627319819836,524.6977293720927,0.005634358317017171
2202653.0,Caxingó,22,Piauí,1,1013,429,1.7682408,1.7682408,1.7682408,0.0,572.8857743809554,242.61401501424467,0.00028171791585085854
2202703.0,Cocal,22,Piauí,20,12630,5098,9.5030493,0.475152465,0.27213645,0.6169796654879822,1329.0470880751927,536.4593867780944,0.005634358317017171
2202711.0,Cocal de Telha,22,Piauí,4,2693,1265,4.6654519,1.166362975,0.83064415,1.1783913927287102,577.2216834986554,271.14200877304086,0.0011268716634034342
2202729.0,Cocal dos Alves,22,Piauí,8,3127,1379,7.5297768,0.9412221,0.61051155,0.8564850118177167,415.2845539857171,183.13955866527147,0.0022537433268068684
2202737.0,Coivaras,22,Piauí,3,1664,681,1.8836859000000001,0.6278953,0.6462774,0.20924420404247762,883.3744521844113,361.5252415490289,0.0008451537475525756
2202752.0,Colônia do Gurguéia,22,Piauí,10,4880,2098,5.546461300000001,0.5546461300000001,0.45570415,0.39622718066534074,879.8402686051373,378.2591974454054,0.0028171791585085855
2202778.0,Colônia do Piauí,22,Piauí,3,2846,1144,2.6014734,0.8671578000000001,0.8412349,0.08699804949370991,1093.9954258229202,439.75079660626164,0.0008451537475525756
2202802.0,Conceição do Canindé,22,Piauí,4,2587,1204,1.3339435,0.333485875,0.3237064,0.08097052189323282,1939.362499236287,902.5869536453381,0.0011268716634034342
2202851.0,Coronel José Dias,22,Piauí,2,1476,659,3.3023933999999997,1.6511966999999999,1.6511966999999999,1.2345940149733756,446.9485676661055,199.55223989970426,0.0005634358317017171
2202901.0,Corrente,22,Piauí,41,17380,7112,12.027834200000001,0.2933618097560976,0.1650924,0.33410886247187144,1444.9816742568664,591.2951477166188,0.0115504345498852
2203008.0,Cristalândia do Piauí,22,Piauí,5,3351,1404,1.6449425,0.3289885,0.2623721,0.2029175131409682,2037.1532743545747,853.525275199589,0.0014085895792542928
2203107.0,Cristino Castro,22,Piauí,11,7609,2922,5.2071941,0.4733812818181818,0.3118967,0.3267212316053819,1461.247622784025,561.1467411979131,0.0030988970743594437
2203206.0,Curimatá,22,Piauí,12,7960,3321,6.6015147,0.550126225,0.26197729999999997,0.5287016131304519,1205.7838786604534,503.06636445117664,0.0033806149902103023
2203230.0,Currais,22,Piauí,3,1473,621,4.032958900000001,1.3443196333333336,0.2936044,1.8301286739748228,365.24051856814106,153.98123695235276,0.0008451537475525756
2203255.0,Curralinhos,22,Piauí,2,1828,788,1.9791055,0.98955275,0.98955275,0.11342735232352469,923.6495982654791,398.1596736505457,0.0005634358317017171
2203271.0,Curral Novo do Piauí,22,Piauí,5,2365,1025,1.1453659,0.22907318000000002,0.2242729,0.07162655186833301,2064.8423355366176,894.9105259725297,0.0014085895792542928
2203305.0,Demerval Lobão,22,Piauí,28,13766,6443,8.5722641,0.3061522892857143,0.20575539999999998,0.25870444358846933,1605.8767951398045,751.6100676366235,0.007888101643824039
2203354.0,Dirceu Arcoverde,22,Piauí,4,2784,1114,3.5111008000000004,0.8777752000000001,0.9267834,0.3994983543829269,792.9137209618134,317.279412769921,0.0011268716634034342
2203404.0,Dom Expedito Lopes,22,Piauí,5,3754,1606,2.8480668,0.56961336,0.4610355,0.3161178972883978,1318.0870617220075,563.8912682806457,0.0014085895792542928
2203420.0,Domingos Mourão,22,Piauí,2,930,479,0.7160103,0.35800515,0.35800515,0.004923796649436291,1298.863996788873,668.9847897439464,0.0005634358317017171
2203453.0,Dom Inocêncio,22,Piauí,6,2978,1442,2.3108077,0.38513461666666665,0.39873965,0.16677679208664994,1288.7268810814505,624.0242318735567,0.0016903074951051512
2203503.0,Elesbão Veloso,22,Piauí,20,9755,4374,6.7667657000000005,0.338338285,0.18902095000000002,0.48324000722829696,1441.6045172067948,646.394480600976,0.005634358317017171
2203602.0,Eliseu Martins,22,Piauí,8,3447,1561,2.7178614,0.339732675,0.31620305,0.1274649851257059,1268.2765942369247,574.348640442077,0.0022537433268068684
2203701.0,Esperantina,22,Piauí,40,25104,9639,18.6412354,0.466030885,0.2315801,0.5741043935390339,1346.6918614203005,517.0794635209638,0.011268716634034342
2203750.0,Fartura do Piauí,22,Piauí,3,1380,631,1.3031458,0.43438193333333336,0.5210702,0.36234707453421416,1058.9759027731202,484.21289467379626,0.0008451537475525756
2203800.0,Flores do Piauí,22,Piauí,5,1945,939,1.1979963,0.23959926,0.256397,0.06506781734800239,1623.5442463386573,783.8087646848325,0.0014085895792542928
2203859.0,Floresta do Piauí,22,Piauí,3,991,512,1.0872856,0.3624285333333333,0.3536836,0.11913456054064803,911.4440584884045,470.89743485980136,0.0008451537475525756
2203909.0,Floriano,22,Piauí,104,55966,23120,36.774482,0.3536007884615385,0.18339835,0.7225580944043272,1521.8705188015972,628.6968229763237,0.029298663248489287
2204006.0,Francinópolis,22,Piauí,6,2829,1548,3.2750557,0.5458426166666667,0.4954973,0.35086851924207973,863.8021026634754,472.66371683388473,0.0016903074951051512
2204105.0,Francisco Ayres,22,Piauí,4,2135,990,1.3960103,0.349002575,0.35824655000000005,0.14756636253634894,1529.3583435594996,709.1638220720864,0.0011268716634034342
2204154.0,Francisco Macedo,22,Piauí,2,1341,598,0.6823682,0.3411841,0.3411841,0.1259705073829585,1965.2146744235738,876.359713128484,0.0005634358317017171
2204204.0,Francisco Santos,22,Piauí,8,4914,2235,2.7203055,0.3400381875,0.2540543,0.26193511840064754,1806.4147574601457,821.5988976238148,0.0022537433268068684
2204303.0,Fronteiras,22,Piauí,13,7194,3106,14.056241199999999,1.081249323076923,0.331092,1.1573019198142391,511.8011207718889,220.96945803690394,0.003662332906061161
2204352.0,Geminiano,22,Piauí,3,1477,598,0.9890141,0.3296713666666667,0.371739,0.14266175666976535,1493.4064135182703,604.6425425077357,0.0008451537475525756
2204402.0,Gilbués,22,Piauí,9,7579,2947,4.8465242,0.5385026888888889,0.4884181,0.34487645536078726,1563.8011257634905,608.064641459956,0.002535461242657727
2204501.0,Guadalupe,22,Piauí,14,9687,3815,19.5820503,1.3987178785714285,0.72584815,1.7679372319349467,494.68772940492346,194.8212746649926,0.0039440508219120195
2204550.0,Guaribas,22,Piauí,2,1385,633,1.1279064,0.5639532,0.5639532,0.144838803310784,1227.9387722243619,561.2167818180657,0.0005634358317017171
2204600.0,Hugo Napoleão,22,Piauí,4,2884,1267,1.3997901,0.349947525,0.3962466,0.1059137666781291,2060.308899169954,905.1357057033051,0.0011268716634034342
2204659.0,Ilha Grande,22,Piauí,9,7851,2774,5.3783503,0.5975944777777777,0.5129789,0.24265337702206402,1459.7412890714834,515.7715368595459,0.002535461242657727
2204709.0,Inhuma,22,Piauí,12,7600,3246,6.1743146,0.5145262166666666,0.3641373,0.5338300632855465,1230.9058563358597,525.726369692921,0.0033806149902103023
2204808.0,Ipiranga do Piauí,22,Piauí,9,6276,2627,5.3913504,0.5990389333333334,0.2516177,0.5753323755840488,1164.0868306389434,487.26196687197324,0.002535461242657727
2204907.0,Isaías Coelho,22,Piauí,5,2253,1023,1.2671791000000001,0.25343582000000003,0.1713919,0.1795274152108446,1777.9649301349743,807.3049815925783,0.0014085895792542928
2205003.0,Itainópolis,22,Piauí,6,2944,1458,1.5580334,0.25967223333333334,0.229392,0.1536516050723541,1889.5615459848293,935.7950862927586,0.0016903074951051512
2205102.0,Itaueira,22,Piauí,9,6370,2885,3.3892252999999997,0.37658058888888885,0.3557874,0.19195123607061276,1879.485556773107,851.2269750848374,0.002535461242657727
2205151.0,Jacobina do Piauí,22,Piauí,4,2209,1115,1.222347,0.30558675,0.3068071,0.048514157085020014,1807.1791398023638,912.179602027902,0.0011268716634034342
2205201.0,Jaicós,22,Piauí,15,9026,4580,6.4849931000000005,0.43233287333333337,0.2669565,0.31327340561417283,1391.82877465205,706.2459326286715,0.004225768737762878
2205250.0,Jardim do Mulato,22,Piauí,2,1303,547,1.1721331,0.58606655,0.58606655,0.051225290102887615,1111.6484979393551,466.67055132220054,0.0005634358317017171
2205276.0,Jatobá do Piauí,22,Piauí,2,955,394,1.2042374,0.6021187,0.6021187,0.4323785432901129,793.0330016324024,327.17801323891786,0.0005634358317017171
2205300.0,Jerumenha,22,Piauí,4,2468,1047,3.4916006,0.87290015,0.84162955,0.27683123644794255,706.839149930264,299.8624756794921,0.0011268716634034342
2205359.0,João Costa,22,Piauí,3,845,361,0.7159969,0.23866563333333335,0.2543577,0.08247650003390866,1180.1727074516662,504.1921270888184,0.0008451537475525756
2205409.0,Joaquim Pires,22,Piauí,6,4540,1680,1.9397742,0.3232957,0.25386975,0.24771584465691332,2340.478597972898,866.080186034024,0.0016903074951051512
2205458.0,Joca Marques,22,Piauí,5,1982,745,3.0033484,0.60066968,0.0993371,0.7880662506704065,659.9300966880832,248.05646923946617,0.0014085895792542928
2205508.0,José de Freitas,22,Piauí,40,27349,10615,18.4719659,0.4617991475,0.31964170000000003,0.3462095205800109,1480.5679129149974,574.6545905002997,0.011268716634034342
2205516.0,Juazeiro do Piauí,22,Piauí,6,1786,853,2.2688519,0.3781419833333333,0.3343329,0.17800334113118682,787.1822748765576,375.9610752909875,0.0016903074951051512
2205524.0,Júlio Borges,22,Piauí,3,1914,882,1.3911902,0.46373006666666666,0.3747821,0.17837509968104664,1375.8003758220839,633.9895148772612,0.0008451537475525756
2205532.0,Jurema,22,Piauí,2,725,359,1.5451997,0.77259985,0.77259985,0.524338133736814,469.1950173171791,232.33242926464456,0.0005634358317017171
2205540.0,Lagoinha do Piauí,22,Piauí,3,1806,819,2.0178365,0.6726121666666667,0.8183834,0.5045499043729404,895.0180056709253,405.88025838565216,0.0008451537475525756
2205557.0,Lagoa Alegre,22,Piauí,4,3399,1362,3.4188812,0.8547203,0.86146015,0.32118385716924397,994.1848812997656,398.3759365490676,0.0011268716634034342
2205565.0,Lagoa do Barro do Piauí,22,Piauí,4,1514,920,1.5913235,0.397830875,0.37333335,0.10041195926974618,951.4093143223236,578.1351183464582,0.0011268716634034342
2205573.0,Lagoa de São Francisco,22,Piauí,2,2033,745,2.0190018,1.0095009,1.0095009,0.2386028595523951,1006.9332280932093,368.9942227887068,0.0005634358317017171
2205581.0,Lagoa do Piauí,22,Piauí,5,2750,1221,3.1416769,0.62833538,0.4922599,0.35963894517071837,875.3287137833938,388.6459489198268,0.0014085895792542928
2205599.0,Lagoa do Sítio,22,Piauí,5,1805,860,4.6292268,0.92584536,0.925908,0.4792673983651277,389.91392687867443,185.77616460701387,0.0014085895792542928
2205607.0,Landri Sales,22,Piauí,8,3851,1835,3.3333112,0.4166639,0.3369078,0.3052647535980904,1155.3076712429372,550.5036553442715,0.0022537433268068684
2205706.0,Luís Correia,22,Piauí,31,14236,8894,25.6798015,0.8283806935483871,0.5089849,0.82849120933535,554.3656558248707,346.3422410021355,0.008733255391376614
2205805.0,Luzilândia,22,Piauí,23,14208,5163,5.8199819999999995,0.2530426956521739,0.1878453,0.1947179434971109,2441.2446636432896,887.1161457200384,0.006479512064569746
2205854.0,Madeiro,22,Piauí,4,3516,1097,2.0155514,0.50388785,0.40065185000000003,0.37421151287992643,1744.4357906228538,544.2679358115104,0.0011268716634034342
2205904.0,Manoel Emídio,22,Piauí,7,3649,1430,4.8470385,0.6924340714285714,0.4206264,0.6736962915087399,752.830826493332,295.0255088751616,0.0019720254109560098
2205953.0,Marcolândia,22,Piauí,12,7408,3047,6.9004622,0.5750385166666666,0.10945635000000001,1.0146484293200289,1073.5512760290173,441.5646244681987,0.0033806149902103023
2206001.0,Marcos Parente,22,Piauí,8,4044,1610,1.4979438,0.187242975,0.1922948,0.0748842245728269,2699.700749787809,1074.8066783279853,0.0022537433268068684
2206050.0,Massapê do Piauí,22,Piauí,2,941,477,0.9686465,0.48432325,0.48432325,0.16038348523499854,971.4586280960083,492.43970839723266,0.0005634358317017171
2206100.0,Matias Olímpio,22,Piauí,9,5259,2017,5.5134444,0.6126049333333333,0.3389841,0.5091566320699284,953.8501920868197,365.8330171970175,0.002535461242657727
2206209.0,Miguel Alves,22,Piauí,13,10673,3761,4.1271172,0.31747055384615386,0.3226566,0.12453279126404561,2586.066613276696,911.289846578624,0.003662332906061161
2206308.0,Miguel Leão,22,Piauí,2,903,332,0.378589,0.1892945,0.1892945,0.2391159362328241,2385.172310870099,876.9404288027386,0.0005634358317017171
2206357.0,Milton Brandão,22,Piauí,6,1947,892,2.9896127999999997,0.49826879999999996,0.4196335,0.27284028544129624,651.2549049830133,298.3663971468145,0.0016903074951051512
2206407.0,Monsenhor Gil,22,Piauí,10,5672,2584,4.7588229,0.47588229000000004,0.38723425,0.200322836641116,1191.8913813750034,542.9914191595573,0.0028171791585085855
2206506.0,Monsenhor Hipólito,22,Piauí,7,3733,1744,4.9754081,0.7107725857142857,0.7011627,0.29546669386523317,750.2902123747397,350.52401028168924,0.0019720254109560098
2206605.0,Monte Alegre do Piauí,22,Piauí,5,3148,1307,2.8970142,0.57940284,0.4437453,0.34378486513482964,1086.6360268444662,451.1541572699229,0.0014085895792542928
2206654.0,Morro Cabeça no Tempo,22,Piauí,2,1672,827,2.8110834000000002,1.4055417000000001,1.4055417000000001,0.2758009188834946,594.7884719464388,294.19262338499095,0.0005634358317017171
2206670.0,Morro do Chapéu do Piauí,22,Piauí,4,2430,990,1.4552096,0.3638024,0.3649433,0.10104833597465455,1669.8625407638872,680.3143684593614,0.0011268716634034342
2206696.0,Murici dos Portelas,22,Piauí,3,2094,749,1.0946387,0.36487956666666665,0.3974009,0.20454785689782556,1912.9599565591825,684.2440341274249,0.0008451537475525756
2206704.0,Nazaré do Piauí,22,Piauí,8,3769,1808,3.0665367,0.3833170875,0.4434062,0.16931640459015893,1229.0738278136375,589.5902044805139,0.0022537433268068684
2206720.0,Nazária,22,Piauí,7,3322,1497,5.0815479,0.7259354142857143,0.7854202,0.441842654621893,653.7378108745171,294.59527479805905,0.0019720254109560098
2206753.0,Nossa Senhora de Nazaré,22,Piauí,2,1785,723,2.0517735,1.02588675,1.02588675,0.3957615136011143,869.9790693270968,352.3780768198829,0.0005634358317017171
2206803.0,Nossa Senhora dos Remédios,22,Piauí,6,3938,1473,6.684925,1.1141541666666666,1.05624875,0.5076598183209409,589.0866389675277,220.34652595204884,0.0016903074951051512
2206902.0,Novo Oriente do Piauí,22,Piauí,6,3360,1598,3.1316094,0.5219349,0.4413258,0.3308207261282461,1072.9307428953305,510.28075212700537,0.0016903074951051512
2206951.0,Novo Santo Antônio,22,Piauí,4,1190,614,2.8431823,0.710795575,0.6416096,0.320191004447568,418.5450929403999,215.9551992146265,0.0011268716634034342
2207009.0,Oeiras,22,Piauí,53,26570,11870,42.8659962,0.8087923811320754,0.2634276,1.627885847918739,619.8386216438847,276.90946326356465,0.014931049540095503
2207108.0,Olho D'Água do Piauí,22,Piauí,2,1410,604,2.6045689999999997,1.3022844999999998,1.3022844999999998,0.39889081466125537,541.3563626074026,231.9001723509725,0.0005634358317017171
2207207.0,Padre Marcos,22,Piauí,8,3592,1877,1.9100582,0.238757275,0.2319135,0.12442641059052591,1880.570968989322,982.6925692630728,0.0022537433268068684
2207306.0,Paes Landim,22,Piauí,5,2423,1087,0.9109168000000001,0.18218336000000002,0.1850815,0.044266957048717505,2659.957528503152,1193.3032742397547,0.0014085895792542928
2207355.0,Pajeú do Piauí,22,Piauí,4,1566,745,1.0357703,0.258942575,0.3224574,0.15167217431922872,1511.9182312912428,719.2714446436628,0.0011268716634034342
2207405.0,Palmeira do Piauí,22,Piauí,3,1922,769,2.1105285,0.7035095,0.6790217,0.049743494796706866,910.6723742418072,364.36371269092075,0.0008451537475525756
2207504.0,Palmeirais,22,Piauí,7,5566,2246,5.7044923,0.8149274714285715,0.7647621,0.40346533309452876,975.7222391202106,393.7247842371529,0.0019720254109560098
2207553.0,Paquetá,22,Piauí,1,591,291,0.7189383,0.7189383,0.7189383,0.0,822.0455079385811,404.763524213413,0.00028171791585085854
2207603.0,Parnaguá,22,Piauí,7,5293,2011,5.388908300000001,0.7698440428571429,0.5553792,0.6386274931526407,982.2026476123187,373.1739135364392,0.0019720254109560098
2207702.0,Parnaíba,22,Piauí,242,154662,61581,129.7772573,0.5362696582644628,0.15565425,1.2399188820851126,1191.7496425623722,474.5130331861313,0.06817573563590777
2207751.0,Passagem Franca do Piauí,22,Piauí,3,2650,919,0.9941883,0.3313961,0.4135597,0.15265699260174753,2665.4910342437142,924.3721737622541,0.0008451537475525756
2207777.0,Patos do Piauí,22,Piauí,8,2501,1561,3.3551165,0.4193895625,0.21704705000000002,0.5772919304427501,745.4286609719812,465.259552090069,0.0022537433268068684
2207793.0,Pau D'Arco do Piauí,22,Piauí,2,872,465,1.1278747,0.56393735,0.56393735,0.36236019342091785,773.1355264906642,412.2798392410079,0.0005634358317017171
2207801.0,Paulistana,22,Piauí,30,12558,6244,12.7014015,0.42338004999999995,0.2118584,0.4369520057953006,988.7097892307397,491.59929319610916,0.008451537475525756
2207850.0,Pavussu,22,Piauí,4,1881,939,2.3301698,0.58254245,0.4815918,0.37867848891259986,807.2373094870596,402.97492483165814,0.0011268716634034342
2207900.0,Pedro II,22,Piauí,36,23706,10001,12.609062,0.35025172222222223,0.24683650000000001,0.30665661000824834,1880.0764085385574,793.1597132284702,0.010141844970630908
2207934.0,Pedro Laurentino,22,Piauí,2,1086,503,0.7215871,0.36079355,0.36079355,0.051442796148780626,1505.0158186031872,697.07454581713,0.0005634358317017171
2207959.0,Nova Santa Rita,22,Piauí,1,879,385,0.5278895,0.5278895,0.5278895,0.0,1665.1212043429543,729.3192988305318,0.00028171791585085854
2208007.0,Picos,22,Piauí,112,66061,28556,64.0929597,0.5722585687499999,0.15084795,1.1464268343675554,1030.7060293238417,445.54035472323494,0.031552406575296156
2208106.0,Pimenteiras,22,Piauí,9,4697,2006,2.5271505999999997,0.2807945111111111,0.194382,0.21526073181404592,1858.61499508577,793.7793655827239,0.002535461242657727
2208205.0,Pio IX,22,Piauí,10,5821,2638,2.3229273,0.23229273,0.22116935,0.11805933851577491,2505.8898743839295,1135.6360571422101,0.0028171791585085855
2208304.0,Piracuruca,22,Piauí,49,21530,9560,14.7657112,0.3013410448979592,0.2016335,0.266711474190702,1458.107889852268,647.4459557356099,0.013804177876692069
2208403.0,Piripiri,22,Piauí,92,49908,19727,31.49022,0.342285,0.1900073,0.44284702695940725,1584.8730177178818,626.4484655870933,0.025918048258278984
2208502.0,Porto,22,Piauí,10,7871,2698,4.2791428,0.42791428,0.3431432,0.2971603298582277,1839.3870847217345,630.5001085731469,0.0028171791585085855
2208551.0,Porto Alegre do Piauí,22,Piauí,2,1668,655,1.4521956999999999,0.7260978499999999,0.7260978499999999,0.12238639524115834,1148.6055219692498,451.04113722413587,0.0005634358317017171
2208601.0,Prata do Piauí,22,Piauí,4,2505,1162,2.1132059,0.528301475,0.49797355,0.13282717378552164,1185.402709693362,549.8754286082582,0.0011268716634034342
2208650.0,Queimada Nova,22,Piauí,6,2167,1340,1.5985230000000001,0.2664205,0.2263282,0.19913951403554245,1355.626412632161,838.2738315307317,0.0016903074951051512
2208700.0,Redenção do Gurguéia,22,Piauí,7,5400,1973,2.1864288,0.31234697142857143,0.2485213,0.1878705492706766,2469.7808590885743,902.3847472188439,0.0019720254109560098
2208809.0,Regeneração,22,Piauí,25,13701,5961,20.781150099999998,0.8312460039999999,0.3542238,1.2935664770436344,659.2994099975247,286.84649171558607,0.007042947896271463
2208858.0,Riacho Frio,22,Piauí,4,2581,1056,1.0590272,0.2647568,0.2604999,0.11394728234471704,2437.1423132474783,997.1415276208203,0.0011268716634034342
2208874.0,Ribeira do Piauí,22,Piauí,3,1074,561,0.5222625000000001,0.17408750000000003,0.2146038,0.13766507556744378,2056.437136497451,1074.1724707402884,0.0008451537475525756
2208908.0,Ribeiro Gonçalves,22,Piauí,10,4429,1715,5.7214947,0.57214947,0.30944355,0.49304560056233715,774.098418722646,299.7468476200808,0.0028171791585085855
2209005.0,Rio Grande do Piauí,22,Piauí,8,4181,2241,3.0657464,0.3832183,0.35347839999999997,0.1777203872631789,1363.7788174520892,730.9802271968745,0.0022537433268068684
2209104.0,Santa Cruz do Piauí,22,Piauí,6,4104,1702,1.9794384,0.3299064,0.2827345,0.24308573119673643,2073.3153403510814,859.8398414418958,0.0016903074951051512
2209153.0,Santa Cruz dos Milagres,22,Piauí,6,2658,1460,2.2502322,0.3750387,0.34886145,0.2664609677844768,1181.2114323135186,648.8219304656648,0.0016903074951051512
2209203.0,Santa Filomena,22,Piauí,7,4085,1544,3.2262078,0.4608868285714286,0.3084367,0.4064478978005943,1266.192462866155,478.58045597682826,0.0019720254109560098
2209302.0,Santa Luz,22,Piauí,4,3290,1362,2.6277707,0.656942675,0.6230800000000001,0.27770314854525713,1252.011828885983,518.3100641163248,0.0011268716634034342
2209351.0,Santana do Piauí,22,Piauí,2,1917,812,2.1634583,1.08172915,1.08172915,0.3453261324834902,886.0813263652922,375.32500626427606,0.0005634358317017171
2209377.0,Santa Rosa do Piauí,22,Piauí,5,3374,1611,3.0769288,0.61538576,0.7941142,0.32048610940328287,1096.5479604207935,523.5740261523114,0.0014085895792542928
2209401.0,Santo Antônio de Lisboa,22,Piauí,6,3834,1676,2.6375933,0.4395988833333333,0.34081015000000003,0.26835395937314893,1453.5978689360488,635.4277590862853,0.0016903074951051512
2209450.0,Santo Antônio dos Milagres,22,Piauí,2,1152,410,0.9237839999999999,0.46189199999999997,0.46189199999999997,0.2505207200852257,1247.0447637109974,443.8266954179765,0.0005634358317017171
2209500.0,Santo Inácio do Piauí,22,Piauí,4,2401,1106,1.5554834,0.38887085,0.409725,0.1457713474067406,1543.571599671202,711.0329817727403,0.0011268716634034342
2209559.0,São Braz do Piauí,22,Piauí,2,939,438,1.1457515,0.57287575,0.57287575,0.08626738085814936,819.5494398218112,382.2818473290238,0.0005634358317017171
2209609.0,São Félix do Piauí,22,Piauí,10,1661,800,1.6815968,0.16815967999999998,0.14966239999999997,0.0765312938814763,987.7516417728674,475.7382982650776,0.0028171791585085855
2209658.0,São Francisco de Assis do Piauí,22,Piauí,5,1860,1017,1.5275362000000001,0.30550724,0.3302925,0.1215495423719604,1217.6470842393128,665.7780025114953,0.0014085895792542928
2209708.0,São Francisco do Piauí,22,Piauí,3,1709,931,1.9740912,0.6580304,0.6630554,0.16220628669432022,865.714816012553,471.6094170319993,0.0008451537475525756
2209757.0,São Gonçalo do Gurguéia,22,Piauí,4,1506,698,1.1343985,0.283599625,0.25927429999999996,0.09569470346131581,1327.5758033883153,615.3040576129112,0.0011268716634034342
2209807.0,São Gonçalo do Piauí,22,Piauí,6,3629,1412,3.591038,0.5985063333333334,0.38057325,0.5499132994997691,1010.5713167056433,393.20107445256775,0.0016903074951051512
2209856.0,São João da Canabrava,22,Piauí,2,1247,592,0.5885963000000001,0.29429815000000004,0.29429815000000004,0.055101649477352355,2118.59979412035,1005.7827410739753,0.0005634358317017171
2209872.0,São João da Fronteira,22,Piauí,4,2648,1136,1.8048655,0.451216375,0.35095434999999997,0.26842442646854847,1467.1453357604764,629.4097815044944,0.0011268716634034342
2209906.0,São João da Serra,22,Piauí,7,3903,1940,4.2502951,0.6071850142857143,0.2901401,0.4701817420115419,918.2891794972072,456.43889526635456,0.0019720254109560098
2209955.0,São João da Varjota,22,Piauí,2,1427,579,0.9942850000000001,0.49714250000000004,0.49714250000000004,0.026505897692777745,1435.2021804613364,582.3280045459802,0.0005634358317017171
2209971.0,São João do Arraial,22,Piauí,9,4829,1999,7.5626236,0.8402915111111111,0.463431,1.2512835461052727,638.5350184557644,264.32625841645745,0.002535461242657727
2210003.0,São João do Piauí,22,Piauí,27,15395,6908,11.2693428,0.4173830666666667,0.2201627,0.44728697213823565,1366.0956342547322,612.9904931102104,0.00760638372797318
2210052.0,São José do Divino,22,Piauí,4,2679,1187,1.2461467000000002,0.31153667500000004,0.31153495,0.10962624748971313,2149.827143144543,952.5363265817739,0.0011268716634034342
2210102.0,São José do Peixe,22,Piauí,4,2157,1059,1.5913125000000001,0.39782812500000003,0.36619975000000005,0.1865319028048263,1355.484859196418,665.4883940143749,0.0011268716634034342
2210201.0,São José do Piauí,22,Piauí,7,3484,1675,2.3160829,0.33086898571428575,0.3455179,0.1421691508773666,1504.2639449563744,723.2038196905646,0.0019720254109560098
2210300.0,São Julião,22,Piauí,8,4111,2157,2.5831505000000003,0.32289381250000004,0.26756585,0.1371543766105962,1591.4674735366752,835.0268402866963,0.0022537433268068684
2210359.0,São Lourenço do Piauí,22,Piauí,2,1373,665,2.3188204,1.1594102,1.1594102,0.15258204682884546,592.1114028494833,286.78374573554726,0.0005634358317017171
2210375.0,São Luis do Piauí,22,Piauí,1,818,383,0.7175641,0.7175641,0.7175641,0.0,1139.9678439877357,533.7502252412014,0.00028171791585085854
2210383.0,São Miguel da Baixa Grande,22,Piauí,2,1346,706,1.3582941,0.67914705,0.67914705,0.24799260121044944,990.9488674065507,519.7696139591566,0.0005634358317017171
2210391.0,São Miguel do Fidalgo,22,Piauí,2,1162,510,0.6808054,0.3404027,0.3404027,0.1875440930964769,1706.8019730748317,749.1127420552187,0.0005634358317017171
2210409.0,São Miguel do Tapuio,22,Piauí,13,7645,3451,5.2494632,0.40380486153846157,0.2284428,0.34891777702457716,1456.3393834249566,657.4005509744311,0.003662332906061161
2210508.0,São Pedro do Piauí,22,Piauí,14,8999,3481,6.8600935,0.49000667857142854,0.3692418,0.34201948848641806,1311.7897008255063,507.4274862288685,0.0039440508219120195
2210607.0,São Raimundo Nonato,22,Piauí,39,26672,11329,33.5566237,0.8604262487179488,0.421753,1.3039403884691287,794.8356258499272,337.60845850531734,0.010986998718183483
2210623.0,Sebastião Barros,22,Piauí,2,1409,521,0.8145066,0.4072533,0.4072533,0.09795776513947224,1729.8816240408612,639.6510476403752,0.0005634358317017171
2210631.0,Sebastião Leal,22,Piauí,4,2374,957,8.271696500000001,2.0679241250000002,1.9953281,1.7152903025613933,287.0027931996779,115.69573424266713,0.0011268716634034342
2210656.0,Sigefredo Pacheco,22,Piauí,7,3409,1458,4.6586168,0.6655166857142857,0.3718003,0.553554986457616,731.7622690065429,312.9684330335992,0.0019720254109560098
2210706.0,Simões,22,Piauí,16,7028,2834,3.3235181000000003,0.20771988125000002,0.15642395,0.1724485596643908,2114.626666242618,852.7108668371626,0.004507486653613737
2210805.0,Simplício Mendes,22,Piauí,12,8679,3594,4.2098898,0.35082415,0.24115525,0.32080937936375714,2061.5741533186924,853.7040565764928,0.0033806149902103023
2210904.0,Socorro do Piauí,22,Piauí,2,1602,744,1.2851952,0.6425976,0.6425976,0.23164917146620664,1246.5032549141174,578.9003880500021,0.0005634358317017171
2210938.0,Sussuapara,22,Piauí,8,3219,1411,5.3213686,0.665171075,0.708122,0.2796627874625119,604.9195689995992,265.1573506860623,0.0022537433268068684
2210953.0,Tamboril do Piauí,22,Piauí,3,1566,827,1.1853869000000001,0.3951289666666667,0.4032939,0.16753648655171607,1321.087655009516,697.6625100209897,0.0008451537475525756
2210979.0,Tanque do Piauí,22,Piauí,2,1027,527,0.9867093,0.49335465,0.49335465,0.2055168382859298,1040.8334045295812,534.0985435122584,0.0005634358317017171
2211001.0,Teresina,22,Piauí,1403,821364,334163,274.2758072,0.19549237861724875,0.0903235,0.43448752988981815,2994.6644160309306,1218.3466103385879,0.3952502359387545
2211100.0,União,22,Piauí,50,23937,8687,23.5281126,0.470562252,0.19275625000000002,0.8024718760236541,1017.3786740547986,369.21788618097656,0.014085895792542926
2211209.0,Uruçuí,22,Piauí,32,21507,8226,24.4088087,0.762775271875,0.3331484,1.555804631269843,881.1163324001142,337.00948297407075,0.009014973307227473
2211308.0,Valença do Piauí,22,Piauí,31,18067,8049,13.9399237,0.44967495806451613,0.2718936,0.39339797337368665,1296.0616133071087,577.4063167935417,0.008733255391376614
2211357.0,Várzea Branca,22,Piauí,3,1458,624,4.002528,1.334176,0.8226672,0.9185839791827637,364.2697814980932,155.90147027078888,0.0008451537475525756
2211407.0,Várzea Grande,22,Piauí,7,2830,1372,1.9465843,0.2780834714285714,0.2203924,0.1288080383733059,1453.828637167165,704.8243428245055,0.0019720254109560098
2211506.0,Vera Mendes,22,Piauí,3,1290,678,0.8925912,0.29753040000000003,0.3724411,0.15764035847418642,1445.2304705670413,759.5862473212821,0.0008451537475525756
2211605.0,Vila Nova do Piauí,22,Piauí,2,1254,551,1.1894882,0.5947441,0.5947441,0.16574625377419544,1054.2349222127634,463.2244355177294,0.0005634358317017171
2211704.0,Wall Ferraz,22,Piauí,3,1279,612,0.7595611,0.2531870333333333,0.2825885,0.12415562313956358,1683.867170132857,805.7284660839003,0.0008451537475525756
2300101.0,Abaiara,23,Ceará,18,5572,2308,3.1981085,0.17767269444444445,0.08826690000000001,0.19908575898039363,1742.2798507305176,721.6765785150817,0.005070922485315454
2300150.0,Acarape,23,Ceará,17,8757,3286,3.6025083,0.2119122529411765,0.1196925,0.2141774700870522,2430.806335685611,912.1422426701972,0.004789204569464595
2300200.0,Acaraú,23,Ceará,57,28894,11367,13.3069705,0.23345562280701754,0.1896835,0.16339435809253575,2171.343206930533,854.2139625243777,0.016057921203498936
2300309.0,Acopiara,23,Ceará,55,24532,11120,13.3759247,0.2431986309090909,0.1236053,0.2514690910448843,1834.041425188346,831.3443929599872,0.01549448537179722
2300408.0,Aiuaba,23,Ceará,12,5676,2469,3.7001576,0.30834646666666665,0.28040185,0.18725037755980548,1533.9887144266504,667.2688752500704,0.0033806149902103023
2300507.0,Alcântaras,23,Ceará,12,4049,1669,1.9147505999999999,0.15956255,0.1214402,0.12944734109068512,2114.6357128703867,871.6539898198753,0.0033806149902103023
2300606.0,Altaneira,23,Ceará,16,4964,2329,2.144897,0.1340560625,0.10485900000000001,0.09589300771329037,2314.330245228559,1085.833026014769,0.004507486653613737
2300705.0,Alto Santo,23,Ceará,22,7080,3008,7.2350395999999995,0.32886543636363635,0.11771555,0.60107281724796,978.5710087889499,415.75446249112446,0.006197794148718887
2300754.0,Amontada,23,Ceará,34,16880,7037,20.3025378,0.5971334647058824,0.27319095,0.6302648236753537,831.4231534148406,346.6069153187342,0.00957840913892919
2300804.0,Antonina do Norte,23,Ceará,13,5492,2605,4.5811912,0.35239932307692307,0.2353322,0.2442318445457313,1198.8148409959401,568.6293992706526,0.003662332906061161
2300903.0,Apuiarés,23,Ceará,12,6698,3216,3.7091776,0.3090981333333333,0.2551029,0.34354434366984976,1805.7911273916893,867.0385586281984,0.0033806149902103023
2301000.0,Aquiraz,23,Ceará,157,64013,36570,132.0059005,0.8408019140127388,0.4889494,1.0880602400006993,484.9252931689974,277.03307095730923,0.04422971278858479
2301109.0,Aracati,23,Ceará,97,47536,21010,21.3146987,0.2197391618556701,0.0909553,0.2651426382344921,2230.1980745334204,985.7047615690668,0.027326637837533276
2301208.0,Aracoiaba,23,Ceará,45,16861,7563,15.222627,0.3382806,0.2222259,0.4265903299467678,1107.6274811174183,496.826204833108,0.012677306213288634
2301257.0,Ararendá,23,Ceará,13,5250,2201,3.3086514,0.25451164615384614,0.146288,0.24282971750375343,1586.7492114763133,665.2257170398791,0.003662332906061161
2301307.0,Araripe,23,Ceará,20,12121,5575,10.024027,0.50120135,0.5151266,0.3488363981167624,1209.1946679712655,556.1637054648795,0.005634358317017171
2301406.0,Aratuba,23,Ceará,6,3761,1649,2.7697415999999997,0.46162359999999997,0.32575045,0.5730017618732912,1357.8884037413457,595.3623977052589,0.0016903074951051512
2301505.0,Arneiroz,23,Ceará,11,4284,1852,5.3226157,0.48387415454545457,0.3162496,0.538205831764728,804.8674263670773,347.9492235368411,0.0030988970743594437
2301604.0,Assaré,23,Ceará,33,12822,5861,8.4895927,0.25726038484848485,0.2053386,0.19750220951246994,1510.3198060373381,690.3746984234002,0.009296691223078331
2301703.0,Aurora,23,Ceará,31,12660,5492,5.2530504,0.16945323870967743,0.1272619,0.13087564034095545,2410.0282761421818,1045.487779824081,0.008733255391376614
2301802.0,Baixio,23,Ceará,7,2958,1252,0.8252392,0.11789131428571428,0.1147775,0.060047459813340656,3584.41528225998,1517.1358801181525,0.0019720254109560098
2301851.0,Banabuiú,23,Ceará,14,9534,3764,7.9094451999999995,0.5649603714285714,0.3370918,0.5010396740510666,1205.3942797403793,475.8867284395624,0.0039440508219120195
2301901.0,Barbalha,23,Ceará,96,53864,21013,28.6934716,0.29889032916666664,0.1271444,0.48408009223103593,1877.2214373669585,732.326861417494,0.02704491992168242
2301950.0,Barreira,23,Ceará,22,10583,4683,8.0536849,0.3660765863636364,0.2573913,0.3230544152288446,1314.0568735188533,581.4729602843041,0.006197794148718887
2302008.0,Barro,23,Ceará,39,12174,5534,8.2352015,0.21115901282051283,0.1364387,0.2444895942006522,1478.288054032436,671.9932718100462,0.010986998718183483
2302057.0,Barroquinha,23,Ceará,20,9526,4414,6.3595715,0.31797857500000004,0.24187134999999998,0.26895079470301053,1497.8996619504944,694.0719197826456,0.005634358317017171
2302107.0,Baturité,23,Ceará,43,26245,10791,16.4605992,0.38280463255813957,0.1510784,0.9034765150008567,1594.4134038571328,655.5654425994406,0.012113870381586917
2302206.0,Beberibe,23,Ceará,52,22208,12098,45.7400582,0.8796165038461539,0.49009100000000005,1.1041792992909796,485.52627333561196,264.4946350330617,0.014649331624244644
2302305.0,Bela Cruz,23,Ceará,23,12400,5271,4.8708255000000005,0.21177502173913046,0.1896035,0.09431862806846394,2545.7697057716396,1082.1574289614769,0.006479512064569746
2302404.0,Boa Viagem,23,Ceará,57,28632,12856,13.7382727,0.24102232807017543,0.1225059,0.264052675591807,2084.1047943385197,935.7799397882094,0.016057921203498936
2302503.0,Brejo Santo,23,Ceará,63,32544,11754,11.7608593,0.18668030634920635,0.0809867,0.2917876421083241,2767.1447442620115,999.4167688070207,0.01774822869860409
2302602.0,Camocim,23,Ceará,77,46328,18451,16.7117107,0.21703520389610392,0.1081661,0.3122616070928418,2772.187768903874,1104.076077621425,0.021692279520516108
2302701.0,Campos Sales,23,Ceará,47,18215,8599,10.3210224,0.21959622127659575,0.1380648,0.21130345703255773,1764.8445371070989,833.1538937460303,0.013240742044990352
2302800.0,Canindé,23,Ceará,98,50907,22383,20.2213665,0.2063404744897959,0.1030846,0.26278048166570717,2517.485650635925,1106.8984877950757,0.027608355753384137
2302909.0,Capistrano,23,Ceará,15,8089,3460,6.0434931,0.40289954,0.3544435,0.34205139552413716,1338.464339439719,572.516579856772,0.004225768737762878
2303006.0,Caridade,23,Ceará,27,10477,4515,5.5878816,0.2069585777777778,0.2046686,0.17946294250152064,1874.9502494827377,807.9985087729847,0.00760638372797318
2303105.0,Cariré,23,Ceará,19,8678,3748,5.8082682000000005,0.3056983263157895,0.1990402,0.2536178587390351,1494.0770124905732,645.2870065469772,0.0053526404011663125
2303204.0,Caririaçu,23,Ceará,38,14807,6670,7.3369672999999995,0.19307808684210526,0.09950524999999999,0.23881240543283858,2018.1362945422968,909.0949608021288,0.010705280802332625
2303303.0,Cariús,23,Ceará,22,8677,3783,4.5880425,0.20854738636363637,0.113578,0.21823412570700146,1891.2204932713678,824.5346463115806,0.006197794148718887
2303402.0,Carnaubal,23,Ceará,17,9901,4172,5.6818775,0.3342280882352941,0.1625771,0.3188167616320323,1742.5578076964878,734.2643342803501,0.004789204569464595
2303501.0,Cascavel,23,Ceará,96,51397,23784,40.9384087,0.4264417572916666,0.18829780000000002,0.5540126550308662,1255.4713686269884,580.9703101625443,0.02704491992168242
2303600.0,Catarina,23,Ceará,13,5802,2568,3.1628983,0.24329986923076924,0.1509971,0.20852441816882974,1834.3934738590867,811.9135540968864,0.003662332906061161
2303659.0,Catunda,23,Ceará,14,6347,2512,3.562198,0.2544427142857143,0.13169735,0.354020707224224,1781.7650787519392,705.1825867062977,0.0039440508219120195
2303709.0,Caucaia,23,Ceará,580,318612,142134,120.9209428,0.20848438413793105,0.0777299,0.4865215042960184,2634.87856298785,1175.4291416259118,0.16339639119349794
2303808.0,Cedro,23,Ceará,45,13989,6256,6.5766237,0.14614719333333334,0.0876968,0.24873129832176366,2127.079279296457,951.2479785030122,0.012677306213288634
2303907.0,Chaval,23,Ceará,13,8736,3437,5.212729,0.4009791538461539,0.3728853,0.22853442300981203,1675.8975960576504,659.3475317822968,0.003662332906061161
2303931.0,Choró,23,Ceará,9,4356,1704,4.1525371,0.4613930111111111,0.3590481,0.3556482049840279,1048.997250379774,410.3515414708757,0.002535461242657727
2303956.0,Chorozinho,23,Ceará,20,12280,5425,9.783760299999999,0.489188015,0.34676235,0.47599143064117544,1255.1411342324077,554.4902812060922,0.005634358317017171
2304004.0,Coreaú,23,Ceará,27,13848,6189,5.6664997,0.20987035925925926,0.1436381,0.19131624926918228,2443.8367128123205,1092.2086521949343,0.00760638372797318
2304103.0,Crateús,23,Ceará,123,55929,23822,34.6592063,0.2817821650406504,0.1048832,0.4672882992960133,1613.6838078718495,687.320990382864,0.0346513036496556
2304202.0,Crato,23,Ceará,232,109744,46127,56.4621365,0.24337127801724137,0.08080765,0.5032925706566208,1943.674235564926,816.9545621072982,0.06535855647739917
2304236.0,Croatá,23,Ceará,28,10088,4755,10.902111099999999,0.3893611107142857,0.21353814999999998,0.8215654845058564,925.3253711567845,436.1540582722552,0.007888101643824039
2304251.0,Cruz,23,Ceará,25,11834,5411,9.809958,0.39239832,0.3044278,0.2833255348190429,1206.3252462446833,551.5823819021448,0.007042947896271463
2304269.0,Deputado Irapuan Pinheiro,23,Ceará,9,4123,1844,6.3542786,0.7060309555555555,0.4060065,0.6899186441078345,648.8541437260872,290.1981666337387,0.002535461242657727
2304277.0,Ereré,23,Ceará,10,3570,1532,1.3892471,0.13892471,0.11475825,0.0894880827529249,2569.7372339305225,1102.7555861012775,0.0028171791585085855
2304285.0,Eusébio,23,Ceará,123,73443,29009,61.7749587,0.5022354365853658,0.3283889,0.5960683181279705,1188.879791189565,469.59157254766404,0.0346513036496556
2304301.0,Farias Brito,23,Ceará,15,8522,3952,5.4155568,0.36103712,0.3196943,0.2565735020089376,1573.614738931369,729.7495245548897,0.004225768737762878
2304350.0,Forquilha,23,Ceará,35,18205,6874,5.8923422,0.1683526342857143,0.0510218,0.2891982383815865,3089.6033159784915,1166.598912059113,0.009860127054780048
2304400.0,Fortaleza,23,Ceará,4407,2428708,1034611,312.3149674,0.07086792997503971,0.0376737,0.1860752426028675,7776.470081529625,3312.7166738535248,1.2415308551547335
2304459.0,Fortim,23,Ceará,25,12379,5463,9.8734268,0.39493707200000006,0.2883638,0.26153666053698466,1253.7693599956601,553.303337398521,0.007042947896271463
2304509.0,Frecheirinha,23,Ceará,24,10927,4700,7.8113066,0.3254711083333333,0.19567215,0.3150666189400942,1398.8696846184478,601.69191156829,0.006761229980420605
2304608.0,General Sampaio,23,Ceará,9,3829,1612,0.9365616,0.1040624,0.1129781,0.05245241695234358,4088.358950441701,1721.189508517112,0.002535461242657727
2304657.0,Graça,23,Ceará,18,6258,2818,2.3088657,0.12827031666666666,0.0810159,0.12787383969161925,2710.421831811179,1220.5127392208217,0.005070922485315454
2304707.0,Granja,23,Ceará,44,26496,11651,16.4646883,0.37419746136363635,0.18427495,0.4819211525085252,1609.2621686618872,707.6356252671969,0.012395588297437775
2304806.0,Granjeiro,23,Ceará,12,2610,1042,2.5308615999999997,0.2109051333333333,0.0594474,0.33781027092631405,1031.269351117422,411.71749573346887,0.0033806149902103023
2304905.0,Groaíras,23,Ceará,14,7671,3266,3.4140157,0.2438582642857143,0.0990135,0.43848372871474967,2246.9140959135016,956.6446926415715,0.0039440508219120195
2304954.0,Guaiúba,23,Ceará,42,19264,7410,7.6193694,0.18141355714285715,0.11275779999999999,0.3300663444525359,2528.2932206961905,972.521426773192,0.011832152465736058
2305001.0,Guaraciaba do Norte,23,Ceará,47,20633,8335,14.3729839,0.30580816808510636,0.1625918,0.4564251502519763,1435.5404656092323,579.9074192242016,0.013240742044990352
2305100.0,Guaramiranga,23,Ceará,3,1569,879,2.6785479000000003,0.8928493000000001,0.864974,0.21988544444012212,585.7651453610367,328.1628825827606,0.0008451537475525756
2305209.0,Hidrolândia,23,Ceará,21,11660,5126,4.9887428,0.23755918095238093,0.1586548,0.2238559407332037,2337.2622056202217,1027.5133847349277,0.005916076232868029
2305233.0,Horizonte,23,Ceará,128,71167,29824,45.7319267,0.35728067734375,0.1257384,0.7007406620306629,1556.1776014129753,652.1483381980493,0.036059893228909894
2305266.0,Ibaretama,23,Ceará,13,4557,2028,4.5850214,0.3526939538461538,0.1520919,0.6241507130545388,993.8884909021364,442.30982215262947,0.003662332906061161
2305308.0,Ibiapina,23,Ceará,22,10894,4558,5.4246566,0.24657529999999997,0.15329205,0.2599304990903127,2008.2377196005366,840.2375184449464,0.006197794148718887
2305332.0,Ibicuitinga,23,Ceará,14,6246,2842,3.6260284,0.25900202857142857,0.17555389999999998,0.2552671065334217,1722.5458024542775,783.7776449847994,0.0039440508219120195
2305357.0,Icapuí,23,Ceará,32,12027,6121,13.4487442,0.42027325625,0.3497123,0.2455590079032026,894.2842410520382,455.1354319015154,0.009014973307227473
2305407.0,Icó,23,Ceará,57,32127,14291,12.7360314,0.22343914736842105,0.1044706,0.3762395945872514,2522.5283285655214,1122.0920827817683,0.016057921203498936
2305506.0,Iguatu,23,Ceará,181,74792,33238,27.4436671,0.15162247016574584,0.0762778,0.2146194385378384,2725.291766857207,1211.1355191303862,0.05099094276900539
2305605.0,Independência,23,Ceará,32,11739,5362,9.5927065,0.299772078125,0.16958325000000002,0.277992040388836,1223.7422254084393,558.9663355175101,0.009014973307227473
2305654.0,Ipaporanga,23,Ceará,21,6037,2749,8.604606200000001,0.40974315238095244,0.2514351,0.3805117571675422,701.600963446764,319.480047791147,0.005916076232868029
2305704.0,Ipaumirim,23,Ceará,16,6659,2962,4.0670089,0.25418805625,0.1489866,0.25566573790371144,1637.3212264177735,728.2993651673592,0.004507486653613737
2305803.0,Ipu,23,Ceará,59,25089,10498,18.0744803,0.30634712372881356,0.1015424,0.585839309720751,1388.0897034699249,580.8189129509854,0.016621357035200655
2305902.0,Ipueiras,23,Ceará,46,18624,8572,14.6205463,0.3178379630434783,0.1702595,0.2540080634205645,1273.823810537093,586.2982014563984,0.012959024129139492
2306009.0,Iracema,23,Ceará,25,11167,4578,7.0880782,0.283523128,0.1503395,0.3043558992191509,1575.4623023205359,645.8732354279049,0.007042947896271463
2306108.0,Irauçuba,23,Ceará,23,15409,6101,6.9587045,0.30255236956521736,0.235617,0.25403154459682475,2214.348949578187,876.7436525002607,0.006479512064569746
2306207.0,Itaiçaba,23,Ceará,14,4768,2369,1.6858205000000002,0.12041575000000002,0.10211814999999999,0.07164765606745008,2828.296369631286,1405.2504403642024,0.0039440508219120195
2306256.0,Itaitinga,23,Ceará,79,52664,22060,27.503674,0.34814777215189874,0.1590418,0.5380914038882108,1914.7987283444386,802.0746610071076,0.022255715352217823
2306306.0,Itapajé,23,Ceará,62,34990,13998,14.147666300000001,0.22818816612903228,0.10303935,0.2987024574401428,2473.199413814277,989.4211315968062,0.017466510782753228
2306405.0,Itapipoca,23,Ceará,140,76685,30493,38.2175552,0.27298253714285714,0.07343274999999999,0.508679089860793,2006.5386076815296,797.8793996744198,0.03944050821912019
2306504.0,Itapiúna,23,Ceará,18,9224,3956,5.9986528,0.3332584888888889,0.30893285000000004,0.2533245657683924,1537.678593433512,659.4814088923432,0.005070922485315454
2306553.0,Itarema,23,Ceará,24,15355,5764,9.831621,0.409650875,0.25962555,0.4097648821450982,1561.7973882435053,586.2715822751915,0.006761229980420605
2306603.0,Itatira,23,Ceará,19,10080,4491,13.3418451,0.7022023736842106,0.3121388,1.3031270992687052,755.5176907277989,336.61011399390327,0.0053526404011663125
2306702.0,Jaguaretama,23,Ceará,14,8929,3748,3.1413581,0.22438272142857144,0.18245509999999998,0.14210645802102664,2842.401189472795,1193.1145322145858,0.0039440508219120195
2306801.0,Jaguaribara,23,Ceará,7,5934,2333,3.4407446,0.49153494285714283,0.256973,0.5413016768651189,1724.6266985349625,678.0509079342884,0.0019720254109560098
2306900.0,Jaguaribe,23,Ceará,39,23278,10258,8.3039954,0.21292295897435898,0.1384503,0.2729239276817392,2803.2289131566718,1235.3089694630612,0.010986998718183483
2307007.0,Jaguaruana,23,Ceará,38,19307,8425,12.3393782,0.32472047894736844,0.17559324999999998,0.5210056909731924,1564.6655517860697,682.7734642252881,0.010705280802332625
2307106.0,Jardim,23,Ceará,27,10182,4149,3.7457178,0.1387302888888889,0.1194367,0.0952139852955046,2718.304085801659,1107.664864662255,0.00760638372797318
2307205.0,Jati,23,Ceará,15,4898,2062,3.2445464,0.21630309333333333,0.10804,0.2937237533621259,1509.6100952663214,635.5279739565444,0.004225768737762878
2307254.0,Jijoca de Jericoacoara,23,Ceará,26,13288,5771,11.4894759,0.44190291923076924,0.2898038,0.3875806693279241,1156.5366528163395,502.2857482994503,0.007324665812122322
2307304.0,Juazeiro do Norte,23,Ceará,444,276678,109302,94.2376287,0.2122469114864865,0.0608148,0.6377916849756237,2935.960972456006,1159.8551609140818,0.12508275463778118
2307403.0,Jucás,23,Ceará,39,14829,6117,7.4371671,0.19069659230769231,0.1286729,0.1830187242236453,1993.9043725399151,822.4905959152107,0.010986998718183483
2307502.0,Lavras da Mangabeira,23,Ceará,37,18842,7870,8.8231001,0.23846216486486485,0.1878092,0.21217014472376908,2135.5305716184725,891.9767327585913,0.010423562886481766
2307601.0,Limoeiro do Norte,23,Ceará,97,43514,19087,36.4359797,0.3756286567010309,0.1766713,0.6429702142596889,1194.259091103841,523.8503302821854,0.027326637837533276
2307635.0,Madalena,23,Ceará,28,10088,4138,7.9024247,0.2822294535714286,0.181207,0.2916961996811161,1276.5702152150845,523.6367516415563,0.007888101643824039
2307650.0,Maracanaú,23,Ceará,375,230955,93893,65.6169987,0.1749786632,0.0760385,0.5372120473419233,3519.743428923396,1430.9249411006665,0.10564421844407194
2307700.0,Maranguape,23,Ceará,163,88317,33805,26.8732642,0.16486665153374233,0.1038283,0.2038782443554974,3286.426216879154,1257.9417129386165,0.04592002028368994
2307809.0,Marco,23,Ceará,25,16772,6149,8.1460757,0.32584302800000003,0.2224689,0.36707216121455094,2058.9054923710073,754.8419909724138,0.007042947896271463
2307908.0,Martinópole,23,Ceará,15,8021,3413,2.7757199,0.18504799333333333,0.175198,0.1005240853462028,2889.700794377704,1229.5909252226784,0.004225768737762878
2308005.0,Massapê,23,Ceará,41,25750,10071,9.8546553,0.2403574463414634,0.1715032,0.27143165483608306,2612.978254044056,1021.9535532612693,0.0115504345498852
2308104.0,Mauriti,23,Ceará,59,24723,10552,12.3728575,0.2097094491525424,0.1154009,0.2533883642548538,1998.1641265972714,852.8345210473813,0.016621357035200655
2308203.0,Meruoca,23,Ceará,12,7935,3338,2.9062628,0.24218856666666666,0.16283735,0.21093427627423034,2730.310555535446,1148.5540812069714,0.0033806149902103023
2308302.0,Milagres,23,Ceará,38,13696,5914,9.0190786,0.23734417368421054,0.1010722,0.4521093564148437,1518.5586696184241,655.7210844132127,0.010705280802332625
2308351.0,Milhã,23,Ceará,16,6958,2862,8.4066852,0.525417825,0.5478406,0.4479390218129316,827.674622572997,340.4433414492552,0.004507486653613737
2308377.0,Miraíma,23,Ceará,18,8220,3058,8.0993036,0.44996131111111115,0.31148834999999997,0.4043620032732652,1014.902071333639,377.5633253209572,0.005070922485315454
2308401.0,Missão Velha,23,Ceará,43,16446,7179,11.1767212,0.2599237488372093,0.1266039,0.29946570886285556,1471.4512159433664,642.3171761679088,0.012113870381586917
2308500.0,Mombaça,23,Ceará,50,20605,9442,11.6486199,0.232972398,0.0959102,0.32467387773237016,1768.8790755375235,810.5681257571123,0.014085895792542926
2308609.0,Monsenhor Tabosa,23,Ceará,33,9228,4336,5.3888766,0.1632992909090909,0.1072312,0.18600531183220675,1712.4162761492814,804.620391567326,0.009296691223078331
2308708.0,Morada Nova,23,Ceará,73,38909,16530,30.9363497,0.42378561232876716,0.1904649,0.7557609292244154,1257.7114099534504,534.3228971839558,0.020565407857112673
2308807.0,Moraújo,23,Ceará,9,4556,1892,1.5523775,0.1724863888888889,0.1358751,0.09095822407681788,2934.85315266422,1218.7757166024373,0.002535461242657727
2308906.0,Morrinhos,23,Ceará,21,11649,4538,2.9478164000000002,0.14037220952380952,0.097031,0.1180134074282787,3951.7386496662407,1539.4445868474033,0.005916076232868029
2309003.0,Mucambo,23,Ceará,21,8975,4126,4.2492397,0.20234474761904764,0.1067421,0.20124433765241104,2112.1425557612106,970.9972351053765,0.005916076232868029
2309102.0,Mulungu,23,Ceará,12,6710,2636,4.5307573,0.37756310833333334,0.27648510000000004,0.27495818060056615,1480.9886197170613,581.8011924849737,0.0033806149902103023
2309201.0,Nova Olinda,23,Ceará,19,10598,4506,6.4169394,0.33773365263157895,0.2240124,0.3307402933390225,1651.5661656396505,702.2039198313139,0.0053526404011663125
2309300.0,Nova Russas,23,Ceará,50,23538,10045,15.943369,0.31886738000000003,0.1431401,0.4285951622522554,1476.35045014639,630.0424960370672,0.014085895792542926
2309409.0,Novo Oriente,23,Ceará,48,15005,6646,11.970991399999999,0.24939565416666665,0.1146793,0.32973065656412304,1253.4467278959035,555.1754051047101,0.01352245996084121
2309458.0,Ocara,23,Ceará,22,10337,4811,8.1981201,0.37264182272727275,0.34125145,0.24349245938971367,1260.8988248415633,586.8418541465378,0.006197794148718887
2309508.0,Orós,23,Ceará,32,14841,6574,7.1122954,0.22225923125,0.138544,0.24634816410059926,2086.668109988795,924.3148140331742,0.009014973307227473
2309607.0,Pacajus,23,Ceará,115,63662,26473,32.2263864,0.28022944695652174,0.125797,0.5347004952917712,1975.4619463012457,821.4697009901178,0.03239756032284873
2309706.0,Pacatuba,23,Ceará,136,78731,31123,33.7816025,0.24839413602941174,0.07325490000000001,0.580770663745801,2330.5880767497633,921.3002846741804,0.03831363655571676
2309805.0,Pacoti,23,Ceará,12,4641,1894,4.8225867000000004,0.40188222500000004,0.14511000000000002,0.49311761827181505,962.3466178430757,392.7352928667928,0.0033806149902103023
2309904.0,Pacujá,23,Ceará,7,4014,1813,1.1618226,0.16597465714285714,0.1742031,0.04080924094854241,3454.9164390501614,1560.4791988036727,0.0019720254109560098
2310001.0,Palhano,23,Ceará,17,5908,2559,5.1583024,0.30342955294117646,0.1874982,0.25182710426902055,1145.3380476491645,496.0934434553507,0.004789204569464595
2310100.0,Palmácia,23,Ceará,11,4792,1955,3.844511,0.349501,0.2819765,0.2635729151380885,1246.4524096822718,508.51720804024234,0.0030988970743594437
2310209.0,Paracuru,23,Ceará,51,27528,14547,32.0701983,0.6288274176470589,0.2285356,1.12079659344697,858.3670029879422,453.5986919669281,0.014367613708393786
2310258.0,Paraipaba,23,Ceará,35,19255,8594,9.9293626,0.28369607428571425,0.1655023,0.27753457296832756,1939.1979904127986,865.5137641967069,0.009860127054780048
2310308.0,Parambu,23,Ceará,37,16659,7520,13.4361607,0.3631394783783784,0.1688804,0.3782509273647376,1239.863110598253,559.6836899993314,0.010423562886481766
2310407.0,Paramoti,23,Ceará,12,6087,2819,4.2451206,0.35376005,0.26548985,0.24934630360139143,1433.8815250619734,664.0565170280439,0.0033806149902103023
2310506.0,Pedra Branca,23,Ceará,42,25580,11099,15.5577984,0.3704237714285714,0.18803874999999998,0.43437824774489964,1644.1915071993735,713.4042821894388,0.011832152465736058
2310605.0,Penaforte,23,Ceará,16,6351,2809,3.4649715,0.21656071875,0.11449275,0.2823982451846451,1832.9155088288605,810.6848786490741,0.004507486653613737
2310704.0,Pentecoste,23,Ceará,41,24538,10132,10.5396201,0.2570639048780488,0.1262263,0.3617711048830116,2328.16740709658,961.3249722350049,0.0115504345498852
2310803.0,Pereiro,23,Ceará,17,6644,2918,3.738989,0.2199405294117647,0.0758158,0.2747925935151723,1776.9509351324648,780.4248688616094,0.004789204569464595
2310852.0,Pindoretama,23,Ceará,35,18263,8121,15.8194439,0.4519841114285714,0.2369804,0.4632829062549329,1154.4653601887992,513.3555927335726,0.009860127054780048
2310902.0,Piquet Carneiro,23,Ceará,23,9834,3895,3.6170724,0.15726401739130436,0.1052076,0.12008175616407293,2718.773337243678,1076.8377210254348,0.006479512064569746
2310951.0,Pires Ferreira,23,Ceará,10,4157,1382,2.7035746,0.27035746,0.279381,0.1506324321674541,1537.593969110377,511.1750938923601,0.0028171791585085855
2311009.0,Poranga,23,Ceará,19,7885,3706,10.8732945,0.5722786578947369,0.3253042,0.5615421700227611,725.1711981129546,340.8350615353976,0.0053526404011663125
2311108.0,Porteiras,23,Ceará,21,7499,2958,2.4299659,0.1157126619047619,0.071244,0.10366542630507278,3086.0515367725943,1217.301032907499,0.005916076232868029
2311207.0,Potengi,23,Ceará,18,5085,2356,4.3847012,0.24359451111111113,0.11794365,0.2482652691937583,1159.714144261415,537.322816888868,0.005070922485315454
2311231.0,Potiretama,23,Ceará,9,2623,1086,1.1925611,0.1325067888888889,0.1149416,0.1002520404231311,2199.4680188713182,910.6451652665846,0.002535461242657727
2311264.0,Quiterianópolis,23,Ceará,20,7194,3278,8.4422791,0.42211395500000004,0.2225622,0.4887424697863762,852.1395602758502,388.28377517156474,0.005634358317017171
2311306.0,Quixadá,23,Ceará,120,62899,26344,39.0797961,0.3256649675,0.10096379999999999,0.5208210845063816,1609.5017445600233,674.1079183880388,0.033806149902103025
2311355.0,Quixelô,23,Ceará,13,5320,2276,1.4280683,0.1098514076923077,0.0989053,0.06701005424845416,3725.3120176394923,1593.76130679464,0.003662332906061161
2311405.0,Quixeramobim,23,Ceará,95,54969,21885,26.4762786,0.27869766947368424,0.1454872,0.33653057414890636,2076.1603558590746,826.5889753856873,0.02676320200583156
2311504.0,Quixeré,23,Ceará,28,14671,6817,14.8317922,0.5297068642857143,0.3265558,0.5741159513852595,989.158950055948,459.6207867583258,0.007888101643824039
2311603.0,Redenção,23,Ceará,38,16992,7268,9.1878036,0.24178430526315792,0.168889,0.22862060852351582,1849.4082742473945,791.0486898087373,0.010705280802332625
2311702.0,Reriutaba,23,Ceará,25,10974,4886,5.8923386,0.235693544,0.1426747,0.2329231482808763,1862.4184292464115,829.2123606067037,0.007042947896271463
2311801.0,Russas,23,Ceará,92,50179,23060,38.1554849,0.4147335315217391,0.22728835,0.6944217559732278,1315.1189175425734,604.3692030238096,0.025918048258278984
2311900.0,Saboeiro,23,Ceará,15,7591,3480,6.1647615,0.4109841,0.2123942,0.6667179128259643,1231.3533946122652,564.49872391657,0.004225768737762878
2311959.0,Salitre,23,Ceará,17,7666,2988,5.9825899,0.3519170529411765,0.3028148,0.3482808956674216,1281.384839699609,499.44924354584293,0.004789204569464595
2312007.0,Santana do Acaraú,23,Ceará,27,14741,5852,4.949114,0.1833005185185185,0.1052299,0.23150779861905968,2978.5129217067947,1182.433865940449,0.00760638372797318
2312106.0,Santana do Cariri,23,Ceará,15,7383,3193,3.6507909,0.24338606000000002,0.2642091,0.1813794771417247,2022.301523760235,874.6050068219464,0.004225768737762878
2312205.0,Santa Quitéria,23,Ceará,51,26001,10621,15.8020678,0.30984446666666665,0.1767177,0.31947735595571003,1645.417569971444,672.12722628617,0.014367613708393786
2312304.0,São Benedito,23,Ceará,52,24991,10429,11.3117379,0.21753342115384616,0.1019203,0.4135992428170162,2209.298007161216,921.9626632261343,0.014649331624244644
2312403.0,São Gonçalo do Amarante,23,Ceará,80,40204,20828,56.962631,0.7120328875,0.3470969,1.0154661139524468,705.7960507477261,365.6432231860919,0.022537433268068684
2312502.0,São João do Jaguaribe,23,Ceará,10,2518,1424,1.8249746,0.18249746,0.1416198,0.14094943925153683,1379.7452304267688,780.2848324573941,0.0028171791585085855
2312601.0,São Luís do Curu,23,Ceará,19,7676,3676,2.8625518,0.15066062105263156,0.1224219,0.0995644871300147,2681.5235273646404,1284.1689013278294,0.0053526404011663125
2312700.0,Senador Pompeu,23,Ceará,27,14919,6669,7.0268822,0.2602548962962963,0.1417336,0.3421277677322077,2123.1322192935013,949.0695603236383,0.00760638372797318
2312809.0,Senador Sá,23,Ceará,9,5423,2451,2.8962949,0.32181054444444446,0.2575442,0.24272886734294252,1872.3922070228414,846.2536049074284,0.002535461242657727
2312908.0,Sobral,23,Ceará,316,177937,73048,48.8725782,0.1546600575949367,0.07034625,0.27052191537697656,3640.835138097953,1494.6622971488744,0.08902286140887129
2313005.0,Solonópole,23,Ceará,21,8980,4054,7.2813281,0.3467299095238095,0.293606,0.32886520992843393,1233.2914925231842,556.766560210355,0.005916076232868029
2313104.0,Tabuleiro do Norte,23,Ceará,53,20022,9419,10.7878273,0.20354391132075472,0.0904103,0.29451104380801935,1855.9807682497847,873.1137177177466,0.014931049540095503
2313203.0,Tamboril,23,Ceará,36,14120,5932,10.2230727,0.2839742416666666,0.163567,0.2678080393476069,1381.1894343664405,580.2560711516803,0.010141844970630908
2313252.0,Tarrafas,23,Ceará,9,3130,1382,2.5454236999999997,0.28282485555555553,0.2103359,0.18610713183070865,1229.657757959903,542.9351506391648,0.002535461242657727
2313302.0,Tauá,23,Ceará,71,39355,15428,17.6949996,0.24922534647887323,0.0946663,0.434768588965367,2224.0746476196587,871.8847329049954,0.020001972025410954
2313351.0,Tejuçuoca,23,Ceará,13,6485,2720,1.9892409,0.15301853076923078,0.1347336,0.07816756351705167,3260.0375349209844,1367.3557586715617,0.003662332906061161
2313401.0,Tianguá,23,Ceará,100,54780,21794,20.8771285,0.208771285,0.1053527,0.3017730055516173,2623.924070783968,1043.917510015805,0.028171791585085853
2313500.0,Trairi,23,Ceará,55,26102,11696,23.614239,0.4293498,0.3151801,0.3208371272218922,1105.3500390167135,495.29438573057547,0.01549448537179722
2313559.0,Tururu,23,Ceará,21,9667,4339,7.2211058999999995,0.3438621857142857,0.269497,0.2999856866161239,1338.7146143362888,600.8774916318566,0.005916076232868029
2313609.0,Ubajara,23,Ceará,33,15465,6546,7.7132597,0.23373514242424243,0.1502773,0.20283503107036732,2004.9888894574624,848.6684300283575,0.009296691223078331
2313708.0,Umari,23,Ceará,6,3881,1658,1.5210614,0.25351023333333333,0.21969145,0.10439625687587974,2551.5077826575575,1090.0283183834656,0.0016903074951051512
2313757.0,Umirim,23,Ceará,17,10374,4251,4.4583396,0.26225527058823533,0.1559018,0.1963402144121708,2326.875233999671,953.4939868645267,0.004789204569464595
2313807.0,Uruburetama,23,Ceará,24,15178,5778,5.2974806,0.22072835833333335,0.16343200000000002,0.2137113611009931,2865.135551416649,1090.7071561526814,0.006761229980420605
2313906.0,Uruoca,23,Ceará,21,7998,3382,3.1362598,0.14934570476190476,0.1260657,0.11797618774465667,2550.1713856741076,1078.3545419292113,0.005916076232868029
2313955.0,Varjota,23,Ceará,27,13591,5462,5.4172392,0.20063848888888888,0.1434402,0.14879579420296213,2508.842511513983,1008.2626589573523,0.00760638372797318
2314003.0,Várzea Alegre,23,Ceará,61,23939,10604,8.9150384,0.1461481704918033,0.0728182,0.16876303442965263,2685.2380131082778,1189.4508497013317,0.01718479286690237
2314102.0,Viçosa do Ceará,23,Ceará,39,18778,7686,10.6946499,0.2742217923076923,0.1317215,0.39339112167335405,1755.8312030391944,718.6771022770928,0.010986998718183483
2400109.0,Acari,24,Rio Grande do Norte,23,9230,3899,4.2636049,0.18537412608695653,0.1376858,0.16944363278390145,2164.834738791111,914.4843604059091,0.006479512064569746
2400208.0,Açu,24,Rio Grande do Norte,61,42831,17936,21.710774,0.35591432786885246,0.1557574,0.4872923218629916,1972.7993115307634,826.1336053703105,0.01718479286690237
2400307.0,Afonso Bezerra,24,Rio Grande do Norte,10,5777,2282,1.6975627,0.16975627,0.16498775,0.09715783174191993,3403.1143591927416,1344.2802436693503,0.0028171791585085855
2400406.0,Água Nova,24,Rio Grande do Norte,2,1925,745,0.9782763999999999,0.48913819999999997,0.48913819999999997,0.10589815002812848,1967.7465387082834,761.543465629959,0.0005634358317017171
2400505.0,Alexandria,24,Rio Grande do Norte,18,9949,4085,7.689521,0.4271956111111111,0.23814465,0.8296488436732629,1293.838718952715,531.242453203522,0.005070922485315454
2400604.0,Almino Afonso,24,Rio Grande do Norte,5,3360,1451,2.5786154,0.51572308,0.4404753,0.4703498843117451,1303.0248714096722,562.7050858379268,0.0014085895792542928
2400703.0,Alto do Rodrigues,24,Rio Grande do Norte,16,9075,3949,3.6002433000000003,0.22501520625000002,0.14593075,0.26959502024981963,2520.6629785270343,1096.87031429237,0.004507486653613737
2400802.0,Angicos,24,Rio Grande do Norte,14,10273,4363,3.6972752,0.2640910857142857,0.25924485,0.10874033548247548,2778.532688072557,1180.0582223362762,0.0039440508219120195
2400901.0,Antônio Martins,24,Rio Grande do Norte,7,3639,1581,1.972256,0.28175085714285714,0.2124121,0.18825343929604457,1845.0951600603573,801.620073661837,0.0019720254109560098
2401008.0,Apodi,24,Rio Grande do Norte,29,21508,9342,9.0254951,0.31122396896551724,0.1646216,0.3180044161885324,2383.0271649031197,1035.0678712351191,0.008169819559674897
2401107.0,Areia Branca,24,Rio Grande do Norte,27,19757,8684,12.748223,0.4721564074074074,0.1429105,0.8477216568996041,1549.784624884582,681.1929788175183,0.00760638372797318
2401206.0,Arês,24,Rio Grande do Norte,13,8596,3165,5.6443145,0.43417803846153846,0.3062941,0.3398422927006843,1522.948446618274,560.7412556476079,0.003662332906061161
2401305.0,Campo Grande,24,Rio Grande do Norte,8,5258,2241,2.1881693,0.2735211625,0.2491583,0.13873510440741724,2402.921931132111,1024.143789970913,0.0022537433268068684
2401404.0,Baía Formosa,24,Rio Grande do Norte,9,7025,2773,1.763742,0.19597133333333333,0.0964155,0.1818756717744707,3983.0088527687158,1572.2254161889891,0.002535461242657727
2401453.0,Baraúna,24,Rio Grande do Norte,23,18636,7273,8.3595672,0.3634594434782609,0.2627825,0.3502525034099384,2229.3020145827645,870.021117839689,0.006479512064569746
2401503.0,Barcelona,24,Rio Grande do Norte,4,1997,878,1.3627566,0.34068915,0.3389641,0.11607852095607527,1465.4120919318975,644.2823318558868,0.0011268716634034342
2401602.0,Bento Fernandes,24,Rio Grande do Norte,4,1990,829,1.5006478,0.37516195,0.3076282,0.2972480790579759,1326.0939708837743,552.4280913882658,0.0011268716634034342
2401651.0,Bodó,24,Rio Grande do Norte,2,1368,604,0.48569039999999997,0.24284519999999998,0.24284519999999998,0.05598291665874511,2816.609099129816,1243.5905671596556,0.0005634358317017171
2401701.0,Bom Jesus,24,Rio Grande do Norte,12,7896,3384,2.5524294,0.21270245,0.20510325000000001,0.1259722591380954,3093.523370323191,1325.7957301385104,0.0033806149902103023
2401800.0,Brejinho,24,Rio Grande do Norte,15,9611,4046,5.4680579,0.36453719333333334,0.28987,0.2942767386506218,1757.6624417235962,739.9336426192561,0.004225768737762878
2401859.0,Caiçara do Norte,24,Rio Grande do Norte,8,5654,2304,2.1989808,0.2748726,0.26820785,0.12760024372027776,2571.191162742303,1047.758125036835,0.0022537433268068684
2401909.0,Caiçara do Rio do Vento,24,Rio Grande do Norte,4,2639,1116,0.7488283,0.187207075,0.18155105,0.13324990103226783,3524.172363678029,1490.3282902101857,0.0011268716634034342
2402006.0,Caicó,24,Rio Grande do Norte,87,57238,24882,52.9886158,0.6090645494252873,0.1724722,1.9234226790230369,1080.19428580733,469.5725605272369,0.024509458679024692
2402105.0,Campo Redondo,24,Rio Grande do Norte,8,5841,2379,3.1037065999999998,0.38796332499999997,0.31275825,0.417672903003154,1881.943351217541,766.5028646715512,0.0022537433268068684
2402204.0,Canguaretama,24,Rio Grande do Norte,46,26200,11016,15.6350748,0.3398929304347826,0.23371395,0.29382861997970394,1675.719517504323,704.5697024743367,0.012959024129139492
2402303.0,Caraúbas,24,Rio Grande do Norte,22,13860,6584,8.39743,0.38170136363636364,0.28889215,0.40734713259239613,1650.5049759271587,784.0494055919489,0.006197794148718887
2402402.0,Carnaúba dos Dantas,24,Rio Grande do Norte,14,6594,2759,3.329923,0.23785164285714286,0.24495659999999997,0.174128496052907,1980.2259691890774,828.5476871387116,0.0039440508219120195
2402501.0,Carnaubais,24,Rio Grande do Norte,8,5050,2027,4.0160501,0.5020062625,0.42366760000000003,0.3456383068814936,1257.4544326526204,504.7247792053192,0.0022537433268068684
2402600.0,Ceará-Mirim,24,Rio Grande do Norte,90,53402,23275,21.8050378,0.2422781977777778,0.1424068,0.27768138390682207,2449.067068345096,1067.413879924574,0.02535461242657727
2402709.0,Cerro Corá,24,Rio Grande do Norte,7,5249,2293,2.3006078,0.3286582571428571,0.3059898,0.10321558236787468,2281.5709831115064,996.6931347446532,0.0019720254109560098
2402808.0,Coronel Ezequiel,24,Rio Grande do Norte,5,2917,1352,1.1812537,0.23625074000000001,0.2330696,0.0756594024007129,2469.4102545456576,1144.5466795151624,0.0014085895792542928
2402907.0,Coronel João Pessoa,24,Rio Grande do Norte,2,1785,709,1.8284091999999998,0.9142045999999999,0.9142045999999999,0.1059302526759943,976.258487432682,387.76877736121656,0.0005634358317017171
2403004.0,Cruzeta,24,Rio Grande do Norte,14,6777,2952,2.8318099,0.20227213571428573,0.16136245,0.16735695060941588,2393.169117743391,1042.4428560688343,0.0039440508219120195
2403103.0,Currais Novos,24,Rio Grande do Norte,57,36008,15084,14.3159915,0.2511577456140351,0.1081386,0.44722190420514685,2515.2292106348345,1053.6468955014398,0.016057921203498936
2403202.0,Doutor Severiano,24,Rio Grande do Norte,4,2717,1016,0.8100164999999999,0.20250412499999998,0.1649879,0.07697072268615623,3354.2526602853154,1254.2954371917117,0.0011268716634034342
2403251.0,Parnamirim,24,Rio Grande do Norte,343,252716,116679,124.0059227,0.36153330233236153,0.1008952,1.315134507078248,2037.9349187327164,940.9147358410809,0.09662924513684448
2403301.0,Encanto,24,Rio Grande do Norte,7,3425,1369,1.8434904,0.2633557714285714,0.2307208,0.12365934345590597,1857.8887093743476,742.6130344915275,0.0019720254109560098
2403400.0,Equador,24,Rio Grande do Norte,13,4530,2085,2.1337439,0.16413414615384614,0.0903247,0.13363658250833127,2123.028916450564,977.1556933332066,0.003662332906061161
2403509.0,Espírito Santo,24,Rio Grande do Norte,9,5387,2150,2.1857948,0.2428660888888889,0.1752259,0.17612628851300452,2464.5497372397444,983.6238973576111,0.002535461242657727
2403608.0,Extremoz,24,Rio Grande do Norte,90,53920,28728,37.3511244,0.41501249333333334,0.27172514999999997,0.39957390381123087,1443.597772922734,769.1334721907327,0.02535461242657727
2403707.0,Felipe Guerra,24,Rio Grande do Norte,6,4341,1850,2.0258751999999998,0.3376458666666666,0.3046656,0.19982718424503373,2142.77760051557,913.1855703648479,0.0016903074951051512
2403756.0,Fernando Pedroza,24,Rio Grande do Norte,5,2546,1117,0.9424513,0.18849026,0.1942337,0.06397679736719401,2701.4658476252303,1185.2071295354997,0.0014085895792542928
2403806.0,Florânia,24,Rio Grande do Norte,16,7250,2985,5.2381188,0.327382425,0.17369659999999998,0.41149891188007526,1384.0846832263524,569.8610730249188,0.004507486653613737
2403905.0,Francisco Dantas,24,Rio Grande do Norte,2,1705,676,0.5464709999999999,0.27323549999999996,0.27323549999999996,0.0467918012955261,3120.019177595884,1237.0281314104502,0.0005634358317017171
2404002.0,Frutuoso Gomes,24,Rio Grande do Norte,4,2871,1226,1.5905488,0.3976372,0.36292755,0.1837845951323632,1805.037355659883,770.8031341132066,0.0011268716634034342
2404101.0,Galinhos,24,Rio Grande do Norte,2,1275,576,0.493872,0.246936,0.246936,0.14315984896953476,2581.6405870346975,1166.2941004956751,0.0005634358317017171
2404200.0,Goianinha,24,Rio Grande do Norte,27,21693,8024,11.6780402,0.4325200074074074,0.3828784,0.3039101079252736,1857.5890841684206,687.101590898788,0.00760638372797318
2404309.0,Governador Dix-Sept Rosado,24,Rio Grande do Norte,17,6690,2804,2.8476996,0.16751174117647058,0.113603,0.1535890654972672,2349.2646485605433,984.6544207120724,0.004789204569464595
2404408.0,Grossos,24,Rio Grande do Norte,10,7233,2888,2.6281089,0.26281089,0.18642575,0.19153220884549504,2752.1690596611124,1098.8890148349637,0.0028171791585085855
2404507.0,Guamaré,24,Rio Grande do Norte,26,12452,5098,2.6738085,0.10283878846153846,0.0914518,0.06696262665683493,4657.0276068761095,1906.6436508074532,0.007324665812122322
2404606.0,Ielmo Marinho,24,Rio Grande do Norte,2,1533,590,1.0767168,0.5383584,0.5383584,0.031063342318881214,1423.7727134934646,547.9621010835904,0.0005634358317017171
2404705.0,Ipanguaçu,24,Rio Grande do Norte,12,6997,2642,2.9873916,0.2489493,0.2495295,0.13402931666249873,2342.17703497593,884.3835538668583,0.0033806149902103023
2404804.0,Ipueira,24,Rio Grande do Norte,2,1885,826,0.8260827,0.41304135,0.41304135,0.1519055577712843,2281.85386281543,999.8998889578489,0.0005634358317017171
2404853.0,Itajá,24,Rio Grande do Norte,12,6233,2526,3.3300152,0.2775012666666667,0.26913185,0.15851863679250824,1871.763227987668,758.5550960848467,0.0033806149902103023
2404903.0,Itaú,24,Rio Grande do Norte,7,4391,1953,1.641496,0.23449942857142858,0.2375011,0.05875561442840205,2674.9989034393016,1189.7683576444902,0.0019720254109560098
2405009.0,Jaçanã,24,Rio Grande do Norte,10,6452,2949,3.826274,0.3826274,0.35795725,0.36765369548324806,1686.2357478842341,770.7236857579985,0.0028171791585085855
2405108.0,Jandaíra,24,Rio Grande do Norte,5,3939,1654,1.3763389,0.27526777999999996,0.2874113,0.14952693998513109,2861.94047120226,1201.7389031146326,0.0014085895792542928
2405207.0,Janduís,24,Rio Grande do Norte,7,3657,1501,1.1681262000000001,0.16687517142857144,0.1283356,0.08351417693427295,3130.6548898569345,1284.963902016751,0.0019720254109560098
2405306.0,Januário Cicco,24,Rio Grande do Norte,6,4112,1839,3.2932163,0.5488693833333333,0.49192055,0.23586963130983535,1248.6273677195147,558.4206539971274,0.0016903074951051512
2405405.0,Japi,24,Rio Grande do Norte,6,4106,1968,1.8829748,0.31382913333333334,0.17588104999999998,0.3475588058646287,2180.5921141376934,1045.1547200737896,0.0016903074951051512
2405504.0,Jardim de Angicos,24,Rio Grande do Norte,3,902,372,0.4009218,0.1336406,0.1813345,0.09968647041514711,2249.815300639676,927.8617426141457,0.0008451537475525756
2405603.0,Jardim de Piranhas,24,Rio Grande do Norte,21,11615,4804,4.3698679,0.20808894761904762,0.1264402,0.24894546176105847,2657.97508432692,1099.3467331129164,0.005916076232868029
2405702.0,Jardim do Seridó,24,Rio Grande do Norte,18,9810,4513,5.0110978,0.2783943222222222,0.25587865,0.18745767824638854,1957.6548675621539,900.6010619070337,0.005070922485315454
2405801.0,João Câmara,24,Rio Grande do Norte,33,22561,9544,13.329805200000001,0.4039334909090909,0.2436336,0.4922374940693881,1692.5228584735805,715.9894579704735,0.009296691223078331
2405900.0,João Dias,24,Rio Grande do Norte,4,1314,600,0.42613769999999995,0.10653442499999999,0.10929535,0.03168540974553587,3083.510330111605,1407.995584525847,0.0011268716634034342
2406007.0,José da Penha,24,Rio Grande do Norte,5,3086,1366,1.7226293,0.34452585999999996,0.2625256,0.18961146274041027,1791.4475273351034,792.9738568826155,0.0014085895792542928
2406106.0,Jucurutu,24,Rio Grande do Norte,21,11772,5251,7.6277842,0.363227819047619,0.1360553,0.4738521568102741,1543.305328433387,688.4043730550217,0.005916076232868029
2406155.0,Jundiá,24,Rio Grande do Norte,1,841,373,0.5162339,0.5162339,0.5162339,0.0,1629.106496105738,722.5406932787637,0.00028171791585085854
2406205.0,Lagoa d'Anta,24,Rio Grande do Norte,9,4678,1995,2.3560497,0.2617833,0.1465157,0.22147096286236936,1985.5268757700655,846.7563311588887,0.002535461242657727
2406304.0,Lagoa de Pedras,24,Rio Grande do Norte,4,2152,955,1.538941,0.38473525,0.2593118,0.2841460662583419,1398.3641997971333,620.5566035345086,0.0011268716634034342
2406403.0,Lagoa de Velhos,24,Rio Grande do Norte,3,1794,809,0.9573174,0.3191058,0.2883153,0.07190096068405483,1873.986621365077,845.0697751863697,0.0008451537475525756
2406502.0,Lagoa Nova,24,Rio Grande do Norte,13,7537,3093,8.5736629,0.6595125307692308,0.5333701,0.6182330755207989,879.0875134593873,360.75596114234907,0.003662332906061161
2406601.0,Lagoa Salgada,24,Rio Grande do Norte,8,5657,2388,3.5119731,0.4389966375,0.27094765,0.5519561608303998,1610.7754356091166,679.959650032627,0.0022537433268068684
2406700.0,Lajes,24,Rio Grande do Norte,13,7938,3404,5.3517493,0.41167302307692305,0.2283931,0.42223223651882646,1483.253335502842,636.0537105129346,0.003662332906061161
2406809.0,Lajes Pintadas,24,Rio Grande do Norte,4,2455,1126,0.8961017,0.224025425,0.2368548,0.06085038172914367,2739.6443952734385,1256.5538041050474,0.0011268716634034342
2406908.0,Lucrécia,24,Rio Grande do Norte,4,2304,965,1.0815601,0.270390025,0.2831824,0.12561430035133672,2130.2560994992327,892.2296597294963,0.0011268716634034342
2407005.0,Luís Gomes,24,Rio Grande do Norte,12,6502,2767,4.1947095,0.349559125,0.20414929999999998,0.34773885848080444,1550.0477446650357,659.6404351719708,0.0033806149902103023
2407104.0,Macaíba,24,Rio Grande do Norte,121,63730,29322,60.4832124,0.49986125950413224,0.158032,1.1203350372411043,1053.6808061471286,484.7956786104833,0.034087867817953886
2407203.0,Macau,24,Rio Grande do Norte,36,21947,9999,6.3431959,0.17619988611111112,0.13530275,0.15434013746663225,3459.9278259717626,1576.3347305732746,0.010141844970630908
2407252.0,Major Sales,24,Rio Grande do Norte,4,3313,1295,1.0226726,0.25566815,0.285173,0.14997081389929398,3239.5509569729356,1266.2899152671148,0.0011268716634034342
2407302.0,Marcelino Vieira,24,Rio Grande do Norte,7,4967,1997,1.6823434,0.24033477142857143,0.1935275,0.16015187831371938,2952.429331609706,1187.0347040919232,0.0019720254109560098
2407401.0,Martins,24,Rio Grande do Norte,9,6054,2828,9.3145478,1.0349497555555556,0.7687272,0.8839580065792761,649.951036807176,303.61108888184566,0.002535461242657727
2407500.0,Maxaranguape,24,Rio Grande do Norte,16,7244,4184,7.2717581,0.45448488125,0.26032,0.4829841275612622,996.1827525588345,575.3766754149867,0.004507486653613737
2407609.0,Messias Targino,24,Rio Grande do Norte,5,3854,1586,1.6778841,0.33557682,0.43779,0.17048616114326406,2296.940533616118,945.2381126920507,0.0014085895792542928
2407708.0,Montanhas,24,Rio Grande do Norte,14,9316,3676,3.6042318,0.2574451285714286,0.22476835,0.16607194746549983,2584.739416593572,1019.9122043149389,0.0039440508219120195
2407807.0,Monte Alegre,24,Rio Grande do Norte,20,12850,5197,5.9627526,0.29813763,0.1752898,0.2588652693870147,2155.044970338028,871.5773315834033,0.005634358317017171
2407906.0,Monte das Gameleiras,24,Rio Grande do Norte,3,1500,730,0.4912813,0.16376043333333332,0.1290409,0.06398601761012583,3053.2405772415927,1485.9104142575752,0.0008451537475525756
2408003.0,Mossoró,24,Rio Grande do Norte,369,245330,114206,119.3831679,0.3235316203252033,0.1198463,0.7144727136881817,2054.9798126105848,956.6340214364508,0.1039539109489668
2408102.0,Natal,24,Rio Grande do Norte,1124,751300,337029,165.141716,0.14692323487544484,0.0744936,0.4877251351793471,4549.425900358211,2040.8471473071045,0.316650937416365
2408201.0,Nísia Floresta,24,Rio Grande do Norte,48,26987,17267,73.9148113,1.5398919020833333,0.7330919,2.1840864721159607,365.10950275537,233.60676563074713,0.01352245996084121
2408300.0,Nova Cruz,24,Rio Grande do Norte,33,23082,9404,5.5493129,0.16816099696969697,0.1126285,0.16120981027723136,4159.433864325798,1694.6242119452302,0.009296691223078331
2408409.0,Olho d'Água do Borges,24,Rio Grande do Norte,6,3136,1410,1.5689506,0.2614917666666667,0.280284,0.17642575907923044,1998.788234632754,898.6898631480176,0.0016903074951051512
2408508.0,Ouro Branco,24,Rio Grande do Norte,6,3639,1604,0.9871582999999999,0.16452638333333333,0.13050555,0.11324219703890272,3686.3388577090423,1624.866042254824,0.0016903074951051512
2408607.0,Paraná,24,Rio Grande do Norte,4,2399,973,1.2838428,0.3209607,0.32969735,0.13300685188743722,1868.6088359104401,757.8809492875607,0.0011268716634034342
2408706.0,Paraú,24,Rio Grande do Norte,5,3167,1419,1.3164367,0.26328734,0.2516094,0.1719809060354463,2405.736637393959,1077.9097848001352,0.0014085895792542928
2408805.0,Parazinho,24,Rio Grande do Norte,4,3199,1342,1.3362903,0.334072575,0.33550155000000004,0.08813218535141311,2393.940897423262,1004.2727991066014,0.0011268716634034342
2408904.0,Parelhas,24,Rio Grande do Norte,34,18208,8046,7.0087168,0.2061387294117647,0.1234507,0.21828858332726003,2597.907793906011,1147.9990174520963,0.00957840913892919
2408953.0,Rio do Fogo,24,Rio Grande do Norte,12,6247,3916,4.2955437,0.357961975,0.3655733,0.3237668771338896,1454.2978575680654,911.6424540157747,0.0033806149902103023
2409100.0,Passa e Fica,24,Rio Grande do Norte,11,7426,3127,3.6733957999999998,0.3339450727272727,0.3319363,0.13748726983113085,2021.5627186158379,851.2559414370758,0.0030988970743594437
2409209.0,Passagem,24,Rio Grande do Norte,4,1821,770,1.4695928,0.3673982,0.36988155,0.25324490535162464,1239.1187545284652,523.9546628154411,0.0011268716634034342
2409308.0,Patu,24,Rio Grande do Norte,15,9593,4354,9.393965999999999,0.6262643999999999,0.4977675,0.7461202496413009,1021.1874303143104,463.48900986015923,0.004225768737762878
2409332.0,Santa Maria,24,Rio Grande do Norte,4,3294,1416,1.5415680999999999,0.38539202499999997,0.4427116,0.21174819177847976,2136.785264303277,918.5452137988585,0.0011268716634034342
2409407.0,Pau dos Ferros,24,Rio Grande do Norte,36,28010,11770,22.6368066,0.6288001833333333,0.24693565,0.9226556795087033,1237.365344633019,519.9496646315828,0.010141844970630908
2409506.0,Pedra Grande,24,Rio Grande do Norte,2,1330,546,0.48588529999999996,0.24294264999999998,0.24294264999999998,0.037177199681054506,2737.2715330140677,1123.7219977636698,0.0005634358317017171
2409605.0,Pedra Preta,24,Rio Grande do Norte,1,1054,454,0.5613419,0.5613419,0.5613419,0.0,1877.643553777119,808.776255611776,0.00028171791585085854
2409704.0,Pedro Avelino,24,Rio Grande do Norte,6,3654,1584,3.4914921,0.5819153499999999,0.5156444,0.36040472433366216,1046.5439689810555,453.67423285878266,0.0016903074951051512
2409803.0,Pedro Velho,24,Rio Grande do Norte,11,7605,2911,2.3423998,0.21294543636363636,0.1254488,0.19870749776283367,3246.6703591760897,1242.7425924472843,0.0030988970743594437
2409902.0,Pendências,24,Rio Grande do Norte,16,10018,4205,4.4433191,0.27770744375,0.18891465000000002,0.20361094586380493,2254.6208756422648,946.3646218881736,0.004507486653613737
2410009.0,Pilões,24,Rio Grande do Norte,5,2137,930,1.1893205,0.2378641,0.1808937,0.28978069186713423,1796.8243211144515,781.9591102650631,0.0014085895792542928
2410108.0,Poço Branco,24,Rio Grande do Norte,11,7111,2550,3.2167004,0.2924273090909091,0.2804807,0.15768351652644264,2210.650391935786,792.7378005113562,0.0030988970743594437
2410207.0,Portalegre,24,Rio Grande do Norte,6,4509,1851,2.1643660000000002,0.3607276666666667,0.39157555,0.12743756939095577,2083.289055547906,855.215799915541,0.0016903074951051512
2410256.0,Porto do Mangue,24,Rio Grande do Norte,7,2870,1433,1.4132802,0.20189717142857141,0.1966377,0.15713672749754926,2030.7367215644852,1013.9532132410827,0.0019720254109560098
2410306.0,Serra Caiada,24,Rio Grande do Norte,7,5684,2099,1.7531373000000001,0.25044818571428573,0.1857812,0.13317337911722985,3242.1875913540825,1197.2821524018682,0.0019720254109560098
2410405.0,Pureza,24,Rio Grande do Norte,5,3709,1616,4.7734998,0.9546999599999999,0.8982709,0.501753725269258,776.9980424006721,338.5356798380928,0.0014085895792542928
2410504.0,Rafael Fernandes,24,Rio Grande do Norte,5,3319,1318,1.6831859,0.33663718,0.4037519,0.1489926311338148,1971.8558716538678,783.0388788309123,0.0014085895792542928
2410603.0,Rafael Godeiro,24,Rio Grande do Norte,3,2009,913,1.7300795,0.5766931666666667,0.3833672,0.5668805684954312,1161.2183139560927,527.7214139581447,0.0008451537475525756
2410702.0,Riacho da Cruz,24,Rio Grande do Norte,3,2391,1011,0.8847157,0.29490523333333335,0.3061153,0.10333036847361636,2702.563094562468,1142.739978503829,0.0008451537475525756
2410801.0,Riacho de Santana,24,Rio Grande do Norte,9,1811,767,1.3999777,0.15555307777777777,0.1405604,0.08437870980011454,1293.5920336445358,547.8658695777797,0.002535461242657727
2410900.0,Riachuelo,24,Rio Grande do Norte,7,4716,1811,1.2591902,0.17988431428571428,0.1068094,0.14091288276874508,3745.2642182253326,1438.2259328257162,0.0019720254109560098
2411007.0,Rodolfo Fernandes,24,Rio Grande do Norte,6,3633,1532,1.0726353,0.17877255,0.15905005,0.09626304587509685,3386.985306189345,1428.2580481921489,0.0016903074951051512
2411056.0,Tibau,24,Rio Grande do Norte,17,4707,5286,8.2859379,0.4874081117647059,0.4944765,0.1936836519067655,568.0708758389319,637.9483003366462,0.004789204569464595
2411106.0,Ruy Barbosa,24,Rio Grande do Norte,5,1791,829,0.676728,0.1353456,0.1600437,0.0459650197271795,2646.5581444834556,1225.0121171282997,0.0014085895792542928
2411205.0,Santa Cruz,24,Rio Grande do Norte,45,31995,13741,21.1224651,0.4693881133333333,0.2331575,0.6484726301783428,1514.7379744043228,650.5396001340772,0.012677306213288634
2411403.0,Santana do Matos,24,Rio Grande do Norte,9,6281,2746,2.6118388,0.2902043111111111,0.1814726,0.23116489192837245,2404.819164184252,1051.3665697898355,0.002535461242657727
2411429.0,Santana do Seridó,24,Rio Grande do Norte,2,1945,816,1.1830748,0.5915374,0.5915374,0.21128633464566512,1644.0211557206696,689.7281558190573,0.0005634358317017171
2411502.0,Santo Antônio,24,Rio Grande do Norte,17,14220,5995,5.4620682,0.3212981294117647,0.1987816,0.3506206173640673,2603.4094557808708,1097.5695982704867,0.004789204569464595
2411601.0,São Bento do Norte,24,Rio Grande do Norte,2,1208,526,0.7639794,0.3819897,0.3819897,0.26962179556541793,1581.1944667618002,688.5002396661481,0.0005634358317017171
2411700.0,São Bento do Trairí,24,Rio Grande do Norte,3,2382,1033,0.7195722,0.2398574,0.2744585,0.07182150401495363,3310.3002033708362,1435.5751931494851,0.0008451537475525756
2411809.0,São Fernando,24,Rio Grande do Norte,5,2647,1075,1.8992672000000002,0.37985344000000004,0.4525671,0.1659468392791589,1393.6954210550257,566.0077739456565,0.0014085895792542928
2411908.0,São Francisco do Oeste,24,Rio Grande do Norte,5,3488,1444,1.2116897,0.24233794,0.2276769,0.09545503549982579,2878.6247832262666,1191.7242508539935,0.0014085895792542928
2412005.0,São Gonçalo do Amarante,24,Rio Grande do Norte,170,105817,49665,87.1901009,0.5128829464705883,0.1562372,1.6190645451144112,1213.6354804929465,569.6174162817146,0.04789204569464595
2412104.0,São João do Sabugi,24,Rio Grande do Norte,7,5081,2306,2.1593539,0.3084791285714286,0.3127551,0.128608390388208,2353.018650625078,1067.9120268335819,0.0019720254109560098
2412203.0,São José de Mipibu,24,Rio Grande do Norte,47,30837,12825,30.381365,0.6464120212765957,0.1427977,2.0734363635695168,1014.9971865977714,422.1337652208846,0.013240742044990352
2412302.0,São José do Campestre,24,Rio Grande do Norte,16,9924,4139,5.1637738,0.3227358625,0.18495585,0.30043359677261544,1921.8502561053313,801.5455673135798,0.004507486653613737
2412401.0,São José do Seridó,24,Rio Grande do Norte,7,3724,1422,1.3667572,0.19525102857142856,0.1512109,0.13556317613988092,2724.697554181533,1040.4188834710365,0.0019720254109560098
2412500.0,São Miguel,24,Rio Grande do Norte,18,16047,6851,7.9604081,0.4422448944444445,0.43061675,0.311698963413103,2015.8514234967424,860.6342682355694,0.005070922485315454
2412559.0,São Miguel do Gostoso,24,Rio Grande do Norte,4,5534,2643,4.1816716000000005,1.0454179000000001,0.8175012,0.901935371080105,1323.3942139310986,632.0438936429154,0.0011268716634034342
2412609.0,São Paulo do Potengi,24,Rio Grande do Norte,19,12003,5115,6.3427906,0.3338310842105263,0.2078659,0.31552011704458416,1892.3847178558915,806.4273791412884,0.0053526404011663125
2412708.0,São Pedro,24,Rio Grande do Norte,5,3563,1567,2.0447214000000002,0.40894428000000005,0.3579011,0.311519216411415,1742.5356823672896,766.3635740301831,0.0014085895792542928
2412807.0,São Rafael,24,Rio Grande do Norte,10,5979,2648,2.5964641,0.25964641,0.21634565,0.1662233520091396,2302.7470320117272,1019.8484931873312,0.0028171791585085855
2412906.0,São Tomé,24,Rio Grande do Norte,9,5570,2654,1.5929521000000002,0.1769946777777778,0.1116837,0.17468895582171745,3496.652535879766,1666.0890179936985,0.002535461242657727
2413003.0,São Vicente,24,Rio Grande do Norte,9,4324,1869,2.512527,0.27916966666666665,0.2346119,0.1264955433642624,1720.97653079947,743.8726031600854,0.002535461242657727
2413102.0,Senador Elói de Souza,24,Rio Grande do Norte,3,2773,1179,2.1877582,0.7292527333333334,0.4479065,0.5052164891253682,1267.5075335107874,538.9078189719503,0.0008451537475525756
2413201.0,Senador Georgino Avelino,24,Rio Grande do Norte,5,4023,1491,2.8591675999999997,0.57183352,0.4189897,0.5182675273597044,1407.052877907542,521.4804476659571,0.0014085895792542928
2413300.0,Serra de São Bento,24,Rio Grande do Norte,6,3782,1650,1.4868983,0.24781638333333333,0.25882695,0.08872520653684424,2543.549885019036,1109.6925727872579,0.0016903074951051512
2413359.0,Serra do Mel,24,Rio Grande do Norte,6,5457,2488,6.055176400000001,1.0091960666666668,0.5172854,1.3332691451491836,901.2123907736196,410.8881121943862,0.0016903074951051512
2413409.0,Serra Negra do Norte,24,Rio Grande do Norte,10,5314,1912,1.2689069,0.12689069,0.09449305,0.10243679831233013,4187.8564928601145,1506.8087343523785,0.0028171791585085855
2413508.0,Serrinha,24,Rio Grande do Norte,5,2721,1179,1.1451612999999998,0.22903225999999996,0.2628848,0.14258150737596723,2376.0844869626667,1029.5492870742316,0.0014085895792542928
2413557.0,Serrinha dos Pintos,24,Rio Grande do Norte,4,2640,1107,2.478776,0.619694,0.6764949499999999,0.20766749319112676,1065.0417786843184,446.5913821983108,0.0011268716634034342
2413607.0,Severiano Melo,24,Rio Grande do Norte,4,2155,930,0.9979068,0.2494767,0.2354327,0.05486168931783514,2159.520307908514,931.9507593294284,0.0011268716634034342
2413706.0,Sítio Novo,24,Rio Grande do Norte,5,2704,1231,1.5497366,0.30994731999999997,0.3266959,0.15635850457946635,1744.812634611585,794.3285329907031,0.0014085895792542928
2413805.0,Taboleiro Grande,24,Rio Grande do Norte,4,2008,824,1.0526321,0.263158025,0.2250542,0.1650964433768007,1907.5990557384673,782.7996125141917,0.0011268716634034342
2413904.0,Taipu,24,Rio Grande do Norte,6,3304,1328,0.8197335,0.13662225,0.0710713,0.17852861078256058,4030.5782306078745,1620.0387077019543,0.0016903074951051512
2414001.0,Tangará,24,Rio Grande do Norte,18,9968,4361,8.1234789,0.45130438333333334,0.33793905,0.39494780234852667,1227.0604900567907,536.838964399846,0.005070922485315454
2414100.0,Tenente Ananias,24,Rio Grande do Norte,8,7415,2765,3.6308515,0.4538564375,0.4317226,0.2443244627474699,2042.2206746819584,761.5293547532858,0.0022537433268068684
2414159.0,Tenente Laurentino Cruz,24,Rio Grande do Norte,8,4053,1700,1.6462577,0.2057822125,0.15464475,0.15010948443766386,2461.9474824628,1032.6451320470665,0.0022537433268068684
2414209.0,Tibau do Sul,24,Rio Grande do Norte,18,11428,6556,10.4134185,0.57852325,0.38224025,0.4619802346179889,1097.4302050762676,629.5723157577888,0.005070922485315454
2414308.0,Timbaúba dos Batistas,24,Rio Grande do Norte,3,2020,810,0.9287252,0.3095750666666667,0.3079253,0.11196166642669864,2175.0244313387857,872.1632620714933,0.0008451537475525756
2414407.0,Touros,24,Rio Grande do Norte,22,14926,6333,5.5432926,0.2519678454545455,0.15930935000000002,0.23046019393241932,2692.6235140465074,1142.4617924733036,0.006197794148718887
2414456.0,Triunfo Potiguar,24,Rio Grande do Norte,3,2305,993,1.2181492,0.40604973333333333,0.4427136,0.19062964000412774,1892.2148452751107,815.1710808495379,0.0008451537475525756
2414506.0,Umarizal,24,Rio Grande do Norte,13,8746,3802,5.7916483,0.44551140769230774,0.3277442,0.42922986203085384,1510.1055083058134,656.4625134437117,0.003662332906061161
2414605.0,Upanema,24,Rio Grande do Norte,14,7658,3147,5.7630714,0.4116479571428572,0.2226863,0.5126963064651637,1328.8053311295084,546.0629899535862,0.0039440508219120195
2414704.0,Várzea,24,Rio Grande do Norte,6,4060,1671,1.5468289,0.25780481666666666,0.13225105,0.36200611684441697,2624.724686744604,1080.2746186084319,0.0016903074951051512
2414753.0,Venha-Ver,24,Rio Grande do Norte,2,1190,542,1.9466902,0.9733451,0.9733451,0.12700486318247822,611.293979904969,278.4212916878094,0.0005634358317017171
2414803.0,Vera Cruz,24,Rio Grande do Norte,14,8146,3285,6.1636825,0.4402630357142857,0.3780611,0.31258061821310035,1321.612526277919,532.9606124260943,0.0039440508219120195
2414902.0,Viçosa,24,Rio Grande do Norte,2,1786,731,0.7370073,0.36850365,0.36850365,0.0014050918848958023,2423.3138532006396,991.8490630961186,0.0005634358317017171
2415008.0,Vila Flor,24,Rio Grande do Norte,3,2942,1072,0.6971956,0.23239853333333335,0.263414,0.08994629237396802,4219.7627179517485,1537.5885906336757,0.0008451537475525756
2500106.0,Água Branca,25,Paraíba,9,4494,1997,0.9985171,0.11094634444444446,0.1030438,0.04341657149344335,4500.674049548074,1999.9657492095027,0.002535461242657727
2500205.0,Aguiar,25,Paraíba,7,2849,1297,2.3442712,0.33489588571428575,0.2825875,0.26891673192365345,1215.3030758557286,553.2636326377256,0.0019720254109560098
2500304.0,Alagoa Grande,25,Paraíba,34,16730,7386,5.7626062,0.1694884176470588,0.11603985,0.1316542698463335,2903.2002915625226,1281.7117366097307,0.00957840913892919
2500403.0,Alagoa Nova,25,Paraíba,17,11585,4460,4.524267,0.26613335294117646,0.2182402,0.22614204491690923,2560.635789178667,985.7950470208765,0.004789204569464595
2500502.0,Alagoinha,25,Paraíba,14,9566,3601,2.2243865,0.15888475,0.1068506,0.13727752935836418,4300.511624216385,1618.8733387835252,0.0039440508219120195
2500536.0,Alcantil,25,Paraíba,5,2622,1161,2.112897,0.42257939999999994,0.4421088,0.09816917916018754,1240.9502214258434,549.4825351164776,0.0014085895792542928
2500577.0,Algodão de Jandaíra,25,Paraíba,3,1743,764,0.9846489,0.3282163,0.4057906,0.21030942046106732,1770.1741199324956,775.9110887139568,0.0008451537475525756
2500601.0,Alhandra,25,Paraíba,38,17963,7279,5.3631512,0.14113555789473683,0.0870623,0.17548050371567592,3349.3368600161784,1357.2244616187588,0.010705280802332625
2500700.0,São João do Rio do Peixe,25,Paraíba,15,7837,3358,7.2674904,0.48449936,0.1940518,0.7764356630616932,1078.3639975637257,462.0577138980466,0.004225768737762878
2500734.0,Amparo,25,Paraíba,3,1287,668,0.9796585999999999,0.32655286666666666,0.3464216,0.24767972006785965,1313.7229643061369,681.8701943717945,0.0008451537475525756
2500775.0,Aparecida,25,Paraíba,6,4373,1734,1.8549134999999999,0.30915224999999996,0.2843559,0.10237561246491765,2357.522331903887,934.8144805674227,0.0016903074951051512
2500809.0,Araçagi,25,Paraíba,12,7370,3032,2.0090963,0.16742469166666665,0.13832745,0.10830519688369243,3668.3159488173865,1509.1362220914946,0.0033806149902103023
2500908.0,Arara,25,Paraíba,19,9628,4321,2.4736377,0.13019145789473682,0.0820441,0.1234188209903908,3892.2433952231568,1746.8200779766578,0.0053526404011663125
2501005.0,Araruna,25,Paraíba,19,9574,4616,4.0684482,0.21412885263157894,0.1854435,0.1700527110203819,2353.23138684671,1134.5849260167552,0.0053526404011663125
2501104.0,Areia,25,Paraíba,25,14689,6508,7.4113267,0.296453068,0.2320225,0.2622889047521005,1981.9663326945229,878.1153851981724,0.007042947896271463
2501153.0,Areia de Baraúnas,25,Paraíba,2,1057,455,0.6394561999999999,0.31972809999999996,0.31972809999999996,0.05420114899151126,1652.9670054024032,711.542088418253,0.0005634358317017171
2501203.0,Areial,25,Paraíba,8,5563,2408,2.119193,0.264899125,0.24501095,0.16914430444341008,2625.055858527279,1136.281593984125,0.0022537433268068684
2501302.0,Aroeiras,25,Paraíba,19,9721,4517,6.8963021,0.36296326842105264,0.3342567,0.2750968705319658,1409.5960210327794,654.9887076437675,0.0053526404011663125
2501351.0,Assunção,25,Paraíba,8,3306,1502,1.3834885,0.1729360625,0.15953865,0.07881579475427748,2389.6114785196987,1085.661355334721,0.0022537433268068684
2501401.0,Baía da Traição,25,Paraíba,11,2728,3157,2.6944912,0.24495374545454543,0.1906554,0.18194852952248533,1012.4360398727597,1171.6497719495244,0.0030988970743594437
2501500.0,Bananeiras,25,Paraíba,28,13597,6433,13.9522131,0.498293325,0.31757165,0.6194372870527272,974.5407343298103,461.0738062766544,0.007888101643824039
2501534.0,Baraúna,25,Paraíba,8,3913,1851,1.6834342,0.210429275,0.12569625,0.1907625577566726,2324.415174647159,1099.5380752036522,0.0022537433268068684
2501575.0,Barra de Santana,25,Paraíba,3,1051,509,1.0329518,0.3443172666666667,0.4179836,0.1530816564433614,1017.4724512799145,492.7625858244305,0.0008451537475525756
2501609.0,Barra de Santa Rosa,25,Paraíba,18,7949,3916,2.6702089,0.1483449388888889,0.0946321,0.152722517920455,2976.9206446731564,1466.5519240835426,0.005070922485315454
2501708.0,Barra de São Miguel,25,Paraíba,6,2659,1288,1.2458707,0.20764511666666666,0.1981099,0.14861941562277003,2134.250368035784,1033.8151463069162,0.0016903074951051512
2501807.0,Bayeux,25,Paraíba,176,82350,32788,18.6684017,0.10607046420454545,0.05303315,0.27053269993856477,4411.19712996105,1756.3367516352512,0.0495823531897511
2501906.0,Belém,25,Paraíba,23,14031,6132,4.2995652,0.18693761739130435,0.0719458,0.2685866179572796,3263.353233950261,1426.190722727033,0.006479512064569746
2502003.0,Belém do Brejo do Cruz,25,Paraíba,11,5093,2077,2.5387674000000002,0.23079703636363638,0.1925948,0.16406110310758776,2006.0916175306172,818.113545967228,0.0030988970743594437
2502052.0,Bernardino Batista,25,Paraíba,3,1413,534,1.3771724,0.4590574666666667,0.3419942,0.20765232253158966,1026.0153340278964,387.75101795534096,0.0008451537475525756
2502102.0,Boa Ventura,25,Paraíba,7,3851,1542,1.5070501,0.21529287142857143,0.2095728,0.0837202963088743,2555.3231442007136,1023.1909343956116,0.0019720254109560098
2502151.0,Boa Vista,25,Paraíba,8,3777,1460,2.5673551,0.3209193875,0.21259060000000002,0.2893528653503264,1471.1638448456156,568.6786374039182,0.0022537433268068684
2502201.0,Bom Jesus,25,Paraíba,2,1155,524,0.5221032999999999,0.26105164999999997,0.26105164999999997,0.07527568878731696,2212.2058987177443,1003.6328059983533,0.0005634358317017171
2502300.0,Bom Sucesso,25,Paraíba,4,2319,1022,2.1942757,0.548568925,0.5271924,0.20257941801921167,1056.8407607120655,465.7573339576244,0.0011268716634034342
2502409.0,Bonito de Santa Fé,25,Paraíba,17,7502,3152,3.2840711,0.19318065294117645,0.1587921,0.1304107244384023,2284.359799640148,959.7843359725068,0.004789204569464595
2502508.0,Boqueirão,25,Paraíba,26,12953,5258,6.9676808,0.2679877230769231,0.10392989999999999,0.34426402047149374,1859.0116814765681,754.6269915234923,0.007324665812122322
2502607.0,Igaracy,25,Paraíba,9,4499,1962,1.6336195,0.1815132777777778,0.1652145,0.05722728268153175,2754.0072826016094,1201.0140672292416,0.002535461242657727
2502706.0,Borborema,25,Paraíba,7,3467,1508,1.0258768,0.14655382857142857,0.1438461,0.06349439598887749,3379.5481094805923,1469.9620851158736,0.0019720254109560098
2502805.0,Brejo do Cruz,25,Paraíba,20,11188,4430,4.6921644,0.23460822,0.18201,0.1892405150504361,2384.400682976922,944.1271921333362,0.005634358317017171
2502904.0,Brejo dos Santos,25,Paraíba,10,4865,1904,2.0883108,0.20883108,0.2130454,0.07351051490482767,2329.6340755408633,911.741681362755,0.0028171791585085855
2503001.0,Caaporã,25,Paraíba,30,18048,6929,4.3412268,0.14470756,0.11847745,0.08982967084788702,4157.350175761377,1596.092606817962,0.008451537475525756
2503100.0,Cabaceiras,25,Paraíba,6,2756,1227,4.5931482,0.7655247,0.31357205,0.7928000675050727,600.024183848455,267.13703685851027,0.0016903074951051512
2503209.0,Cabedelo,25,Paraíba,183,66517,33792,22.3141076,0.12193501420765027,0.0703065,0.1664008066182743,2980.9392870365114,1514.3782850630334,0.051554378600707114
2503308.0,Cachoeira dos Índios,25,Paraíba,10,4145,1796,4.084222700000001,0.4084222700000001,0.19984395,0.7454682445489413,1014.8809955931148,439.74095731851247,0.0028171791585085855
2503407.0,Cacimba de Areia,25,Paraíba,3,1753,825,0.7379864,0.2459954666666667,0.2701015,0.09980749887840759,2375.3825273744883,1117.9067798539377,0.0008451537475525756
2503506.0,Cacimba de Dentro,25,Paraíba,23,11324,4929,3.2700408,0.14217568695652175,0.1161753,0.10369952956445544,3462.953734399889,1507.3206426048264,0.006479512064569746
2503555.0,Cacimbas,25,Paraíba,6,3383,1534,1.4403316,0.24005526666666666,0.21770984999999998,0.08061329509081407,2348.7646872428545,1065.0325244547853,0.0016903074951051512
2503605.0,Caiçara,25,Paraíba,8,4913,2089,1.2975638,0.162195475,0.1682039,0.08453615425085884,3786.326344800926,1609.9401046792457,0.0022537433268068684
2503704.0,Cajazeiras,25,Paraíba,121,52616,24481,29.1383115,0.2408124917355372,0.057499,0.444464306439166,1805.7326348508561,840.165360988745,0.034087867817953886
2503753.0,Cajazeirinhas,25,Paraíba,2,1327,511,1.6308404,0.8154202,0.8154202,0.42326280550976836,813.6909043950591,313.3353821747364,0.0005634358317017171
2503803.0,Caldas Brandão,25,Paraíba,7,3396,1497,2.7288825,0.38984035714285714,0.4011472,0.2050391849167199,1244.4654542656197,548.5762028962405,0.0019720254109560098
2503902.0,Camalaú,25,Paraíba,7,3622,1971,1.8817842,0.2688263142857143,0.3487155,0.17347815166863162,1924.769056940748,1047.4102184511912,0.0019720254109560098
2504009.0,Campina Grande,25,Paraíba,741,406198,177451,110.6929154,0.14938315168690958,0.0685256,0.33981097612648975,3669.5934742721574,1603.0926582678117,0.20875297564548617
2504033.0,Capim,25,Paraíba,9,6707,2608,4.3339455000000005,0.4815495000000001,0.4551896,0.2918745717015059,1547.5506094850523,601.761143512303,0.002535461242657727
2504074.0,Caraúbas,25,Paraíba,4,1805,931,1.3798445,0.344961125,0.31001805,0.08991422909430132,1308.1184147923916,674.7137086823914,0.0011268716634034342
2504108.0,Carrapateira,25,Paraíba,2,1647,603,0.6061313,0.30306565,0.30306565,0.11697292714575028,2717.233048351075,994.8339575930165,0.0005634358317017171
2504157.0,Casserengue,25,Paraíba,6,4011,1846,1.8516778,0.30861296666666665,0.2509682,0.2269830384214439,2166.1435915038783,996.9336998045773,0.0016903074951051512
2504207.0,Catingueira,25,Paraíba,8,3002,1223,1.3823647000000001,0.17279558750000001,0.12343080000000001,0.15552912349166026,2171.641101657182,884.715878523229,0.0022537433268068684
2504306.0,Catolé do Rocha,25,Paraíba,42,23975,9610,9.9525771,0.2369661214285714,0.16573815,0.23582447148066785,2408.923815320155,965.5790559010089,0.011832152465736058
2504355.0,Caturité,25,Paraíba,3,1289,550,0.8594883,0.2864961,0.3171917,0.15260093891523077,1499.729548383614,639.9156335228763,0.0008451537475525756
2504405.0,Conceição,25,Paraíba,30,12427,5341,7.9285787,0.26428595666666665,0.1502836,0.37610227298307164,1567.3679319094101,673.639021833762,0.008451537475525756
2504504.0,Condado,25,Paraíba,10,4792,2159,3.3995077,0.33995077,0.2797153,0.30897598578847896,1409.6158687918253,635.0919575796224,0.0028171791585085855
2504603.0,Conde,25,Paraíba,80,20510,14727,31.1036663,0.38879582875,0.19012849999999998,0.5500578165274332,659.4077946367371,473.4811600007424,0.022537433268068684
2504702.0,Congo,25,Paraíba,9,3455,1882,3.2339431,0.3593270111111111,0.0720033,0.40554387538537817,1068.3552224527389,581.9521067021866,0.002535461242657727
2504801.0,Coremas,25,Paraíba,23,12299,5258,5.6342652,0.24496805217391304,0.1721049,0.2648189497742044,2182.8933433946277,933.2184079656031,0.006479512064569746
2504850.0,Coxixola,25,Paraíba,2,880,441,1.4475017000000001,0.7237508500000001,0.7237508500000001,0.36031976609312594,607.944018304089,304.66285462739006,0.0005634358317017171
2504900.0,Cruz do Espírito Santo,25,Paraíba,20,8798,3250,1.9599218999999999,0.09799609499999999,0.06021755,0.0901694377358273,4488.954381294479,1658.229340669136,0.005634358317017171
2505006.0,Cubati,25,Paraíba,11,5238,2283,3.9770866000000002,0.3615533272727273,0.2438172,0.43855101432064,1317.0444918146866,574.0382922514184,0.0030988970743594437
2505105.0,Cuité,25,Paraíba,29,14311,6985,5.8822414,0.2028359103448276,0.1611053,0.1432412767833758,2432.9161329557132,1187.4725168538646,0.008169819559674897
2505204.0,Cuitegi,25,Paraíba,10,5634,2291,2.5477748,0.25477748,0.1716713,0.30991488324034244,2211.34144195162,899.2160531613705,0.0028171791585085855
2505238.0,Cuité de Mamanguape,25,Paraíba,4,2110,882,4.1941613,1.048540325,0.8114315999999999,0.6503239188261102,503.0803178695106,210.29234140327412,0.0011268716634034342
2505279.0,Curral de Cima,25,Paraíba,1,619,311,0.2734711,0.2734711,0.2734711,0.0,2263.49329051589,1137.2316855419092,0.00028171791585085854
2505303.0,Curral Velho,25,Paraíba,3,1389,531,0.6242383,0.20807943333333334,0.1874863,0.05400555745637047,2225.111788238562,850.6366879443315,0.0008451537475525756
2505352.0,Damião,25,Paraíba,6,3055,1524,1.2112902,0.20188170000000003,0.19801175,0.11248703016680636,2522.1041167508824,1258.1625773906203,0.0016903074951051512
2505402.0,Desterro,25,Paraíba,12,5271,2503,2.3888562,0.19907135,0.1351185,0.16486504484781428,2206.4953093451163,1047.7817794139303,0.0033806149902103023
2505501.0,Vista Serrana,25,Paraíba,4,1801,754,0.8974956000000001,0.22437390000000001,0.219341,0.08545894972488252,2006.6950746053797,840.115539285095,0.0011268716634034342
2505600.0,Diamante,25,Paraíba,9,4109,1829,1.899688,0.21107644444444446,0.2106628,0.15250526031648146,2162.986764142322,962.7896791473125,0.002535461242657727
2505709.0,Dona Inês,25,Paraíba,12,5330,2435,2.3504199999999997,0.1958683333333333,0.1226041,0.16444012555490625,2267.6798189259794,1035.985057989636,0.0033806149902103023
2505808.0,Duas Estradas,25,Paraíba,6,2699,1228,1.0155341999999998,0.16925569999999998,0.11827114999999999,0.16171046109791412,2657.714530933572,1209.2157999208694,0.0016903074951051512
2505907.0,Emas,25,Paraíba,4,2229,901,0.6461906,0.16154765,0.15840775,0.06555885619606755,3449.446649332256,1394.3254513451604,0.0011268716634034342
2506004.0,Esperança,25,Paraíba,39,22403,9605,5.6224739,0.14416599743589745,0.0724215,0.1923590317510414,3984.544952712008,1708.3227367227084,0.010986998718183483
2506103.0,Fagundes,25,Paraíba,10,6138,2756,4.8633825,0.48633825,0.4919633,0.2075957283840732,1262.084567685145,566.6837843825773,0.0028171791585085855
2506202.0,Frei Martinho,25,Paraíba,3,1964,868,1.190239,0.39674633333333337,0.4219392,0.11775513782359279,1650.0887636852765,729.2652988181364,0.0008451537475525756
2506251.0,Gado Bravo,25,Paraíba,3,1426,659,2.364445,0.7881483333333333,0.6107845,0.37898003276468706,603.1013620532514,278.7123405281155,0.0008451537475525756
2506301.0,Guarabira,25,Paraíba,84,51062,21272,21.4449687,0.25529724642857143,0.08210700000000001,0.6093255432188086,2381.071323270339,991.9342992559368,0.023664304931472115
2506400.0,Gurinhém,25,Paraíba,13,6263,2558,1.7966626,0.1382048153846154,0.1314346,0.08499045281645705,3485.9077046519474,1423.750903480709,0.003662332906061161
2506509.0,Gurjão,25,Paraíba,4,2285,1030,1.5640021,0.391000525,0.40020120000000003,0.21470760995835517,1460.9954807605438,658.5668906710547,0.0011268716634034342
2506608.0,Ibiara,25,Paraíba,10,3815,1749,2.2870053,0.22870053,0.1742997,0.14152094518661695,1668.1203143691882,764.755551725219,0.0028171791585085855
2506707.0,Imaculada,25,Paraíba,11,5502,2265,1.5662819,0.14238926363636362,0.1316887,0.0642061026354703,3512.7776168517303,1446.09983681737,0.0030988970743594437
2506806.0,Ingá,25,Paraíba,21,12210,5200,5.4271302,0.2584347714285714,0.2217406,0.18190180796397032,2249.807826611567,958.1491153464497,0.005916076232868029
2506905.0,Itabaiana,25,Paraíba,53,19583,8872,10.1827623,0.19212759056603773,0.0863533,0.2403833145911188,1923.1520311536683,871.2763529793875,0.014931049540095503
2507002.0,Itaporanga,25,Paraíba,33,18842,7879,4.3640851000000005,0.13224500303030304,0.0893642,0.11200846565002767,4317.51433994722,1805.418505702375,0.009296691223078331
2507101.0,Itapororoca,25,Paraíba,20,12533,4979,3.7679216,0.18839608000000002,0.17728795,0.11939950806121265,3326.2369365647096,1321.4181526494606,0.005634358317017171
2507200.0,Itatuba,25,Paraíba,13,6306,2468,1.9740639,0.15185106923076924,0.1390241,0.08833168010900153,3194.425469205936,1250.212822391413,0.003662332906061161
2507309.0,Jacaraú,25,Paraíba,16,9070,3888,4.7787594,0.2986724625,0.1249082,0.41651721298484784,1897.982141557493,813.6002829520984,0.004507486653613737
2507408.0,Jericó,25,Paraíba,8,5380,2073,3.5939752,0.4492469,0.40615785000000004,0.25483268279796,1496.9496728858896,576.7986378982248,0.0022537433268068684
2507507.0,João Pessoa,25,Paraíba,1774,833387,377456,178.4376804,0.10058493821871477,0.048035049999999996,0.3185552589058624,4670.465330707135,2115.3379664758295,0.49976758271942306
2507606.0,Juarez Távora,25,Paraíba,11,6027,2590,2.496587,0.22696245454545452,0.181607,0.2007234579101026,2414.0957234816974,1037.4162807064204,0.0030988970743594437
2507705.0,Juazeirinho,25,Paraíba,21,9338,4080,6.3266676,0.30126988571428576,0.0751261,0.42549532743018964,1475.9744924800536,644.8892620816683,0.005916076232868029
2507804.0,Junco do Seridó,25,Paraíba,8,4563,1950,1.9365042000000001,0.24206302500000001,0.23869355,0.092774353778952,2356.307825203787,1006.9691560699945,0.0022537433268068684
2507903.0,Juripiranga,25,Paraíba,15,9310,3600,1.7899748,0.11933165333333333,0.0943571,0.07153952715149722,5201.190541900366,2011.2014984791965,0.004225768737762878
2508000.0,Juru,25,Paraíba,9,4645,1968,1.665166,0.18501844444444443,0.148753,0.17202904237499486,2789.511676313353,1181.8641504810932,0.002535461242657727
2508109.0,Lagoa,25,Paraíba,6,2811,1162,1.6054054,0.26756756666666665,0.26307905,0.10428113882369461,1750.9596018550828,723.8047162417668,0.0016903074951051512
2508208.0,Lagoa de Dentro,25,Paraíba,9,5018,2191,1.6924207,0.18804674444444444,0.2116024,0.07485568698561104,2964.9838246483278,1294.5953686338155,0.002535461242657727
2508307.0,Lagoa Seca,25,Paraíba,31,15001,5864,12.571898000000001,0.4055450967741936,0.159839,0.6852755907657553,1193.2168078360164,466.43712826814215,0.008733255391376614
2508406.0,Lastro,25,Paraíba,2,1430,520,1.0032258,0.5016129,0.5016129,0.08091338044303922,1425.401938427022,518.3279776098262,0.0005634358317017171
2508505.0,Livramento,25,Paraíba,7,3786,1931,2.6402897999999997,0.3771842571428571,0.3024009,0.27830938507000835,1433.933502299634,731.3591106552017,0.0019720254109560098
2508554.0,Logradouro,25,Paraíba,6,3529,1364,2.8670567,0.47784278333333335,0.24219425,0.4692386904839217,1230.879040515662,475.74922393407843,0.0016903074951051512
2508604.0,Lucena,25,Paraíba,33,10952,8606,15.4925551,0.46947136666666667,0.2126456,0.5739666715624886,706.9201903306447,555.4926185158444,0.009296691223078331
2508703.0,Mãe d'Água,25,Paraíba,3,1629,763,0.6240294,0.2080098,0.2339906,0.06560537061430259,2610.4539305359654,1222.6988023320696,0.0008451537475525756
2508802.0,Malta,25,Paraíba,10,5428,2233,2.2139474000000003,0.22139474000000003,0.18768425,0.1773856862901113,2451.729431331566,1008.6057148421862,0.0028171791585085855
2508901.0,Mamanguape,25,Paraíba,57,36869,13929,9.842633,0.17267777192982456,0.1086595,0.1720887223397931,3745.847274809495,1415.1701074295872,0.016057921203498936
2509008.0,Manaíra,25,Paraíba,16,6808,3201,2.0574986,0.1285936625,0.12477445,0.08009904755247199,3308.8722393298344,1555.7726260421268,0.004507486653613737
2509057.0,Marcação,25,Paraíba,8,3178,1338,2.7697962,0.346224525,0.3817005,0.20978950588405615,1147.3768358841708,483.0680322256201,0.0022537433268068684
2509107.0,Mari,25,Paraíba,30,17903,7510,4.8114212,0.16038070666666665,0.10454075,0.14079795941954884,3720.9380047625014,1560.8693747286145,0.008451537475525756
2509156.0,Marizópolis,25,Paraíba,11,5707,2267,3.3473061,0.3043005545454545,0.3203802,0.15697213808582314,1704.9531263364292,677.2610368678263,0.0030988970743594437
2509206.0,Massaranduba,25,Paraíba,19,8547,3727,4.406903,0.23194226315789473,0.1906278,0.1979132488494846,1939.4572560367226,845.7186373287545,0.0053526404011663125
2509305.0,Mataraca,25,Paraíba,10,7162,2880,4.1079536,0.41079536,0.2785883,0.35961349006106913,1743.447150912318,701.0789995291086,0.0028171791585085855
2509339.0,Matinhas,25,Paraíba,1,1076,442,0.5750737,0.5750737,0.5750737,0.0,1871.0645261642117,768.5971380711724,0.00028171791585085854
2509370.0,Mato Grosso,25,Paraíba,2,1277,553,1.4965955,0.74829775,0.74829775,0.19726617494168885,853.2699717458726,369.50532057593387,0.0005634358317017171
2509396.0,Maturéia,25,Paraíba,11,4747,2271,2.2936726,0.2085156909090909,0.2507614,0.10603565530801848,2069.6066212762885,990.1151541854754,0.0030988970743594437
2509404.0,Mogeiro,25,Paraíba,15,6180,2796,4.1169414,0.27446276,0.2000307,0.22625158786558763,1501.1143952644068,679.1449594108869,0.004225768737762878
2509503.0,Montadas,25,Paraíba,5,4085,1625,1.7057129,0.34114258,0.3641015,0.08457046512354062,2394.893067877953,952.6808409551221,0.0014085895792542928
2509602.0,Monte Horebe,25,Paraíba,5,2717,1244,1.5273131,0.30546262,0.3499327,0.10162008044469853,1778.9410697780304,814.5022785439345,0.0014085895792542928
2509701.0,Monteiro,25,Paraíba,49,21809,11381,14.5625437,0.29719476938775513,0.0731369,0.635016223418296,1497.6092397923585,781.5255517482154,0.013804177876692069
2509800.0,Mulungu,25,Paraíba,8,4380,2032,1.7277077,0.2159634625,0.1605517,0.20927972273278475,2535.151055933825,1176.1248734377928,0.0022537433268068684
2509909.0,Natuba,25,Paraíba,8,3812,1617,1.4881303,0.1860162875,0.1307729,0.15927181365411086,2561.6036445195696,1086.5983980031856,0.0022537433268068684
2510006.0,Nazarezinho,25,Paraíba,6,3631,1489,2.5234050000000003,0.42056750000000004,0.4478327,0.15145973815271174,1438.9287490513807,590.075711191822,0.0016903074951051512
2510105.0,Nova Floresta,25,Paraíba,17,8965,4236,3.1609751999999998,0.1859397176470588,0.1684961,0.1424819638498336,2836.150059007107,1340.0927663083216,0.004789204569464595
2510204.0,Nova Olinda,25,Paraíba,8,3279,1564,1.4068092,0.17585115,0.16553089999999998,0.10474920033494971,2330.8064803670604,1111.7356923739196,0.0022537433268068684
2510303.0,Nova Palmeira,25,Paraíba,6,2914,1260,2.0239144000000002,0.3373190666666667,0.22240165,0.3836138481123989,1439.7842122176708,622.5559737111411,0.0016903074951051512
2510402.0,Olho d'Água,25,Paraíba,8,3743,1607,2.1094959,0.2636869875,0.23778910000000003,0.15017805096331904,1774.3575609698978,761.7933744265632,0.0022537433268068684
2510501.0,Olivedos,25,Paraíba,5,2072,937,1.9404376,0.38808752,0.3723595,0.31821361775485346,1067.8003765748508,482.88076875030663,0.0014085895792542928
2510600.0,Ouro Velho,25,Paraíba,4,2021,1031,2.6657954,0.66644885,0.6175643,0.4411638057691005,758.122697638386,386.75136133853334,0.0011268716634034342
2510659.0,Parari,25,Paraíba,2,897,457,1.6156591999999999,0.8078295999999999,0.8078295999999999,0.6563390598817657,555.191342332591,282.8566816566266,0.0005634358317017171
2510709.0,Passagem,25,Paraíba,3,1220,526,1.0833412,0.36111373333333335,0.4678917,0.1938765367692113,1126.1456686037602,485.53493580785073,0.0008451537475525756
2510808.0,Patos,25,Paraíba,216,100123,43442,36.514675,0.16904942129629627,0.0747192,0.3018787063890537,2741.993458794307,1189.7134508249083,0.06085106982378544
2510907.0,Paulista,25,Paraíba,13,6575,2771,4.0802973,0.31386902307692305,0.2800462,0.19384763031992058,1611.402188757177,679.1171809956103,0.003662332906061161
2511004.0,Pedra Branca,25,Paraíba,6,2625,1069,1.594671,0.2657785,0.30173795000000003,0.09191777644786671,1646.1075670153907,670.3577101483629,0.0016903074951051512
2511103.0,Pedra Lavrada,25,Paraíba,7,3118,1390,1.8219853,0.2602836142857143,0.1851629,0.2854923899210942,1711.3200638885507,762.9040695333821,0.0019720254109560098
2511202.0,Pedras de Fogo,25,Paraíba,30,17645,6909,3.4157304,0.11385768,0.06905195,0.10107518143007725,5165.8058258930505,2022.7006206344622,0.008451537475525756
2511301.0,Piancó,25,Paraíba,24,11982,4941,7.2398177,0.3016590708333333,0.13367665,0.53597504136631,1655.0140482128438,682.4757479735989,0.006761229980420605
2511400.0,Picuí,25,Paraíba,22,12772,5823,6.3445805,0.2883900227272727,0.13979275,0.43777339344791366,2013.0566552036025,917.79117626453,0.006197794148718887
2511509.0,Pilar,25,Paraíba,18,8708,3557,3.3403632,0.18557573333333333,0.1409955,0.12895054712097057,2606.9021476466987,1064.8542649493922,0.005070922485315454
2511608.0,Pilões,25,Paraíba,8,3932,1539,0.7643051,0.0955381375,0.08001395,0.0492841285018945,5144.54240852246,2013.5937860417262,0.0022537433268068684
2511707.0,Pilõezinhos,25,Paraíba,5,3479,1359,0.7406324999999999,0.1481265,0.1539811,0.06907833156044664,4697.3363982812,1834.9181274113682,0.0014085895792542928
2511806.0,Pirpirituba,25,Paraíba,13,7498,3024,2.3709496,0.18238073846153846,0.0834103,0.19886005775883175,3162.445966797439,1275.438330700914,0.003662332906061161
2511905.0,Pitimbu,25,Paraíba,39,10591,10286,23.770933499999998,0.6095111153846153,0.1971065,1.2034083833990206,445.54413481489905,432.7133387504534,0.010986998718183483
2512002.0,Pocinhos,25,Paraíba,20,11290,4551,6.3944025,0.319720125,0.26006805,0.2486038018793778,1765.6067161865396,711.7162236815715,0.005634358317017171
2512036.0,Poço Dantas,25,Paraíba,2,1393,523,1.8964036,0.9482018,0.9482018,0.5133829990865689,734.5482786470137,275.7851756872851,0.0005634358317017171
2512077.0,Poço de José de Moura,25,Paraíba,4,1438,624,0.7883127,0.197078175,0.22521065,0.09190185029651199,1824.1492240325445,791.5640582728148,0.0011268716634034342
2512101.0,Pombal,25,Paraíba,54,27374,12147,10.466019300000001,0.19381517222222225,0.08970275,0.34819966356731735,2615.512088726991,1160.6131855690346,0.01521276745594636
2512200.0,Prata,25,Paraíba,4,2617,1207,2.2561465,0.564036625,0.5632491000000001,0.22748880286203652,1159.942406222291,534.9829898014159,0.0011268716634034342
2512309.0,Princesa Isabel,25,Paraíba,29,15758,7084,5.8160995,0.2005551551724138,0.0983108,0.20628762809950332,2709.3759314124527,1217.9984197312992,0.008169819559674897
2512408.0,Puxinanã,25,Paraíba,16,8126,3478,9.3228878,0.5826804875,0.39065475,0.6660936550722296,871.6183412611701,373.0603729887214,0.004507486653613737
2512507.0,Queimadas,25,Paraíba,49,28493,12542,11.310739,0.2308314081632653,0.0968006,0.25040173817038314,2519.110378198984,1108.857697096538,0.013804177876692069
2512606.0,Quixaba,25,Paraíba,2,929,375,0.680384,0.340192,0.340192,0.18999025829531366,1365.405418116828,551.1593453108833,0.0005634358317017171
2512705.0,Remígio,25,Paraíba,26,14311,6118,5.5326474,0.21279413076923076,0.13773570000000002,0.2325851042677407,2586.6459518096162,1105.79972980024,0.007324665812122322
2512721.0,Pedro Régis,25,Paraíba,4,2492,1105,2.4434678,0.61086695,0.5766773000000001,0.27931134785336476,1019.8620174163948,452.22613533110604,0.0011268716634034342
2512747.0,Riachão,25,Paraíba,3,1787,886,1.5398009,0.5132669666666666,0.3761892,0.32885298327490253,1160.539651587423,575.3990662039489,0.0008451537475525756
2512754.0,Riachão do Bacamarte,25,Paraíba,5,3030,1262,2.868478,0.5736956,0.1902178,0.5515877926871071,1056.3093040978526,439.9545682414158,0.0014085895792542928
2512762.0,Riachão do Poço,25,Paraíba,2,1713,772,1.5406435,0.77032175,0.77032175,0.6419374867800174,1111.873058238327,501.0893175481544,0.0005634358317017171
2512788.0,Riacho de Santo Antônio,25,Paraíba,2,1504,623,0.7889948,0.3944974,0.3944974,0.16735732586445093,1906.2229560955282,789.6123016273365,0.0005634358317017171
2512804.0,Riacho dos Cavalos,25,Paraíba,8,4718,1841,2.1756074,0.271950925,0.1933177,0.1980723522696676,2168.589792441412,846.2004679704619,0.0022537433268068684
2512903.0,Rio Tinto,25,Paraíba,29,15567,6277,8.6642478,0.29876716551724136,0.2405004,0.2368705452936707,1796.6937649220974,724.4714307455519,0.008169819559674897
2513000.0,Salgadinho,25,Paraíba,2,1311,534,0.4440754,0.2220377,0.2220377,0.09568455825931371,2952.201360399608,1202.4984946250117,0.0005634358317017171
2513109.0,Salgado de São Félix,25,Paraíba,11,5134,2247,2.3149009,0.21044553636363636,0.2193512,0.1343408802021058,2217.805522473986,970.6679020255251,0.0030988970743594437
2513158.0,Santa Cecília,25,Paraíba,5,2790,1215,1.7049508,0.34099016,0.3094269,0.21516388441228468,1636.4108571344111,712.6305345585339,0.0014085895792542928
2513208.0,Santa Cruz,25,Paraíba,7,3018,1231,1.6657997,0.23797138571428572,0.1853138,0.1915967900232798,1811.7424321783706,738.9844049077449,0.0019720254109560098
2513307.0,Santa Helena,25,Paraíba,6,2838,1300,1.7549872,0.29249786666666666,0.29485475,0.08639193436886722,1617.1058113700203,740.7461433336949,0.0016903074951051512
2513356.0,Santa Inês,25,Paraíba,3,1448,589,0.5014109,0.16713696666666666,0.1426616,0.058680790940676096,2887.851061873605,1174.6852730963767,0.0008451537475525756
2513406.0,Santa Luzia,25,Paraíba,32,13743,5865,9.2587432,0.289335725,0.11578184999999999,0.36730937276482134,1484.3267280595924,633.4553052513651,0.009014973307227473
2513505.0,Santana de Mangueira,25,Paraíba,5,2426,1015,1.3970919,0.27941837999999997,0.2482651,0.12971289207082315,1736.464150998227,726.5091151126136,0.0014085895792542928
2513604.0,Santana dos Garrotes,25,Paraíba,7,3868,1710,1.8983011,0.2711858714285714,0.236457,0.12046946776007485,2037.611420021829,900.8054623157517,0.0019720254109560098
2513653.0,Joca Claudino,25,Paraíba,2,958,377,1.0402344000000001,0.5201172000000001,0.5201172000000001,0.019297934008074637,920.9462790309568,362.41831648713014,0.0005634358317017171
2513703.0,Santa Rita,25,Paraíba,267,133226,53024,35.6642341,0.13357391048689138,0.0614421,0.37025523817027944,3735.563187097855,1486.755606508314,0.07521868353217923
2513802.0,Santa Teresinha,25,Paraíba,5,2562,1121,1.178592,0.23571840000000002,0.2589315,0.10786856981553987,2173.7802394721834,951.1349135239336,0.0014085895792542928
2513851.0,Santo André,25,Paraíba,3,1209,619,1.1584090999999999,0.3861363666666666,0.4526788,0.2938869295083456,1043.6727404852052,534.3535371053284,0.0008451537475525756
2513901.0,São Bento,25,Paraíba,51,27198,11014,15.9121402,0.31200274901960784,0.1069307,0.4352666993561223,1709.260957869137,692.1759022711477,0.014367613708393786
2513927.0,São Bentinho,25,Paraíba,4,3231,1298,1.6239358,0.40598395,0.31695705,0.2745708985276055,1989.610673032764,799.292681397873,0.0011268716634034342
2513943.0,São Domingos do Cariri,25,Paraíba,3,1449,683,1.9177339,0.6392446333333334,0.6252404,0.037819699535603574,755.5792803162108,356.1495158426307,0.0008451537475525756
2513968.0,São Domingos,25,Paraíba,2,1183,501,1.0085925,0.50429625,0.50429625,0.4650558568370524,1172.921670545835,496.73183173581003,0.0005634358317017171
2513984.0,São Francisco,25,Paraíba,5,1265,536,0.8861180999999999,0.17722361999999997,0.0804481,0.2298844793293079,1427.5749474026093,604.8855113105127,0.0014085895792542928
2514008.0,São João do Cariri,25,Paraíba,5,2535,1238,1.7752774,0.35505548,0.3444568,0.21104289757366157,1427.945852293281,697.3558047885924,0.0014085895792542928
2514107.0,São João do Tigre,25,Paraíba,4,1466,841,1.2314621,0.307865525,0.3288219,0.12165115382240524,1190.4548260153522,682.9280413907989,0.0011268716634034342
2514206.0,São José da Lagoa Tapada,25,Paraíba,7,3175,1327,2.6603855,0.3800550714285714,0.2861423,0.3493413299862505,1193.4360640591374,498.7998919705434,0.0019720254109560098
2514305.0,São José de Caiana,25,Paraíba,5,2961,1291,1.182915,0.236583,0.2221534,0.05074369139336437,2503.1384334461904,1091.3717384596528,0.0014085895792542928
2514404.0,São José de Espinharas,25,Paraíba,4,1697,708,0.7534159,0.188353975,0.20622210000000002,0.05199507920546424,2252.407999353345,939.7200138728158,0.0011268716634034342
2514453.0,São José dos Ramos,25,Paraíba,4,2597,1088,1.5858222999999998,0.39645557499999995,0.3371569,0.20870454616791612,1637.6361966911427,686.0793923758041,0.0011268716634034342
2514503.0,São José de Piranhas,25,Paraíba,26,12553,5344,5.900291299999999,0.22693428076923075,0.0814516,0.37336706451146434,2127.5220767489905,905.7179939573493,0.007324665812122322
2514552.0,São José de Princesa,25,Paraíba,1,657,285,0.7230828,0.7230828,0.7230828,0.0,908.609636406785,394.1457326878747,0.00028171791585085854
2514602.0,São José do Bonfim,25,Paraíba,4,1750,686,0.697534,0.1743835,0.1956965,0.10073004876202532,2508.8382788509234,983.464605309562,0.0011268716634034342
2514651.0,São José do Brejo do Cruz,25,Paraíba,2,1370,499,0.5457821,0.27289105,0.27289105,0.07841354583951042,2510.1592741865297,914.2842903788892,0.0005634358317017171
2514701.0,São José do Sabugi,25,Paraíba,6,2966,1157,0.9049324999999999,0.15082208333333333,0.13193935,0.06993622416274463,3277.5925276194635,1278.548400018786,0.0016903074951051512
2514800.0,São José dos Cordeiros,25,Paraíba,4,1784,904,1.4679777,0.366994425,0.36190555,0.12210266158263094,1215.2773165423425,615.8131693689897,0.0011268716634034342
2514909.0,São Mamede,25,Paraíba,9,6002,2697,2.7859284,0.3095476,0.2138734,0.28258733234318906,2154.3985121799974,968.0794380788824,0.002535461242657727
2515005.0,São Miguel de Taipu,25,Paraíba,6,3102,1394,1.4849491000000001,0.2474915166666667,0.089526,0.4016243754110272,2088.960490295593,938.7527154971169,0.0016903074951051512
2515104.0,São Sebastião de Lagoa de Roça,25,Paraíba,7,5318,2204,1.2507365,0.17867664285714285,0.2097732,0.09624086781632596,4251.894783593507,1762.1617343061469,0.0019720254109560098
2515203.0,São Sebastião do Umbuzeiro,25,Paraíba,5,2310,1284,1.5343885,0.3068777,0.2365411,0.16065809814534715,1505.4857358485156,836.8154479781359,0.0014085895792542928
2515302.0,Sapé,25,Paraíba,59,39027,15000,10.3220832,0.1749505627118644,0.0896927,0.2122220398461527,3780.9228276710655,1453.19502946847,0.016621357035200655
2515401.0,São Vicente do Seridó,25,Paraíba,7,5333,2251,5.657447,0.8082067142857143,0.5336805,0.8911889518315806,942.6513407902893,397.8826491878757,0.0019720254109560098
2515500.0,Serra Branca,25,Paraíba,20,9845,4577,7.936228,0.3968114,0.31348575,0.34716825726577416,1240.5137554011806,576.7223421504524,0.005634358317017171
2515609.0,Serra da Raiz,25,Paraíba,6,2519,1019,1.2081856,0.20136426666666665,0.16128925,0.10965542365144858,2084.9445648085857,843.4134623024808,0.0016903074951051512
2515708.0,Serra Grande,25,Paraíba,5,2273,1035,0.8752956,0.17505911999999998,0.1112553,0.10277886282846294,2596.8369999803494,1182.4576748700667,0.0014085895792542928
2515807.0,Serra Redonda,25,Paraíba,8,3695,1690,2.4691338,0.308641725,0.2806096,0.19763256172509158,1496.4762136422094,684.4505550894003,0.0022537433268068684
2515906.0,Serraria,25,Paraíba,6,3541,1459,1.5097536,0.2516256,0.18725445,0.16730037935500325,2345.4158347428347,966.3828587658277,0.0016903074951051512
2515930.0,Sertãozinho,25,Paraíba,5,4007,1731,0.9958618000000001,0.19917236000000002,0.1810061,0.10929235521299284,4023.6506712075907,1738.1929902321785,0.0014085895792542928
2515971.0,Sobrado,25,Paraíba,2,1007,389,0.3160077,0.15800385,0.15800385,0.051187389179416065,3186.6312118343953,1230.98266276423,0.0005634358317017171
2516003.0,Solânea,25,Paraíba,47,21283,9076,20.5338614,0.43689066808510635,0.092873,1.1823769463287412,1036.4830844723633,442.0016198219786,0.013240742044990352
2516102.0,Soledade,25,Paraíba,20,10693,4595,7.5488761,0.377443805,0.3738264,0.28215767926757856,1416.5022525671072,608.6998831521423,0.005634358317017171
2516151.0,Sossêgo,25,Paraíba,3,2111,920,1.4356316,0.47854386666666665,0.466023,0.3418654101837788,1470.4329439390997,640.8329267759221,0.0008451537475525756
2516201.0,Sousa,25,Paraíba,127,53437,22442,29.1155195,0.22925605905511812,0.0711347,0.5055953303437702,1835.3442053472547,770.7916734922075,0.03577817531305903
2516300.0,Sumé,25,Paraíba,53,13677,6880,9.7061479,0.18313486603773585,0.0633882,0.31125039301542134,1409.1069022346137,708.8290917141289,0.014931049540095503
2516409.0,Tacima,25,Paraíba,9,3709,1574,2.3747683,0.2638631444444444,0.2055377,0.259368294559325,1561.836580014985,662.8015036245852,0.002535461242657727
2516508.0,Taperoá,25,Paraíba,23,9519,4780,5.1998348,0.22607977391304346,0.1399295,0.27596595481381925,1830.635080945264,919.2599734130016,0.006479512064569746
2516607.0,Tavares,25,Paraíba,18,8341,3636,2.5682431,0.14268017222222223,0.10544115,0.10058244730622327,3247.745511318613,1415.7538279767984,0.005070922485315454
2516706.0,Teixeira,25,Paraíba,18,10546,4657,4.210927,0.23394038888888888,0.20110315,0.20182563997974295,2504.4366715452443,1105.9322567216198,0.005070922485315454
2516755.0,Tenório,25,Paraíba,3,1938,914,1.3179835,0.4393278333333333,0.5052049,0.1857009280495478,1470.4281199271463,693.4836437633703,0.0008451537475525756
2516805.0,Triunfo,25,Paraíba,9,5112,1976,3.1745745999999997,0.3527305111111111,0.2323279,0.4331882543637709,1610.294494260743,622.4456026328694,0.002535461242657727
2516904.0,Uiraúna,25,Paraíba,23,10913,4443,8.4095091,0.36563083043478256,0.212698,0.44674024921232003,1297.697626607004,528.3304824534883,0.006479512064569746
2517001.0,Umbuzeiro,25,Paraíba,8,4142,1735,1.4239692000000002,0.17799615000000002,0.17906945000000002,0.10785704325386318,2908.7707795927045,1218.4252299839068,0.0022537433268068684
2517100.0,Várzea,25,Paraíba,4,2072,898,1.7689488,0.4422372,0.3755176,0.3266381759453111,1171.3171121741907,507.6461229403587,0.0011268716634034342
2517209.0,Vieirópolis,25,Paraíba,2,1205,460,0.7792112999999999,0.38960564999999997,0.38960564999999997,0.2776251836682778,1546.4354790542695,590.3405148256962,0.0005634358317017171
2517407.0,Zabelê,25,Paraíba,4,1492,816,1.3195914,0.32989785,0.34257519999999997,0.14851673237460483,1130.6530188056697,618.3732328052456,0.0011268716634034342
2600054.0,Abreu e Lima,26,Pernambuco,161,96296,40595,29.2351837,0.18158499192546584,0.0681125,0.4144303408779447,3293.839402144752,1388.5666126325725,0.04535658445198822
2600104.0,Afogados da Ingazeira,26,Pernambuco,56,32148,14880,11.3099215,0.20196288392857142,0.1205244,0.2496169543491021,2842.4600471364897,1315.6589990478715,0.015776203287648078
2600203.0,Afrânio,26,Pernambuco,10,6019,2829,2.3684339,0.23684339,0.22961335,0.13238406022309526,2541.341770188309,1194.4601873837391,0.0028171791585085855
2600302.0,Agrestina,26,Pernambuco,28,18820,8273,4.6005029,0.164303675,0.11970935,0.15237786612504192,4090.8571104259054,1798.2816617722378,0.007888101643824039
2600401.0,Água Preta,26,Pernambuco,33,17261,7571,4.4615393999999995,0.1351981636363636,0.1055812,0.1425365770741602,3868.84401379488,1696.9479189178517,0.009296691223078331
2600500.0,Águas Belas,26,Pernambuco,39,26976,12013,7.7354911,0.19834592564102563,0.136069,0.18151607798653557,3487.302829422168,1552.971859795689,0.010986998718183483
2600609.0,Alagoinha,26,Pernambuco,17,8199,3744,2.8243248,0.16613675294117647,0.1086531,0.14041684424532688,2902.9947263855775,1325.6265709949507,0.004789204569464595
2600708.0,Aliança,26,Pernambuco,51,28759,11549,5.3405187,0.10471605294117646,0.0694376,0.09944881138723852,5385.057447696981,2162.52402599021,0.014367613708393786
2600807.0,Altinho,26,Pernambuco,28,13792,6643,3.4733499,0.12404821071428572,0.08304315,0.1115169009659052,3970.8063964416597,1912.5628546666144,0.007888101643824039
2600906.0,Amaraji,26,Pernambuco,23,14805,6618,2.1350632,0.09282883478260869,0.0603493,0.06619926353274504,6934.220963576161,3099.6740518032443,0.006479512064569746
2601003.0,Angelim,26,Pernambuco,12,6572,2716,1.5836607,0.131971725,0.128252,0.08204909528639906,4149.878821896635,1715.013828404026,0.0033806149902103023
2601052.0,Araçoiaba,26,Pernambuco,29,17685,6504,2.5320014,0.08731039310344828,0.0629554,0.06433021298434648,6984.593294458684,2568.7189588441775,0.008169819559674897
2601102.0,Araripina,26,Pernambuco,90,50875,22405,27.3183127,0.30353680777777775,0.1698746,0.4780473574309179,1862.3038896542098,820.1458210850628,0.02535461242657727
2601201.0,Arcoverde,26,Pernambuco,114,72614,29831,24.586442299999998,0.21567054649122805,0.08329605,0.3685057247064389,2953.416322458333,1213.3109636606514,0.03211584240699787
2601300.0,Barra de Guabiraba,26,Pernambuco,15,10814,4025,1.3255358,0.08836905333333332,0.0630431,0.07185179170444105,8158.210438375184,3036.5079539911335,0.004225768737762878
2601409.0,Barreiros,26,Pernambuco,75,35123,15008,7.835453,0.10447270666666666,0.0799845,0.08351003712030479,4482.574268520276,1915.3965954489165,0.02112884368881439
2601508.0,Belém de Maria,26,Pernambuco,13,7429,3274,2.4369071,0.1874543923076923,0.1665,0.12252505878371345,3048.5364009157347,1343.5062830257255,0.003662332906061161
2601607.0,Belém do São Francisco,26,Pernambuco,19,12101,4684,6.5948465,0.3470971842105263,0.2034136,0.3145729996086905,1834.9176133212502,710.2515577883428,0.0053526404011663125
2601706.0,Belo Jardim,26,Pernambuco,140,67653,31242,26.9907714,0.1927912242857143,0.06143525,0.37072060406368545,2506.5233963635437,1157.5067469172075,0.03944050821912019
2601805.0,Betânia,26,Pernambuco,5,4095,1872,2.8479943,0.5695988599999999,0.5531258,0.11658975327784171,1437.8540013229663,657.3046863190702,0.0014085895792542928
2601904.0,Bezerros,26,Pernambuco,103,52987,25605,23.4623144,0.22778946019417476,0.0861136,0.5185670906871384,2258.3876039100387,1091.3245625930235,0.02901694533263843
2602001.0,Bodocó,26,Pernambuco,26,14790,6146,6.9078974,0.26568836153846154,0.19247219999999998,0.2322630199054289,2141.0277460113984,889.7063236636953,0.007324665812122322
2602100.0,Bom Conselho,26,Pernambuco,53,30460,13187,12.5479403,0.23675359056603776,0.1432115,0.23878738804455496,2427.4900319696294,1050.929450150476,0.014931049540095503
2602209.0,Bom Jardim,26,Pernambuco,26,17743,7965,8.4683157,0.32570445,0.2458589,0.3336702241940221,2095.221839686492,940.5648398299559,0.007324665812122322
2602308.0,Bonito,26,Pernambuco,43,28504,12055,6.2566027,0.14550238837209303,0.1276245,0.09829770237450258,4555.827078487819,1926.764504321171,0.012113870381586917
2602407.0,Brejão,26,Pernambuco,6,3721,1476,1.6034244,0.2672374,0.22564394999999998,0.20724675654241734,2320.6582112633437,920.5298360184615,0.0016903074951051512
2602506.0,Brejinho,26,Pernambuco,8,3927,1976,1.7899957,0.2237494625,0.20220105,0.13583610009805344,2193.8600187698776,1103.9132663838243,0.0022537433268068684
2602605.0,Brejo da Madre de Deus,26,Pernambuco,69,38814,17280,16.1834783,0.23454316376811596,0.0877079,0.32465172286890714,2398.3719247796066,1067.7556258100583,0.01943853619370924
2602704.0,Buenos Aires,26,Pernambuco,12,9224,3617,1.4016312,0.11680259999999999,0.06882795,0.10638451200517865,6580.903735590361,2580.56470204145,0.0033806149902103023
2602803.0,Buíque,26,Pernambuco,31,22347,8861,9.3732299,0.30236225483870965,0.1454144,0.4295955768085599,2384.130149202891,945.3518258418051,0.008733255391376614
2602902.0,Cabo de Santo Agostinho,26,Pernambuco,420,190874,93118,66.3332026,0.1579361966666667,0.062137899999999996,0.40746730150261423,2877.5031585765764,1403.7917113925084,0.11832152465736058
2603009.0,Cabrobó,26,Pernambuco,27,20026,8364,6.7218951,0.2489590777777778,0.150066,0.35470555294507666,2979.219357350578,1244.2919557015996,0.00760638372797318
2603108.0,Cachoeirinha,26,Pernambuco,30,16634,7465,3.1532417,0.10510805666666667,0.07243155000000001,0.08794218099921335,5275.206147375255,2367.4049471057037,0.008451537475525756
2603207.0,Caetés,26,Pernambuco,15,8769,3449,2.8793817,0.19195878000000002,0.1410286,0.15861077092980613,3045.445485744387,1197.8266028432422,0.004225768737762878
2603306.0,Calçado,26,Pernambuco,5,3759,1650,0.7766723,0.15533446,0.1202777,0.05488645857771295,4839.879058387945,2124.4481102261534,0.0014085895792542928
2603405.0,Calumbi,26,Pernambuco,4,2110,936,0.6435924000000001,0.16089810000000002,0.12474125,0.10486364531221803,3278.472523914204,1454.3366267221302,0.0011268716634034342
2603454.0,Camaragibe,26,Pernambuco,272,147771,66583,51.3214015,0.1886816231617647,0.062393649999999995,0.42394260010947177,2879.3251096231265,1297.3729877583332,0.07662727311143352
2603504.0,Camocim de São Félix,26,Pernambuco,25,14792,6168,1.607654,0.06430616,0.0542581,0.04255964901676235,9200.984789015547,3836.6464425803065,0.007042947896271463
2603603.0,Camutanga,26,Pernambuco,11,6633,2577,1.0984327,0.09985751818181819,0.0809736,0.07389226054323712,6038.603912647538,2346.069995913268,0.0030988970743594437
2603702.0,Canhotinho,26,Pernambuco,23,16451,6059,4.9582701,0.2155769608695652,0.1593645,0.18450758388556018,3317.891052365219,1221.9987773558362,0.006479512064569746
2603801.0,Capoeiras,26,Pernambuco,12,6734,2773,2.0843705,0.17369754166666665,0.1551325,0.12224131511017987,3230.711622525842,1330.3776847734125,0.0033806149902103023
2603900.0,Carnaíba,26,Pernambuco,17,8894,4221,4.1599822,0.24470483529411766,0.2042044,0.16064918147489865,2137.989917360704,1014.6678031458885,0.004789204569464595
2603926.0,Carnaubeira da Penha,26,Pernambuco,4,2077,886,0.4906922,0.12267305,0.11532315,0.060680779571706235,4232.79603792357,1805.6125611941661,0.0011268716634034342
2604007.0,Carpina,26,Pernambuco,120,75286,31376,17.2510974,0.143759145,0.0879552,0.1668284877871141,4364.128162652424,1818.7828445047212,0.033806149902103025
2604106.0,Caruaru,26,Pernambuco,681,348487,161548,82.8251831,0.12162288267254039,0.055461,0.2612357682501469,4207.5005083810065,1950.4695788592828,0.19184990069443467
2604155.0,Casinhas,26,Pernambuco,5,2276,987,1.3062978,0.26125956,0.2258608,0.1819617633846408,1742.328586942426,755.5704373076338,0.0014085895792542928
2604205.0,Catende,26,Pernambuco,47,25247,11010,7.8213258,0.16641118723404255,0.0959849,0.25735514485493166,3227.9693552722224,1407.68972953409,0.013240742044990352
2604304.0,Cedro,26,Pernambuco,11,6773,2765,2.3508527,0.21371388181818182,0.1500294,0.15345925438761143,2881.0822558129653,1176.1689705186548,0.0030988970743594437
2604403.0,Chã de Alegria,26,Pernambuco,15,10640,4173,2.2557778,0.15038518666666667,0.0959412,0.1057570456699888,4716.776625782912,1849.9162461834671,0.004225768737762878
2604502.0,Chã Grande,26,Pernambuco,18,12635,5377,3.4549843,0.19194357222222222,0.1008551,0.32819717471060844,3657.0354313911066,1556.3022963664407,0.005070922485315454
2604601.0,Condado,26,Pernambuco,30,22637,8895,3.5463211,0.11821070333333333,0.0783954,0.10167222228392939,6383.234727391155,2508.233109517353,0.008451537475525756
2604700.0,Correntes,26,Pernambuco,15,10365,3960,2.3067838,0.15378558666666667,0.1175389,0.12835758332936195,4493.268940071454,1716.6758323861995,0.004225768737762878
2604809.0,Cortês,26,Pernambuco,13,7979,3439,1.1676165,0.08981665384615385,0.0600139,0.07601777852763145,6833.57934732851,2945.3163774235804,0.003662332906061161
2604908.0,Cumaru,26,Pernambuco,16,7783,3634,4.0284119,0.25177574375,0.22804015,0.17552332368940968,1932.0268615034129,902.092459810279,0.004507486653613737
2605004.0,Cupira,26,Pernambuco,39,22185,9904,4.7956339,0.1229649717948718,0.0797403,0.10837471157061832,4626.082904285083,2065.211858645006,0.010986998718183483
2605103.0,Custódia,26,Pernambuco,39,25373,10696,8.9486617,0.22945286410256413,0.1412729,0.2650374216445179,2835.396045869071,1195.262527356465,0.010986998718183483
2605152.0,Dormentes,26,Pernambuco,16,7809,3814,5.7912941,0.36195588125,0.23502635,0.33730011190351583,1348.4032869268374,658.5747389344292,0.004507486653613737
2605202.0,Escada,26,Pernambuco,87,52787,22544,10.878086399999999,0.12503547586206895,0.0771072,0.1931046271368494,4852.599810201912,2072.423326220318,0.024509458679024692
2605301.0,Exu,26,Pernambuco,27,15658,6962,6.6581758,0.24659910370370372,0.1731549,0.21395958502397397,2351.695189544259,1045.6317479631582,0.00760638372797318
2605400.0,Feira Nova,26,Pernambuco,27,17403,7791,4.3658586,0.16169846666666668,0.122198,0.13465247947579154,3986.157499466428,1784.5287064496317,0.00760638372797318
2605459.0,Fernando de Noronha,26,Pernambuco,5,3086,1111,2.9178118,0.58356236,0.5340119,0.3505905254512777,1057.6418945183511,380.7647909299702,0.0014085895792542928
2605509.0,Ferreiros,26,Pernambuco,21,13268,5131,2.8793227,0.13711060476190476,0.0959447,0.08802959414535248,4608.028131060128,1782.0163054318296,0.005916076232868029
2605608.0,Flores,26,Pernambuco,17,9224,4736,4.7093692,0.27702171764705885,0.2800749,0.20846758251918399,1958.6487294306846,1005.6548550069083,0.004789204569464595
2605707.0,Floresta,26,Pernambuco,30,22086,8668,6.6186,0.22061999999999998,0.11076654999999999,0.19364395131660472,3336.959477835192,1309.6425225878586,0.008451537475525756
2605806.0,Frei Miguelinho,26,Pernambuco,7,4245,2099,4.1578615,0.5939802142857143,0.5766971,0.236805559731477,1020.9575282870774,504.8268202295819,0.0019720254109560098
2605905.0,Gameleira,26,Pernambuco,26,14823,6207,2.6988043999999998,0.10380016923076922,0.08191960000000001,0.07094136219151571,5492.43213031667,2299.907321923738,0.007324665812122322
2606002.0,Garanhuns,26,Pernambuco,195,129585,54941,49.1291883,0.2519445553846154,0.0981964,0.4405712036456512,2637.637715663216,1118.2965137651174,0.054934993590917414
2606101.0,Glória do Goitá,26,Pernambuco,32,20788,8810,4.8670272,0.1520946,0.10463785,0.1635495983197008,4271.190430166489,1810.139873473483,0.009014973307227473
2606200.0,Goiana,26,Pernambuco,158,76278,38744,22.6370498,0.14327246708860758,0.0877546,0.18697604832160214,3369.6087022788633,1711.530448636465,0.044511430704435646
2606309.0,Granito,26,Pernambuco,9,3842,1567,2.7343332,0.3038148,0.1694611,0.2676575220506982,1405.0957652125205,573.0830463529463,0.002535461242657727
2606408.0,Gravatá,26,Pernambuco,156,74128,42162,56.4728809,0.3620056467948718,0.1047636,0.6795620775506999,1312.6300415107742,746.5884390537618,0.04394799487273393
2606507.0,Iati,26,Pernambuco,15,8063,3365,2.7746744999999997,0.18497829999999998,0.1340006,0.12563769748836193,2905.9264429034833,1212.7548654806178,0.004225768737762878
2606606.0,Ibimirim,26,Pernambuco,24,14874,6129,4.5347113,0.18894630416666666,0.1374378,0.14641135701275682,3280.0324025037717,1351.574465170473,0.006761229980420605
2606705.0,Ibirajuba,26,Pernambuco,8,3278,1619,1.1990198,0.149877475,0.12383305,0.08790778895460777,2733.8998071591477,1350.2696118946492,0.0022537433268068684
2606804.0,Igarassu,26,Pernambuco,201,110232,48468,58.0207735,0.2886605646766169,0.099309,0.619651087890991,1899.8712590413847,835.355978148068,0.05662530108602257
2606903.0,Iguaracy,26,Pernambuco,14,5899,2808,3.5349025,0.2524930357142857,0.13474904999999998,0.26388197104656935,1668.787187199647,794.3642009928138,0.0039440508219120195
2607000.0,Inajá,26,Pernambuco,13,11640,3574,2.8623543,0.2201811,0.172213,0.15144110476206585,4066.5825331266647,1248.6225063053864,0.003662332906061161
2607109.0,Ingazeira,26,Pernambuco,5,2507,1076,0.8868074,0.17736148000000002,0.1621913,0.08787937203822066,2826.994903290162,1213.3412508736394,0.0014085895792542928
2607208.0,Ipojuca,26,Pernambuco,181,84762,44830,42.9585218,0.23733989944751382,0.0486943,0.817805088821982,1973.112585079685,1043.5647718213618,0.05099094276900539
2607307.0,Ipubi,26,Pernambuco,26,18876,7785,6.8336356,0.26283213846153847,0.1655852,0.2851163891847595,2762.2192790028193,1139.2179003516078,0.007324665812122322
2607406.0,Itacuruba,26,Pernambuco,5,3146,1267,0.9388326,0.18776652,0.1409364,0.1335069720001431,3350.970130351247,1349.5483646392338,0.0014085895792542928
2607505.0,Itaíba,26,Pernambuco,17,11140,4427,2.416653,0.1421560588235294,0.0961316,0.11062287782723257,4609.681240955983,1831.8724285199405,0.004789204569464595
2607604.0,Ilha de Itamaracá,26,Pernambuco,95,21088,24829,22.808541299999998,0.2400899084210526,0.1129341,0.4321009683680037,924.5659212761669,1088.5834246664429,0.02676320200583156
2607653.0,Itambé,26,Pernambuco,48,32125,12523,5.3964078,0.11242516250000001,0.08672379999999999,0.10106081822755875,5953.034164690073,2320.6178006043206,0.01352245996084121
2607703.0,Itapetim,26,Pernambuco,18,8656,4595,4.8572202,0.2698455666666667,0.14766655,0.28532208211712556,1782.0892699079195,946.0143478774135,0.005070922485315454
2607752.0,Itapissuma,26,Pernambuco,45,27354,9350,10.7797463,0.23954991777777776,0.0529723,0.761887117614926,2537.536528109201,867.3673516787683,0.012677306213288634
2607802.0,Itaquitinga,26,Pernambuco,22,13387,5311,2.2121087,0.10055039545454546,0.0727968,0.08814397210842571,6051.691763609989,2400.8765934513076,0.006197794148718887
2607901.0,Jaboatão dos Guararapes,26,Pernambuco,1219,639384,291793,117.505726,0.09639518129614438,0.0403057,0.2696862521158375,5441.300792439681,2483.2236686065835,0.34341413942219656
2607950.0,Jaqueira,26,Pernambuco,9,6765,2660,0.7994191,0.08882434444444445,0.0899287,0.04813868225715446,8462.394756392485,3327.416120030157,0.002535461242657727
2608008.0,Jataúba,26,Pernambuco,23,10153,4902,3.2218295,0.14007954347826088,0.1078833,0.10733111446093442,3151.3151145956044,1521.4957836843942,0.006479512064569746
2608057.0,Jatobá,26,Pernambuco,16,8369,3670,3.066428,0.19165175,0.17731105,0.10849269468068347,2729.234144744308,1196.8322752075053,0.004507486653613737
2608107.0,João Alfredo,26,Pernambuco,33,16307,7658,3.6499668,0.11060505454545455,0.0638823,0.08909797718272035,4467.711870694276,2098.1012758800985,0.009296691223078331
2608206.0,Joaquim Nabuco,26,Pernambuco,15,10670,4296,1.9361046,0.12907364,0.1041844,0.09182738742777746,5511.0658793951525,2218.8883803075514,0.004225768737762878
2608255.0,Jucati,26,Pernambuco,14,5250,2141,1.1911605,0.08508289285714286,0.07533524999999999,0.053801215353665416,4407.466500106409,1797.406814614823,0.0039440508219120195
2608305.0,Jupi,26,Pernambuco,15,10022,4269,3.5059978,0.23373318666666665,0.1777888,0.15290763700314958,2858.5300310228376,1217.6276893271297,0.004225768737762878
2608404.0,Jurema,26,Pernambuco,23,10864,5203,3.2795268,0.14258812173913044,0.0799692,0.1614664547668731,3312.673035634287,1586.5093708031293,0.006479512064569746
2608453.0,Lagoa do Carro,26,Pernambuco,21,13687,5853,4.8912348,0.23291594285714287,0.1664631,0.3315451026273387,2798.270898792264,1196.6303478213722,0.005916076232868029
2608503.0,Lagoa de Itaenga,26,Pernambuco,25,15827,6865,2.5966687,0.103866748,0.0752144,0.07413771196932055,6095.117178406317,2643.771999100232,0.007042947896271463
2608602.0,Lagoa do Ouro,26,Pernambuco,12,6816,2936,2.9165896,0.24304913333333333,0.23550705,0.17443088885875446,2336.9760352982125,1006.655170134324,0.0033806149902103023
2608701.0,Lagoa dos Gatos,26,Pernambuco,22,9378,4262,2.9692292,0.13496496363636365,0.11096790000000001,0.09939041342372797,3158.3954515872333,1435.3893596358273,0.006197794148718887
2608750.0,Lagoa Grande,26,Pernambuco,25,16997,6697,5.5399348999999996,0.22159739599999997,0.147242,0.1833503536527847,3068.08659430276,1208.858970526892,0.007042947896271463
2608800.0,Lajedo,26,Pernambuco,56,31894,13875,11.5680872,0.20657298571428573,0.10532415,0.26370715636453074,2757.067737179574,1199.4204193066594,0.015776203287648078
2608909.0,Limoeiro,26,Pernambuco,79,45762,19471,12.8768121,0.16299762151898733,0.1193394,0.17788481452699745,3553.829911053839,1512.0978584443271,0.022255715352217823
2609006.0,Macaparana,26,Pernambuco,26,18132,6958,2.5767759,0.09910676538461538,0.075351,0.06953489631614299,7036.70039757823,2700.2736248813876,0.007324665812122322
2609105.0,Machados,26,Pernambuco,11,8548,3442,3.6039651,0.3276331909090909,0.2533339,0.1565403608418254,2371.832069073033,955.0591929982896,0.0030988970743594437
2609154.0,Manari,26,Pernambuco,7,5477,2124,1.1704664,0.1672094857142857,0.1340685,0.10882468859790699,4679.331247782935,1814.6612324796338,0.0019720254109560098
2609204.0,Maraial,26,Pernambuco,11,6918,3065,1.6711335,0.15192122727272728,0.1184588,0.11028086641943914,4139.70517615738,1834.0844702113864,0.0030988970743594437
2609303.0,Mirandiba,26,Pernambuco,11,7279,3029,1.6572735,0.15066122727272727,0.1398232,0.06495823894694329,4392.15373925909,1827.7007385926343,0.0030988970743594437
2609402.0,Moreno,26,Pernambuco,111,50017,21341,17.5152032,0.1577946234234234,0.0569185,0.3915196731132032,2855.633441923186,1218.4272004335069,0.031270688659445295
2609501.0,Nazaré da Mata,26,Pernambuco,43,28295,11582,5.7592746,0.13393661860465117,0.0981687,0.13365680497049195,4912.945112914046,2011.0171513613884,0.012113870381586917
2609600.0,Olinda,26,Pernambuco,642,349976,153234,41.3001341,0.0643304269470405,0.04446475,0.08868893518755928,8473.96764263775,3710.2542967287845,0.18086290197625118
2609709.0,Orobó,26,Pernambuco,14,9895,4262,5.1349931,0.36678522142857145,0.27925885,0.34171517175762534,1926.9743517279508,829.9913781773143,0.0039440508219120195
2609808.0,Orocó,26,Pernambuco,7,5148,2301,1.4165006,0.20235722857142857,0.1467551,0.1170196845167472,3634.30837939638,1624.4257150332305,0.0019720254109560098
2609907.0,Ouricuri,26,Pernambuco,51,33827,14556,14.930204999999999,0.2927491176470588,0.1549978,0.3860891330089302,2265.675521535036,974.9363789713537,0.014367613708393786
2610004.0,Palmares,26,Pernambuco,85,42821,18595,12.3937418,0.14580872705882353,0.0526855,0.4232981836026688,3455.050193154742,1500.3539931742,0.023946022847322977
2610103.0,Palmeirina,26,Pernambuco,6,4559,2157,1.5648383,0.26080638333333334,0.26973095,0.12333230243360278,2913.4000618466457,1378.4171821459126,0.0016903074951051512
2610202.0,Panelas,26,Pernambuco,26,14312,6704,3.7872967,0.1456652576923077,0.11398900000000001,0.09958504523144898,3778.948715583862,1770.128017696633,0.007324665812122322
2610301.0,Paranatama,26,Pernambuco,4,2537,1004,0.4961667,0.124041675,0.1294137,0.04201071471790461,5113.200865757416,2023.5134683565018,0.0011268716634034342
2610400.0,Parnamirim,26,Pernambuco,18,7972,3410,2.3144983,0.1285832388888889,0.1183708,0.06800660097889408,3444.374964544152,1473.3214537249823,0.005070922485315454
2610509.0,Passira,26,Pernambuco,26,14678,6689,5.7155093,0.21982728076923078,0.1056955,0.3082585385505135,2568.10009914602,1170.3244013617475,0.007324665812122322
2610608.0,Paudalho,26,Pernambuco,108,46995,19031,27.597155700000002,0.25552921944444446,0.08472215,0.5023723427387474,1702.8928818197014,689.6000517908444,0.03042553491189272
2610707.0,Paulista,26,Pernambuco,613,341986,157565,62.3155772,0.10165673278955954,0.0588581,0.25047920080060704,5487.969707837353,2528.5010117823317,0.17269308241657627
2610806.0,Pedra,26,Pernambuco,18,12605,5254,4.5526865999999995,0.25292703333333333,0.1576492,0.21313385288754438,2768.6948625016275,1154.0438562144823,0.005070922485315454
2610905.0,Pesqueira,26,Pernambuco,89,45564,21414,15.2600774,0.17146154382022472,0.0972683,0.20792996191070778,2985.8302029319984,1403.2694224735715,0.02507289451072641
2611002.0,Petrolândia,26,Pernambuco,36,24768,9729,7.0135372,0.19482047777777778,0.11011535,0.20814555197730555,3531.4562814324277,1387.1745058969673,0.010141844970630908
2611101.0,Petrolina,26,Pernambuco,565,349477,139051,122.9694839,0.2176451042477876,0.0939356,0.5922806253795156,2841.9815137566825,1130.7764787650704,0.15917062245573507
2611200.0,Poção,26,Pernambuco,15,6758,3361,2.0681501,0.13787667333333334,0.113127,0.09167661102633279,3267.654509215748,1625.1238244264766,0.004225768737762878
2611309.0,Pombos,26,Pernambuco,27,17910,7631,7.6529657,0.2834431740740741,0.1372365,0.37175704236546087,2340.269210928255,997.1297793742888,0.00760638372797318
2611408.0,Primavera,26,Pernambuco,15,8649,3291,1.5815902,0.10543934666666667,0.0610667,0.10938200169727497,5468.546782851841,2080.817142139601,0.004225768737762878
2611507.0,Quipapá,26,Pernambuco,26,12619,5563,2.7428224,0.10549316923076923,0.06722785,0.1419253507417833,4600.735359314551,2028.2027739018026,0.007324665812122322
2611533.0,Quixaba,26,Pernambuco,7,3376,1515,1.1747423,0.16782032857142856,0.1576861,0.09437644042098489,2873.821773507262,1289.6445458718904,0.0019720254109560098
2611606.0,Recife,26,Pernambuco,2834,1488920,644213,214.8158005,0.07579950617501764,0.0317847,0.4079383480313369,6931.147506535489,2998.9088256103396,0.7983885735213331
2611705.0,Riacho das Almas,26,Pernambuco,20,10547,5029,3.7892711,0.189463555,0.17915575,0.12170040174742959,2783.384910095242,1327.1681722640535,0.005634358317017171
2611804.0,Ribeirão,26,Pernambuco,46,27981,12417,6.7466168,0.14666558260869564,0.0811433,0.1813776645517466,4147.412077709823,1840.4780304107387,0.012959024129139492
2611903.0,Rio Formoso,26,Pernambuco,26,14501,5714,4.2850492,0.16480958461538459,0.1415533,0.13147121342016643,3384.091832597862,1333.473603990358,0.007324665812122322
2612000.0,Sairé,26,Pernambuco,14,6565,3896,7.4122659,0.5294475642857143,0.16075525000000002,0.7103526981255845,885.6940763552478,525.6152507966558,0.0039440508219120195
2612109.0,Salgadinho,26,Pernambuco,4,2053,1012,0.6964543999999999,0.17411359999999998,0.14622315,0.0661706077014561,2947.788110750683,1453.0743147002877,0.0011268716634034342
2612208.0,Salgueiro,26,Pernambuco,76,50187,20012,16.7119761,0.21989442236842108,0.14671805,0.22493535915218996,3003.055994078402,1197.4646134157647,0.02141056160466525
2612307.0,Saloá,26,Pernambuco,15,8108,3363,3.5940749,0.23960499333333332,0.1699287,0.2245082491234071,2255.9351782012113,935.7067099519824,0.004225768737762878
2612406.0,Sanharó,26,Pernambuco,31,14211,6317,12.885231600000001,0.41565263225806454,0.3163246,0.37640160620842417,1102.8905371014052,490.25118027370183,0.008733255391376614
2612455.0,Santa Cruz,26,Pernambuco,10,5275,2434,2.4731985,0.24731985,0.1504191,0.28392036000720833,2132.865598939996,984.1506858426446,0.0028171791585085855
2612471.0,Santa Cruz da Baixa Verde,26,Pernambuco,10,6354,3046,3.948772,0.3948772,0.397737,0.32549455100544733,1609.1078441601592,771.3790515127234,0.0028171791585085855
2612505.0,Santa Cruz do Capibaribe,26,Pernambuco,187,95749,41047,21.5828841,0.115416492513369,0.0630989,0.17615791127246658,4436.339441770898,1901.831090312902,0.052681250264110545
2612554.0,Santa Filomena,26,Pernambuco,12,4439,2395,2.4598283,0.20498569166666666,0.1879966,0.1259778129928402,1804.5974997523201,973.6451930405062,0.0033806149902103023
2612604.0,Santa Maria da Boa Vista,26,Pernambuco,24,14945,5805,3.699787,0.15415779166666668,0.1487652,0.08351596192992049,4039.4217288725,1569.0092429645274,0.006761229980420605
2612703.0,Santa Maria do Cambucá,26,Pernambuco,6,3950,1803,1.5787748,0.2631291333333333,0.2612693,0.1289610912443853,2501.940112041312,1142.024815698857,0.0016903074951051512
2612802.0,Santa Terezinha,26,Pernambuco,10,6747,3095,2.1709052,0.21709052,0.12124945000000001,0.2574209903790149,3107.920143173456,1425.6725719759665,0.0028171791585085855
2612901.0,São Benedito do Sul,26,Pernambuco,13,8116,2955,1.9111653,0.14701271538461538,0.1075623,0.12180723943392313,4246.6237745107655,1546.177088920566,0.003662332906061161
2613008.0,São Bento do Una,26,Pernambuco,49,29893,12713,9.6559779,0.19706077346938775,0.1049462,0.2052419135101681,3095.802445861025,1316.5937341260899,0.013804177876692069
2613107.0,São Caitano,26,Pernambuco,53,29410,13911,9.6365972,0.1818225886792453,0.1176461,0.1504291667947661,3051.907160755873,1443.5593510124093,0.014931049540095503
2613206.0,São João,26,Pernambuco,21,12922,5098,8.590757300000002,0.409083680952381,0.1086859,0.9264581420972693,1504.1747250850628,593.4284745769735,0.005916076232868029
2613305.0,São Joaquim do Monte,26,Pernambuco,21,14766,6399,3.1259635,0.14885540476190476,0.0965955,0.17116370844930728,4723.663600038836,2047.0488538973664,0.005916076232868029
2613404.0,São José da Coroa Grande,26,Pernambuco,27,14478,9763,6.7054686,0.24835068888888887,0.1092244,0.4050065114500643,2159.133218519583,1455.9757986190555,0.00760638372797318
2613503.0,São José do Belmonte,26,Pernambuco,33,19788,8666,10.5202746,0.31879620000000003,0.1618661,0.6555993632212826,1880.9394956287547,823.7427566767126,0.009296691223078331
2613602.0,São José do Egito,26,Pernambuco,37,20665,9869,7.8510447,0.2121903972972973,0.1042497,0.25596459038095426,2632.1337846923734,1257.0301631323027,0.010423562886481766
2613701.0,São Lourenço da Mata,26,Pernambuco,181,105738,48397,37.9896995,0.20988784254143647,0.0714119,0.4598662982449227,2783.3334138376113,1273.9505875796674,0.05099094276900539
2613800.0,São Vicente Férrer,26,Pernambuco,20,12232,4911,2.5402871,0.127014355,0.11701225,0.08948217004441356,4815.203761811017,1933.2460492359307,0.005634358317017171
2613909.0,Serra Talhada,26,Pernambuco,123,73891,32165,23.2028451,0.18864101707317074,0.0897969,0.29168828062795893,3184.5663616484685,1386.2524126405515,0.0346513036496556
2614006.0,Serrita,26,Pernambuco,10,6534,2539,2.1405556,0.21405555999999998,0.15696505,0.2114594817888666,3052.4785247344194,1186.1406449802098,0.0028171791585085855
2614105.0,Sertânia,26,Pernambuco,32,18787,8984,8.7334604,0.2729206375,0.14143265,0.28474569216361234,2151.151907667664,1028.687323068414,0.009014973307227473
2614204.0,Sirinhaém,26,Pernambuco,55,30369,13189,13.0327846,0.23695971999999998,0.0825693,0.6101195896185273,2330.200408591116,1011.9863409696804,0.01549448537179722
2614303.0,Moreilândia,26,Pernambuco,13,6718,2778,2.8426088000000003,0.21866221538461542,0.1798371,0.13923197818529243,2363.322030101363,977.271300926107,0.003662332906061161
2614402.0,Solidão,26,Pernambuco,3,1929,878,1.09349,0.3644966666666667,0.2588033,0.3261234228518757,1764.0764890396802,802.9337259599996,0.0008451537475525756
2614501.0,Surubim,26,Pernambuco,82,50651,22198,24.383709,0.29736230487804877,0.13932685,0.4299061952979099,2077.2475590157346,910.3619141780276,0.0231008690997704
2614600.0,Tabira,26,Pernambuco,43,20949,9444,6.3989865,0.14881363953488372,0.0996076,0.1079428066796622,3273.799686872288,1475.858716063864,0.012113870381586917
2614709.0,Tacaimbó,26,Pernambuco,15,7785,3909,4.5617967,0.30411978,0.1426605,0.3952133888968667,1706.5644332637619,856.8992125405325,0.004225768737762878
2614808.0,Tacaratu,26,Pernambuco,21,11442,4500,6.0969796,0.2903323619047619,0.2610285,0.21944928346406029,1876.6669319346254,738.070371762438,0.005916076232868029
2614857.0,Tamandaré,26,Pernambuco,50,18813,14918,18.1889202,0.36377840399999994,0.1450674,0.7502687406505648,1034.3109867511541,820.1696327195939,0.014085895792542926
2615003.0,Taquaritinga do Norte,26,Pernambuco,33,17492,8033,6.6016954000000005,0.20005137575757578,0.1456172,0.15763798409350976,2649.6223985129636,1216.8086397927416,0.009296691223078331
2615102.0,Terezinha,26,Pernambuco,6,3273,1280,0.9485764,0.15809606666666667,0.12040345,0.13289873010867587,3450.4337236304846,1349.3905182545127,0.0016903074951051512
2615201.0,Terra Nova,26,Pernambuco,10,6072,2280,1.2361414,0.12361414,0.12151495,0.035356830607118105,4912.059413267771,1844.449186800151,0.0028171791585085855
2615300.0,Timbaúba,26,Pernambuco,91,39647,16378,12.3642905,0.13587132417582418,0.0600718,0.17177313514394135,3206.5729934119554,1324.6210933009056,0.025636330342428126
2615409.0,Toritama,26,Pernambuco,65,40360,16567,11.0709781,0.17032274,0.0715253,0.361339925628344,3645.5676847558757,1496.43508011275,0.018311664530305805
2615508.0,Tracunhaém,26,Pernambuco,19,11523,4553,1.821274,0.09585652631578948,0.0857499,0.05726494825613311,6326.889858417789,2499.8984227524247,0.0053526404011663125
2615607.0,Trindade,26,Pernambuco,41,24138,10268,11.431627500000001,0.2788201829268293,0.1515305,0.26348056687909355,2111.510368930408,898.2098130821704,0.0115504345498852
2615706.0,Triunfo,26,Pernambuco,13,8613,4123,6.3603031,0.48925408461538467,0.4270826,0.3126284966423243,1354.1807465119075,648.2395469486352,0.003662332906061161
2615805.0,Tupanatinga,26,Pernambuco,15,10576,3825,2.4444984,0.16296656,0.1267292,0.12072642905810878,4326.449957995473,1564.738189233423,0.004225768737762878
2615904.0,Tuparetama,26,Pernambuco,13,6491,3023,2.9411569,0.22624283846153848,0.1241634,0.21689645479838043,2206.9546850764746,1027.8268391597876,0.003662332906061161
2616001.0,Venturosa,26,Pernambuco,19,11273,4545,2.8410321,0.1495280052631579,0.1083049,0.1052976594769243,3967.9241920568234,1599.7707312071552,0.0053526404011663125
2616100.0,Verdejante,26,Pernambuco,4,2766,1092,1.8124332,0.4531083,0.35777115000000004,0.2333940016379598,1526.1252111250224,602.5049640450196,0.0011268716634034342
2616183.0,Vertente do Lério,26,Pernambuco,3,1948,943,0.8092204000000001,0.26974013333333335,0.2659595,0.07289631546836461,2407.255180418091,1165.319114545308,0.0008451537475525756
2616209.0,Vertentes,26,Pernambuco,31,16402,6984,7.4088762,0.2389960064516129,0.1358424,0.23709037581614306,2213.8310260873304,942.6530841479035,0.008733255391376614
2616308.0,Vicência,26,Pernambuco,30,15502,6424,3.4895046,0.11631682,0.07284489999999999,0.11209923745506555,4442.464411710476,1840.9489988922783,0.008451537475525756
2616407.0,Vitória de Santo Antão,26,Pernambuco,206,121364,52871,33.4984334,0.16261375436893205,0.0632437,0.36730854584588307,3622.9753956195455,1578.3126144639348,0.05803389066527686
2616506.0,Xexéu,26,Pernambuco,25,10518,4637,1.6434665,0.06573866,0.0584872,0.03860791775903401,6399.887067974918,2821.475217170536,0.007042947896271463
2700102.0,Água Branca,27,Alagoas,12,6114,2428,3.0469235,0.2539102916666667,0.1554992,0.2202848083847712,2006.61421266402,796.8693667563364,0.0033806149902103023
2700201.0,Anadia,27,Alagoas,19,9229,4129,3.0811731,0.1621670052631579,0.1251243,0.11370825656656733,2995.287736349509,1340.0740127193762,0.0053526404011663125
2700300.0,Arapiraca,27,Alagoas,352,216413,87646,117.6835123,0.3343281599431818,0.1248561,0.6322367819570016,1838.940695858208,744.7602326532533,0.0991647063795022
2700409.0,Atalaia,27,Alagoas,44,26790,10153,7.4959991,0.1703636159090909,0.1222158,0.1905461476583559,3573.9065123420305,1354.4558723332825,0.012395588297437775
2700508.0,Barra de Santo Antônio,27,Alagoas,33,15629,7406,10.7581122,0.3260034,0.0752255,0.5978813466708126,1452.7641754842455,688.410741802823,0.009296691223078331
2700607.0,Barra de São Miguel,27,Alagoas,24,7518,6111,5.6985082,0.23743784166666668,0.1267873,0.25915207947341906,1319.2926527683157,1072.3859272502232,0.006761229980420605
2700706.0,Batalha,27,Alagoas,18,12206,4579,5.6928407,0.31626892777777776,0.15569995,0.3243894361789432,2144.0965316313877,804.3436030100053,0.005070922485315454
2700805.0,Belém,27,Alagoas,4,2431,1089,1.0715094,0.26787735,0.18445975,0.185121311787244,2268.762177914631,1016.3233285680927,0.0011268716634034342
2700904.0,Belo Monte,27,Alagoas,1,1166,497,0.4036896,0.4036896,0.4036896,0.0,2888.35778776565,1231.143928404398,0.00028171791585085854
2701001.0,Boca da Mata,27,Alagoas,30,19215,7584,3.9507470000000002,0.13169156666666668,0.0808724,0.1133313689782627,4863.637180512951,1919.6369699198656,0.008451537475525756
2701100.0,Branquinha,27,Alagoas,14,6215,2586,1.0840279,0.07743056428571428,0.05856905,0.0507766124503823,5733.247271587752,2385.547456850511,0.0039440508219120195
2701209.0,Cacimbinhas,27,Alagoas,11,5691,2337,3.3489791,0.3044526454545455,0.1969132,0.3314788754939064,1699.3238327465226,697.8245997414555,0.0030988970743594437
2701308.0,Cajueiro,27,Alagoas,20,14490,5373,2.7689331,0.138446655,0.1214362,0.10123945996765071,5233.0625106110365,1940.458583127198,0.005634358317017171
2701357.0,Campestre,27,Alagoas,9,6024,2228,0.660423,0.07338033333333333,0.0775393,0.024546577618682407,9121.426721964559,3373.595407791673,0.002535461242657727
2701407.0,Campo Alegre,27,Alagoas,62,30642,11507,6.1079403999999995,0.09851516774193547,0.04596095,0.12409948710435849,5016.748362508581,1883.9411072184007,0.017466510782753228
2701506.0,Campo Grande,27,Alagoas,6,4112,1578,1.0648681,0.17747801666666665,0.16927455000000002,0.08360876993725996,3861.5111110944163,1481.8736705513106,0.0016903074951051512
2701605.0,Canapi,27,Alagoas,8,5460,2568,2.1642778000000003,0.27053472500000003,0.22873285,0.21933112850073289,2522.7815024485303,1186.5389923604075,0.0022537433268068684
2701704.0,Capela,27,Alagoas,18,11972,4290,2.3323585000000002,0.12957547222222224,0.1040311,0.08179163248872319,5133.001637612742,1839.3398784963802,0.005070922485315454
2701803.0,Carneiros,27,Alagoas,9,5867,2181,2.7761863,0.30846514444444445,0.2660447,0.14700981986117553,2113.330794838949,785.6101011664815,0.002535461242657727
2701902.0,Chã Preta,27,Alagoas,8,4263,1707,1.2939723,0.1617465375,0.16746840000000002,0.07289910220217173,3294.506381628107,1319.1936179777572,0.0022537433268068684
2702009.0,Coité do Nóia,27,Alagoas,7,5136,2100,5.8268345,0.8324049285714287,0.8650911,0.40735220488956775,881.4391416128259,360.40151818281436,0.0019720254109560098
2702108.0,Colônia Leopoldina,27,Alagoas,16,13168,5251,1.3143452,0.082146575,0.06853885,0.04227014280265288,10018.676980750566,3995.1452632078694,0.004507486653613737
2702207.0,Coqueiro Seco,27,Alagoas,6,5002,1950,1.4549472,0.24249120000000002,0.21990115,0.12591144500120713,3437.9254449920927,1340.254821618269,0.0016903074951051512
2702306.0,Coruripe,27,Alagoas,80,44935,18837,34.8888453,0.43611056625,0.1428024,0.9411507293592195,1287.947468986599,539.914687288318,0.022537433268068684
2702355.0,Craíbas,27,Alagoas,23,12845,5008,5.3565901,0.23289522173913044,0.1806825,0.22431881615294977,2397.980760185477,934.9231332821229,0.006479512064569746
2702405.0,Delmiro Gouveia,27,Alagoas,56,40999,17741,15.3715499,0.2744919625,0.18565294999999998,0.3341086609234153,2667.2001370531934,1154.1451652835606,0.015776203287648078
2702504.0,Dois Riachos,27,Alagoas,9,5588,2314,2.0930372,0.2325596888888889,0.2160237,0.1648658805328398,2669.804435391784,1105.5704122220093,0.002535461242657727
2702553.0,Estrela de Alagoas,27,Alagoas,6,4217,1860,1.6063348,0.26772246666666666,0.2607906,0.11191787247923661,2625.23105394965,1157.915522965698,0.0016903074951051512
2702603.0,Feira Grande,27,Alagoas,18,8153,3255,4.1579435,0.23099686111111112,0.15176665,0.2046514624452371,1960.8251050068382,782.8389202498784,0.005070922485315454
2702702.0,Feliz Deserto,27,Alagoas,4,3186,1361,1.3245065999999999,0.33112664999999997,0.334057,0.11269775962163874,2405.42402733214,1027.5524485872702,0.0011268716634034342
2702801.0,Flexeiras,27,Alagoas,10,6736,2552,1.23021,0.123021,0.074036,0.09144944471447963,5475.487924825843,2074.4425748449453,0.0028171791585085855
2702900.0,Girau do Ponciano,27,Alagoas,17,12272,4787,4.0083423,0.23578484117647058,0.1240431,0.2470568214244955,3061.6147727702796,1194.2592826964903,0.004789204569464595
2703007.0,Ibateguara,27,Alagoas,17,11397,4809,2.0610325,0.12123720588235294,0.1034765,0.07391535357982527,5529.752684637433,2333.2965394771795,0.004789204569464595
2703106.0,Igaci,27,Alagoas,11,6055,2690,2.4526237,0.22296579090909094,0.1508992,0.20257786647466922,2468.784754872914,1096.7846392416413,0.0030988970743594437
2703205.0,Igreja Nova,27,Alagoas,6,4496,1806,1.4142689000000002,0.23571148333333336,0.2401203,0.1037377231423057,3179.0276940969284,1276.9848789010348,0.0016903074951051512
2703304.0,Inhapi,27,Alagoas,11,6578,2814,1.5686896,0.14260814545454545,0.0871069,0.10096512101398546,4193.308861102923,1793.8539275073922,0.0030988970743594437
2703403.0,Jacaré dos Homens,27,Alagoas,5,3162,1265,1.1596197,0.23192394,0.2388174,0.08403069343896313,2726.7560218233616,1090.8748790659558,0.0014085895792542928
2703502.0,Jacuípe,27,Alagoas,5,3979,1590,0.7948326,0.15896652,0.17639,0.07433452428587271,5006.085558141425,2000.4212207702603,0.0014085895792542928
2703601.0,Japaratinga,27,Alagoas,13,5750,2973,3.0970657999999998,0.23823583076923074,0.1643374,0.2737328315402733,1856.596007743846,959.9408575691224,0.003662332906061161
2703700.0,Jaramataia,27,Alagoas,3,2537,971,0.4940308,0.16467693333333333,0.1826933,0.038976180138686416,5135.307353306717,1965.4645014035561,0.0008451537475525756
2703759.0,Jequiá da Praia,27,Alagoas,7,4244,1741,1.4933296,0.21333280000000002,0.1804557,0.08879751714944886,2841.9713906427623,1165.8511289135365,0.0019720254109560098
2703809.0,Joaquim Gomes,27,Alagoas,16,11434,4262,1.7898672,0.1118667,0.08112235,0.07055877949950666,6388.183436178952,2381.18224637001,0.004507486653613737
2703908.0,Jundiá,27,Alagoas,5,3167,1268,0.7064273999999999,0.14128548,0.1402002,0.11243099543854444,4483.12169091969,1794.9473647256607,0.0014085895792542928
2704005.0,Junqueiro,27,Alagoas,20,11713,4751,4.8391851,0.24195925499999998,0.2622596,0.14501607808180036,2420.4488478855665,981.7768698287651,0.005634358317017171
2704104.0,Lagoa da Canoa,27,Alagoas,14,9803,3772,5.2884586,0.3777470428571429,0.19121490000000002,0.4542491645485543,1853.6592117786456,713.2513053992708,0.0039440508219120195
2704203.0,Limoeiro de Anadia,27,Alagoas,17,8747,3357,2.9045202,0.1708541294117647,0.1623805,0.07555498531827469,3011.512882575236,1155.7846972453488,0.004789204569464595
2704302.0,Maceió,27,Alagoas,1615,957593,402829,189.3276567,0.11723074718266255,0.043056,0.3888677571710831,5057.861152939522,2127.6817503652123,0.4549744340991365
2704401.0,Major Isidoro,27,Alagoas,16,9883,3843,3.5111754,0.2194484625,0.21989789999999998,0.12225801541182144,2814.7269430060373,1094.505275925549,0.004507486653613737
2704500.0,Maragogi,27,Alagoas,48,25407,14100,12.3973307,0.2582777229166667,0.15009875,0.2621843446179986,2049.3927777533595,1137.3416053183125,0.01352245996084121
2704609.0,Maravilha,27,Alagoas,7,5112,2319,1.9688919,0.2812702714285714,0.2838803,0.09871118453535234,2596.384291082715,1177.8198691355274,0.0019720254109560098
2704708.0,Marechal Deodoro,27,Alagoas,89,59140,27723,61.5933203,0.6920597786516854,0.224406,1.1199996275954154,960.1690526172202,450.0975083819276,0.02507289451072641
2704807.0,Maribondo,27,Alagoas,12,10127,3734,1.2632363,0.10526969166666666,0.0852801,0.06109552087384383,8016.710729417766,2955.899858165887,0.0033806149902103023
2704906.0,Mar Vermelho,27,Alagoas,2,1523,613,0.4401535,0.22007675,0.22007675,0.01654976350299302,3460.156513579922,1392.6959572058386,0.0005634358317017171
2705002.0,Mata Grande,27,Alagoas,9,5782,2601,2.1997866,0.24442073333333333,0.1953515,0.18783967012604125,2628.4367765491434,1182.387418852356,0.002535461242657727
2705101.0,Matriz de Camaragibe,27,Alagoas,32,21853,7743,3.196163,0.09988009375,0.0541689,0.13057790992121224,6837.260803031635,2422.592339627234,0.009014973307227473
2705200.0,Messias,27,Alagoas,14,13417,4923,2.1809517,0.1557822642857143,0.0737599,0.187628916453673,6151.901484108978,2257.2714471393383,0.0039440508219120195
2705309.0,Minador do Negrão,27,Alagoas,3,2239,859,1.1565489,0.3855163,0.3061349,0.2951684078804505,1935.9319783192911,742.7269179885087,0.0008451537475525756
2705408.0,Monteirópolis,27,Alagoas,6,2875,1130,0.9086577,0.15144295,0.14792905,0.05384974982555629,3164.0077446105392,1243.5926091860554,0.0016903074951051512
2705507.0,Murici,27,Alagoas,31,22952,8425,3.5683499,0.11510806129032257,0.0922614,0.08689486313076154,6432.104654310947,2361.035278519071,0.008733255391376614
2705606.0,Novo Lino,27,Alagoas,9,7261,2901,1.4814474,0.16460526666666667,0.1421291,0.11763625803838076,4901.2877541247835,1958.220048852224,0.002535461242657727
2705705.0,Olho d'Água das Flores,27,Alagoas,21,14219,5805,3.7643761000000002,0.17925600476190479,0.1456526,0.11166489544168962,3777.2527564395064,1542.0882095176407,0.005916076232868029
2705804.0,Olho d'Água do Casado,27,Alagoas,8,4441,1811,2.3529426,0.294117825,0.2840337,0.14707864889382677,1887.4238581085658,769.6745343469067,0.0022537433268068684
2705903.0,Olho d'Água Grande,27,Alagoas,3,1313,540,0.4756365,0.1585455,0.1784479,0.10032605727167794,2760.5114409848698,1135.3207754240896,0.0008451537475525756
2706000.0,Olivença,27,Alagoas,7,4562,2016,1.5324626,0.21892322857142857,0.1607435,0.15286484324421704,2976.9078866916557,1315.5296579505432,0.0019720254109560098
2706109.0,Ouro Branco,27,Alagoas,12,7554,3443,4.6736998,0.3894749833333333,0.13156005,0.5425759671810337,1616.2783925488754,736.6754706838467,0.0033806149902103023
2706208.0,Palestina,27,Alagoas,6,3133,1191,1.2331621,0.20552701666666665,0.13272275,0.1742444955866717,2540.6230048750285,965.8097666154353,0.0016903074951051512
2706307.0,Palmeira dos Índios,27,Alagoas,102,53006,22168,28.111796599999998,0.27560584901960783,0.09572495,0.4444073284981971,1885.5429538786575,788.5657510768986,0.028735227416787572
2706406.0,Pão de Açúcar,27,Alagoas,15,11214,4547,4.831971,0.3221314,0.1970728,0.3199599172191863,2320.792074290181,941.023859621674,0.004225768737762878
2706422.0,Pariconha,27,Alagoas,8,3331,1445,2.6420917999999998,0.33026147499999997,0.32162559999999996,0.19166907240983086,1260.743476059386,546.9151374679715,0.0022537433268068684
2706448.0,Paripueira,27,Alagoas,24,13130,6883,6.4448594,0.26853580833333335,0.1832659,0.24173508740574365,2037.2826131784968,1067.9829570835943,0.006761229980420605
2706505.0,Passo de Camaragibe,27,Alagoas,16,9682,3850,2.5265998,0.1579124875,0.13212825,0.11536120505983441,3832.0275336046493,1523.7870279258314,0.004507486653613737
2706604.0,Paulo Jacinto,27,Alagoas,9,5230,2161,1.1306489,0.12562765555555555,0.1127935,0.0725337956164075,4625.662307724352,1911.2918254287429,0.002535461242657727
2706703.0,Penedo,27,Alagoas,72,47134,19691,14.2680174,0.19816690833333334,0.13578194999999998,0.23656000537925084,3303.4722820004413,1380.079617789084,0.020283689941261816
2706802.0,Piaçabuçu,27,Alagoas,25,13238,6294,4.9716622,0.198866488,0.1228777,0.19842003902207545,2662.690960781688,1265.9749892098462,0.007042947896271463
2706901.0,Pilar,27,Alagoas,51,34641,13777,8.9935306,0.17634373725490196,0.1107237,0.2290056353549885,3851.76873696299,1531.8789263918222,0.014367613708393786
2707008.0,Pindoba,27,Alagoas,2,1586,559,0.359422,0.179711,0.179711,0.012583389435283312,4412.640294695372,1555.2748579664014,0.0005634358317017171
2707107.0,Piranhas,27,Alagoas,26,17018,7054,9.879282,0.37997238461538463,0.16142995,0.5106241142331166,1722.5948201498854,714.0195006074329,0.007324665812122322
2707206.0,Poço das Trincheiras,27,Alagoas,3,2262,945,0.9668815,0.32229383333333333,0.3302285,0.028660654762641645,2339.480070722214,977.3689950629938,0.0008451537475525756
2707305.0,Porto Calvo,27,Alagoas,25,20107,7455,4.6279046,0.185116184,0.0719935,0.2885179660539367,4344.730874530128,1610.8802242812005,0.007042947896271463
2707404.0,Porto de Pedras,27,Alagoas,16,7107,3081,6.6177906,0.4136119125,0.19164885,0.44280135083586314,1073.923372552767,465.5632349563916,0.004507486653613737
2707503.0,Porto Real do Colégio,27,Alagoas,16,9340,3717,2.2545221,0.14090763125,0.10862530000000001,0.07377079016904291,4142.78485005758,1648.6864333687392,0.004507486653613737
2707602.0,Quebrangulo,27,Alagoas,10,7175,2915,1.607416,0.16074159999999998,0.15381319999999998,0.05950889558558078,4463.68581624172,1813.4695685497718,0.0028171791585085855
2707701.0,Rio Largo,27,Alagoas,139,91991,37562,23.956336999999998,0.17234774820143883,0.0765992,0.6076042493103524,3839.944312020657,1567.9358659881937,0.03915879030326934
2707800.0,Roteiro,27,Alagoas,9,5898,2028,0.8064401,0.08960445555555556,0.0815719,0.06799732668976978,7313.624409302067,2514.755900655238,0.002535461242657727
2707909.0,Santa Luzia do Norte,27,Alagoas,12,6819,2582,1.4803327,0.12336105833333333,0.1061299,0.08469482754052349,4606.396926852997,1744.2025025860742,0.0033806149902103023
2708006.0,Santana do Ipanema,27,Alagoas,41,30875,12622,11.8379855,0.2887313536585366,0.1593282,0.36003810905549577,2608.129567315317,1066.2287092681436,0.0115504345498852
2708105.0,Santana do Mundaú,27,Alagoas,12,6969,3111,1.8284729,0.15237274166666667,0.1128861,0.09947417765316564,3811.3772427253366,1701.4198022841904,0.0033806149902103023
2708204.0,São Brás,27,Alagoas,8,3948,1702,1.6229222,0.202865275,0.16987535,0.1807397234983796,2432.648958773255,1048.7255642938399,0.0022537433268068684
2708303.0,São José da Laje,27,Alagoas,27,16313,6262,2.5752257,0.09537872962962962,0.0944712,0.0497440198176688,6334.590401144257,2431.6315265104727,0.00760638372797318
2708402.0,São José da Tapera,27,Alagoas,18,13481,5346,4.9212268,0.27340148888888893,0.21629115,0.15550146213013707,2739.357592704323,1086.3144937762265,0.005070922485315454
2708501.0,São Luís do Quitunde,27,Alagoas,36,23317,7722,3.177756,0.088271,0.058191950000000006,0.10683624359007708,7337.567767946941,2430.0166532609805,0.010141844970630908
2708600.0,São Miguel dos Campos,27,Alagoas,72,49880,18522,12.2068539,0.1695396375,0.0511144,0.6213710817175012,4086.228966826579,1517.3442847546492,0.020283689941261816
2708709.0,São Miguel dos Milagres,27,Alagoas,15,7955,3761,6.9525483,0.46350322,0.2557816,0.4833083459801727,1144.184787612335,540.9527323959763,0.004225768737762878
2708808.0,São Sebastião,27,Alagoas,22,13947,5725,6.070037,0.2759107727272727,0.1619306,0.2476265158536602,2297.6795693337617,943.1573481347807,0.006197794148718887
2708907.0,Satuba,27,Alagoas,43,23348,8942,4.6658403,0.10850791395348837,0.0511225,0.20292979454446983,5004.028963443091,1916.482225077442,0.012113870381586917
2708956.0,Senador Rui Palmeira,27,Alagoas,6,3911,1608,1.2914899,0.21524831666666666,0.16124145,0.14470542057337613,3028.2853934823647,1245.0736161390034,0.0016903074951051512
2709004.0,Tanque d'Arca,27,Alagoas,4,2143,988,0.5546139,0.138653475,0.15802814999999998,0.08306922596290298,3863.9493168130116,1781.4194703738945,0.0011268716634034342
2709103.0,Taquarana,27,Alagoas,15,9441,4121,6.1520296,0.41013530666666664,0.2715976,0.42683389697421353,1534.615503150375,669.8602360430776,0.004225768737762878
2709152.0,Teotônio Vilela,27,Alagoas,48,32135,12136,14.2146914,0.2961394041666667,0.0913229,0.7390937438753807,2260.689247182672,853.7645776819327,0.01352245996084121
2709202.0,Traipu,27,Alagoas,11,7283,2844,2.2167734,0.20152485454545455,0.115366,0.18024631202210692,3285.4057162540835,1282.9457444770853,0.0030988970743594437
2709301.0,União dos Palmares,27,Alagoas,76,49361,20245,15.5579496,0.20470986315789474,0.08698655,0.3992520636483203,3172.7188523608534,1301.2640174641008,0.02141056160466525
2709400.0,Viçosa,27,Alagoas,30,18573,7245,4.544611,0.15148703333333333,0.1190069,0.08881996235928254,4086.8184317645673,1594.1958508660039,0.008451537475525756
2800100.0,Amparo do São Francisco,28,Sergipe,4,1701,749,0.7994727,0.199868175,0.21210485,0.048057701048869375,2127.652388880821,936.8675127993738,0.0011268716634034342
2800209.0,Aquidabã,28,Sergipe,25,11847,5422,6.2292594,0.249170376,0.1211916,0.29109724966400014,1901.831219293902,870.4084469495683,0.007042947896271463
2800308.0,Aracaju,28,Sergipe,1136,602743,267057,150.7688508,0.1327190588028169,0.0478657,0.36167389317239496,3997.7952793416134,1771.300892611168,0.32003155240657527
2800407.0,Arauá,28,Sergipe,8,4375,1852,2.0923518,0.261543975,0.20531935,0.12967083492554465,2090.948568018055,885.1283995358716,0.0022537433268068684
2800506.0,Areia Branca,28,Sergipe,32,13994,5566,6.8389523,0.213717259375,0.138062,0.25504223243515634,2046.2198573895596,813.867352167378,0.009014973307227473
2800605.0,Barra dos Coqueiros,28,Sergipe,92,41146,19907,29.8190294,0.3241198847826087,0.0980062,0.6056405494095881,1379.8571190248063,667.593828523473,0.025918048258278984
2800670.0,Boquim,28,Sergipe,38,17774,7710,7.7150476,0.20302756842105263,0.19386035000000001,0.1376943553520605,2303.809505984124,999.3457460975354,0.010705280802332625
2800704.0,Brejo Grande,28,Sergipe,7,3933,1505,0.8261598,0.11802282857142857,0.0712222,0.10711018436821207,4760.580217047598,1821.6814713085773,0.0019720254109560098
2801009.0,Campo do Brito,28,Sergipe,23,11579,5109,5.4680324,0.2377405391304348,0.1794508,0.197077751228004,2117.580722455119,934.339745316798,0.006479512064569746
2801108.0,Canhoba,28,Sergipe,3,1553,636,0.4872398,0.16241326666666667,0.1692223,0.05835296174371386,3187.34224913482,1305.3120865742085,0.0008451537475525756
2801207.0,Canindé de São Francisco,28,Sergipe,32,17902,7562,5.8550283,0.182969634375,0.0962171,0.2596320807813336,3057.5428644811163,1291.539444822154,0.009014973307227473
2801306.0,Capela,28,Sergipe,35,21955,9567,11.0963278,0.3170379371428571,0.2253584,0.2643861947157972,1978.5825000591637,862.177124940379,0.009860127054780048
2801405.0,Carira,28,Sergipe,27,12577,5670,7.7017108,0.28524854814814815,0.1671169,0.38955442180285077,1633.0137974020006,736.200066094406,0.00760638372797318
2801504.0,Carmópolis,28,Sergipe,28,13390,5870,4.0642251,0.14515089642857143,0.08043025000000001,0.14704712134850711,3294.6009806395814,1444.309765224372,0.007888101643824039
2801603.0,Cedro de São João,28,Sergipe,8,4677,2068,1.3128059,0.1641007375,0.14445685,0.10060557440599315,3562.598248530114,1575.251908907478,0.0022537433268068684
2801702.0,Cristinápolis,28,Sergipe,31,13283,5512,6.2109687000000005,0.20035382903225807,0.1479039,0.17951288759187028,2138.635797665507,887.4622085923569,0.008733255391376614
2801900.0,Cumbe,28,Sergipe,4,2219,986,1.4468613,0.361715325,0.37341555000000004,0.20725304753710094,1533.6646297748098,681.4751351770899,0.0011268716634034342
2802007.0,Divina Pastora,28,Sergipe,4,2170,868,1.2291062,0.30727655,0.2615432,0.1777574157010709,1765.5105799645305,706.2042319858122,0.0011268716634034342
2802106.0,Estância,28,Sergipe,124,57224,27362,94.6341604,0.7631787129032258,0.10309565000000001,2.377816857916163,604.6865081079115,289.1344931296078,0.034933021565506456
2802205.0,Feira Nova,28,Sergipe,7,3979,1762,1.8286618,0.2612374,0.2453565,0.13089696944635504,2175.908087542486,963.5461297436192,0.0019720254109560098
2802304.0,Frei Paulo,28,Sergipe,25,11837,5044,6.2719181,0.250876724,0.1629296,0.21093258974577098,1887.3014301637645,804.2196852028409,0.007042947896271463
2802403.0,Gararu,28,Sergipe,9,3123,1464,1.4024007,0.1558223,0.1487272,0.08013025670194748,2226.8956368889435,1043.9241794445766,0.002535461242657727
2802502.0,General Maynard,28,Sergipe,3,2066,939,1.0010604,0.3336868,0.281517,0.1785118677961496,2063.8115342490823,938.0053391383776,0.0008451537475525756
2802601.0,Graccho Cardoso,28,Sergipe,5,2905,1335,1.8740092,0.37480184,0.3542862,0.15989888213418815,1550.1524752386488,712.3764387069178,0.0014085895792542928
2802700.0,Ilha das Flores,28,Sergipe,14,7537,3034,1.6331224,0.1166516,0.12843975000000002,0.05634092786747208,4615.085801284705,1857.7909408382372,0.0039440508219120195
2802809.0,Indiaroba,28,Sergipe,8,5494,2115,0.8782534,0.109781675,0.0879809,0.06730711021295807,6255.597758004695,2408.188798358196,0.0022537433268068684
2802908.0,Itabaiana,28,Sergipe,166,86535,35686,37.3912942,0.22524876024096385,0.08517575,0.4478723677568636,2314.308767627519,954.3932822737117,0.046765174031242515
2803005.0,Itabaianinha,28,Sergipe,44,24130,9320,7.0117656,0.1593583090909091,0.11331155000000001,0.15277687078035904,3441.358621571719,1329.1944613778874,0.012395588297437775
2803104.0,Itabi,28,Sergipe,6,2691,1392,1.8232669000000001,0.3038778166666667,0.27197465,0.13481562682501486,1475.9221483152028,763.4647456167827,0.0016903074951051512
2803203.0,Itaporanga d'Ajuda,28,Sergipe,42,16459,8390,8.7348471,0.20797254999999998,0.13177505,0.2586887155753579,1884.2917124445144,960.5205338969242,0.011832152465736058
2803302.0,Japaratuba,28,Sergipe,24,10481,4536,3.5312091,0.14713371249999999,0.1015682,0.1267807528951468,2968.10517394736,1284.5458514478794,0.006761229980420605
2803401.0,Japoatã,28,Sergipe,7,4576,1809,1.5187966,0.21697094285714286,0.1757734,0.13458454760540994,3012.911669673214,1191.0745652182788,0.0019720254109560098
2803500.0,Lagarto,28,Sergipe,161,75444,33223,59.2290485,0.3678822888198758,0.1056835,0.5919315860357511,1273.7668747118232,560.9240877810151,0.04535658445198822
2803609.0,Laranjeiras,28,Sergipe,50,22284,8627,8.1898614,0.163797228,0.09598865000000001,0.24273822355216498,2720.9251673050294,1053.3755797137178,0.014085895792542926
2803708.0,Macambira,28,Sergipe,9,3751,1714,2.4465563,0.27183958888888893,0.281833,0.1401285291021465,1533.1754270277777,700.5765614304481,0.002535461242657727
2803807.0,Malhada dos Bois,28,Sergipe,2,1434,582,0.5308661,0.26543305,0.26543305,0.0917064462190363,2701.2461334411823,1096.3216524844966,0.0005634358317017171
2803906.0,Malhador,28,Sergipe,10,6018,2537,2.0608378,0.20608378,0.1806852,0.13431247095651244,2920.1715923494808,1231.0527301081145,0.0028171791585085855
2804003.0,Maruim,28,Sergipe,28,13931,5435,3.6159089,0.12913960357142856,0.09224515,0.12240822691733404,3852.696620758338,1503.0799033681408,0.007888101643824039
2804102.0,Moita Bonita,28,Sergipe,12,5270,2277,2.5870591,0.2155882583333333,0.23534064999999998,0.10322566333728571,2037.0620833517103,880.1499741540501,0.0033806149902103023
2804201.0,Monte Alegre de Sergipe,28,Sergipe,14,9170,3693,3.0482217,0.21773012142857143,0.1828708,0.1433013759576443,3008.3113705279375,1211.5260514023635,0.0039440508219120195
2804300.0,Muribeca,28,Sergipe,6,3638,1614,1.6172535000000001,0.26954225000000004,0.2192608,0.21485442149918862,2249.492735678111,997.9882560155226,0.0016903074951051512
2804409.0,Neópolis,28,Sergipe,16,8656,3860,3.0252412,0.189077575,0.1039425,0.2215622877921797,2861.259459245762,1275.9313207819596,0.004507486653613737
2804458.0,Nossa Senhora Aparecida,28,Sergipe,7,4628,1966,2.299316,0.3284737142857143,0.2902974,0.15388080511595575,2012.7724940808482,855.0368892314061,0.0019720254109560098
2804508.0,Nossa Senhora da Glória,28,Sergipe,56,28772,12028,13.3237754,0.23792456071428572,0.1027457,0.2922795655391073,2159.4479894940287,902.7471297662372,0.015776203287648078
2804607.0,Nossa Senhora das Dores,28,Sergipe,37,19023,8525,10.2425945,0.2768268783783784,0.2038997,0.19344498467758667,1857.2442753640205,832.3086499226345,0.010423562886481766
2804706.0,Nossa Senhora de Lourdes,28,Sergipe,7,3499,1540,2.121648,0.30309257142857143,0.1415659,0.428831870774599,1649.1896865078468,725.8508480200297,0.0019720254109560098
2804805.0,Nossa Senhora do Socorro,28,Sergipe,416,189586,80939,76.0101432,0.18271669038461538,0.05404715,0.49139122977487226,2494.219745135278,1064.844724565655,0.11719465299395715
2804904.0,Pacatuba,28,Sergipe,12,4997,2336,5.2093931,0.43411609166666665,0.23725085,0.5641339598429848,959.2288207238574,448.42075749668425,0.0033806149902103023
2805000.0,Pedra Mole,28,Sergipe,2,1263,537,0.4223114,0.2111557,0.2111557,0.018962765393792113,2990.684125505492,1271.5735355474658,0.0005634358317017171
2805109.0,Pedrinhas,28,Sergipe,13,5672,2707,2.9833458999999998,0.22948814615384613,0.1785143,0.19060655529803888,1901.2210417839917,907.3704795679241,0.003662332906061161
2805208.0,Pinhão,28,Sergipe,8,3681,1776,0.9003532,0.11254415,0.10485,0.04953127601064662,4088.3955318868198,1972.5592134286856,0.0022537433268068684
2805307.0,Pirambu,28,Sergipe,11,4645,2594,1.4410049,0.13100044545454545,0.0888921,0.07900731017374739,3223.4449723245216,1800.1326713045876,0.0030988970743594437
2805406.0,Poço Redondo,28,Sergipe,29,14808,6185,5.0125775,0.1728475,0.1517875,0.14220237144506417,2954.1687884127477,1233.8961342742332,0.008169819559674897
2805505.0,Poço Verde,28,Sergipe,25,13049,6247,3.2293895,0.12917557999999998,0.0937664,0.10882303212814143,4040.7018106673104,1934.42135115631,0.007042947896271463
2805604.0,Porto da Folha,28,Sergipe,31,12797,5883,3.4417762,0.11102503870967742,0.0716973,0.09974857789183321,3718.138326367647,1709.2918476221666,0.008733255391376614
2805703.0,Propriá,28,Sergipe,41,22640,9806,8.7777355,0.21409110975609758,0.0705486,0.43603890934492173,2579.2529291865767,1117.1446211839032,0.0115504345498852
2805802.0,Riachão do Dantas,28,Sergipe,17,7347,3003,3.0257623000000002,0.17798601764705885,0.1102761,0.17586365499937456,2428.148437172345,992.4771684808155,0.004789204569464595
2805901.0,Riachuelo,28,Sergipe,14,7358,2719,1.2644348,0.09031677142857143,0.06546435,0.07998922018427453,5819.2008002310595,2150.3678956004687,0.0039440508219120195
2806008.0,Ribeirópolis,28,Sergipe,27,12609,5923,6.2292293999999995,0.23071219999999998,0.123688,0.2180802807212095,2024.1669057813156,950.8399225111216,0.00760638372797318
2806107.0,Rosário do Catete,28,Sergipe,19,8124,3463,2.6928246,0.14172761052631577,0.1173989,0.12786275127853955,3016.906485479968,1286.0102362404148,0.0053526404011663125
2806206.0,Salgado,28,Sergipe,20,10072,4492,4.9167663,0.245838315,0.25364135,0.13631199031107888,2048.5008612266156,913.6086049076606,0.005634358317017171
2806305.0,Santa Luzia do Itanhy,28,Sergipe,5,3229,1308,0.6192716,0.12385432,0.1246638,0.06060261430431034,5214.190348790417,2112.158865350841,0.0014085895792542928
2806404.0,Santana do São Francisco,28,Sergipe,8,4535,1709,0.6649335000000001,0.08311668750000001,0.08454595000000001,0.0331709606066355,6820.230895269978,2570.1818302130964,0.0022537433268068684
2806503.0,Santa Rosa de Lima,28,Sergipe,3,2209,916,0.5270507,0.17568356666666665,0.1497265,0.10159673203609129,4191.247635189556,1737.9732158594989,0.0008451537475525756
2806602.0,Santo Amaro das Brotas,28,Sergipe,15,7926,3374,6.4774484999999995,0.4318299,0.1129622,0.7489259074025347,1223.6299524419223,520.8841104641743,0.004225768737762878
2806701.0,São Cristóvão,28,Sergipe,168,84379,36479,30.0672789,0.17897189821428572,0.06593355,0.38068979104384165,2806.3397516161663,1213.2458052264915,0.04732860986294423
2806800.0,São Domingos,28,Sergipe,13,5716,2746,2.9571351999999997,0.22747193846153843,0.1570799,0.16980432502310094,1932.9518650347811,928.6014383109708,0.003662332906061161
2806909.0,São Francisco,28,Sergipe,3,2364,1094,0.9631121,0.32103736666666666,0.3300119,0.02485104395741424,2454.542934306401,1135.9010025935713,0.0008451537475525756
2807006.0,São Miguel do Aleixo,28,Sergipe,4,1859,864,0.9598488000000001,0.23996220000000001,0.24073825,0.05602706704638393,1936.7633735646696,900.1417723291418,0.0011268716634034342
2807105.0,Simão Dias,28,Sergipe,46,22989,9934,7.7572267,0.16863536304347826,0.1105337,0.17308729318650026,2963.559128676747,1280.6123095512987,0.012959024129139492
2807204.0,Siriri,28,Sergipe,7,3828,1624,1.2349506000000001,0.17642151428571431,0.2169026,0.09084682773801972,3099.719130465623,1315.0323583793554,0.0019720254109560098
2807303.0,Telha,28,Sergipe,4,1928,810,0.4879882,0.12199705,0.1272789,0.08699729439997929,3950.9152065562243,1659.8762019245548,0.0011268716634034342
2807402.0,Tobias Barreto,28,Sergipe,78,37955,16114,14.083456400000001,0.18055713333333334,0.06677585,0.30901200884041424,2695.0060355922283,1144.1793507451764,0.021973997436366965
2807501.0,Tomar do Geru,28,Sergipe,17,6401,2960,3.7402357999999998,0.2200138705882353,0.1493676,0.151958866496882,1711.3894263030156,791.393954359776,0.004789204569464595
2807600.0,Umbaúba,28,Sergipe,45,19568,8259,10.5954151,0.23545366888888888,0.219389,0.18813095326437312,1846.8365623542204,779.4881014147336,0.012677306213288634
2900108.0,Abaíra,29,Bahia,7,3555,2007,3.7469044,0.5352720571428572,0.4501059,0.3675207376339048,948.7832142181156,535.6421690395944,0.0019720254109560098
2900207.0,Abaré,29,Bahia,14,9858,3760,3.1053746,0.22181247142857144,0.1642226,0.18655205565934357,3174.4962427399255,1210.8040041288416,0.0039440508219120195
2900306.0,Acajutiba,29,Bahia,20,10347,4770,16.1165541,0.8058277049999999,0.46675215000000003,0.6556723186545631,642.0106888730018,295.9689751545587,0.005634358317017171
2900355.0,Adustina,29,Bahia,12,7166,3364,7.557815,0.6298179166666666,0.74083525,0.41149345939926685,948.1576355070878,445.10218892629683,0.0033806149902103023
2900405.0,Água Fria,29,Bahia,11,5937,3128,6.3031985,0.5730180454545454,0.5067448,0.2767859170690422,941.9027498499373,496.2559881304706,0.0030988970743594437
2900504.0,Érico Cardoso,29,Bahia,3,2284,909,1.5326977,0.5108992333333333,0.5103131,0.14922336335327427,1490.1829630200398,593.0719410618285,0.0008451537475525756
2900603.0,Aiquara,29,Bahia,4,2597,1024,0.8992515999999999,0.22481289999999998,0.22240225,0.14418801697855016,2887.9570522865906,1138.7246906205116,0.0011268716634034342
2900702.0,Alagoinhas,29,Bahia,198,132509,60455,59.3240422,0.29961637474747477,0.11403875,0.60874046222784,2233.6475244433022,1019.0640718005558,0.05578014733846999
2900801.0,Alcobaça,29,Bahia,26,12857,7720,14.6746596,0.5644099846153846,0.2118394,1.1852210949626054,876.136166047763,526.0769387795543,0.007324665812122322
2900900.0,Almadina,29,Bahia,9,4430,2100,0.9649521999999999,0.1072169111111111,0.0981246,0.08677339857618295,4590.900979343847,2176.2736019462936,0.002535461242657727
2901007.0,Amargosa,29,Bahia,53,28063,12931,11.5415913,0.21776587358490568,0.1104355,0.2577279544033071,2431.467140930558,1120.3827673225614,0.014931049540095503
2901106.0,Amélia Rodrigues,29,Bahia,36,19926,8781,14.2074629,0.3946517472222222,0.26529385,0.3764754654739156,1402.5023426244527,618.0554587265542,0.010141844970630908
2901155.0,América Dourada,29,Bahia,19,11725,4963,8.953789,0.471252052631579,0.3937589,0.3652255549350936,1309.501485907251,554.2904797064125,0.0053526404011663125
2901205.0,Anagé,29,Bahia,10,6525,2808,6.0756725,0.60756725,0.62901825,0.3482416149164295,1073.9551876767553,462.17106007606566,0.0028171791585085855
2901304.0,Andaraí,29,Bahia,10,8095,3786,6.1752778,0.61752778,0.4234238,0.4027262895468081,1310.8722007615593,613.0898273110887,0.0028171791585085855
2901353.0,Andorinha,29,Bahia,12,6662,3413,4.4929679,0.37441399166666667,0.24287160000000002,0.6073562249272728,1482.7615394269787,759.6315121681595,0.0033806149902103023
2901403.0,Angical,29,Bahia,12,6425,2777,5.3706251,0.44755209166666665,0.33860389999999996,0.4302678429539431,1196.3225658778529,517.0720257498517,0.0033806149902103023
2901502.0,Anguera,29,Bahia,7,4749,1887,1.3018493,0.18597847142857143,0.1434252,0.12946675360791424,3647.8876625735406,1449.4765254319375,0.0019720254109560098
2901601.0,Antas,29,Bahia,15,8569,3309,4.1277767,0.27518511333333334,0.2802687,0.25005342971473365,2075.9359390734485,801.6422012363217,0.004225768737762878
2901700.0,Antônio Cardoso,29,Bahia,7,3842,1507,2.0793273,0.29704675714285717,0.1863464,0.27241007400537925,1847.7129598596623,724.7536258481289,0.0019720254109560098
2901809.0,Antônio Gonçalves,29,Bahia,9,5584,2267,1.8729343999999999,0.2081038222222222,0.1190543,0.1402856350210685,2981.4178222152364,1210.4001079802902,0.002535461242657727
2901908.0,Aporá,29,Bahia,15,8951,4036,11.9182494,0.79454996,0.4540329,0.7273795037999135,751.033117330134,338.64033756501186,0.004225768737762878
2901957.0,Apuarema,29,Bahia,7,5154,2258,1.7448274000000001,0.24926105714285715,0.2312024,0.11841590566629774,2953.8738330221086,1294.110810043446,0.0019720254109560098
2902005.0,Aracatu,29,Bahia,9,4584,2012,4.2764045,0.47515605555555557,0.4171048,0.4529451471814499,1071.928532485643,470.48870143130756,0.002535461242657727
2902054.0,Araçás,29,Bahia,10,6114,2763,4.3492489,0.43492489,0.30239095,0.41219303564581766,1405.759969267337,635.2821058367113,0.0028171791585085855
2902104.0,Araci,29,Bahia,48,23433,11174,7.6781413,0.15996127708333333,0.11835775000000001,0.13412254459790857,3051.9104929730843,1455.3001258260251,0.01352245996084121
2902203.0,Aramari,29,Bahia,9,5573,2514,8.9250214,0.9916690444444445,0.5585582,1.0628835535528471,624.4242730891378,281.67999686813073,0.002535461242657727
2902252.0,Arataca,29,Bahia,8,5426,2236,1.5886877000000001,0.19858596250000002,0.11308905,0.23726557333186152,3415.397500717101,1407.4509420573972,0.0022537433268068684
2902302.0,Aratuípe,29,Bahia,10,5468,2555,2.7843059,0.27843059000000003,0.29998040000000004,0.15926590026248172,1963.8646744957155,917.6434241654266,0.0028171791585085855
2902401.0,Aurelino Leal,29,Bahia,17,9631,4505,2.7720116999999997,0.16305951176470587,0.1118606,0.14457905265083737,3474.3720598293294,1625.1735156817701,0.004789204569464595
2902500.0,Baianópolis,29,Bahia,7,3869,1633,4.8837598,0.6976799714285714,0.3290914,1.0569169771506666,792.2175042269687,334.37352918134917,0.0019720254109560098
2902609.0,Baixa Grande,29,Bahia,15,8097,3957,5.6133688,0.37422458666666664,0.2342158,0.3853812615345778,1442.449318491242,704.9242871767128,0.004225768737762878
2902658.0,Banzaê,29,Bahia,9,4416,1981,4.9250477,0.5472275222222223,0.2490183,0.7669792675003017,896.6410619738768,402.22960683203127,0.002535461242657727
2902708.0,Barra,29,Bahia,41,24613,9935,15.0190811,0.3663190512195122,0.1904405,0.5294746694730514,1638.7820157652654,661.491867168891,0.0115504345498852
2902807.0,Barra da Estiva,29,Bahia,15,14096,5738,10.577550500000001,0.7051700333333334,0.6236492,0.48349340517589817,1332.6336754431,542.4696388828396,0.004225768737762878
2902906.0,Barra do Choça,29,Bahia,34,24997,9860,8.7841149,0.2583563205882353,0.13653854999999998,0.24274922306009025,2845.705035119702,1122.4807635428356,0.00957840913892919
2903003.0,Barra do Mendes,29,Bahia,14,7832,3575,4.1593047,0.29709319285714286,0.22879349999999998,0.23763714399157276,1883.0070324013532,859.5186594528649,0.0039440508219120195
2903102.0,Barra do Rocha,29,Bahia,6,3904,1604,1.2982665999999998,0.21637776666666664,0.1847155,0.18665201129060108,3007.086525987806,1235.493541927367,0.0016903074951051512
2903201.0,Barreiras,29,Bahia,247,143943,60371,90.6300998,0.3669234809716599,0.1008662,1.3031342249576405,1588.2471752502695,666.1252733167574,0.06958432521516206
2903235.0,Barro Alto,29,Bahia,12,7518,3311,5.9395289,0.49496074166666665,0.4168079,0.3461523944859506,1265.7569525421452,557.4516187639057,0.0033806149902103023
2903276.0,Barrocas,29,Bahia,14,7128,3036,10.8585764,0.7756126,0.56687415,0.7245311157612487,656.4396415721677,279.5946621511085,0.0039440508219120195
2903300.0,Barro Preto,29,Bahia,8,4793,2297,0.8213134,0.102664175,0.08472215,0.06211388286516838,5835.774748104683,2796.739953347894,0.0022537433268068684
2903409.0,Belmonte,29,Bahia,34,16497,8230,8.3475265,0.24551548529411768,0.16439120000000002,0.23717991965907428,1976.274049564263,985.9207994128559,0.00957840913892919
2903508.0,Belo Campo,29,Bahia,15,10306,4278,6.7205485,0.44803656666666664,0.3670496,0.33073764029440245,1533.505784535295,636.5551859346004,0.004225768737762878
2903607.0,Biritinga,29,Bahia,7,4146,1951,2.6428241,0.3775463,0.3237136,0.1862739655008808,1568.7763707013266,738.2254460294955,0.0019720254109560098
2903706.0,Boa Nova,29,Bahia,13,7341,3257,7.662679600000001,0.5894368923076924,0.5547322,0.47889631136913385,958.0199594930211,425.04713364238796,0.003662332906061161
2903805.0,Boa Vista do Tupim,29,Bahia,12,7755,3866,6.410545,0.5342120833333334,0.39706165,0.4597277922574101,1209.7255381562723,603.0688498403802,0.0033806149902103023
2903904.0,Bom Jesus da Lapa,29,Bahia,73,47911,18570,24.127398,0.330512301369863,0.1198469,0.5339777196045893,1985.7508049562578,769.6644287958445,0.020565407857112673
2903953.0,Bom Jesus da Serra,29,Bahia,4,3435,1466,3.1155044,0.7788761,0.7104239999999999,0.7009596265719447,1102.5502002179808,470.54980888487916,0.0011268716634034342
2904001.0,Boninal,29,Bahia,7,6422,2892,5.9629947,0.8518563857142858,0.752077,0.25167930072192685,1076.975634407322,484.991207521952,0.0019720254109560098
2904050.0,Bonito,29,Bahia,12,8064,3557,3.9869183,0.33224319166666666,0.33266615,0.23251993455374745,2022.6148100401253,892.1677677719155,0.0033806149902103023
2904100.0,Boquira,29,Bahia,11,7071,3538,5.2194992,0.4744999272727272,0.4299327,0.3457157756338264,1354.7276719574936,677.8428091338725,0.0030988970743594437
2904209.0,Botuporã,29,Bahia,9,4816,2086,6.7739106,0.7526567333333333,0.5522475,0.4806082647424537,710.9630292434034,307.94619580600903,0.002535461242657727
2904308.0,Brejões,29,Bahia,19,8821,4212,5.35311,0.28174263157894736,0.1470702,0.2650322476124159,1647.8271509458987,786.8323273760487,0.0053526404011663125
2904407.0,Brejolândia,29,Bahia,3,1941,840,1.1270178,0.37567259999999997,0.5037413,0.2697757346108615,1722.2443159282843,745.329843060154,0.0008451537475525756
2904506.0,Brotas de Macaúbas,29,Bahia,7,3788,1900,2.5405288,0.3629326857142857,0.2853305,0.23538268164723752,1491.0281670493166,747.8757965664471,0.0019720254109560098
2904605.0,Brumado,29,Bahia,87,52256,21410,27.0928955,0.311412591954023,0.1009941,0.5362663971009741,1928.7713267856511,790.2440697045466,0.024509458679024692
2904704.0,Buerarema,29,Bahia,24,13106,6272,10.404428,0.4335178333333333,0.130417,1.1130423628230648,1259.6559849325693,602.820260758208,0.006761229980420605
2904753.0,Buritirama,29,Bahia,10,8182,3440,5.3932948,0.5393294799999999,0.53402135,0.36311116241426605,1517.0689353009222,637.8290317080387,0.0028171791585085855
2904803.0,Caatiba,29,Bahia,7,4371,1859,0.7888288,0.11268982857142858,0.1076018,0.08951811256788043,5541.126287478348,2356.658377584591,0.0019720254109560098
2904852.0,Cabaceiras do Paraguaçu,29,Bahia,7,5297,2129,3.9530477,0.5647211,0.495172,0.3026148377212635,1339.9787713161165,538.5717961359283,0.0019720254109560098
2904902.0,Cachoeira,29,Bahia,45,19994,10682,16.6737715,0.3705282555555556,0.1450998,0.573989487470831,1199.128823373884,640.6468986335815,0.012677306213288634
2905008.0,Caculé,29,Bahia,22,15143,6677,16.2459205,0.7384509318181819,0.33606369999999997,0.9174537657729198,932.1109259398382,410.9954865284488,0.006197794148718887
2905107.0,Caém,29,Bahia,10,5047,2292,2.8607061,0.28607061,0.26919055000000003,0.15080830768247522,1764.249742397515,801.2007944472172,0.0028171791585085855
2905156.0,Caetanos,29,Bahia,6,3684,1645,3.2230278,0.5371713,0.3298616,0.6244596189715841,1143.0245807994581,510.38964044926945,0.0016903074951051512
2905206.0,Caetité,29,Bahia,48,32973,14503,18.4472905,0.3843185520833334,0.18809209999999998,0.4379728229074659,1787.4169651093205,786.1859171134101,0.01352245996084121
2905305.0,Cafarnaum,29,Bahia,18,12048,5011,5.3875311,0.29930728333333334,0.2279084,0.22474620453979074,2236.2747938475936,930.1106401037758,0.005070922485315454
2905404.0,Cairu,29,Bahia,30,14966,8672,10.3118615,0.34372871666666666,0.2214081,0.48996275389539284,1451.3383446819957,840.9732811093322,0.008451537475525756
2905503.0,Caldeirão Grande,29,Bahia,11,7592,3176,3.6244514,0.3294955818181818,0.4072951,0.2210249653635119,2094.6618293736815,876.2705440056391,0.0030988970743594437
2905602.0,Camacan,29,Bahia,40,19977,9395,6.6873781999999995,0.16718445499999998,0.09406054999999999,0.1724854828989726,2987.2693606591597,1404.8854003800773,0.011268716634034342
2905701.0,Camaçari,29,Bahia,671,293928,172424,357.276205,0.5324533606557377,0.065449,3.3604095986975837,822.6912284852556,482.60700709133425,0.18903272153592607
2905800.0,Camamu,29,Bahia,25,16200,7999,6.5716307,0.262865228,0.1741309,0.2856839400563563,2465.1415667651563,1217.2016908984249,0.007042947896271463
2905909.0,Campo Alegre de Lourdes,29,Bahia,14,9539,4407,7.1467667,0.5104833357142857,0.50705505,0.35026824450859767,1334.7294518512826,616.6424881338298,0.0039440508219120195
2906006.0,Campo Formoso,29,Bahia,75,40746,17265,14.6343596,0.19512479466666666,0.1259137,0.19580704609775498,2784.269425769748,1179.7578077827197,0.02112884368881439
2906105.0,Canápolis,29,Bahia,5,3934,1664,2.6962598,0.53925196,0.6790057,0.30353502886221057,1459.058210933531,617.1512107253166,0.0014085895792542928
2906204.0,Canarana,29,Bahia,28,14481,6336,6.783641,0.24227289285714287,0.1549509,0.22005122710937428,2134.694333028531,934.0116907719615,0.007888101643824039
2906303.0,Canavieiras,29,Bahia,48,25105,12541,20.000686899999998,0.4166809770833333,0.08791945,0.889415718733468,1255.206889919366,627.0284647073797,0.01352245996084121
2906402.0,Candeal,29,Bahia,5,3426,1552,2.4047637,0.48095274000000005,0.5213939,0.24663511465054605,1424.6722037595625,645.3856568111037,0.0014085895792542928
2906501.0,Candeias,29,Bahia,128,66248,33718,42.5068531,0.33208478984375,0.0610281,0.7725422659611585,1558.525159323074,793.2367969154602,0.036059893228909894
2906600.0,Candiba,29,Bahia,12,7756,3408,6.6813184,0.5567765333333333,0.47544125000000004,0.35619045033184227,1160.8487330883677,510.07896884543027,0.0033806149902103023
2906709.0,Cândido Sales,29,Bahia,33,18972,8183,11.7966776,0.3574750787878788,0.1270033,0.4152485943230624,1608.2494277880407,693.6698854938613,0.009296691223078331
2906808.0,Cansanção,29,Bahia,22,14651,6016,6.1048323,0.2774923772727273,0.2091405,0.21408363605451902,2399.902123437527,985.4488549996697,0.006197794148718887
2906824.0,Canudos,29,Bahia,16,10253,4201,7.7373805,0.48358628125,0.33100545000000003,0.454469952304103,1325.125473666443,542.9486116134524,0.004507486653613737
2906857.0,Capela do Alto Alegre,29,Bahia,12,5607,2926,3.7179163,0.30982635833333333,0.25486665000000003,0.2547200675554154,1508.1028047888005,786.9999655452168,0.0033806149902103023
2906873.0,Capim Grosso,29,Bahia,56,28268,13482,20.4909812,0.36591037857142855,0.1552741,0.5650857153298628,1379.5337433621773,657.9479951892201,0.015776203287648078
2906899.0,Caraíbas,29,Bahia,5,2936,1379,3.2665357999999998,0.65330716,0.2725558,0.6477478989567879,898.8115176940661,422.1597693801489,0.0014085895792542928
2906907.0,Caravelas,29,Bahia,28,15263,7296,12.3386262,0.44066522142857145,0.24692465000000002,0.5756288825140078,1237.009676166379,591.3138044493154,0.007888101643824039
2907004.0,Cardeal da Silva,29,Bahia,11,6263,2794,4.1158735,0.3741703181818182,0.279818,0.280180803590306,1521.6697014619133,678.8352460297917,0.0030988970743594437
2907103.0,Carinhanha,29,Bahia,29,17665,7779,9.76323,0.3366631034482759,0.2840164,0.22006219458973325,1809.339736951808,796.7650050239521,0.008169819559674897
2907202.0,Casa Nova,29,Bahia,62,45903,16391,15.2211643,0.24550265,0.12518385,0.3732609234109995,3015.7351366347184,1076.8558618081536,0.017466510782753228
2907301.0,Castro Alves,29,Bahia,29,15783,6927,6.018610600000001,0.20753829655172415,0.1221773,0.20542135103648634,2622.366032452739,1150.930083431548,0.008169819559674897
2907400.0,Catolândia,29,Bahia,2,1126,429,1.0569765,0.52848825,0.52848825,0.1829963358332756,1065.3027763625776,405.8746812251739,0.0005634358317017171
2907509.0,Catu,29,Bahia,78,41224,18850,21.1754275,0.27147983974358975,0.1408666,0.3657472992150726,1946.7847815587193,890.1827365704895,0.021973997436366965
2907558.0,Caturama,29,Bahia,3,2820,1295,3.509604,1.169868,1.1370908,0.7021266333053033,803.5094557676592,368.98749830465204,0.0008451537475525756
2907608.0,Central,29,Bahia,13,8185,3394,3.4273783,0.2636444846153846,0.2452805,0.19742605017841847,2388.122723423907,990.2612734637435,0.003662332906061161
2907707.0,Chorrochó,29,Bahia,10,5772,2341,2.6310423,0.26310423,0.19052175,0.22597315595320933,2193.8073743626246,889.7614454925335,0.0028171791585085855
2907806.0,Cícero Dantas,29,Bahia,40,20783,9608,15.798342,0.39495855,0.21049790000000002,0.41476658547459105,1315.5177929430822,608.1650846652136,0.011268716634034342
2907905.0,Cipó,29,Bahia,18,12202,5144,9.3961215,0.52200675,0.2798486,0.4284008480709643,1298.6209256659783,547.4599280139151,0.005070922485315454
2908002.0,Coaraci,29,Bahia,31,15989,8040,4.0842879,0.13175122258064514,0.1228759,0.0908605442402796,3914.758310744941,1968.5194082424994,0.008733255391376614
2908101.0,Cocos,29,Bahia,14,10261,4349,5.2523425,0.37516732142857145,0.35725830000000003,0.2517811738642267,1953.6045107492514,828.0115015347914,0.0039440508219120195
2908200.0,Conceição da Feira,29,Bahia,20,13842,5538,6.06337,0.3031685,0.2072568,0.2634803037108846,2282.8888885223896,913.3534651522174,0.005634358317017171
2908309.0,Conceição do Almeida,29,Bahia,13,7478,3178,4.3375612,0.33365855384615384,0.2969492,0.23935595073742377,1724.010257192452,732.6697776621573,0.003662332906061161
2908408.0,Conceição do Coité,29,Bahia,71,44725,20610,25.5072196,0.35925661408450704,0.1657356,0.45104859118985463,1753.4251361524327,808.0065300414005,0.020001972025410954
2908507.0,Conceição do Jacuípe,29,Bahia,53,33035,14518,24.884868,0.4695258113207547,0.2104469,0.6434593135828275,1327.5135717014853,583.4067514442913,0.014931049540095503
2908606.0,Conde,29,Bahia,33,14392,7500,14.2954068,0.4331941454545455,0.2230959,0.4875236293657532,1006.7569395786624,524.6440416092252,0.009296691223078331
2908705.0,Condeúba,29,Bahia,12,8094,3493,6.6817481,0.5568123416666667,0.35409504999999997,0.5198786993374888,1211.3596440428516,522.7673877738671,0.0033806149902103023
2908804.0,Contendas do Sincorá,29,Bahia,5,2623,1215,1.9700503999999999,0.39401008,0.3852129,0.16601054658589315,1331.4380180324322,616.7354906250115,0.0014085895792542928
2908903.0,Coração de Maria,29,Bahia,18,11867,5060,8.4137543,0.46743079444444446,0.31909535,0.439720872866673,1410.428635882557,601.3962161932872,0.005070922485315454
2909000.0,Cordeiros,29,Bahia,5,2615,1205,2.4981885999999998,0.49963771999999995,0.5013761,0.04471758011349672,1046.7584392947756,482.34949114730574,0.0014085895792542928
2909109.0,Coribe,29,Bahia,13,8759,4034,7.7941399,0.599549223076923,0.5822252,0.35047253105731446,1123.79301788001,517.5683336143351,0.003662332906061161
2909208.0,Coronel João Sá,29,Bahia,18,8841,3877,4.4724513,0.2484695166666667,0.1351633,0.22375756356923773,1976.7683104788641,866.8624295584839,0.005070922485315454
2909307.0,Correntina,29,Bahia,28,17116,7845,16.7299228,0.5974972428571429,0.40265989999999996,0.6893360892674167,1023.0770461176306,468.92027499373756,0.007888101643824039
2909406.0,Cotegipe,29,Bahia,11,6783,3121,6.874494,0.624954,0.4201729,0.46753313010646863,986.6908022612282,453.9970505465566,0.0030988970743594437
2909505.0,Cravolândia,29,Bahia,5,2990,1427,2.043362,0.40867240000000005,0.469183,0.17669411083619904,1463.2747403543767,698.3588810988948,0.0014085895792542928
2909604.0,Crisópolis,29,Bahia,22,11182,5459,17.1505829,0.77957195,0.6578194500000001,0.5571383961236158,651.9895017678962,318.2982194733451,0.006197794148718887
2909703.0,Cristópolis,29,Bahia,9,5677,2327,4.9355474,0.5483941555555556,0.3971688,0.437296103157652,1150.2270244633858,471.4775913204683,0.002535461242657727
2909802.0,Cruz das Almas,29,Bahia,82,47267,21955,19.5318199,0.23819292560975608,0.1061328,0.2879415974037695,2419.999787116612,1124.063201094743,0.0231008690997704
2909901.0,Curaçá,29,Bahia,22,17812,6977,6.0720085,0.2760003863636364,0.22433335,0.18656416623073374,2933.460979180118,1149.0431872748532,0.006197794148718887
2910008.0,Dário Meira,29,Bahia,9,6601,2823,2.1386828,0.23763142222222225,0.1364524,0.30579100436202655,3086.4792104747835,1319.971339368325,0.002535461242657727
2910057.0,Dias d'Ávila,29,Bahia,141,69766,34194,37.8953061,0.26876103617021274,0.1026274,0.5422208587065377,1841.0195662728795,902.328111818577,0.039722226134971055
2910107.0,Dom Basílio,29,Bahia,3,2617,984,2.3289191000000002,0.7763063666666667,0.9173973,0.32812323169451646,1123.6972550914284,422.51360298432,0.0008451537475525756
2910206.0,Dom Macedo Costa,29,Bahia,4,2226,1012,1.2466776,0.3116694,0.2545952,0.25927673951190966,1785.5458379937204,811.7575867249079,0.0011268716634034342
2910305.0,Elísio Medrado,29,Bahia,8,3472,1647,3.2759909,0.4094988625,0.29142135,0.2882270293866274,1059.8320038068482,502.7486492712785,0.0022537433268068684
2910404.0,Encruzilhada,29,Bahia,24,11439,5004,4.7739699,0.1989154125,0.18449480000000001,0.13078001387051968,2396.1190035990803,1048.184237609039,0.006761229980420605
2910503.0,Entre Rios,29,Bahia,58,28327,17307,30.592041000000002,0.5274489827586207,0.24403170000000002,0.68369723829343,925.9597945753276,565.7353819576797,0.016339639119349793
2910602.0,Esplanada,29,Bahia,36,22713,9663,18.1726658,0.5047962722222222,0.27596375,0.6250768082522662,1249.844147796962,531.7326641201975,0.010141844970630908
2910701.0,Euclides da Cunha,29,Bahia,65,32246,13765,19.243518299999998,0.29605412769230766,0.1107587,0.3821365087797134,1675.6811045306617,715.305786884096,0.018311664530305805
2910727.0,Eunápolis,29,Bahia,190,106861,46876,44.1498417,0.23236758789473685,0.09018960000000001,0.4358655663421198,2420.4163794317747,1061.7478612613008,0.05352640401166312
2910750.0,Fátima,29,Bahia,12,7995,3701,8.4213706,0.7017808833333333,0.23687815,0.817405908669799,949.3704029602973,439.47715589194,0.0033806149902103023
2910776.0,Feira da Mata,29,Bahia,5,3653,1691,3.0692319,0.61384638,0.6381053,0.18437816818380912,1190.2000627583727,550.9521779699995,0.0014085895792542928
2910800.0,Feira de Santana,29,Bahia,1006,578086,268953,247.1700911,0.24569591560636184,0.06588279999999999,0.7014080271032166,2338.8185739921023,1088.1292263277398,0.28340822334596366
2910859.0,Filadélfia,29,Bahia,14,10108,4232,4.3259575,0.3089969642857143,0.21001104999999998,0.2742201065098524,2336.5925347163025,978.2805309575972,0.0039440508219120195
2910909.0,Firmino Alves,29,Bahia,7,4191,2032,1.6560037,0.23657195714285714,0.1799305,0.11490254734370713,2530.791446903168,1227.0503984985057,0.0019720254109560098
2911006.0,Floresta Azul,29,Bahia,14,8345,3419,1.3757517,0.09826797857142856,0.06644585,0.10389026272266015,6065.774805148342,2485.186825500561,0.0039440508219120195
2911105.0,Formosa do Rio Preto,29,Bahia,24,17139,6676,17.1541066,0.7147544416666666,0.24324335,0.8462350172934436,999.1193595590692,389.17794762917003,0.006761229980420605
2911204.0,Gandu,29,Bahia,51,26907,11215,7.8033498,0.1530068588235294,0.05171,0.2825537618778367,3448.1345434495324,1437.2032892848144,0.014367613708393786
2911253.0,Gavião,29,Bahia,4,2998,1489,1.1181988999999999,0.27954972499999997,0.27526485,0.08508196407967929,2681.0972538069927,1331.60567408893,0.0011268716634034342
2911303.0,Gentio do Ouro,29,Bahia,9,5807,2645,3.7652803,0.4183644777777778,0.4189928,0.2454283745202089,1542.2490591205121,702.4709422031608,0.002535461242657727
2911402.0,Glória,29,Bahia,9,4815,2128,3.6050381000000002,0.40055978888888893,0.3213778,0.1829185321591312,1335.6308217657947,590.2850236173648,0.002535461242657727
2911501.0,Gongogi,29,Bahia,8,3966,1877,1.1315499,0.1414437375,0.1476377,0.08662920131440234,3504.927179967936,1658.786766717049,0.0022537433268068684
2911600.0,Governador Mangabeira,29,Bahia,14,9400,4212,10.952678500000001,0.7823341785714286,0.45871645,0.9803825437696366,858.2375534897695,384.5634654573308,0.0039440508219120195
2911659.0,Guajeru,29,Bahia,4,2429,1050,4.5874483,1.146862075,1.01216555,1.026359655262671,529.4882560311361,228.88541326994354,0.0011268716634034342
2911709.0,Guanambi,29,Bahia,111,73447,31773,36.6529376,0.33020664504504504,0.1511402,0.5254348199187341,2003.8502998460892,866.860941590668,0.031270688659445295
2911808.0,Guaratinga,29,Bahia,25,11832,5727,2.815813,0.11263252,0.0778369,0.0768675185765093,4201.983583426882,2033.870857191156,0.007042947896271463
2911857.0,Heliópolis,29,Bahia,10,6131,2994,4.2879182,0.42879182,0.20484795,0.43708042263731134,1429.8313806452745,698.2409319282257,0.0028171791585085855
2911907.0,Iaçu,29,Bahia,41,19518,10055,10.8860949,0.2655145097560976,0.1294214,0.26522330907747893,1792.9294369829533,923.6553688320317,0.0115504345498852
2912004.0,Ibiassucê,29,Bahia,7,5160,2236,6.0363495,0.8623356428571428,0.818781,0.38737023206935534,854.8212789865795,370.4225542275178,0.0019720254109560098
2912103.0,Ibicaraí,29,Bahia,39,20098,9325,6.907909,0.1771258717948718,0.0897151,0.28807849011508174,2909.4187546477524,1349.9019746785893,0.010986998718183483
2912202.0,Ibicoara,29,Bahia,17,13657,5453,13.9351532,0.8197148941176471,0.5835775,0.6719967933735849,980.0394587696387,391.3125260797276,0.004789204569464595
2912301.0,Ibicuí,29,Bahia,20,11432,5368,5.9926967,0.299634835,0.17387415,0.3480407489264277,1907.65536323572,895.7569970127139,0.005634358317017171
2912400.0,Ibipeba,29,Bahia,21,11150,4806,9.3234774,0.4439751142857143,0.3381876,0.35150715319545955,1195.9057250463222,515.4729071365583,0.005916076232868029
2912509.0,Ibipitanga,29,Bahia,12,6169,2874,8.1939122,0.6828260166666666,0.4285739,0.7609425361290286,752.8760193451915,350.7482054786967,0.0033806149902103023
2912608.0,Ibiquera,29,Bahia,3,2557,1181,1.2624086,0.4208028666666667,0.3431331,0.16455187789679984,2025.4931723373873,935.5132720103459,0.0008451537475525756
2912707.0,Ibirapitanga,29,Bahia,22,13987,5583,2.5740422,0.11700191818181818,0.08806045,0.10812307709616165,5433.865847265441,2168.962109479013,0.006197794148718887
2912806.0,Ibirapuã,29,Bahia,9,5769,2561,1.9925231,0.22139145555555556,0.0677812,0.2683573629330725,2895.3240240978885,1285.3050486591599,0.002535461242657727
2912905.0,Ibirataia,29,Bahia,29,15681,6846,5.8340202,0.2011731103448276,0.0988673,0.22561969476702118,2687.8549374923314,1173.4618265462982,0.008169819559674897
2913002.0,Ibitiara,29,Bahia,6,4032,2014,6.4982876,1.0830479333333334,0.93859705,0.5467527981058521,620.4711530465348,309.9278031338594,0.0016903074951051512
2913101.0,Ibititá,29,Bahia,13,8509,3566,6.953239,0.5348645384615385,0.419694,0.4617429966292189,1223.746228196672,512.8545128392682,0.003662332906061161
2913200.0,Ibotirama,29,Bahia,38,21437,9208,14.7346082,0.3877528473684211,0.18860015000000002,0.5132299726963405,1454.8741105990182,624.9233013199496,0.010705280802332625
2913309.0,Ichu,29,Bahia,6,3709,1627,2.5420272,0.4236712,0.41342369999999995,0.22765230184563476,1459.071720397012,640.0403583407762,0.0016903074951051512
2913408.0,Igaporã,29,Bahia,11,8709,3325,7.3680219000000005,0.6698201727272728,0.4844954,0.6109711241375456,1181.9997440561353,451.274445859071,0.0030988970743594437
2913457.0,Igrapiúna,29,Bahia,9,4486,2221,4.6669837,0.5185537444444445,0.3867029,0.6722253671408683,961.2204130903649,475.8962410775079,0.002535461242657727
2913507.0,Iguaí,29,Bahia,22,13871,6140,3.936487,0.17893122727272728,0.08382355,0.1805766290547673,3523.700192582879,1559.7663602089883,0.006197794148718887
2913606.0,Ilhéus,29,Bahia,329,161851,85100,132.2876113,0.4020900039513678,0.0647585,1.177856304952702,1223.4781353255864,643.295310601772,0.09268519431493245
2913705.0,Inhambupe,29,Bahia,30,16450,8150,23.5788888,0.7859629600000001,0.22373035,1.3021049389975539,697.6579829325968,345.6481799939614,0.008451537475525756
2913804.0,Ipecaetá,29,Bahia,5,3595,1560,2.2464997,0.44929994000000006,0.5844941,0.2121827085544508,1600.2672958291514,694.4136248938737,0.0014085895792542928
2913903.0,Ipiaú,29,Bahia,64,37548,16662,11.681936499999999,0.18253025781249999,0.107198,0.21493737521338985,3214.193126285184,1426.3046199574874,0.018029946614454947
2914000.0,Ipirá,29,Bahia,57,33546,15390,13.5698113,0.23806686491228068,0.0815075,0.3870510979409656,2472.105120577469,1134.1351519014859,0.016057921203498936
2914109.0,Ipupiara,29,Bahia,12,6441,2907,4.6435512,0.3869626,0.44955375,0.2305938535199142,1387.0849534296078,626.0294922558408,0.0033806149902103023
2914208.0,Irajuba,29,Bahia,5,3386,1603,1.8932339,0.37864678,0.4184305,0.18231477373650223,1788.4742080732867,846.699396202445,0.0014085895792542928
2914307.0,Iramaia,29,Bahia,9,5041,2189,3.2637314,0.36263682222222227,0.3641137,0.13828080262173756,1544.5511232940307,670.70470321179,0.002535461242657727
2914406.0,Iraquara,29,Bahia,12,7883,3817,9.2360958,0.7696746499999999,0.6222266,0.6555542133904764,853.4991592443206,413.26985802810754,0.0033806149902103023
2914505.0,Irará,29,Bahia,20,12708,6115,13.880068099999999,0.6940034049999999,0.48021185,0.705660177721252,915.5574676179003,440.5597981179934,0.005634358317017171
2914604.0,Irecê,29,Bahia,120,70891,29185,31.0272555,0.2585604625,0.07103845,0.443588597084936,2284.7976354208963,940.6246066462437,0.033806149902103025
2914653.0,Itabela,29,Bahia,41,24019,10100,9.590235700000001,0.23390818780487807,0.1083377,0.3064804954667428,2504.526557152292,1053.1545121461404,0.0115504345498852
2914703.0,Itaberaba,29,Bahia,97,53505,23582,19.9119166,0.2052774907216495,0.0901206,0.3390763305955928,2687.0843763980006,1184.3159286836305,0.027326637837533276
2914802.0,Itabuna,29,Bahia,369,183648,91022,48.9817283,0.1327418111111111,0.0450155,0.41045611259058123,3749.316456847032,1858.284775957977,0.1039539109489668
2914901.0,Itacaré,29,Bahia,25,17630,8563,10.9196668,0.436786672,0.0882471,1.0684716595148922,1614.5181279707178,784.1814367449381,0.007042947896271463
2915007.0,Itaeté,29,Bahia,14,8552,3948,6.5412564,0.4672326,0.43805479999999997,0.2877615585818979,1307.3940963390457,603.5537759993631,0.0039440508219120195
2915106.0,Itagi,29,Bahia,16,10571,4206,2.5877574,0.1617348375,0.11985275,0.1595890017528897,4085.0042589000036,1625.3455598272078,0.004507486653613737
2915205.0,Itagibá,29,Bahia,16,11095,4449,5.6698844,0.354367775,0.27424065,0.2697150097959956,1956.8300193210289,784.6720825560394,0.004507486653613737
2915304.0,Itagimirim,29,Bahia,11,5005,2374,2.3088818,0.20989834545454544,0.0929066,0.3104640887861054,2167.7159913513115,1028.2033493442584,0.0030988970743594437
2915353.0,Itaguaçu da Bahia,29,Bahia,6,3842,1731,2.333886,0.388981,0.36560444999999997,0.12001105938195863,1646.18151872028,741.6814703031768,0.0016903074951051512
2915403.0,Itaju do Colônia,29,Bahia,11,4984,2260,1.9006192,0.17278356363636363,0.0756268,0.28726739762457654,2622.3032998930034,1189.0861672869557,0.0030988970743594437
2915502.0,Itajuípe,29,Bahia,29,15575,7071,3.4791174,0.11996956551724137,0.08152,0.09987103688924917,4476.71009894636,2032.4120134606553,0.008169819559674897
2915601.0,Itamaraju,29,Bahia,95,48310,21582,17.6175678,0.18544808210526315,0.0950198,0.24999181457537512,2742.149231291734,1225.0272140289421,0.02676320200583156
2915700.0,Itamari,29,Bahia,10,5397,2374,1.8504424,0.18504424,0.1138913,0.16298815444505435,2916.599835801428,1282.936448062366,0.0028171791585085855
2915809.0,Itambé,29,Bahia,32,20539,7744,4.4631499,0.139473434375,0.09769520000000001,0.12594912238216593,4601.906828179802,1735.0974476568665,0.009014973307227473
2915908.0,Itanagra,29,Bahia,10,3592,1792,3.1782937,0.31782937,0.23057745000000002,0.27297886644833497,1130.1661643164066,563.8245452268933,0.0028171791585085855
2916005.0,Itanhém,29,Bahia,22,12561,5852,3.8171403,0.17350637727272727,0.14766455,0.10855306484936923,3290.6833421868196,1533.0848593644828,0.006197794148718887
2916104.0,Itaparica,29,Bahia,53,19789,16090,25.404751700000002,0.4793349377358491,0.1614643,0.8465888339486058,778.9487665018194,633.3460838351748,0.014931049540095503
2916203.0,Itapé,29,Bahia,12,8289,3650,1.8249615000000001,0.152080125,0.13094139999999999,0.11178629135247409,4542.013626040878,2000.0421926709137,0.0033806149902103023
2916302.0,Itapebi,29,Bahia,15,7272,3420,3.0414415999999997,0.2027627733333333,0.1270891,0.1926706020323193,2390.971439333243,1124.4667660230598,0.004225768737762878
2916401.0,Itapetinga,29,Bahia,105,63924,27661,15.6607121,0.14914963904761905,0.0684009,0.245074193693305,4081.806727038932,1766.2670652121878,0.029580381164340145
2916500.0,Itapicuru,29,Bahia,26,12660,5783,7.1166291,0.27371650384615387,0.23478545,0.18127050837182418,1778.9321070561343,812.6038210983905,0.007324665812122322
2916609.0,Itapitanga,29,Bahia,11,6379,2438,0.9687922,0.08807201818181819,0.0970347,0.050397042272217085,6584.487364782664,2516.5355377551555,0.0030988970743594437
2916708.0,Itaquara,29,Bahia,8,5059,2232,3.5753684,0.44692105,0.44642495000000004,0.24761437421452623,1414.959085055403,624.2713338295433,0.0022537433268068684
2916807.0,Itarantim,29,Bahia,23,14674,6151,3.3158998,0.14416955652173913,0.1394688,0.08193894601971434,4425.34481892366,1855.0017705601358,0.006479512064569746
2916856.0,Itatim,29,Bahia,17,11970,4996,7.8165247,0.45979557058823534,0.2221663,0.5827586223035119,1531.3710964157767,639.1587299660167,0.004789204569464595
2916906.0,Itiruçu,29,Bahia,16,8718,3799,3.5366372999999998,0.22103983124999999,0.10091344999999999,0.27585093135197425,2465.0534562874177,1074.1842257898486,0.004507486653613737
2917003.0,Itiúba,29,Bahia,26,13028,5933,3.9332157,0.15127752692307692,0.13680915,0.0974792121024439,3312.302450130055,1508.434942939946,0.007324665812122322
2917102.0,Itororó,29,Bahia,33,15385,7393,3.9716959,0.12035442121212121,0.0807157,0.10757738710582306,3873.660115821053,1861.4214648206073,0.009296691223078331
2917201.0,Ituaçu,29,Bahia,12,7568,3547,9.4876955,0.7906412916666666,0.6436031,0.6880244637659035,797.6647226926708,373.8526389258593,0.0033806149902103023
2917300.0,Ituberá,29,Bahia,32,16195,8278,8.2848342,0.25890106875,0.15094364999999998,0.2728636477064056,1954.7765964948337,999.175095139502,0.009014973307227473
2917334.0,Iuiu,29,Bahia,12,7888,3062,4.7467285,0.3955607083333333,0.39743465,0.18274077988950488,1661.77610537447,645.0758664625542,0.0033806149902103023
2917359.0,Jaborandi,29,Bahia,6,3579,1636,4.6176603,0.7696100499999999,0.60031105,0.6322022016821572,775.0678411748911,354.29197769268563,0.0016903074951051512
2917409.0,Jacaraci,29,Bahia,9,5463,2519,7.0244506,0.7804945111111111,0.5441714,0.6195875621012344,777.7120676170746,358.60455762903365,0.002535461242657727
2917508.0,Jacobina,29,Bahia,145,70373,33815,48.7078997,0.3359165496551724,0.109286,0.6347501567538087,1444.7964382253995,694.2405689482028,0.040849097798374485
2917607.0,Jaguaquara,29,Bahia,65,37804,16502,14.5259196,0.22347568615384616,0.1336183,0.22505832867606781,2602.5202562734826,1136.0382305847265,0.018311664530305805
2917706.0,Jaguarari,29,Bahia,40,23555,10304,11.0686594,0.276716485,0.2546716,0.17380943861250941,2128.0806598855143,930.9167106542279,0.011268716634034342
2917805.0,Jaguaripe,29,Bahia,16,7197,4309,18.573631,1.1608519375,0.47403225000000004,1.5854313527679575,387.48481651218333,231.9955640337638,0.004507486653613737
2917904.0,Jandaíra,29,Bahia,10,5907,2660,4.312893,0.4312893,0.33770354999999996,0.3752661895708194,1369.6143168866004,616.755389016143,0.0028171791585085855
2918001.0,Jequié,29,Bahia,281,147036,64948,75.2682016,0.267858368683274,0.0677041,0.7428802839046242,1953.4942628415345,862.8876287646017,0.07916273435409125
2918100.0,Jeremoabo,29,Bahia,35,19726,8708,10.0732608,0.28780745142857145,0.1071709,0.4094213408591967,1958.2536769027165,864.4668467235555,0.009860127054780048
2918209.0,Jiquiriçá,29,Bahia,10,6390,2927,4.7854104,0.47854104,0.48751120000000003,0.2523515192143654,1335.3086707046066,611.6507792100757,0.0028171791585085855
2918308.0,Jitaúna,29,Bahia,16,10231,4434,3.4508196,0.215676225,0.14471285,0.2274470429048412,2964.802912328422,1284.9121408722729,0.004507486653613737
2918357.0,João Dourado,29,Bahia,31,19065,7355,13.0508332,0.4209946193548387,0.1818033,0.6303717581744122,1460.8262712299472,563.5655507420017,0.008733255391376614
2918407.0,Juazeiro,29,Bahia,290,202653,83382,84.3869686,0.2909895468965517,0.08163745,0.7486818502400129,2401.472684255185,988.0909503366139,0.08169819559674897
2918456.0,Jucuruçu,29,Bahia,8,4521,2218,2.1646332,0.27057915,0.26503915,0.06252139770677373,2088.5755609772596,1024.6539690881577,0.0022537433268068684
2918506.0,Jussara,29,Bahia,18,10096,4276,7.4946077,0.4163670944444445,0.39613265,0.32965328213511996,1347.1018636505817,570.5435389233248,0.005070922485315454
2918555.0,Jussari,29,Bahia,8,4336,1949,1.4859832,0.1857479,0.15550104999999997,0.12898980979016467,2917.933392517493,1311.5895253728306,0.0022537433268068684
2918605.0,Jussiape,29,Bahia,6,3177,1560,3.1841193,0.53068655,0.47963235000000004,0.25246538401848084,997.7641227198994,489.93139170382216,0.0016903074951051512
2918704.0,Lafaiete Coutinho,29,Bahia,4,2410,1131,2.4795664,0.6198916,0.3941285,0.5743745131859932,971.9441270054313,456.1281359515115,0.0011268716634034342
2918753.0,Lagoa Real,29,Bahia,6,3746,1423,4.3250007,0.7208334500000001,0.56500325,0.6859912037845464,866.1270274476486,329.01728778910945,0.0016903074951051512
2918803.0,Laje,29,Bahia,14,7370,3253,8.7075733,0.6219695214285714,0.4539897,0.5891273706763959,846.3896594473687,373.58284425811263,0.0039440508219120195
2918902.0,Lajedão,29,Bahia,8,2423,1246,0.9311049,0.1163881125,0.0840004,0.07640640340011594,2602.284662018211,1338.1950841414323,0.0022537433268068684
2919009.0,Lajedinho,29,Bahia,2,1313,568,0.8284601,0.41423005,0.41423005,0.22170024976559008,1584.868118573242,685.6093612715929,0.0005634358317017171
2919058.0,Lajedo do Tabocal,29,Bahia,8,4820,2065,2.9966876,0.37458595,0.38712,0.18268613856488555,1608.442601758021,689.0941851930111,0.0022537433268068684
2919108.0,Lamarão,29,Bahia,3,2247,1077,1.727245,0.5757483333333333,0.4119873,0.28639611297925,1300.9156199612678,623.5363251883781,0.0008451537475525756
2919157.0,Lapão,29,Bahia,32,16452,6611,7.77995,0.2431234375,0.16396335,0.2226492958315832,2114.6665467001717,849.7483916991754,0.009014973307227473
2919207.0,Lauro de Freitas,29,Bahia,352,203279,95691,51.153370699999996,0.14532207585227272,0.05093475,0.3053129495270459,3973.9121238397693,1870.6685149098103,0.0991647063795022
2919306.0,Lençóis,29,Bahia,13,8588,4396,3.6104668,0.2777282153846154,0.2137033,0.17028079148456457,2378.6397925055007,1217.5710908074268,0.003662332906061161
2919405.0,Licínio de Almeida,29,Bahia,9,6378,2804,4.6722578,0.5191397555555555,0.4591807,0.43895058080962,1365.0787848221903,600.1381173787115,0.002535461242657727
2919504.0,Livramento de Nossa Senhora,29,Bahia,36,23803,10094,25.2438076,0.7012168777777777,0.3335677,1.0581169969303261,942.9243154269643,399.8604394370364,0.010141844970630908
2919553.0,Luís Eduardo Magalhães,29,Bahia,146,104868,42757,62.5090095,0.42814390068493147,0.1731487,0.8023197233511056,1677.6461639501742,684.013398100637,0.04113081571422535
2919603.0,Macajuba,29,Bahia,12,6631,3424,4.4615087,0.3717923916666667,0.23746889999999998,0.304107440905305,1486.2685351257971,767.4533953054938,0.0033806149902103023
2919702.0,Macarani,29,Bahia,22,16345,6033,5.027223,0.22851013636363637,0.1216274,0.2693571344532395,3251.2979830017484,1200.0661200030315,0.006197794148718887
2919801.0,Macaúbas,29,Bahia,34,19549,9206,30.4503141,0.8955974735294118,0.4918038,1.8469853532839844,641.9966617027442,302.3285726960695,0.00957840913892919
2919900.0,Macururé,29,Bahia,5,2684,1237,1.4440347999999998,0.28880695999999995,0.3107616,0.14281830360016184,1858.680968076393,856.6275549592019,0.0014085895792542928
2919926.0,Madre de Deus,29,Bahia,38,18504,10009,4.5673685,0.12019390789473683,0.0384628,0.22079488732045793,4051.348166893037,2191.4150347185696,0.010705280802332625
2919959.0,Maetinga,29,Bahia,7,3351,1500,2.7418854,0.3916979142857143,0.3100748,0.24599649709512417,1222.151735444523,547.0688162240479,0.0019720254109560098
2920007.0,Maiquinique,29,Bahia,12,7020,3188,1.9479951,0.162332925,0.13441185,0.11594888146387557,3603.7051633240762,1636.5544245978854,0.0033806149902103023
2920106.0,Mairi,29,Bahia,19,11440,5239,5.3136937,0.2796680894736842,0.3121273,0.20388207382749715,2152.928009380744,985.9431679323179,0.0053526404011663125
2920205.0,Malhada,29,Bahia,12,8487,3306,4.9004737,0.40837280833333334,0.38233785,0.19962198762903421,1731.8733901173675,674.6286588580202,0.0033806149902103023
2920304.0,Malhada de Pedras,29,Bahia,5,3539,1436,2.1817348,0.43634696,0.3600964,0.3082158358769273,1622.1036580614655,658.1918205640759,0.0014085895792542928
2920403.0,Manoel Vitorino,29,Bahia,12,7639,3454,5.6412204,0.4701017,0.4347122,0.3784537461401735,1354.1396113507637,612.2788607940225,0.0033806149902103023
2920452.0,Mansidão,29,Bahia,10,5836,1835,4.1491654,0.41491654,0.41899135,0.2060016163260117,1406.5479288919164,442.25761643534383,0.0028171791585085855
2920502.0,Maracás,29,Bahia,32,21780,9169,10.5364433,0.329263853125,0.13241095,0.4527620737670312,2067.1112044042416,870.2177517530987,0.009014973307227473
2920601.0,Maragogipe,29,Bahia,43,21340,10666,11.7427201,0.2730865139534884,0.1402441,0.413623768222642,1817.2961475936058,908.3074372180599,0.012113870381586917
2920700.0,Maraú,29,Bahia,18,12103,6273,15.6009765,0.8667209166666666,0.59028645,1.1802652881631266,775.7847721903818,402.09021531440675,0.005070922485315454
2920809.0,Marcionílio Souza,29,Bahia,9,5182,2457,2.9850563,0.3316729222222222,0.2844616,0.1728650826685784,1735.98065805325,823.1000534227779,0.002535461242657727
2920908.0,Mascote,29,Bahia,20,11140,4696,4.0577157,0.202885785,0.14450400000000002,0.16241247891071825,2745.387016640914,1157.3013851118253,0.005634358317017171
2921005.0,Mata de São João,29,Bahia,88,34864,23293,55.5385653,0.6311200602272727,0.18462925,1.1706875170809978,627.7439795514487,419.402263529483,0.02479117659487555
2921054.0,Matina,29,Bahia,6,3973,1772,3.0216012,0.5036002,0.33124765,0.47117127285817423,1314.8657738155518,586.4440350367878,0.0016903074951051512
2921104.0,Medeiros Neto,29,Bahia,28,17493,8039,8.1286068,0.2903073857142857,0.19921794999999998,0.37237643555104355,2152.029299781114,988.9763643137469,0.007888101643824039
2921203.0,Miguel Calmon,29,Bahia,30,14895,7137,8.3337735,0.27779244999999997,0.20061075,0.24620682852271225,1787.3055945184976,856.3947652285007,0.008451537475525756
2921302.0,Milagres,29,Bahia,16,9038,4141,3.4869546,0.2179346625,0.18213155,0.14901810080815855,2591.946565636387,1187.569233049378,0.004507486653613737
2921401.0,Mirangaba,29,Bahia,12,7541,3538,7.1066842999999995,0.5922236916666667,0.62198405,0.4031377010123632,1061.1136898257885,497.84116623838213,0.0033806149902103023
2921450.0,Mirante,29,Bahia,3,2174,967,1.1223656,0.37412186666666664,0.371707,0.18597915890906522,1936.9802495728666,861.5730916913349,0.0008451537475525756
2921500.0,Monte Santo,29,Bahia,26,12544,5987,6.7587069,0.2599502653846154,0.1553659,0.24075128174867094,1855.9763258856512,885.8203334723688,0.007324665812122322
2921609.0,Morpará,29,Bahia,10,5332,2334,5.0792061,0.50792061,0.3366312,0.5559448395713582,1049.770356828009,459.52063256499866,0.0028171791585085855
2921708.0,Morro do Chapéu,29,Bahia,40,21927,9748,11.5069592,0.28767398,0.1985752,0.24273434889527462,1905.5425172620755,847.1395292685143,0.011268716634034342
2921807.0,Mortugaba,29,Bahia,9,5948,2652,8.8338712,0.9815412444444446,0.6417285,0.8663219087819651,673.3174918828338,300.208135251055,0.002535461242657727
2921906.0,Mucugê,29,Bahia,7,5167,2461,3.2129405,0.45899150000000005,0.2755207,0.45620240900307985,1608.184154048293,765.9650093115636,0.0019720254109560098
2922003.0,Mucuri,29,Bahia,49,30844,15073,19.2424664,0.3927033959183674,0.1877567,0.6247178794839122,1602.913023665199,783.3195436942532,0.013804177876692069
2922052.0,Mulungu do Morro,29,Bahia,10,6190,2841,3.7161771,0.37161771,0.29187045,0.26369843073519694,1665.6902600255517,764.4953196660084,0.0028171791585085855
2922102.0,Mundo Novo,29,Bahia,31,12329,6102,13.6785788,0.44124447741935485,0.2569167,0.6335424153485477,901.3363288882028,446.09897630593025,0.008733255391376614
2922201.0,Muniz Ferreira,29,Bahia,7,3850,1806,3.3076428,0.4725204,0.4450315,0.17090173029245978,1163.9709100390164,546.008172345575,0.0019720254109560098
2922250.0,Muquém do São Francisco,29,Bahia,9,4179,1842,3.8040778,0.4226753111111111,0.4031842,0.19602996962941946,1098.5579737617354,484.2172260514756,0.002535461242657727
2922300.0,Muritiba,29,Bahia,35,19152,8380,10.222916,0.29208331428571427,0.2234836,0.2791657485985797,1873.43806796417,819.7269741823175,0.009860127054780048
2922409.0,Mutuípe,29,Bahia,17,10135,4860,2.9585165,0.1740303823529412,0.1027898,0.19435155489693556,3425.703388843699,1642.7151918875559,0.004789204569464595
2922508.0,Nazaré,29,Bahia,41,21809,10091,11.3781257,0.27751526097560975,0.1647934,0.26837731966145995,1916.748028192376,886.877176967732,0.0115504345498852
2922607.0,Nilo Peçanha,29,Bahia,10,5441,2665,3.987117,0.3987117,0.2357438,0.49425805234546816,1364.6451809665982,668.4027581834192,0.0028171791585085855
2922656.0,Nordestina,29,Bahia,10,6542,2500,5.7158325,0.57158325,0.54859455,0.3551695048107132,1144.540187278056,437.38160626645373,0.0028171791585085855
2922706.0,Nova Canaã,29,Bahia,12,6765,2929,2.3792268,0.1982689,0.10840720000000001,0.16642440094928715,2843.3607086134034,1231.072212199358,0.0033806149902103023
2922730.0,Nova Fátima,29,Bahia,10,5807,2730,3.4029484,0.34029484,0.25110350000000004,0.2698437112672041,1706.4613733196777,802.2454880597072,0.0028171791585085855
2922755.0,Nova Ibiá,29,Bahia,5,3173,1346,1.6671336,0.33342672,0.3616873,0.302399678740375,1903.266780778697,807.3738061544677,0.0014085895792542928
2922805.0,Nova Itarana,29,Bahia,9,6172,2675,2.7177917,0.30197685555555553,0.2693346,0.17253431836530458,2270.9613838323226,984.25497436025,0.002535461242657727
2922854.0,Nova Redenção,29,Bahia,8,4934,2247,2.7917396,0.34896745,0.19088280000000002,0.3717360950033543,1767.356812218446,804.8744947415582,0.0022537433268068684
2922904.0,Nova Soure,29,Bahia,21,11102,5125,5.3885142,0.2565959142857143,0.1468427,0.2157415407592365,2060.3082014704532,951.0970575154092,0.005916076232868029
2923001.0,Nova Viçosa,29,Bahia,63,35335,19297,33.5264388,0.5321656952380952,0.2022988,0.8963761038994492,1053.9443276629786,575.5755961769491,0.01774822869860409
2923035.0,Novo Horizonte,29,Bahia,6,4443,2041,6.8257288,1.1376214666666666,1.0640222,0.5777209295839633,650.9195032770713,299.01568899133525,0.0016903074951051512
2923050.0,Novo Triunfo,29,Bahia,13,6680,2626,2.3810678,0.18315906153846154,0.1540464,0.09274759743150168,2805.4640023270235,1102.866537441731,0.003662332906061161
2923100.0,Olindina,29,Bahia,21,11482,5392,5.9323981,0.28249514761904765,0.1351246,0.29488982332631386,1935.4736156361455,908.9073101820325,0.005916076232868029
2923209.0,Oliveira dos Brejinhos,29,Bahia,14,8300,4153,5.8658724,0.4189908857142857,0.3004021,0.3054628239780286,1414.9642941431866,707.9935799489945,0.0039440508219120195
2923308.0,Ouriçangas,29,Bahia,8,3490,1630,6.0272921,0.7534115125,0.31654385,0.9825551514960085,579.0328296848264,270.43653650036305,0.0022537433268068684
2923357.0,Ourolândia,29,Bahia,20,11632,5564,8.1088512,0.40544256,0.37091745,0.34197509112391955,1434.4818659392838,686.1637811284538,0.005634358317017171
2923407.0,Palmas de Monte Alto,29,Bahia,15,10017,4422,6.5494653,0.43663102,0.414728,0.3211535466869551,1529.4378305966443,675.1696203352662,0.004225768737762878
2923506.0,Palmeiras,29,Bahia,10,6792,3658,16.7872085,1.67872085,1.02845635,1.6193950110840758,404.59377150167643,217.9040070896838,0.0028171791585085855
2923605.0,Paramirim,29,Bahia,19,12642,5324,24.9795382,1.3147125368421053,0.6726826,1.6330816277419953,506.09422395166615,213.13444457512028,0.0053526404011663125
2923704.0,Paratinga,29,Bahia,21,12251,4933,9.8954147,0.4712102238095238,0.3352123,0.4045875583677752,1238.0481638632084,498.513720703388,0.005916076232868029
2923803.0,Paripiranga,29,Bahia,17,10873,5340,7.2534924,0.42667602352941175,0.3766545,0.4051448994115878,1499.0020531351215,736.1970903836612,0.004789204569464595
2923902.0,Pau Brasil,29,Bahia,12,6332,2846,1.3507084,0.11255903333333334,0.09440670000000001,0.128985631583362,4687.910432777348,2107.0424971074435,0.0033806149902103023
2924009.0,Paulo Afonso,29,Bahia,167,98589,42718,46.669023,0.2794552275449102,0.112943,0.49115716947068383,2112.5147616653553,915.3394961792965,0.047046891947093376
2924058.0,Pé de Serra,29,Bahia,12,6994,3295,3.5764381999999997,0.29803651666666664,0.26214339999999997,0.18303113944973123,1955.5769200765164,921.3076853949274,0.0033806149902103023
2924108.0,Pedrão,29,Bahia,4,2003,880,3.3213148,0.8303287,0.75217385,0.3457090059317422,603.0744210094147,264.9553122757289,0.0011268716634034342
2924207.0,Pedro Alexandre,29,Bahia,9,4971,2019,3.3708302000000003,0.3745366888888889,0.3071917,0.18012531111131666,1474.7108887300226,598.9622378487056,0.002535461242657727
2924306.0,Piatã,29,Bahia,13,10808,4574,10.87753,0.836733076923077,0.7522439,0.5417132775840988,993.607923857714,420.4998745119526,0.003662332906061161
2924405.0,Pilão Arcado,29,Bahia,18,13047,5059,5.0490802,0.28050445555555553,0.25007009999999996,0.13574770589072788,2584.0350089903504,1001.9646746748052,0.005070922485315454
2924504.0,Pindaí,29,Bahia,7,4450,1950,4.283856,0.6119794285714286,0.6119827,0.3148181645871243,1038.7837499673192,455.19737358118476,0.0019720254109560098
2924603.0,Pindobaçu,29,Bahia,33,13895,6261,6.4860221,0.19654612424242424,0.1147605,0.19675006700944064,2142.2992067819196,965.3066091156243,0.009296691223078331
2924652.0,Pintadas,29,Bahia,11,6524,2610,3.0891183,0.28082893636363637,0.2645919,0.15323752218785888,2111.929478388704,844.9012781414036,0.0030988970743594437
2924678.0,Piraí do Norte,29,Bahia,6,4374,1690,2.4529708,0.40882846666666667,0.38118395000000005,0.37024892443268315,1783.1439330627172,688.9605045441225,0.0016903074951051512
2924702.0,Piripá,29,Bahia,8,5099,2448,3.4686383,0.4335797875,0.3334041,0.320899195580599,1470.0293195747738,705.7524562304465,0.0022537433268068684
2924801.0,Piritiba,29,Bahia,25,12089,6003,6.9140137,0.276560548,0.2149904,0.19568336423109892,1748.4778776183218,868.2366365574312,0.007042947896271463
2924900.0,Planaltino,29,Bahia,7,3790,1742,3.7550765,0.5364395,0.5102509,0.16056753114497757,1009.3003431488014,463.9053292256496,0.0019720254109560098
2925006.0,Planalto,29,Bahia,24,15675,6879,10.1768595,0.42403581250000005,0.23884895,0.47407490959389464,1540.2590553598582,675.945265825867,0.006761229980420605
2925105.0,Poções,29,Bahia,60,37354,15602,21.528004799999998,0.35880007999999997,0.1188572,0.5229600019070343,1735.1352504343554,724.730421836398,0.016903074951051512
2925204.0,Pojuca,29,Bahia,59,28577,14069,13.3366909,0.22604560847457628,0.0903233,0.3139445325449782,2142.7354217229404,1054.9093553634057,0.016621357035200655
2925253.0,Ponto Novo,29,Bahia,22,12587,6011,9.5356224,0.4334373818181818,0.27362980000000003,0.48889204351314103,1319.997738165471,630.373115445511,0.006197794148718887
2925303.0,Porto Seguro,29,Bahia,252,151519,75013,107.0260113,0.424706394047619,0.10209670000000001,1.0276732915676736,1415.7212640138819,700.8856920747453,0.07099291479441636
2925402.0,Potiraguá,29,Bahia,17,9429,3543,3.2062252,0.18860148235294116,0.1254082,0.17013319792514126,2940.8414605436947,1105.0377871148914,0.004789204569464595
2925501.0,Prado,29,Bahia,46,23234,13222,40.1673697,0.8732036891304348,0.30452495,1.4560406206921606,578.429709824888,329.17266175883054,0.012959024129139492
2925600.0,Presidente Dutra,29,Bahia,13,9337,3839,6.2371573,0.47978133076923074,0.2281725,0.5553434898084209,1496.996075439688,615.504758874688,0.003662332906061161
2925709.0,Presidente Jânio Quadros,29,Bahia,9,5120,2400,3.766684,0.4185204444444445,0.2612237,0.38450154400132497,1359.2857802778253,637.1652095052306,0.002535461242657727
2925758.0,Presidente Tancredo Neves,29,Bahia,22,15555,6981,13.9587893,0.6344904227272727,0.29877805,0.7324124833357797,1114.3516579908546,500.11500639242405,0.006197794148718887
2925808.0,Queimadas,29,Bahia,24,13713,6502,7.1027219,0.2959467458333333,0.22488625,0.23972664701739654,1930.6682977408987,915.4237053825802,0.006761229980420605
2925907.0,Quijingue,29,Bahia,17,8885,3969,6.6549622,0.39146836470588237,0.3719963,0.2380382484688541,1335.0939844556892,596.3970764552201,0.004789204569464595
2925931.0,Quixabeira,29,Bahia,8,4900,2257,3.3466475,0.4183309375,0.42870655,0.14713626652575143,1464.1518116264112,674.4062528246551,0.0022537433268068684
2925956.0,Rafael Jambeiro,29,Bahia,12,6851,3252,6.9087199,0.5757266583333334,0.4994473,0.38483866852147386,991.6453553139416,470.70948700641344,0.0033806149902103023
2926004.0,Remanso,29,Bahia,40,26839,10889,11.9497324,0.29874331,0.1713859,0.4760077794343717,2245.9917177726925,911.2337946580293,0.011268716634034342
2926103.0,Retirolândia,29,Bahia,11,7202,3268,3.9790156,0.3617286909090909,0.3572752,0.2206134532504328,1809.9954169568975,821.3086674000474,0.0030988970743594437
2926202.0,Riachão das Neves,29,Bahia,17,11017,4491,8.8275571,0.5192680647058824,0.4021289,0.48323752671463094,1248.023646315468,508.74777122653785,0.004789204569464595
2926301.0,Riachão do Jacuípe,29,Bahia,44,24955,11371,12.8669326,0.2924302863636364,0.17432415,0.32190106316173184,1939.4676863388559,883.7382112345874,0.012395588297437775
2926400.0,Riacho de Santana,29,Bahia,25,13571,5531,6.9334852,0.277339408,0.1506575,0.25513557540942144,1957.3128965502083,797.7229114154596,0.007042947896271463
2926509.0,Ribeira do Amparo,29,Bahia,10,5659,2562,3.1196115,0.31196115,0.2250777,0.24344079030348886,1814.0079301541234,821.2561083327203,0.0028171791585085855
2926608.0,Ribeira do Pombal,29,Bahia,60,34361,15508,21.637003,0.36061671666666667,0.12727725,0.6561233245643667,1588.066517345309,716.7351226969835,0.016903074951051512
2926657.0,Ribeirão do Largo,29,Bahia,7,4287,1948,3.9235648000000003,0.5605092571428572,0.558408,0.3943995019994314,1092.6288257046244,496.4872760607904,0.0019720254109560098
2926707.0,Rio de Contas,29,Bahia,10,6625,2908,10.4834003,1.0483400299999999,0.98739715,0.7441883714468133,631.9514480430553,277.3909148542196,0.0028171791585085855
2926806.0,Rio do Antônio,29,Bahia,10,6034,2784,8.1101077,0.81101077,0.8060534,0.4543951336698687,744.0098483525687,343.2753426936611,0.0028171791585085855
2926905.0,Rio do Pires,29,Bahia,8,5423,2330,6.2666319,0.7833289875,0.9901028000000001,0.4177492210647826,865.3771414274388,371.81057339589387,0.0022537433268068684
2927002.0,Rio Real,29,Bahia,42,24678,11132,17.8313795,0.4245566547619048,0.26123945,0.41798757578118023,1383.9647123207712,624.2926970400691,0.011832152465736058
2927101.0,Rodelas,29,Bahia,11,8168,3070,3.445308,0.31320981818181814,0.1891892,0.2807325348328826,2370.7604661179785,891.0669234797006,0.0030988970743594437
2927200.0,Ruy Barbosa,29,Bahia,41,22143,9891,13.3568881,0.32577775853658536,0.1219204,0.4723550494115765,1657.7963245795252,740.5167974717104,0.0115504345498852
2927309.0,Salinas da Margarida,29,Bahia,29,14510,8629,7.9116552,0.27281569655172416,0.2868105,0.1539972755711247,1834.0030794061904,1090.6693709301182,0.008169819559674897
2927408.0,Salvador,29,Bahia,4541,2417678,1212383,307.3278174,0.06767844470380974,0.0256481,0.27264877051592584,7866.772427089771,3944.917873874179,1.2792810558787486
2927507.0,Santa Bárbara,29,Bahia,14,9631,4412,9.3897458,0.6706961285714286,0.24362514999999998,0.9341705687892832,1025.6933686106818,469.8742749777103,0.0039440508219120195
2927606.0,Santa Brígida,29,Bahia,8,5179,2556,1.8555325,0.2319415625,0.19906105,0.15709021449697472,2791.112524302323,1377.5021456104919,0.0022537433268068684
2927705.0,Santa Cruz Cabrália,29,Bahia,41,23205,12860,36.2239232,0.8835103219512196,0.3935455,1.2082807279163352,640.5987521528314,355.0140035632584,0.0115504345498852
2927804.0,Santa Cruz da Vitória,29,Bahia,8,4131,1762,1.0723983,0.1340497875,0.1479353,0.06908092318943129,3852.1135290870943,1643.0462450378745,0.0022537433268068684
2927903.0,Santa Inês,29,Bahia,16,9071,4083,4.5807521,0.28629700625,0.20682109999999998,0.27379025839204596,1980.242502099164,891.338345945418,0.004507486653613737
2928000.0,Santaluz,29,Bahia,45,24232,10415,10.3616319,0.23025848666666668,0.1353832,0.22607213240417173,2338.6277599766886,1005.1505496928528,0.012677306213288634
2928059.0,Santa Luzia,29,Bahia,12,8359,3253,2.51017,0.20918083333333334,0.17525154999999998,0.16137855424270617,3330.053343000673,1295.928164227921,0.0033806149902103023
2928109.0,Santa Maria da Vitória,29,Bahia,37,24700,10257,13.5080563,0.3650826027027027,0.2024205,0.3793711459908361,1828.5384256208645,759.3246409551906,0.010423562886481766
2928208.0,Santana,29,Bahia,26,13931,6320,16.377557,0.6299060384615385,0.34975095,0.7574138061714207,850.6152657566694,385.89394010352095,0.007324665812122322
2928307.0,Santanópolis,29,Bahia,3,2048,963,1.500214,0.5000713333333333,0.5911044,0.2075389831739891,1365.138573563505,641.9084210652613,0.0008451537475525756
2928406.0,Santa Rita de Cássia,29,Bahia,23,17617,7913,10.8371562,0.4711807043478261,0.269672,0.5859078436550236,1625.6109697855973,730.1731057452138,0.006479512064569746
2928505.0,Santa Terezinha,29,Bahia,5,2985,1399,1.3749789000000001,0.27499578,0.2519113,0.17165398584162558,2170.9424050070875,1017.4701589966216,0.0014085895792542928
2928604.0,Santo Amaro,29,Bahia,85,43126,21247,14.0932124,0.16580249882352943,0.0889204,0.20046067251201344,3060.054640203961,1507.6051787880526,0.023946022847322977
2928703.0,Santo Antônio de Jesus,29,Bahia,181,92210,42644,31.8197535,0.17579974309392266,0.05949,0.29658951696327013,2897.8854283079218,1340.1738011578248,0.05099094276900539
2928802.0,Santo Estêvão,29,Bahia,51,34482,14299,27.7546738,0.5442092901960784,0.1933051,0.7883018943376368,1242.3853455629517,515.1925078651078,0.014367613708393786
2928901.0,São Desidério,29,Bahia,22,17111,6997,21.1601234,0.9618237909090909,0.5634976,1.5402177379197066,808.6436773804447,330.6691491222589,0.006197794148718887
2928950.0,São Domingos,29,Bahia,10,6030,2922,4.0262468,0.40262468,0.22624375,0.4498695338373901,1497.672720907223,725.7379254545449,0.0028171791585085855
2929008.0,São Félix,29,Bahia,15,7115,3276,2.7604788,0.18403192,0.1199009,0.15978837080729266,2577.451418935005,1186.7506463009242,0.004225768737762878
2929057.0,São Félix do Coribe,29,Bahia,17,11470,4771,6.7532826,0.39725191764705886,0.1727538,0.44968194358167785,1698.4332922777435,706.471249996261,0.004789204569464595
2929107.0,São Felipe,29,Bahia,16,11168,5069,7.3485678,0.4592854875,0.33251225,0.44675298151259507,1519.7519168292902,689.79427528722,0.004507486653613737
2929206.0,São Francisco do Conde,29,Bahia,57,36193,17669,47.0006348,0.8245725403508772,0.1659283,2.4140879501483803,770.0534291507058,375.93109274345375,0.016057921203498936
2929255.0,São Gabriel,29,Bahia,18,11721,4814,6.5031649,0.36128693888888885,0.31254795,0.21665002036984776,1802.3531895984984,740.2549487865516,0.005070922485315454
2929305.0,São Gonçalo dos Campos,29,Bahia,42,28814,12459,23.1608814,0.5514495571428571,0.32307410000000003,0.6200055595034574,1244.0804605993967,537.9328957662207,0.011832152465736058
2929354.0,São José da Vitória,29,Bahia,7,4540,2297,1.0901332,0.15573331428571427,0.1305829,0.0804781236893279,4164.628689411533,2107.081960259535,0.0019720254109560098
2929370.0,São José do Jacuípe,29,Bahia,13,7277,3621,3.7969409,0.2920723769230769,0.2074199,0.20644085746333482,1916.5428674436307,953.662460218962,0.003662332906061161
2929404.0,São Miguel das Matas,29,Bahia,6,4061,1818,2.7523512,0.4587252,0.40601925000000005,0.2111882537335067,1475.4657763151736,660.5261712240792,0.0016903074951051512
2929503.0,São Sebastião do Passé,29,Bahia,65,33738,15820,24.1538634,0.37159789846153846,0.0962307,0.5915905260209309,1396.7951810143963,654.9676852109712,0.018311664530305805
2929602.0,Sapeaçu,29,Bahia,17,10011,4249,7.3812908,0.43419357647058826,0.3762368,0.305039424747922,1356.2668469856246,575.6445742525142,0.004789204569464595
2929701.0,Sátiro Dias,29,Bahia,9,5479,2749,5.1324543,0.5702727,0.4838616,0.3769308995901238,1067.520464819336,535.6111987202692,0.002535461242657727
2929750.0,Saubara,29,Bahia,35,11169,13170,9.7067633,0.2773360942857143,0.1864314,0.266826136368159,1150.6410174852,1356.7859432608188,0.009860127054780048
2929800.0,Saúde,29,Bahia,10,6012,3027,2.1250785,0.21250785,0.14516469999999998,0.15216769558025448,2829.0719613416636,1424.4179685597499,0.0028171791585085855
2929909.0,Seabra,29,Bahia,34,24979,11114,21.5341345,0.6333568970588236,0.25620125,0.8211405222754645,1159.9723220824128,516.1108286009824,0.00957840913892919
2930006.0,Sebastião Laranjeiras,29,Bahia,7,4054,1735,4.4816494,0.6402356285714286,0.35401,0.527852756561754,904.5776762457143,387.1342546340193,0.0019720254109560098
2930105.0,Senhor do Bonfim,29,Bahia,110,62220,27745,23.1712123,0.21064738454545456,0.10204185,0.336752915973341,2685.228515212387,1197.3909539467643,0.03098897074359444
2930154.0,Serra do Ramalho,29,Bahia,33,18290,7442,10.8845634,0.32983525454545454,0.3344133,0.12720381791766336,1680.3613822489197,683.7205799177945,0.009296691223078331
2930204.0,Sento Sé,29,Bahia,30,25146,8415,6.9129242,0.23043080666666665,0.16069115,0.23124021958825433,3637.534460453074,1217.2851540886272,0.008451537475525756
2930303.0,Serra Dourada,29,Bahia,12,6462,2971,9.7757114,0.8146426166666667,0.7348726999999999,0.6020014568016893,661.0260609780277,303.9165006446487,0.0033806149902103023
2930402.0,Serra Preta,29,Bahia,12,8442,3267,3.3824221,0.2818685083333333,0.23335785,0.1901809975457851,2495.844619747488,965.8759029513201,0.0033806149902103023
2930501.0,Serrinha,29,Bahia,96,53430,24886,34.9052472,0.363596325,0.09110299999999999,0.5465140925032723,1530.7154163343098,712.9587095432461,0.02704491992168242
2930600.0,Serrolândia,29,Bahia,16,9346,4618,5.830279,0.3643924375,0.23728960000000002,0.3376065999705907,1603.0107650079867,792.0718716891593,0.004507486653613737
2930709.0,Simões Filho,29,Bahia,213,112280,54472,81.7969988,0.3840234685446009,0.0691846,1.2269998742599182,1372.6664993483844,665.9413034601461,0.06000591607623287
2930758.0,Sítio do Mato,29,Bahia,9,7440,2834,3.6800069,0.40888965555555556,0.34315,0.24831844351334495,2021.7353396810208,770.107251701077,0.002535461242657727
2930766.0,Sítio do Quinto,29,Bahia,11,7913,3214,3.1440384,0.2858216727272727,0.1828276,0.24125571530591808,2516.8267664924197,1022.252145520869,0.0030988970743594437
2930774.0,Sobradinho,29,Bahia,28,22987,8437,13.5231896,0.48297105714285715,0.2026808,0.8727282497995721,1699.8208765778156,623.8912748808905,0.007888101643824039
2930808.0,Souto Soares,29,Bahia,9,6654,2768,7.6139934,0.8459992666666667,0.5062651,0.7488150964670067,873.9172271938139,363.5411609366512,0.002535461242657727
2930907.0,Tabocas do Brejo Velho,29,Bahia,6,4320,1800,3.519504,0.586584,0.6603623000000001,0.4097371829011129,1227.4456855284154,511.4357023035064,0.0016903074951051512
2931004.0,Tanhaçu,29,Bahia,16,9288,4239,12.2521252,0.765757825,0.5263028000000001,0.6893368308435034,758.0725668719089,345.98079360142356,0.004507486653613737
2931053.0,Tanque Novo,29,Bahia,13,9141,3773,15.1785536,1.1675810461538463,1.0243538,0.9195043900721251,602.2312956090889,248.57440961963596,0.003662332906061161
2931103.0,Tanquinho,29,Bahia,9,5826,2389,4.1216697,0.4579633,0.4852888,0.37337514443699243,1413.5048230575098,579.6194682946089,0.002535461242657727
2931202.0,Taperoá,29,Bahia,12,8452,3932,4.1892967,0.3491080583333333,0.3757156,0.20801964702313122,2017.5224161134256,938.5823639562221,0.0033806149902103023
2931301.0,Tapiramutá,29,Bahia,18,11774,4329,4.9305330000000005,0.2739185,0.20247915,0.2543566503765414,2387.9771213375916,877.9983827306296,0.005070922485315454
2931350.0,Teixeira de Freitas,29,Bahia,242,140983,62353,49.7783862,0.20569581074380167,0.08513555,0.429344216379109,2832.213150373284,1252.6119217581224,0.06817573563590777
2931400.0,Teodoro Sampaio,29,Bahia,10,5841,3080,4.1720009,0.41720008999999997,0.27226005,0.3312211719581325,1400.0476366148437,738.254874297846,0.0028171791585085855
2931509.0,Teofilândia,29,Bahia,17,8876,4016,8.1081317,0.47694892352941176,0.3357307,0.41864408984088375,1094.7034814444369,495.30522549356226,0.004789204569464595
2931608.0,Teolândia,29,Bahia,6,5203,1962,2.053546,0.3422576666666666,0.16512635,0.39641922250473005,2533.666156005271,955.4205262506903,0.0016903074951051512
2931707.0,Terra Nova,29,Bahia,16,9674,4662,3.3487642,0.2092977625,0.16853665,0.21647086391859105,2888.8268693268997,1392.155350920199,0.004507486653613737
2931806.0,Tremedal,29,Bahia,9,4296,2069,4.8497671,0.5388630111111111,0.6309737,0.2608894007050614,885.8157332957287,426.61842462496804,0.002535461242657727
2931905.0,Tucano,29,Bahia,49,26140,12590,15.0772339,0.30769865102040816,0.1838,0.3469875273432426,1733.739767743472,835.0338055046026,0.013804177876692069
2932002.0,Uauá,29,Bahia,21,11772,5391,7.1776001,0.34179048095238096,0.2464365,0.2781015349432355,1640.10251838912,751.0867037577086,0.005916076232868029
2932101.0,Ubaíra,29,Bahia,15,9198,4423,5.4897793,0.3659852866666667,0.2786329,0.38405342137117715,1675.4771908590203,805.6790188268589,0.004225768737762878
2932200.0,Ubaitaba,29,Bahia,29,15774,7572,3.7357813,0.12882004482758622,0.0939904,0.10480931088058919,4222.409914627497,2026.8852462000384,0.008169819559674897
2932309.0,Ubatã,29,Bahia,29,14350,6528,3.8250194,0.13189722068965518,0.0866403,0.15297020961374982,3751.614959129358,1706.6580106757106,0.008169819559674897
2932408.0,Uibaí,29,Bahia,13,8846,4045,8.54453,0.6572715384615384,0.4373203,0.5779356631157464,1035.2822214914104,473.4022819277362,0.003662332906061161
2932457.0,Umburanas,29,Bahia,10,8392,3827,4.9345165,0.49345165,0.4145629,0.3047073110231057,1700.6732067873318,775.5572405118111,0.0028171791585085855
2932507.0,Unas,29,Bahia,25,12227,6114,10.501939700000001,0.42007758800000006,0.1758566,0.8864903468440526,1164.261112639982,582.1781665724094,0.007042947896271463
2932606.0,Urandi,29,Bahia,9,6434,2700,5.9144908,0.6571656444444445,0.4492933,0.6281945201868011,1087.8366739534026,456.5059091815647,0.002535461242657727
2932705.0,Uruçuca,29,Bahia,28,16497,8187,8.9131041,0.3183251464285714,0.06588535000000001,0.5721743459761819,1850.8703382023778,918.5352160309673,0.007888101643824039
2932804.0,Utinga,29,Bahia,22,11872,5282,7.0068821,0.3184946409090909,0.11504395,0.4427196479315449,1694.3342032257115,753.8302949324636,0.006197794148718887
2932903.0,Valença,29,Bahia,119,62487,32731,25.436738000000002,0.21375410084033614,0.080967,0.3414698356702629,2456.5649887969125,1286.7609046411533,0.033524431986252164
2933000.0,Valente,29,Bahia,30,16103,7534,10.5659147,0.3521971566666667,0.2174226,0.3550980305848966,1524.0516753367315,713.0475887714672,0.008451537475525756
2933059.0,Várzea da Roça,29,Bahia,13,7480,3629,4.7183395,0.3629491923076923,0.226593,0.38523158021315884,1585.303473817431,769.1265115619594,0.003662332906061161
2933109.0,Várzea do Poço,29,Bahia,10,5493,2644,3.6342207,0.36342207000000004,0.3886411,0.21253259593261897,1511.4657180836596,727.5287381418525,0.0028171791585085855
2933158.0,Várzea Nova,29,Bahia,15,9411,4253,2.6319524,0.17546349333333333,0.166202,0.08329394941520978,3575.6725691543666,1615.9106828831707,0.004225768737762878
2933174.0,Varzedo,29,Bahia,8,4286,1943,3.0212205,0.3776525625,0.37328669999999997,0.2421815907333051,1418.6319734028018,643.1175745034167,0.0022537433268068684
2933208.0,Vera Cruz,29,Bahia,102,41431,44078,57.3031797,0.5617958794117647,0.32349105,0.5974468742111115,723.0139796238916,769.206878758946,0.028735227416787572
2933257.0,Vereda,29,Bahia,6,2997,1434,1.4623119,0.24371865,0.20592495,0.15101934080069015,2049.4943657368854,980.6389457679993,0.0016903074951051512
2933307.0,Vitória da Conquista,29,Bahia,545,334412,142464,238.8656704,0.4382856337614679,0.0703484,1.4919181500804397,1400.0002572156975,596.4188983767841,0.1535362641387179
2933406.0,Wagner,29,Bahia,10,6800,2790,3.1349016,0.31349016,0.2941135,0.17687231601768671,2169.127094770694,889.98008741327,0.0028171791585085855
2933455.0,Wanderley,29,Bahia,10,6705,2742,4.5872641,0.45872641,0.25958875000000003,0.444886444010887,1461.6555432245552,597.7419089517869,0.0028171791585085855
2933505.0,Wenceslau Guimarães,29,Bahia,18,11695,5169,5.6892821,0.31607122777777774,0.31620885,0.2448887691760193,2055.619636087302,908.5504830213991,0.005070922485315454
2933604.0,Xique-Xique,29,Bahia,48,34726,13023,8.8090454,0.18352177916666668,0.10723664999999999,0.1807423495157384,3942.0843488898354,1478.3667705924186,0.01352245996084121
3100104.0,Abadia dos Dourados,31,Minas Gerais,11,4392,2174,2.7641373,0.25128520909090907,0.1762519,0.2174040963667863,1588.922518429168,786.5021755612502,0.0030988970743594437
3100203.0,Abaeté,31,Minas Gerais,57,20260,9533,13.768768,0.24155733333333332,0.1262081,0.28716365693605134,1471.4461017863036,692.3640517437726,0.016057921203498936
3100302.0,Abre Campo,31,Minas Gerais,17,8495,3594,6.6652309,0.3920724058823529,0.2693877,0.4131973523509097,1274.5244879663508,539.2161282814674,0.004789204569464595
3100401.0,Acaiaca,31,Minas Gerais,9,2834,1403,2.3092953,0.2565883666666667,0.2493172,0.19563718267270283,1227.214206862154,607.5446479278766,0.002535461242657727
3100500.0,Açucena,31,Minas Gerais,12,4521,2178,5.2946792,0.44122326666666667,0.37589724999999996,0.32457154887988265,853.8760950805103,411.3563669730925,0.0033806149902103023
3100609.0,Água Boa,31,Minas Gerais,15,6742,3188,2.7574145,0.18382763333333332,0.1210558,0.13808868037058994,2445.0440802425605,1156.1555217759246,0.004225768737762878
3100708.0,Água Comprida,31,Minas Gerais,5,1651,1091,1.5300734,0.30601468,0.2972823,0.12030130080974602,1079.033201936587,713.0376882573084,0.0014085895792542928
3100807.0,Aguanil,31,Minas Gerais,11,3407,1653,4.0493187,0.3681198818181818,0.2958149,0.2576750130054942,841.3761060595207,408.2168192886374,0.0030988970743594437
3100906.0,Águas Formosas,31,Minas Gerais,32,14496,6019,3.5414861,0.110671440625,0.0886808,0.07974973785353155,4093.196920919723,1699.5690029674265,0.009014973307227473
3101003.0,Águas Vermelhas,31,Minas Gerais,13,10340,3523,4.4257545,0.34044265384615385,0.2427013,0.2063146779977276,2336.324800663932,796.0224635144132,0.003662332906061161
3101102.0,Aimorés,31,Minas Gerais,41,20613,9598,8.6238433,0.21033764146341466,0.1868018,0.15386496329769325,2390.2335980525063,1112.960853544266,0.0115504345498852
3101201.0,Aiuruoca,31,Minas Gerais,7,3126,1497,3.7458438,0.5351205428571428,0.2747475,0.6602428837600721,834.524920660066,399.6429322546765,0.0019720254109560098
3101300.0,Alagoa,31,Minas Gerais,4,1442,671,0.9243733000000001,0.23109332500000002,0.23033665,0.046192680546985276,1559.9758236201758,725.8972105749917,0.0011268716634034342
3101409.0,Albertina,31,Minas Gerais,4,2107,899,1.329287,0.33232175,0.32395215,0.19779835318567074,1585.0602616289784,676.3024087349082,0.0011268716634034342
3101508.0,Além Paraíba,31,Minas Gerais,66,29115,13600,11.8335915,0.17929684090909093,0.14434315,0.1555764311278998,2460.368857586473,1149.2707011223092,0.018593382446156662
3101607.0,Alfenas,31,Minas Gerais,196,74923,35687,28.7776478,0.14682473367346938,0.06766695,0.2833899285561024,2603.513689537892,1240.0944041020614,0.055216711506768275
3101631.0,Alfredo Vasconcelos,31,Minas Gerais,8,4864,2000,11.2305546,1.403819325,1.49463905,1.184602226528489,433.10416744690417,178.0855951673126,0.0022537433268068684
3101706.0,Almenara,31,Minas Gerais,73,34259,14332,13.0242961,0.17841501506849317,0.1010191,0.22800581983915746,2630.3916723760603,1100.4049577773342,0.020565407857112673
3101805.0,Alpercata,31,Minas Gerais,17,5658,3011,4.172724,0.24545435294117646,0.1546782,0.279863947000286,1355.9487759075369,721.5909798970649,0.004789204569464595
3101904.0,Alpinópolis,31,Minas Gerais,37,15144,6329,7.5649714,0.2044586864864865,0.1158326,0.19870210319474083,2001.8581960534575,836.6191576084478,0.010423562886481766
3102001.0,Alterosa,31,Minas Gerais,29,10501,5015,4.4419721,0.15317145172413793,0.1034377,0.11112923862120633,2364.0400622957536,1129.0030389880205,0.008169819559674897
3102050.0,Alto Caparaó,31,Minas Gerais,9,4660,2158,2.5316408,0.2812934222222222,0.2471528,0.16648160524835603,1840.7034678853336,852.4116059434656,0.002535461242657727
3102100.0,Alto Rio Doce,31,Minas Gerais,11,5731,2830,5.6784523,0.5162229363636364,0.5212729,0.2537316879691864,1009.2538771524065,498.3752350970704,0.0030988970743594437
3102209.0,Alvarenga,31,Minas Gerais,6,2116,1106,0.8065059,0.13441765,0.1410828,0.01815770945320472,2623.6633854755432,1371.347686359145,0.0016903074951051512
3102308.0,Alvinópolis,31,Minas Gerais,17,11542,5015,6.244424,0.36731905882352944,0.2472828,0.3554837945467557,1848.3690409235503,803.1165084241557,0.004789204569464595
3102407.0,Alvorada de Minas,31,Minas Gerais,3,1861,781,1.9716943,0.6572314333333333,0.6576965,0.22420706175351246,943.8582847249697,396.10602921558376,0.0008451537475525756
3102506.0,Amparo do Serra,31,Minas Gerais,6,2548,1118,1.3572199,0.22620331666666668,0.1735328,0.16401041677848904,1877.3671090440098,823.7427111111471,0.0016903074951051512
3102605.0,Andradas,31,Minas Gerais,76,31664,13589,13.4067884,0.1764051105263158,0.11116000000000001,0.16588748470249554,2361.7885995724373,1013.5909954392955,0.02141056160466525
3102704.0,Cachoeira de Pajeú,31,Minas Gerais,9,5891,2256,3.9193904,0.43548782222222227,0.3764479,0.25918131478698353,1503.0398604844263,575.5997157108922,0.002535461242657727
3102803.0,Andrelândia,31,Minas Gerais,23,9964,4980,5.2590434,0.22865406086956525,0.1263154,0.19588233623635748,1894.6411432923333,946.9402743472319,0.006479512064569746
3102852.0,Angelândia,31,Minas Gerais,9,4521,1945,2.303879,0.25598655555555555,0.2411139,0.12333647523971883,1962.3426403904027,844.2283644236526,0.002535461242657727
3102902.0,Antônio Carlos,31,Minas Gerais,14,8345,3724,8.9600858,0.6400061285714286,0.51746795,0.4714226751203579,931.3526886092989,415.62102005764274,0.0039440508219120195
3103009.0,Antônio Dias,31,Minas Gerais,7,4739,1996,10.0389138,1.4341305428571427,0.315049,2.186174458441449,472.06302339203273,198.82629134638054,0.0019720254109560098
3103108.0,Antônio Prado de Minas,31,Minas Gerais,3,1070,506,0.2917232,0.09724106666666667,0.0622214,0.07568849047889205,3667.860492411985,1734.5209431406208,0.0008451537475525756
3103207.0,Araçaí,31,Minas Gerais,8,1709,811,1.0117443,0.1264680375,0.09755915000000001,0.07123775771517192,1689.1619750168102,801.5859343116636,0.0022537433268068684
3103306.0,Aracitaba,31,Minas Gerais,4,1707,951,0.9542499,0.238562475,0.23476995,0.05715144907503076,1788.8395901325218,996.5942883515105,0.0011268716634034342
3103405.0,Araçuaí,31,Minas Gerais,53,25477,10566,16.7210875,0.31549221698113206,0.1462822,0.37403020820857896,1523.6449184300961,631.8966993026022,0.014931049540095503
3103504.0,Araguari,31,Minas Gerais,239,111224,48805,44.0294344,0.18422357489539748,0.1052804,0.35213496954795237,2526.1282938488075,1108.4630239992364,0.0673305818883552
3103603.0,Arantina,31,Minas Gerais,6,2679,1441,1.7353567,0.2892261166666667,0.2864495,0.11298810334397895,1543.7748331510172,830.3768326131451,0.0016903074951051512
3103702.0,Araponga,31,Minas Gerais,8,3416,1649,2.4867981,0.3108497625,0.33827165000000003,0.16335232627389823,1373.653936763101,663.1016808320708,0.0022537433268068684
3103751.0,Araporã,31,Minas Gerais,20,8143,3101,7.3155647,0.365778235,0.1251449,0.5789233900237472,1113.1061420316603,423.89072165543143,0.005634358317017171
3103801.0,Arapuá,31,Minas Gerais,5,2076,944,0.7639298,0.15278596,0.1708429,0.049830821319821736,2717.527186398541,1235.715637745772,0.0014085895792542928
3103900.0,Araújos,31,Minas Gerais,25,7890,3307,5.8598356,0.23439342400000002,0.1552349,0.2543793026040268,1346.4541564954484,564.3503036160263,0.007042947896271463
3104007.0,Araxá,31,Minas Gerais,200,109812,45858,63.1074791,0.3155373955,0.11704215000000001,0.6870681940795074,1740.0790138676289,726.6650586269417,0.056343583170171706
3104106.0,Arceburgo,31,Minas Gerais,19,8195,3422,2.7255795,0.14345155263157894,0.1332908,0.1176042144645967,3006.7000430550643,1255.5128184666785,0.0053526404011663125
3104205.0,Arcos,31,Minas Gerais,95,39507,17218,19.0217672,0.20022912842105262,0.1121069,0.29647640432131506,2076.9363637254482,905.1735214170848,0.02676320200583156
3104304.0,Areado,31,Minas Gerais,33,12199,5439,4.0291366,0.12209504848484849,0.102436,0.06636537215747439,3027.6958095687296,1349.9170020693764,0.009296691223078331
3104403.0,Argirita,31,Minas Gerais,5,2150,1010,1.1234468,0.22468936,0.2898823,0.11355912760294964,1913.7532814192894,899.0189833644104,0.0014085895792542928
3104452.0,Aricanduva,31,Minas Gerais,5,2369,1090,2.5093574000000003,0.50187148,0.5167492,0.13572281134167172,944.0663972377947,434.3741549131263,0.0014085895792542928
3104502.0,Arinos,31,Minas Gerais,25,11474,5023,6.0589834,0.24235933599999998,0.1722614,0.1748750819819462,1893.717021901727,829.0169601718995,0.007042947896271463
3104601.0,Astolfo Dutra,31,Minas Gerais,24,12687,5399,5.717096,0.23821233333333333,0.14809519999999998,0.24751468145487535,2219.1336300807266,944.3605634748831,0.006761229980420605
3104700.0,Ataléia,31,Minas Gerais,14,8084,3557,4.7116174,0.33654409999999996,0.3067455,0.19291931184773756,1715.759008785391,754.9424535192522,0.0039440508219120195
3104809.0,Augusto de Lima,31,Minas Gerais,7,2892,1367,2.0365769,0.29093955714285713,0.233917,0.1641383475896056,1420.0298549983554,671.2243470894715,0.0019720254109560098
3104908.0,Baependi,31,Minas Gerais,25,14568,6445,8.7484567,0.349938268,0.1603547,0.3644793197817033,1665.207990341885,736.7013658534768,0.007042947896271463
3105004.0,Baldim,31,Minas Gerais,21,5685,3212,10.7050135,0.5097625476190476,0.277681,0.49160152768726073,531.0595825030954,300.0463287598843,0.005916076232868029
3105103.0,Bambuí,31,Minas Gerais,48,20672,10329,13.4175625,0.27953255208333333,0.1406897,0.36244844586670794,1540.667315691654,769.8119535496853,0.01352245996084121
3105202.0,Bandeira,31,Minas Gerais,7,2579,1096,0.5954035,0.08505764285714286,0.0834911,0.03201875769585995,4331.516358234374,1840.7684872527623,0.0019720254109560098
3105301.0,Bandeira do Sul,31,Minas Gerais,11,5415,2451,1.8467613999999999,0.1678874,0.129788,0.12056656386960687,2932.160050562027,1327.188233412286,0.0030988970743594437
3105400.0,Barão de Cocais,31,Minas Gerais,46,29324,12488,22.8213424,0.4961161391304348,0.2736616,0.4786846864523505,1284.9375591507712,547.2070740238313,0.012959024129139492
3105509.0,Barão do Monte Alto,31,Minas Gerais,12,3999,1994,1.5216669,0.126805575,0.09478595000000001,0.07258607260021624,2628.039027463895,1310.4050564548654,0.0033806149902103023
3105608.0,Barbacena,31,Minas Gerais,261,115454,50808,50.0401202,0.19172459846743295,0.0796486,0.30647901285212203,2307.2286704858875,1015.3452828836331,0.07352837603707407
3105707.0,Barra Longa,31,Minas Gerais,16,3633,1730,2.8562331,0.17851456875,0.12452099999999999,0.17087578380751606,1271.9550095543673,605.6928616925559,0.004507486653613737
3105905.0,Barroso,31,Minas Gerais,35,19522,8272,10.794505299999999,0.3084144371428571,0.1983053,0.30511945131751084,1808.512706923216,766.3158032818791,0.009860127054780048
3106002.0,Bela Vista de Minas,31,Minas Gerais,15,9863,3843,4.9191789,0.32794526,0.209974,0.27908582750945937,2005.0094132579727,781.2279402971093,0.004225768737762878
3106101.0,Belmiro Braga,31,Minas Gerais,7,1888,945,1.2845654,0.18350934285714285,0.1584614,0.11225742868904574,1469.757787341929,735.657367075277,0.0019720254109560098
3106200.0,Belo Horizonte,31,Minas Gerais,5166,2315560,1027170,331.3535972,0.06414123058459156,0.03852885,0.2834825244680425,6988.184282793112,3099.9210773016466,1.455354753285535
3106309.0,Belo Oriente,31,Minas Gerais,39,20435,8243,8.8978622,0.22815031282051285,0.197292,0.15784509105331415,2296.6190687916023,926.4022991949684,0.010986998718183483
3106408.0,Belo Vale,31,Minas Gerais,13,4311,2170,6.0423325,0.4647948076923077,0.3420369,0.29559615550577745,713.4661986906547,359.13283487792177,0.003662332906061161
3106507.0,Berilo,31,Minas Gerais,10,4555,2240,3.7104046,0.37104046,0.31493675,0.20883045512973863,1227.6289221935526,603.7077465891456,0.0028171791585085855
3106606.0,Bertópolis,31,Minas Gerais,6,2631,1191,0.8417367,0.14028945,0.1080505,0.06653812792304124,3125.6805126828854,1414.9317714197325,0.0016903074951051512
3106655.0,Berizal,31,Minas Gerais,7,3359,1402,1.8017604,0.25739434285714285,0.2415777,0.14321079266603076,1864.2878376059325,778.1278798224225,0.0019720254109560098
3106705.0,Betim,31,Minas Gerais,951,409949,174835,212.7211601,0.2236815563617245,0.0665162,0.6579227399538028,1927.1660600538441,821.8975484987495,0.26791373797416645
3106804.0,Bias Fortes,31,Minas Gerais,4,1556,809,1.1003608,0.2750902,0.24991775,0.16734007187008937,1414.0816357689223,735.2133954608342,0.0011268716634034342
3106903.0,Bicas,31,Minas Gerais,25,13315,6371,4.4321214,0.177284856,0.1476219,0.11148184036368537,3004.204713345623,1437.4606255144547,0.007042947896271463
3107000.0,Biquinhas,31,Minas Gerais,3,1721,894,1.4926764,0.49755879999999997,0.4161095,0.21956250590087092,1152.9625577251709,598.9241874528196,0.0008451537475525756
3107109.0,Boa Esperança,31,Minas Gerais,80,34677,14048,17.5190037,0.21898754625,0.07679545,0.38537529501502354,1979.3933829696036,801.8720836276781,0.022537433268068684
3107208.0,Bocaina de Minas,31,Minas Gerais,7,2631,1891,3.7542356999999997,0.5363193857142857,0.3089319,0.5643006880864032,700.8084228701997,503.6977300066696,0.0019720254109560098
3107307.0,Bocaiúva,31,Minas Gerais,75,41558,17024,16.7012358,0.222683144,0.1060284,0.2632647293219006,2488.318858416453,1019.3257674979956,0.02112884368881439
3107406.0,Bom Despacho,31,Minas Gerais,105,48828,21633,46.0972537,0.43902146380952384,0.1364293,1.731901087115694,1059.238806671036,469.29042976805357,0.029580381164340145
3107505.0,Bom Jardim de Minas,31,Minas Gerais,13,6081,3293,3.6021108,0.27708544615384617,0.1932259,0.23490639998965762,1688.1768323173178,914.186204377722,0.003662332906061161
3107604.0,Bom Jesus da Penha,31,Minas Gerais,10,3464,1529,2.7658802000000002,0.27658802000000005,0.21227115000000002,0.29439015552414566,1252.4042075285834,552.8077463369526,0.0028171791585085855
3107703.0,Bom Jesus do Amparo,31,Minas Gerais,10,3374,1775,8.126547,0.8126547000000001,0.5998143499999999,0.7468855731612322,415.18248771587736,218.4199513028104,0.0028171791585085855
3107802.0,Bom Jesus do Galho,31,Minas Gerais,22,10303,5077,4.0020998,0.18191362727272728,0.14233735,0.11632171625211397,2574.3985694709563,1268.5840567993832,0.006197794148718887
3107901.0,Bom Repouso,31,Minas Gerais,14,7007,2805,1.7801692,0.12715494285714285,0.08582295,0.0819441474883464,3936.1426992445436,1575.6929172799978,0.0039440508219120195
3108008.0,Bom Sucesso,31,Minas Gerais,26,15012,6645,7.0001274,0.26923566923076925,0.15794560000000002,0.21326381137353007,2144.5323980817834,949.2684376001499,0.007324665812122322
3108107.0,Bonfim,31,Minas Gerais,12,3921,2276,8.8453134,0.73710945,0.52538495,0.5948008345755448,443.28559347597565,257.3114028950065,0.0033806149902103023
3108206.0,Bonfinópolis de Minas,31,Minas Gerais,12,3849,1884,1.8502583,0.15418819166666667,0.14503115,0.06716336668681898,2080.2500926492266,1018.2362105874623,0.0033806149902103023
3108255.0,Bonito de Minas,31,Minas Gerais,13,3847,1544,3.5385143,0.2721934076923077,0.2004349,0.2259899486009259,1087.1794413830685,436.34131985845016,0.003662332906061161
3108305.0,Borda da Mata,31,Minas Gerais,31,14243,6178,7.7041241000000005,0.24852013225806452,0.2217352,0.18918872795954905,1848.750074002572,801.9081624087545,0.008733255391376614
3108404.0,Botelhos,31,Minas Gerais,30,11460,5213,4.4339861,0.14779953666666668,0.0975216,0.15316121962921717,2584.581850628715,1175.6915521228177,0.008451537475525756
3108503.0,Botumirim,31,Minas Gerais,10,3518,1858,2.7978381,0.27978380999999997,0.19089815,0.1906248688231327,1257.3994185010206,664.0841727046322,0.0028171791585085855
3108552.0,Brasilândia de Minas,31,Minas Gerais,20,13624,5714,9.1793466,0.45896733,0.4323746,0.21016026684390204,1484.2015007909167,622.484393388087,0.005634358317017171
3108602.0,Brasília de Minas,31,Minas Gerais,40,22961,9607,18.6492286,0.466230715,0.28694845,0.4488135593565349,1231.2037399766766,515.141950697092,0.011268716634034342
3108701.0,Brás Pires,31,Minas Gerais,8,2658,1397,3.5067336,0.4383417,0.49488984999999996,0.22349757017242938,757.9703231520067,398.37642642714576,0.0022537433268068684
3108800.0,Braúnas,31,Minas Gerais,4,1644,734,2.0165386,0.50413465,0.43660635000000003,0.2542130903542735,815.2583838464584,363.99005702147235,0.0011268716634034342
3108909.0,Brazópolis,31,Minas Gerais,20,8903,4298,9.676149,0.48380745000000003,0.1827551,0.6390643116407295,920.097447858647,444.18497482831236,0.005634358317017171
3109006.0,Brumadinho,31,Minas Gerais,80,33233,17856,73.8958811,0.92369851375,0.3916803,1.121575184184225,449.72736646887347,241.6372838945688,0.022537433268068684
3109105.0,Bueno Brandão,31,Minas Gerais,12,5396,2540,4.1033168,0.3419430666666667,0.35762535,0.27436789745513174,1315.0337307614172,619.0114299729429,0.0033806149902103023
3109204.0,Buenópolis,31,Minas Gerais,21,7416,3657,2.6232943,0.12491877619047619,0.0965703,0.10385434484146489,2826.979801694381,1394.0486967093245,0.005916076232868029
3109253.0,Bugre,31,Minas Gerais,2,1875,789,0.6205921999999999,0.31029609999999996,0.31029609999999996,0.05751564131764505,3021.307712214237,1271.3662852997509,0.0005634358317017171
3109303.0,Buritis,31,Minas Gerais,43,18516,8012,13.2766977,0.30876041162790696,0.1299578,0.7234729114956225,1394.6239056117095,603.4633145258704,0.012113870381586917
3109402.0,Buritizeiro,31,Minas Gerais,38,21793,9007,13.4977992,0.35520524210526316,0.19222185000000003,0.32703520316422807,1614.5595053747725,667.2939689308758,0.010705280802332625
3109451.0,Cabeceira Grande,31,Minas Gerais,14,5327,2713,3.0460343,0.21757387857142857,0.1739949,0.1266970958809249,1748.831259057063,890.6662672839896,0.0039440508219120195
3109501.0,Cabo Verde,31,Minas Gerais,14,7167,3254,2.3728279,0.16948770714285713,0.12839830000000002,0.10358801676588826,3020.4466156184358,1371.3594652186955,0.0039440508219120195
3109600.0,Cachoeira da Prata,31,Minas Gerais,17,3453,1579,1.899014,0.11170670588235294,0.1090338,0.06790336745425876,1818.3120292952026,831.4841280790979,0.004789204569464595
3109709.0,Cachoeira de Minas,31,Minas Gerais,14,8016,3479,3.9616537,0.2829752642857143,0.1519153,0.2678947573589634,2023.3974514228744,878.1686294286651,0.0039440508219120195
3109808.0,Cachoeira Dourada,31,Minas Gerais,7,2026,919,0.7338825,0.10484035714285714,0.1043087,0.05884715734773875,2760.6599149046338,1252.2440581428225,0.0019720254109560098
3109907.0,Caetanópolis,31,Minas Gerais,37,8766,3766,5.2413457,0.1416579918918919,0.0861255,0.1459030980445419,1672.4712510376867,718.5177653899074,0.010423562886481766
3110004.0,Caeté,31,Minas Gerais,73,34809,14418,15.3837725,0.21073660958904109,0.1401186,0.21444392588979225,2262.7089681675934,937.2213480146044,0.020565407857112673
3110103.0,Caiana,31,Minas Gerais,7,2862,1273,1.7261676000000001,0.24659537142857144,0.2405388,0.13097219770417834,1658.0081795070187,737.4718422475314,0.0019720254109560098
3110202.0,Cajuri,31,Minas Gerais,6,2285,966,1.6074032,0.26790053333333336,0.2782105,0.11332695001711937,1421.5474997188012,600.9693149795894,0.0016903074951051512
3110301.0,Caldas,31,Minas Gerais,31,8991,4796,7.278578,0.23479283870967743,0.1679094,0.2017394837831383,1235.2687571665783,658.9199154010577,0.008733255391376614
3110400.0,Camacho,31,Minas Gerais,2,1595,724,1.3561509,0.67807545,0.67807545,0.07634723840352707,1176.1228046229958,533.8638937599053,0.0005634358317017171
3110509.0,Camanducaia,31,Minas Gerais,42,18759,8900,14.9292051,0.3554572642857143,0.1112889,0.5021041346846308,1256.530396249965,596.1469442200911,0.011832152465736058
3110608.0,Cambuí,31,Minas Gerais,59,25146,11446,12.3123736,0.20868429830508475,0.0740632,0.36220333982148833,2042.3356874096153,929.6339090945063,0.016621357035200655
3110707.0,Cambuquira,31,Minas Gerais,18,10198,4651,4.5738699,0.25410388333333334,0.16019965,0.25998109207346837,2229.621791385015,1016.8632037391357,0.005070922485315454
3110806.0,Campanário,31,Minas Gerais,3,2485,1218,1.8806527,0.6268842333333333,0.2531889,0.689844036347654,1321.3497633029215,647.6474896188967,0.0008451537475525756
3110905.0,Campanha,31,Minas Gerais,26,13929,5881,5.6559723,0.21753739615384615,0.14185235000000002,0.23444488701925234,2462.7065447261825,1039.7858560940972,0.007324665812122322
3111002.0,Campestre,31,Minas Gerais,31,12633,5862,6.0124338999999996,0.19394948064516127,0.1473405,0.1599727943563205,2101.145760621169,974.9795336627319,0.008733255391376614
3111101.0,Campina Verde,31,Minas Gerais,46,13915,7379,9.8498491,0.2141271543478261,0.10942335,0.2965468975838719,1412.7119977909103,749.1485326409721,0.012959024129139492
3111150.0,Campo Azul,31,Minas Gerais,8,2160,915,1.7561092999999999,0.21951366249999998,0.1399918,0.20834934494271828,1229.9917778466295,521.0381836711417,0.0022537433268068684
3111200.0,Campo Belo,31,Minas Gerais,116,50241,22210,23.210449399999998,0.20009008103448275,0.08781865,0.39985430010153633,2164.585404365329,956.8965950310295,0.03267927823869959
3111309.0,Campo do Meio,31,Minas Gerais,23,9565,4082,3.5646842000000003,0.1549862695652174,0.0925931,0.2205126744785751,2683.267146077063,1145.122476768068,0.006479512064569746
3111408.0,Campo Florido,31,Minas Gerais,13,7039,2898,2.6417454,0.20321118461538462,0.1944387,0.07430531502049328,2664.52626358316,1097.0020048109102,0.003662332906061161
3111507.0,Campos Altos,31,Minas Gerais,17,11786,4904,6.4551666,0.3797156823529412,0.2839707,0.2355515076553195,1825.8242939849142,759.7015389192279,0.004789204569464595
3111606.0,Campos Gerais,31,Minas Gerais,45,19267,8447,7.260613,0.16134695555555556,0.120732,0.13620368053968018,2653.63268914071,1163.4003905730824,0.012677306213288634
3111705.0,Canaã,31,Minas Gerais,5,2209,984,1.4090396,0.28180792,0.2494411,0.1688068672416706,1567.7345051196573,698.34800952365,0.0014085895792542928
3111804.0,Canápolis,31,Minas Gerais,31,9684,4108,2.2840112,0.0736777806451613,0.0624412,0.03932820896234169,4239.909156312368,1798.5901295054944,0.008733255391376614
3111903.0,Cana Verde,31,Minas Gerais,11,4511,2172,2.8815299,0.2619572636363636,0.2442759,0.19444019832867004,1565.4878333901725,753.7662545163943,0.0030988970743594437
3112000.0,Candeias,31,Minas Gerais,33,10896,5230,4.8483634,0.14692010303030303,0.1035995,0.13578165641445158,2247.356293465956,1078.714520450344,0.009296691223078331
3112059.0,Cantagalo,31,Minas Gerais,4,2586,1178,3.0625077,0.765626925,0.8248685499999999,0.34228737851280633,844.4060401872623,384.65209409922466,0.0011268716634034342
3112109.0,Caparaó,31,Minas Gerais,6,2480,1098,1.2695877,0.21159795,0.2284813,0.06704855357389151,1953.3900651368945,864.8476981936734,0.0016903074951051512
3112208.0,Capela Nova,31,Minas Gerais,7,2398,1313,4.3866454,0.6266636285714285,0.5595482,0.3621658564112614,546.6591851714296,299.3175605213041,0.0019720254109560098
3112307.0,Capelinha,31,Minas Gerais,59,32578,13642,17.7491062,0.30083230847457626,0.1715301,0.3795790539674712,1835.4727067890326,768.602083185462,0.016621357035200655
3112406.0,Capetinga,31,Minas Gerais,16,5724,2537,3.4730917999999997,0.21706823749999998,0.13221455,0.174516295136555,1648.0992526601228,730.473061495236,0.004507486653613737
3112505.0,Capim Branco,31,Minas Gerais,35,10183,4466,14.320033,0.4091438,0.3465832,0.3555828855153655,711.1017132432586,311.87078968323607,0.009860127054780048
3112604.0,Capinópolis,31,Minas Gerais,41,13929,6165,4.3120172,0.10517115121951219,0.0802128,0.07706194278137268,3230.2746844330773,1429.7252803166,0.0115504345498852
3112653.0,Capitão Andrade,31,Minas Gerais,7,3490,1763,1.3275799,0.1896542714285714,0.207479,0.04936695513784885,2628.8436575455835,1327.980334742941,0.0019720254109560098
3112703.0,Capitão Enéas,31,Minas Gerais,30,12174,4968,6.666021,0.2222007,0.16630265,0.24176403390946705,1826.2768749153356,745.2721796105953,0.008451537475525756
3112802.0,Capitólio,31,Minas Gerais,31,8055,4535,20.3234652,0.6555956516129032,0.29184,0.9038973391203164,396.33989188024884,223.1410812758446,0.008733255391376614
3112901.0,Caputira,31,Minas Gerais,12,5021,1996,1.6531499,0.13776249166666668,0.08675905,0.12272811772891594,3037.2321348475416,1207.3920217398313,0.0033806149902103023
3113008.0,Caraí,31,Minas Gerais,21,9891,4715,7.0469637,0.3355697,0.3126266,0.18614828200878195,1403.5832198199062,669.0824872561782,0.005916076232868029
3113107.0,Caranaíba,31,Minas Gerais,2,1268,564,0.8278954000000001,0.41394770000000003,0.41394770000000003,0.043454115866969394,1531.5944502167786,681.2454810112484,0.0005634358317017171
3113206.0,Carandaí,31,Minas Gerais,28,19051,7693,17.7930476,0.6354659857142858,0.48159050000000003,0.6661645863566154,1070.6990971012744,432.359884205559,0.007888101643824039
3113305.0,Carangola,31,Minas Gerais,57,26158,12935,10.6172383,0.18626733859649122,0.0984503,0.20493087721600162,2463.729197827273,1218.3017499004425,0.016057921203498936
3113404.0,Caratinga,31,Minas Gerais,131,73299,35271,34.3439785,0.2621677748091603,0.0832162,0.5783426813569694,2134.2605953471584,1026.9922571725347,0.03690504697646247
3113503.0,Carbonita,31,Minas Gerais,15,7498,3970,6.7993893,0.45329262,0.2332936,0.45944871662814124,1102.7460951529868,583.8759666254144,0.004225768737762878
3113602.0,Careaçu,31,Minas Gerais,11,5143,2164,3.4978601,0.3179872818181818,0.2672313,0.26361865696562836,1470.3275296802178,618.6639654341808,0.0030988970743594437
3113701.0,Carlos Chagas,31,Minas Gerais,24,12811,5675,3.7052909,0.15438712083333334,0.12680425,0.11256720691594199,3457.4883175839177,1531.593646264049,0.006761229980420605
3113800.0,Carmésia,31,Minas Gerais,2,1263,608,3.3855052,1.6927526,1.6927526,0.008242602326935284,373.0610131687289,179.58914964892094,0.0005634358317017171
3113909.0,Carmo da Cachoeira,31,Minas Gerais,17,8942,3759,2.8800587,0.16941521764705883,0.1609261,0.08175865284341648,3104.797829294243,1305.1817311917982,0.004789204569464595
3114006.0,Carmo da Mata,31,Minas Gerais,22,9333,4239,4.6269181,0.2103144590909091,0.15662179999999998,0.16742338284777325,2017.109401612274,916.1605864603482,0.006197794148718887
3114105.0,Carmo de Minas,31,Minas Gerais,24,10838,4173,5.6166413,0.23402672083333334,0.1159932,0.3180014673069005,1929.6229581191164,742.9707145442953,0.006761229980420605
3114204.0,Carmo do Cajuru,31,Minas Gerais,55,21326,8966,12.6746541,0.23044825636363636,0.17355,0.24174835820215018,1682.570572083699,707.3960306340825,0.01549448537179722
3114303.0,Carmo do Paranaíba,31,Minas Gerais,66,25752,11307,8.6417075,0.13093496212121214,0.08965985,0.12408071522200845,2979.966632751687,1308.4219756338662,0.018593382446156662
3114402.0,Carmo do Rio Claro,31,Minas Gerais,37,15917,7476,6.6595848,0.17998877837837837,0.1318309,0.1387543033018599,2390.0889436830957,1122.5925075689404,0.010423562886481766
3114501.0,Carmópolis de Minas,31,Minas Gerais,31,15296,6443,38.9032202,1.254942587096774,0.2009463,2.7040093156630545,393.18081951478143,165.61611010288553,0.008733255391376614
3114550.0,Carneirinho,31,Minas Gerais,21,7520,3758,9.0729669,0.4320460428571429,0.254095,0.4531366951353472,828.8358243652359,414.1974771229464,0.005916076232868029
3114600.0,Carrancas,31,Minas Gerais,8,2904,1494,1.9797843,0.2474730375,0.20309385000000002,0.16789759895816547,1466.8264618524352,754.6276632257362,0.0022537433268068684
3114709.0,Carvalhópolis,31,Minas Gerais,6,2481,1152,1.0540369,0.17567281666666668,0.1523476,0.09533478003548164,2353.807537478052,1092.9408638350326,0.0016903074951051512
3114808.0,Carvalhos,31,Minas Gerais,9,2840,1481,2.4230335,0.2692259444444444,0.1925111,0.19035983809837037,1172.0844965618512,611.2173026084864,0.002535461242657727
3114907.0,Casa Grande,31,Minas Gerais,3,1197,549,1.3981811,0.46606036666666667,0.4263614,0.19412436055972807,856.1122732956411,392.6529975265722,0.0008451537475525756
3115003.0,Cascalho Rico,31,Minas Gerais,3,1862,853,1.3711795,0.45705983333333333,0.4398822,0.06934403549263148,1357.9549577571718,622.0921476728612,0.0008451537475525756
3115102.0,Cássia,31,Minas Gerais,45,14882,6909,9.563859,0.21253020000000003,0.1320924,0.22158358531945582,1556.0664371986245,722.4071371190228,0.012677306213288634
3115201.0,Conceição da Barra de Minas,31,Minas Gerais,4,2578,1198,4.3582516,1.0895629,0.94582275,0.5019291404434627,591.5216092618425,274.880871953331,0.0011268716634034342
3115300.0,Cataguases,31,Minas Gerais,127,63702,29700,39.8947733,0.3141320732283464,0.1125109,1.0185583804067775,1596.7505196977772,744.4584225773756,0.03577817531305903
3115359.0,Catas Altas,31,Minas Gerais,6,4850,2087,6.3247874,1.0541312333333333,1.1118039,0.49161104290587565,766.8241939642113,329.9715655264555,0.0016903074951051512
3115409.0,Catas Altas da Noruega,31,Minas Gerais,5,1514,726,1.9050988,0.38101976,0.2352631,0.2870352427346039,794.709439741393,381.08259792090576,0.0014085895792542928
3115458.0,Catuji,31,Minas Gerais,8,3206,1498,2.9264848999999997,0.36581061249999997,0.2834683,0.2216445131004113,1095.5122303894343,511.8768936754125,0.0022537433268068684
3115474.0,Catuti,31,Minas Gerais,7,2846,1367,1.2555465,0.1793637857142857,0.1836892,0.05055003040917083,2266.7420123428324,1088.76891457226,0.0019720254109560098
3115508.0,Caxambu,31,Minas Gerais,40,20677,10683,15.3579132,0.38394783,0.18910535,0.5969883348171229,1346.3417673177107,695.6023165959813,0.011268716634034342
3115607.0,Cedro do Abaeté,31,Minas Gerais,2,957,512,0.7805328,0.3902664,0.3902664,0.13356398568476457,1226.0855661671105,655.9621837801051,0.0005634358317017171
3115706.0,Central de Minas,31,Minas Gerais,11,5251,2904,2.2235097,0.20213724545454548,0.1987769,0.09603072795535149,2361.5817821707724,1306.0433242094693,0.0030988970743594437
3115805.0,Centralina,31,Minas Gerais,21,9763,3858,3.124876,0.14880361904761905,0.1034829,0.1085315822694971,3124.2839715879927,1234.6089892846949,0.005916076232868029
3115904.0,Chácara,31,Minas Gerais,8,2284,1526,2.8055489000000002,0.35069361250000003,0.1306929,0.36362766550764314,814.1009411741138,543.9220824131777,0.0022537433268068684
3116001.0,Chalé,31,Minas Gerais,10,3711,1798,2.5755139000000002,0.25755139000000005,0.25095975000000004,0.1557754924261084,1440.8774885664563,698.1131027869816,0.0028171791585085855
3116100.0,Chapada do Norte,31,Minas Gerais,9,4505,2416,3.1047447999999997,0.3449716444444444,0.2677663,0.2280909033527593,1451.0049263952387,778.16379626435,0.002535461242657727
3116159.0,Chapada Gaúcha,31,Minas Gerais,21,8541,3329,5.5862326,0.2660110761904762,0.2101524,0.20638429498406102,1528.937409444784,595.9293567546758,0.005916076232868029
3116209.0,Chiador,31,Minas Gerais,4,2099,1022,0.9886029000000001,0.24715072500000002,0.20921305,0.11505739815829241,2123.1983033834917,1033.782118179099,0.0011268716634034342
3116308.0,Cipotânea,31,Minas Gerais,7,3392,1845,3.1584108,0.45120154285714287,0.3643087,0.2598935849323838,1073.9578271452212,584.1545374654874,0.0019720254109560098
3116407.0,Claraval,31,Minas Gerais,7,2502,1043,2.1763178,0.31090254285714286,0.2331406,0.17385886478856785,1149.6482728763235,479.2498595563571,0.0019720254109560098
3116506.0,Claro dos Poções,31,Minas Gerais,14,5252,2911,3.0237455,0.21598182142857142,0.1848975,0.10806974084221424,1736.9186659393126,962.7132971342992,0.0039440508219120195
3116605.0,Cláudio,31,Minas Gerais,70,26638,11073,20.4553129,0.2922187557142857,0.1521093,0.4820374499212146,1302.2533622548497,541.3263563423662,0.019720254109560097
3116704.0,Coimbra,31,Minas Gerais,13,5478,2712,4.9682452,0.3821727076923077,0.2780698,0.4157349703576055,1102.602584912677,545.8667780728697,0.003662332906061161
3116803.0,Coluna,31,Minas Gerais,8,4027,1932,2.1661741,0.2707717625,0.1552342,0.20177778912871977,1859.0380154577601,891.8950697453173,0.0022537433268068684
3116902.0,Comendador Gomes,31,Minas Gerais,6,1756,815,2.0730924,0.34551540000000003,0.2097086,0.2798637521145888,847.0437690090417,393.13250099223745,0.0016903074951051512
3117009.0,Comercinho,31,Minas Gerais,7,3139,1677,1.295142,0.18502028571428572,0.1588334,0.08765465128570243,2423.6724621701715,1294.8387126662558,0.0019720254109560098
3117108.0,Conceição da Aparecida,31,Minas Gerais,19,7058,3303,3.0738083,0.16177938421052632,0.1243364,0.1509902971234512,2296.174423108949,1074.562782591224,0.0053526404011663125
3117207.0,Conceição das Pedras,31,Minas Gerais,3,1607,715,0.6718519,0.22395063333333332,0.2188683,0.1214605746434757,2391.8961902169217,1064.2226359708145,0.0008451537475525756
3117306.0,Conceição das Alagoas,31,Minas Gerais,64,26991,10468,13.336156299999999,0.20837744218749998,0.08523825,0.48134859531527086,2023.896495574216,784.9338118510204,0.018029946614454947
3117405.0,Conceição de Ipanema,31,Minas Gerais,4,1540,735,0.7391302,0.18478255,0.17963315000000002,0.08552385692988437,2083.530073591906,994.4120805779551,0.0011268716634034342
3117504.0,Conceição do Mato Dentro,31,Minas Gerais,35,17962,8764,15.9304755,0.45515644285714285,0.2659331,0.4003938994286356,1127.5244106806479,550.14051526585,0.009860127054780048
3117603.0,Conceição do Pará,31,Minas Gerais,6,2153,1123,2.0649426,0.34415710000000005,0.32327115,0.16090591521661343,1042.6439940751864,543.8407827897976,0.0016903074951051512
3117702.0,Conceição do Rio Verde,31,Minas Gerais,28,11279,5159,4.1792044,0.14925729999999998,0.10792974999999999,0.14440259221955098,2698.839042187073,1234.4454844084678,0.007888101643824039
3117801.0,Conceição dos Ouros,31,Minas Gerais,15,9020,3738,4.8950975,0.32633983333333333,0.1934017,0.3300253965157285,1842.6599265898176,763.6211536133856,0.004225768737762878
3117836.0,Cônego Marinho,31,Minas Gerais,8,3622,1600,12.6888715,1.5861089375,1.3568512,1.610306559304757,285.44697611603993,126.09474372878628,0.0022537433268068684
3117876.0,Confins,31,Minas Gerais,28,7111,3218,21.94807,0.7838596428571429,0.2743168,1.3220404287893168,323.99204121364653,146.61881431943672,0.007888101643824039
3117900.0,Congonhal,31,Minas Gerais,19,8349,3810,5.6446815,0.2970885,0.1304689,0.4199243826734709,1479.09142437886,674.9716525192786,0.0053526404011663125
3118007.0,Congonhas,31,Minas Gerais,96,51131,21404,50.7616889,0.5287675927083334,0.1612768,1.5125830412041632,1007.2753903190167,421.65657730903433,0.02704491992168242
3118106.0,Congonhas do Norte,31,Minas Gerais,7,3611,1853,3.822459,0.5460655714285714,0.3789343,0.3804454842717141,944.6798513731607,484.76648147174376,0.0019720254109560098
3118205.0,Conquista,31,Minas Gerais,18,6010,2953,5.477883,0.3043268333333333,0.1445809,0.3713396453894197,1097.1391685437604,539.0768660082736,0.005070922485315454
3118304.0,Conselheiro Lafaiete,31,Minas Gerais,212,127182,55497,47.7068378,0.2250322537735849,0.09413730000000001,0.5059058315369735,2665.9071501066874,1163.292361414908,0.05972419816038201
3118403.0,Conselheiro Pena,31,Minas Gerais,33,17033,8420,7.8442579,0.23770478484848484,0.19142,0.16066779295616296,2171.3972458758653,1073.3966306742668,0.009296691223078331
3118502.0,Consolação,31,Minas Gerais,2,984,484,0.5179015,0.25895075,0.25895075,0.02223815471492634,1899.9751883321442,934.5406414154043,0.0005634358317017171
3118601.0,Contagem,31,Minas Gerais,1302,621016,267013,148.863237,0.11433428341013825,0.051690849999999997,0.3032860795720077,4171.721726029645,1793.6799264952165,0.3667967264378178
3118700.0,Coqueiral,31,Minas Gerais,19,6779,2949,2.5296494,0.13313944210526316,0.1147964,0.0982529403518474,2679.8180016566725,1165.7741977999008,0.0053526404011663125
3118809.0,Coração de Jesus,31,Minas Gerais,36,15465,7164,8.9796501,0.24943472500000002,0.19296725,0.1734357989267834,1722.2274618473161,797.8039144309197,0.010141844970630908
3118908.0,Cordisburgo,31,Minas Gerais,20,4615,2198,3.097287,0.15486435,0.10144475,0.15753238508466658,1490.0136797138914,709.6533191790105,0.005634358317017171
3119005.0,Cordislândia,31,Minas Gerais,7,2720,1298,3.7866598000000002,0.5409514000000001,0.1903152,0.6192188804129738,718.3111617262264,342.7823117355301,0.0019720254109560098
3119104.0,Corinto,31,Minas Gerais,52,21396,9141,11.5485651,0.22208779038461537,0.12875,0.30609843920341057,1852.6977000805061,791.526905797154,0.014649331624244644
3119203.0,Coroaci,31,Minas Gerais,11,6218,2281,1.9844795,0.18040722727272726,0.1594782,0.08210546418850684,3133.3153101354787,1149.419784885659,0.0030988970743594437
3119302.0,Coromandel,31,Minas Gerais,51,23983,11533,16.3215719,0.32003082156862744,0.1766936,0.8446131658136175,1469.4050393516327,706.6108626461402,0.014367613708393786
3119401.0,Coronel Fabriciano,31,Minas Gerais,230,102795,42689,34.783145,0.1512310652173913,0.0728267,0.2947568717822905,2955.3106828034097,1227.2898267249843,0.06479512064569747
3119500.0,Coronel Murta,31,Minas Gerais,13,6471,2665,3.1489167,0.24222436153846155,0.2320226,0.10471236699754827,2054.9924359701226,846.3228004729373,0.003662332906061161
3119609.0,Coronel Pacheco,31,Minas Gerais,5,1833,873,0.8196653,0.16393306000000002,0.1201555,0.09546790103706586,2236.278637146162,1065.068876284015,0.0014085895792542928
3119708.0,Coronel Xavier Chaves,31,Minas Gerais,3,1959,828,2.2264245000000003,0.7421415000000001,0.4242965,0.6251753142591284,879.8861133624786,371.89673397862805,0.0008451537475525756
3119807.0,Córrego Danta,31,Minas Gerais,5,1908,994,2.1635278,0.43270555999999993,0.4923391,0.16199522218089646,881.8929897734617,459.43481752349106,0.0014085895792542928
3119906.0,Córrego do Bom Jesus,31,Minas Gerais,10,2327,1125,1.7829445000000002,0.17829445000000002,0.17439325,0.09965334479548202,1305.1443833501266,630.9786984395756,0.0028171791585085855
3119955.0,Córrego Fundo,31,Minas Gerais,12,5436,2274,8.887471099999999,0.7406225916666666,0.6723029,0.32620834972801566,611.6475585501482,255.8658109166735,0.0033806149902103023
3120003.0,Córrego Novo,31,Minas Gerais,3,1936,865,0.7468108,0.24893693333333333,0.2613052,0.05098239593725791,2592.356725424967,1158.258557589151,0.0008451537475525756
3120102.0,Couto de Magalhães de Minas,31,Minas Gerais,6,3894,1822,2.9950213000000003,0.4991702166666667,0.43112705,0.1994423567556242,1300.1576983776374,608.3429189635478,0.0016903074951051512
3120151.0,Crisólita,31,Minas Gerais,6,3235,1579,1.2275595,0.20459324999999998,0.20770685,0.05267290735027829,2635.3101417894613,1286.2920290218112,0.0016903074951051512
3120201.0,Cristais,31,Minas Gerais,22,10168,4184,4.5181821,0.20537191363636362,0.1022796,0.19616947478209532,2250.462636289051,926.0361595430163,0.006197794148718887
3120300.0,Cristália,31,Minas Gerais,8,3065,1639,1.9995276999999998,0.24994096249999997,0.2562002,0.09154920652613838,1532.8619853578425,819.6935706367059,0.0022537433268068684
3120409.0,Cristiano Otoni,31,Minas Gerais,8,3813,1640,6.2968539,0.7871067375,0.6336630000000001,0.6565832546413874,605.5404906250087,260.4475228494661,0.0022537433268068684
3120508.0,Cristina,31,Minas Gerais,17,7050,2896,2.8586846,0.16815791764705884,0.1087784,0.14139378850574216,2466.169230421572,1013.0533462838117,0.004789204569464595
3120607.0,Crucilândia,31,Minas Gerais,16,3672,1777,3.2253704,0.20158565,0.199662,0.12244865168777753,1138.4738943471423,550.944474470281,0.004507486653613737
3120706.0,Cruzeiro da Fortaleza,31,Minas Gerais,6,2918,1221,1.5279614000000001,0.2546602333333334,0.23549405,0.08433777759601367,1909.7341071574187,799.1039564219357,0.0016903074951051512
3120805.0,Cruzília,31,Minas Gerais,26,14247,6495,6.5874449,0.2533632653846154,0.1397791,0.3160279776447914,2162.7505377692037,985.9665012150614,0.007324665812122322
3120839.0,Cuparaque,31,Minas Gerais,7,3446,1859,1.7881314,0.2554473428571428,0.2344995,0.11356946048966182,1927.1514386470703,1039.6327697170354,0.0019720254109560098
3120870.0,Curral de Dentro,31,Minas Gerais,10,6547,2726,3.4686589,0.34686589,0.31005995,0.16555998230234295,1887.472994245701,785.8945138710526,0.0028171791585085855
3120904.0,Curvelo,31,Minas Gerais,189,74328,31304,44.896855,0.23754949735449737,0.098271,0.3871077631928085,1655.5279874280725,697.2426019595359,0.05324468609581226
3121001.0,Datas,31,Minas Gerais,8,4237,1733,2.9042441,0.3630305125,0.23678905,0.2618088609747656,1458.8994086275322,596.7129278148486,0.0022537433268068684
3121100.0,Delfim Moreira,31,Minas Gerais,5,3068,1382,2.3186305000000003,0.46372610000000003,0.4285926,0.27140998209832856,1323.1948773209012,596.0414994972247,0.0014085895792542928
3121209.0,Delfinópolis,31,Minas Gerais,17,6088,2871,6.6445983,0.39085872352941176,0.2672716,0.5631318992381009,916.2329647527375,432.0802959601034,0.004789204569464595
3121258.0,Delta,31,Minas Gerais,22,10108,4026,6.915300800000001,0.3143318545454546,0.15096225000000002,0.6365011054877271,1461.686236410714,582.1872564097283,0.006197794148718887
3121308.0,Descoberto,31,Minas Gerais,11,4155,1912,2.6082864999999997,0.23711695454545453,0.135904,0.2139927707897272,1592.999848751278,733.0483058513703,0.0030988970743594437
3121407.0,Desterro de Entre Rios,31,Minas Gerais,13,4390,2247,3.8253527,0.29425789999999996,0.2207637,0.1787330549918276,1147.606598471299,587.3968170307538,0.003662332906061161
3121506.0,Desterro do Melo,31,Minas Gerais,3,1508,777,1.6135996000000001,0.5378665333333333,0.3775416,0.3840309872439246,934.556503360561,481.5320975538169,0.0008451537475525756
3121605.0,Diamantina,31,Minas Gerais,77,43295,20836,29.404033,0.3818705584415584,0.172193,0.5194916186680937,1472.41706605349,708.610278052674,0.021692279520516108
3121704.0,Diogo de Vasconcelos,31,Minas Gerais,3,1258,660,1.0049818,0.3349939333333333,0.2789112,0.11177290441253342,1251.7639622926506,656.7283109007546,0.0008451537475525756
3121803.0,Dionísio,31,Minas Gerais,14,5864,2708,2.4173305000000003,0.1726664642857143,0.1638114,0.06571601129381352,2425.81641194698,1120.2440046985712,0.0039440508219120195
3121902.0,Divinésia,31,Minas Gerais,6,3066,1459,2.225596,0.37093266666666663,0.35620209999999997,0.16875384425716253,1377.6085147529022,655.5547367985924,0.0016903074951051512
3122009.0,Divino,31,Minas Gerais,21,13006,5995,6.2794445,0.29902116666666667,0.2152029,0.22356380885823032,2071.202317338739,954.7022829806044,0.005916076232868029
3122108.0,Divino das Laranjeiras,31,Minas Gerais,6,3580,1836,2.0355777,0.33926295,0.3131905,0.09485406742974704,1758.714491714072,901.9552532924682,0.0016903074951051512
3122207.0,Divinolândia de Minas,31,Minas Gerais,13,5598,2544,5.0782869,0.39063745384615384,0.3143748,0.32372954025187345,1102.3402399734446,500.9563362794646,0.003662332906061161
3122306.0,Divinópolis,31,Minas Gerais,508,225480,101388,142.5757114,0.28066084921259843,0.11821675,0.7843146794511584,1581.4755387571577,711.1169146864942,0.14311270125223613
3122355.0,Divisa Alegre,31,Minas Gerais,10,6194,2501,5.423177900000001,0.54231779,0.2821357,0.6135289745367142,1142.134761981531,461.1687180684225,0.0028171791585085855
3122405.0,Divisa Nova,31,Minas Gerais,10,4905,2093,1.9065933,0.19065933,0.1858768,0.06326269658729121,2572.6514406612046,1097.7695138234253,0.0028171791585085855
3122454.0,Divisópolis,31,Minas Gerais,20,8270,2978,3.1503255,0.157516275,0.0808131,0.14538685839926985,2625.1255624220416,945.2991444852286,0.005634358317017171
3122470.0,Dom Bosco,31,Minas Gerais,8,2504,1233,1.8447086,0.230588575,0.2497318,0.12363990668381364,1357.3959594485548,668.3982500000271,0.0022537433268068684
3122504.0,Dom Cavati,31,Minas Gerais,8,4370,2291,1.76501,0.22062625,0.1764783,0.14564386574602348,2475.906652086957,1298.0096430048554,0.0022537433268068684
3122603.0,Dom Joaquim,31,Minas Gerais,9,3682,1777,3.1171222,0.3463469111111111,0.2674874,0.3014846144505779,1181.2177270432323,570.0771050939229,0.002535461242657727
3122702.0,Dom Silvério,31,Minas Gerais,6,4295,1883,2.1826194,0.36376990000000003,0.3433408,0.18453172885245508,1967.8190343217877,862.7248525326953,0.0016903074951051512
3122801.0,Dom Viçoso,31,Minas Gerais,3,1261,607,0.5680792,0.18935973333333334,0.1497327,0.07275322826873962,2219.760906577815,1068.5129819926517,0.0008451537475525756
3122900.0,Dona Euzébia,31,Minas Gerais,9,5263,2224,1.8450281,0.20500312222222222,0.1875082,0.0829300416067178,2852.531080691942,1205.4016955080522,0.002535461242657727
3123007.0,Dores de Campos,31,Minas Gerais,17,9320,3943,6.6660469,0.392120405882353,0.3172857,0.3108398653548951,1398.1299771533259,591.5049892613266,0.004789204569464595
3123106.0,Dores de Guanhães,31,Minas Gerais,3,1974,956,1.7571609,0.5857203,0.5469991,0.09003037610673416,1123.403098714523,544.059454088695,0.0008451537475525756
3123205.0,Dores do Indaiá,31,Minas Gerais,36,11921,6134,6.3418046,0.17616123888888888,0.11943445,0.19714485057731287,1879.7488651731717,967.2325760399493,0.010141844970630908
3123304.0,Dores do Turvo,31,Minas Gerais,8,2817,1381,3.6246428,0.45308035,0.49065824999999996,0.279168839384254,777.1800299880583,381.00306049467827,0.0022537433268068684
3123403.0,Doresópolis,31,Minas Gerais,3,1175,569,1.1964461000000002,0.3988153666666667,0.5004298,0.1952739445116612,982.0751641047598,475.5751220217943,0.0008451537475525756
3123502.0,Douradoquara,31,Minas Gerais,4,1426,692,1.4192797000000001,0.35481992500000004,0.34893655,0.1916653368613528,1004.735007483021,487.5712659034015,0.0011268716634034342
3123528.0,Durandé,31,Minas Gerais,7,3760,1649,2.6312457,0.37589224285714284,0.3341498,0.12576394952339423,1428.9809575745815,626.6993614469375,0.0019720254109560098
3123601.0,Elói Mendes,31,Minas Gerais,42,22424,9084,8.9434081,0.21293828809523807,0.10425545,0.27283219500894074,2507.3215657015585,1015.720170479529,0.011832152465736058
3123700.0,Engenheiro Caldas,31,Minas Gerais,19,10251,4003,3.2642633,0.17180333157894737,0.1325452,0.19990279173928527,3140.371672836563,1226.3103898512109,0.0053526404011663125
3123809.0,Engenheiro Navarro,31,Minas Gerais,12,4947,2184,1.7450557,0.14542130833333333,0.11278355000000001,0.09535539494968244,2834.8665317674386,1251.5359824904156,0.0033806149902103023
3123858.0,Entre Folhas,31,Minas Gerais,6,4041,1896,1.2626092,0.21043486666666666,0.2031598,0.0726300609726487,3200.515250482889,1501.652292728423,0.0016903074951051512
3123908.0,Entre Rios de Minas,31,Minas Gerais,26,11947,5530,12.6904149,0.4880928807692308,0.24366349999999998,0.6475482519689076,941.4191808653947,435.7619544810942,0.007324665812122322
3124005.0,Ervália,31,Minas Gerais,26,11555,5665,4.2718833,0.16430320384615385,0.12700675,0.11984655749706782,2704.895988146493,1326.1130050064805,0.007324665812122322
3124104.0,Esmeraldas,31,Minas Gerais,209,81267,44007,163.6007496,0.7827787062200957,0.2658539,1.1060215957088193,496.7397777742211,268.9902100546366,0.058879044412829436
3124203.0,Espera Feliz,31,Minas Gerais,30,15769,7677,6.072904,0.20243013333333335,0.10889975,0.22317425357996698,2596.6160505748153,1264.13985796581,0.008451537475525756
3124302.0,Espinosa,31,Minas Gerais,30,18547,7841,17.4924138,0.58308046,0.2375091,0.808225847652072,1060.2882033353224,448.2514585837204,0.008451537475525756
3124401.0,Espírito Santo do Dourado,31,Minas Gerais,7,3229,1274,1.9921338,0.28459054285714286,0.2150606,0.1904146776918458,1620.87506371309,639.515277538085,0.0019720254109560098
3124500.0,Estiva,31,Minas Gerais,15,6145,2774,3.5557909,0.23705272666666666,0.1324224,0.2527973697892571,1728.1668615553294,780.1358623196882,0.004225768737762878
3124609.0,Estrela Dalva,31,Minas Gerais,6,1948,1106,1.9580324,0.32633873333333335,0.3025952,0.2431476655501645,994.8762849889512,564.852757288388,0.0016903074951051512
3124708.0,Estrela do Indaiá,31,Minas Gerais,6,2419,1394,1.4361372,0.2393562,0.23008810000000002,0.07887901442639861,1684.3794590099053,970.6593492599454,0.0016903074951051512
3124807.0,Estrela do Sul,31,Minas Gerais,16,5678,2771,4.5316606,0.2832287875,0.18563425,0.24525716999157404,1252.9623246718872,611.4756255135259,0.004507486653613737
3124906.0,Eugenópolis,31,Minas Gerais,20,8205,3987,3.0486907,0.15243453499999998,0.1317814,0.16896864633644243,2691.3192604287474,1307.7745144825615,0.005634358317017171
3125002.0,Ewbank da Câmara,31,Minas Gerais,7,3688,1634,1.5436128999999998,0.22051612857142855,0.1441004,0.2248669144597141,2389.200038429324,1058.5555484798035,0.0019720254109560098
3125101.0,Extrema,31,Minas Gerais,75,46548,18814,68.7352733,0.9164703106666667,0.152497,1.715568982474836,677.2068803282114,273.71681375128827,0.02112884368881439
3125200.0,Fama,31,Minas Gerais,7,1828,1121,3.7924023,0.5417717571428572,0.2522183,0.6940401368530326,482.01637257735024,295.5910030958477,0.0019720254109560098
3125309.0,Faria Lemos,31,Minas Gerais,6,2384,1085,0.7527109,0.12545181666666666,0.1205041,0.043314189977254176,3167.218649284872,1441.4564741921502,0.0016903074951051512
3125408.0,Felício dos Santos,31,Minas Gerais,4,2726,1375,3.0793244,0.7698311,0.7887959,0.22607698427264408,885.2591172271424,446.5265173100957,0.0011268716634034342
3125507.0,São Gonçalo do Rio Preto,31,Minas Gerais,2,2026,1134,2.5733319,1.28666595,1.28666595,0.3267576498308877,787.3061380073049,440.67382058256845,0.0005634358317017171
3125606.0,Felisburgo,31,Minas Gerais,11,5168,2336,1.9268073,0.1751643,0.1185029,0.1297625767064218,2682.157162265267,1212.3682529124735,0.0030988970743594437
3125705.0,Felixlândia,31,Minas Gerais,42,11452,7892,28.2199591,0.6719037880952381,0.33216769999999995,0.8278533938915051,405.8120693732685,279.66022105255286,0.011832152465736058
3125804.0,Fernandes Tourinho,31,Minas Gerais,5,2005,960,0.7673919,0.15347838,0.1465104,0.0445009728825899,2612.7458473304187,1250.9905303926193,0.0014085895792542928
3125903.0,Ferros,31,Minas Gerais,12,4747,2320,5.6833511,0.4736125916666667,0.42142615,0.268252066141349,835.2466557978443,408.20986759026727,0.0033806149902103023
3125952.0,Fervedouro,31,Minas Gerais,11,5217,2427,3.5932505999999997,0.32665914545454544,0.1917859,0.3439739237761966,1451.8887160277661,675.4329909525376,0.0030988970743594437
3126000.0,Florestal,31,Minas Gerais,16,6967,3756,9.6354961,0.60221850625,0.48539355,0.5766655132851586,723.055660828922,389.8086783512891,0.004507486653613737
3126109.0,Formiga,31,Minas Gerais,145,63459,29885,44.7792058,0.30882210896551726,0.1141198,0.939216565297338,1417.1533162832468,667.385664084288,0.040849097798374485
3126208.0,Formoso,31,Minas Gerais,11,5346,2385,2.3278482,0.21162256363636364,0.2034513,0.048667662330037435,2296.541501288615,1024.5513431674797,0.0030988970743594437
3126307.0,Fortaleza de Minas,31,Minas Gerais,7,2525,1244,1.9084215,0.27263164285714286,0.2463003,0.17014998841581758,1323.0829772144152,651.8476133286069,0.0019720254109560098
3126406.0,Fortuna de Minas,31,Minas Gerais,9,2202,1136,2.1117515,0.23463905555555556,0.1642011,0.20889521229869124,1042.736325746661,537.9420826740268,0.002535461242657727
3126505.0,Francisco Badaró,31,Minas Gerais,7,3382,1717,4.6039264,0.6577037714285714,0.6178651,0.46177729736600565,734.5903705150456,372.94253878602404,0.0019720254109560098
3126604.0,Francisco Dumont,31,Minas Gerais,8,3503,1717,2.0324375999999997,0.25405469999999997,0.22721745,0.11776951974359555,1723.5461497071303,844.7983839700664,0.0022537433268068684
3126703.0,Francisco Sá,31,Minas Gerais,29,15572,6460,12.630461,0.4355331379310345,0.1728412,0.762256045883067,1232.8924494521616,511.4619331788444,0.008169819559674897
3126752.0,Franciscópolis,31,Minas Gerais,4,2497,1053,1.3292289,0.332307225,0.30260495,0.18889613926787696,1878.5327342792502,792.1886140152385,0.0011268716634034342
3126802.0,Frei Gaspar,31,Minas Gerais,5,3174,1408,2.3601693,0.47203385999999997,0.2882997,0.267526012242535,1344.8187805849352,596.56737336597,0.0014085895792542928
3126901.0,Frei Inocêncio,31,Minas Gerais,17,6478,2977,1.8599081,0.1094063588235294,0.0986847,0.05791517345791233,3482.967787494447,1600.6167186432492,0.004789204569464595
3126950.0,Frei Lagonegro,31,Minas Gerais,2,928,453,1.4594348000000001,0.7297174000000001,0.7297174000000001,0.5321621995599651,635.8625955746703,310.39413340013544,0.0005634358317017171
3127008.0,Fronteira,31,Minas Gerais,43,13677,7267,14.3615393,0.3339892860465116,0.2250815,0.4939406361802473,952.3352416686977,506.00425540735733,0.012113870381586917
3127057.0,Fronteira dos Vales,31,Minas Gerais,5,2686,1173,0.6842178,0.13684356,0.1218352,0.030196394227175537,3925.650575006964,1714.3663903511426,0.0014085895792542928
3127073.0,Fruta de Leite,31,Minas Gerais,5,2447,1247,2.2646739,0.45293478,0.4290561,0.3002747153961468,1080.5087655224886,550.6311526794211,0.0014085895792542928
3127107.0,Frutal,31,Minas Gerais,128,55335,25464,19.490000600000002,0.15226562968750001,0.1153717,0.13980177051260456,2839.148193766602,1306.5161219133056,0.036059893228909894
3127206.0,Funilândia,31,Minas Gerais,21,3357,2057,10.920085799999999,0.5200040857142857,0.2967225,0.7038435205312211,307.41516701269876,188.36848333188007,0.005916076232868029
3127305.0,Galiléia,31,Minas Gerais,11,5103,2509,2.9355510000000002,0.26686827272727276,0.2598546,0.12358508278510874,1738.3448626850632,854.6947404422542,0.0030988970743594437
3127339.0,Gameleiras,31,Minas Gerais,4,1649,794,2.4679768,0.6169942,0.6152539,0.15911672627556583,668.1586309887515,321.7210145573491,0.0011268716634034342
3127354.0,Glaucilândia,31,Minas Gerais,4,1340,676,0.9452448,0.2363112,0.20470705,0.08941889164701158,1417.6221863373382,715.1586551970453,0.0011268716634034342
3127370.0,Goiabeira,31,Minas Gerais,6,2398,1323,1.2377948,0.20629913333333336,0.21421495000000002,0.1177464014478008,1937.316265991746,1068.8362885350625,0.0016903074951051512
3127388.0,Goianá,31,Minas Gerais,10,3152,1790,4.9357363,0.49357363000000004,0.44468405,0.346473598510055,638.6078607967771,362.6611899829413,0.0028171791585085855
3127404.0,Gonçalves,31,Minas Gerais,4,1478,676,0.9159245,0.228981125,0.14524695,0.23173797211502156,1613.6701223736236,738.0520992723744,0.0011268716634034342
3127503.0,Gonzaga,31,Minas Gerais,7,3111,1417,2.0692059,0.2956008428571429,0.2143351,0.1787538830726003,1503.4753187200945,684.8037694073847,0.0019720254109560098
3127602.0,Gouveia,31,Minas Gerais,14,9422,4031,12.4371858,0.8883704142857143,0.35568365,0.9004565591870766,757.5668765839295,324.1086902472744,0.0039440508219120195
3127701.0,Governador Valadares,31,Minas Gerais,510,248924,119851,83.849982,0.1644117294117647,0.07755429999999999,0.39132647657082775,2968.6828078269596,1429.3503366524278,0.14367613708393787
3127800.0,Grão Mogol,31,Minas Gerais,15,7336,3358,4.6745582,0.31163721333333333,0.2466181,0.21270815789213524,1569.3461683715907,718.3566566782717,0.004225768737762878
3127909.0,Grupiara,31,Minas Gerais,2,1205,574,0.9923649000000001,0.49618245000000005,0.49618245000000005,0.10460506385737263,1214.2710811315474,578.4162660327869,0.0005634358317017171
3128006.0,Guanhães,31,Minas Gerais,50,27169,12666,24.3861632,0.487723264,0.3123213,0.48387957842290513,1114.1154013108548,519.3928990026607,0.014085895792542926
3128105.0,Guapé,31,Minas Gerais,30,9429,4418,6.1974419,0.20658139666666667,0.1545284,0.16712249825354825,1521.4341904520315,712.8747749938567,0.008451537475525756
3128204.0,Guaraciaba,31,Minas Gerais,8,3856,1824,1.7049995,0.2131249375,0.177183,0.13276163144352188,2261.584240933795,1069.7950351305087,0.0022537433268068684
3128253.0,Guaraciama,31,Minas Gerais,8,3305,1503,1.0416393,0.1302049125,0.111096,0.057502618723881675,3172.8833579915813,1442.917908339288,0.0022537433268068684
3128303.0,Guaranésia,31,Minas Gerais,28,17438,7428,8.7485429,0.3124479607142857,0.20954785,0.33259396098118327,1993.2462124635633,849.0556753170862,0.007888101643824039
3128402.0,Guarani,31,Minas Gerais,11,5783,2714,2.6435182,0.24031983636363635,0.1492147,0.19561183816491923,2187.614974619808,1026.6621202002696,0.0030988970743594437
3128501.0,Guarará,31,Minas Gerais,7,2928,1307,2.1511842,0.30731202857142853,0.16482,0.36289227782832795,1361.1107779612737,607.5723315558008,0.0019720254109560098
3128600.0,Guarda-Mor,31,Minas Gerais,8,3888,1764,1.356376,0.169547,0.15066275,0.09773785467752868,2866.461807050552,1300.5243383840468,0.0022537433268068684
3128709.0,Guaxupé,31,Minas Gerais,90,48403,21364,25.773276499999998,0.2863697388888889,0.1344238,0.5141205894251119,1878.0305251449113,828.9206069705573,0.02535461242657727
3128808.0,Guidoval,31,Minas Gerais,10,5366,2516,3.413595,0.3413595,0.2011671,0.37587604580822775,1571.9498065822104,737.0528724116364,0.0028171791585085855
3128907.0,Guimarânia,31,Minas Gerais,12,6991,2721,2.8730227999999998,0.23941856666666664,0.16649704999999998,0.19830527038164408,2433.325624843632,947.0861143183411,0.0033806149902103023
3129004.0,Guiricema,31,Minas Gerais,13,4626,2159,4.3834861,0.3371912384615384,0.231158,0.21469322525570658,1055.3244368677251,492.5303629912275,0.003662332906061161
3129103.0,Gurinhatã,31,Minas Gerais,9,2565,1366,1.2411384,0.13790426666666666,0.1242639,0.06477048171047904,2066.651068083946,1100.6024791433413,0.002535461242657727
3129202.0,Heliodora,31,Minas Gerais,11,4580,2138,1.4113421,0.12830382727272727,0.0901674,0.06902654772394591,3245.138085231072,1514.870136730138,0.0030988970743594437
3129301.0,Iapu,31,Minas Gerais,16,7411,3233,2.1463651,0.13414781875,0.08629615,0.10113028273372401,3452.8142486103598,1506.2675031382125,0.004507486653613737
3129400.0,Ibertioga,31,Minas Gerais,5,3812,1706,3.7983411,0.75966822,0.5264958,0.5934874247200079,1003.5960172192013,449.1434431731263,0.0014085895792542928
3129509.0,Ibiá,31,Minas Gerais,56,18566,8253,17.4381115,0.31139484821428576,0.13821885,0.4410263289642752,1064.6795095902442,473.2737257701328,0.015776203287648078
3129608.0,Ibiaí,31,Minas Gerais,11,5179,2538,2.2204478,0.20185889090909093,0.1814159,0.11392636350490129,2332.4124079836506,1143.0126841982053,0.0030988970743594437
3129657.0,Ibiracatu,31,Minas Gerais,8,2948,1384,1.7257684,0.21572105,0.23361854999999998,0.09223176482520233,1708.2245798451288,801.961607362842,0.0022537433268068684
3129707.0,Ibiraci,31,Minas Gerais,21,8031,3203,7.2409625,0.3448077380952381,0.1302822,0.41041122095949867,1109.1066967961788,442.3445087583315,0.005916076232868029
3129806.0,Ibirité,31,Minas Gerais,338,170099,66943,49.5858735,0.14670376775147928,0.05911675,0.3330519746347795,3430.3923273631553,1350.0417613899654,0.09522065555759018
3129905.0,Ibitiúra de Minas,31,Minas Gerais,5,2324,1088,1.3679237,0.27358474,0.2469322,0.1180464545918809,1698.9251666595148,795.3659988492049,0.0014085895792542928
3130002.0,Ibituruna,31,Minas Gerais,8,2431,1039,1.0663408,0.1332926,0.12099850000000001,0.09823268620637432,2279.7589663642243,974.3601670310279,0.0022537433268068684
3130051.0,Icaraí de Minas,31,Minas Gerais,6,3318,1359,4.1348183,0.6891363833333334,0.6674154,0.3225723338601153,802.4536410705157,328.6722417766217,0.0016903074951051512
3130101.0,Igarapé,31,Minas Gerais,89,44541,21051,44.571372499999995,0.5008019382022472,0.2237916,0.7297030537386927,999.3185648478742,472.2986710808603,0.02507289451072641
3130200.0,Igaratinga,31,Minas Gerais,21,9518,3784,11.787419100000001,0.5613056714285715,0.3048811,0.6292048867243,807.4710773624736,321.0202307984451,0.005916076232868029
3130309.0,Iguatama,31,Minas Gerais,14,5905,3039,6.3616445,0.45440317857142853,0.424365,0.36858181165913007,928.2191106403384,477.7066684565603,0.0039440508219120195
3130408.0,Ijaci,31,Minas Gerais,11,6172,2482,6.9750075,0.634091590909091,0.4149738,0.6701225383475644,884.8736004943363,355.841911281099,0.0030988970743594437
3130507.0,Ilicínea,31,Minas Gerais,24,9873,4197,3.4370022000000002,0.143208425,0.11291804999999999,0.07924795190916678,2872.5614432251455,1221.1222908149432,0.006761229980420605
3130556.0,Imbé de Minas,31,Minas Gerais,3,2671,1292,1.1060107000000001,0.3686702333333334,0.3746214,0.03290092804288861,2414.9856778058293,1168.1622971640327,0.0008451537475525756
3130606.0,Inconfidentes,31,Minas Gerais,11,4086,2035,3.1674635,0.2879512272727273,0.1586686,0.28696426032180067,1289.9911869544826,642.4699132286764,0.0030988970743594437
3130655.0,Indaiabira,31,Minas Gerais,5,2762,1243,2.1622845,0.43245690000000003,0.446025,0.28488805608744816,1277.352725786084,574.8549739870031,0.0014085895792542928
3130705.0,Indianópolis,31,Minas Gerais,6,4221,1746,1.6199172000000002,0.2699862,0.24869259999999999,0.1249672543521382,2605.6887352020212,1077.8328670132028,0.0016903074951051512
3130804.0,Ingaí,31,Minas Gerais,2,1700,718,0.882645,0.4413225,0.4413225,0.24890936515225776,1926.0291510176799,813.4640767239378,0.0005634358317017171
3130903.0,Inhapim,31,Minas Gerais,31,13628,6740,6.3196996,0.20386127741935484,0.1858083,0.1606222577045197,2156.4316126671592,1066.5063890062117,0.008733255391376614
3131000.0,Inhaúma,31,Minas Gerais,13,4242,1772,2.1091587,0.16224297692307693,0.1058775,0.15482295825606826,2011.228458057708,840.1454096365532,0.003662332906061161
3131109.0,Inimutaba,31,Minas Gerais,15,5654,2505,6.1992313,0.41328208666666666,0.2348679,0.33045372705272297,912.0485631823417,404.0823577594209,0.004225768737762878
3131158.0,Ipaba,31,Minas Gerais,22,15690,6465,14.542727,0.6610330454545454,0.1372665,2.198256697888883,1078.8898120689469,444.55211185632515,0.006197794148718887
3131208.0,Ipanema,31,Minas Gerais,31,16466,7849,4.7955084,0.15469381935483872,0.115674,0.10991033330804834,3433.629685645009,1636.7399127066485,0.008733255391376614
3131307.0,Ipatinga,31,Minas Gerais,460,227128,97110,83.9241768,0.18244386260869563,0.0564325,0.6571431177336006,2706.347665956492,1157.1159075104565,0.12959024129139493
3131406.0,Ipiaçu,31,Minas Gerais,9,3470,1633,0.9435018,0.10483353333333333,0.1043318,0.03669415848438958,3677.7884260528176,1730.7863111654901,0.002535461242657727
3131505.0,Ipuiúna,31,Minas Gerais,15,6838,2905,2.9440394,0.19626929333333332,0.0947719,0.18905918441738773,2322.6591328906807,986.7395117062632,0.004225768737762878
3131604.0,Iraí de Minas,31,Minas Gerais,11,6261,2446,3.7457508,0.3405228,0.2182431,0.4454999797350658,1671.4940032850022,653.0066015069663,0.0030988970743594437
3131703.0,Itabira,31,Minas Gerais,177,105995,43613,53.6264209,0.3029741293785311,0.1041258,0.6843861726927695,1976.5443641606148,813.2744879865738,0.04986407110560196
3131802.0,Itabirinha,31,Minas Gerais,16,8372,3752,2.5637112,0.16023195,0.1537042,0.06284212263284344,3265.5784317671973,1463.5033774475064,0.004507486653613737
3131901.0,Itabirito,31,Minas Gerais,114,51747,22915,58.9102182,0.5167563000000001,0.2336778,0.7030043036279665,878.4044870504316,388.9817539328007,0.03211584240699787
3132008.0,Itacambira,31,Minas Gerais,4,1565,615,0.8280751,0.207018775,0.22494874999999998,0.14334882929024048,1889.9252012287293,742.6862611857307,0.0011268716634034342
3132107.0,Itacarambi,31,Minas Gerais,28,13388,5109,6.5197539,0.23284835357142858,0.1114719,0.31748850396751727,2053.451741483678,783.618535049306,0.007888101643824039
3132206.0,Itaguara,31,Minas Gerais,23,11084,4838,10.3354583,0.44936775217391306,0.3463568,0.4455801572160348,1072.4246258146095,468.097287954807,0.006479512064569746
3132305.0,Itaipé,31,Minas Gerais,11,4950,2289,2.6442384,0.24038530909090908,0.190766,0.1551426157397925,1871.9945977639536,865.6556836932707,0.0030988970743594437
3132404.0,Itajubá,31,Minas Gerais,154,83423,36142,45.1178604,0.29297311948051946,0.0861331,0.7136081144740659,1849.0016871456078,801.0574898627063,0.043384559041032215
3132503.0,Itamarandiba,31,Minas Gerais,54,25779,10921,13.2593657,0.24554380925925925,0.17122135,0.19461105328025805,1944.2106495335595,823.6442260582646,0.01521276745594636
3132602.0,Itamarati de Minas,31,Minas Gerais,6,3102,1401,0.9805841000000001,0.16343068333333335,0.1352163,0.10519883951615468,3163.420659176505,1428.7402783708199,0.0016903074951051512
3132701.0,Itambacuri,31,Minas Gerais,24,15142,6517,7.0452641,0.2935526708333333,0.19488195000000003,0.265070594505399,2149.2451929516737,925.0185525337511,0.006761229980420605
3132800.0,Itambé do Mato Dentro,31,Minas Gerais,2,1209,748,1.9243549,0.96217745,0.96217745,0.4362107084907533,628.2624894191815,388.70168906993194,0.0005634358317017171
3132909.0,Itamogi,31,Minas Gerais,16,8544,3764,4.8089323,0.30055826875,0.2230943,0.23064777594152147,1776.6937579886494,782.7101246569846,0.004507486653613737
3133006.0,Itamonte,31,Minas Gerais,24,11205,4773,7.5597225,0.3149884375,0.27760135,0.2024590478537,1482.1972631931926,631.3723817243291,0.006761229980420605
3133105.0,Itanhandu,31,Minas Gerais,27,12792,5423,6.5017151,0.24080426296296298,0.1412645,0.23656144920866534,1967.4808574740532,834.0876086680574,0.00760638372797318
3133204.0,Itanhomi,31,Minas Gerais,18,8666,4037,2.3411981,0.13006656111111112,0.1265872,0.03724064360627479,3701.5235917028976,1724.3308031046154,0.005070922485315454
3133303.0,Itaobim,31,Minas Gerais,33,14998,6249,8.723166299999999,0.2643383727272727,0.1434752,0.37351750119550226,1719.3298263727934,716.3683214430981,0.009296691223078331
3133402.0,Itapagipe,31,Minas Gerais,30,11022,4975,5.5820693,0.18606897666666666,0.1611478,0.1380626136148395,1974.5365755312282,891.2465490172256,0.008451537475525756
3133501.0,Itapecerica,31,Minas Gerais,48,17570,8127,10.6511691,0.22189935625,0.15800720000000001,0.2152335689222578,1649.584175693915,763.0148318647949,0.01352245996084121
3133600.0,Itapeva,31,Minas Gerais,20,8933,4067,13.3696956,0.66848478,0.2297594,0.8873222960812073,668.1528336366911,304.19540741077157,0.005634358317017171
3133709.0,Itatiaiuçu,31,Minas Gerais,26,10201,5182,16.3009749,0.6269605730769231,0.48232854999999997,0.4915974754044789,625.7907924267769,317.8950971821937,0.007324665812122322
3133758.0,Itaú de Minas,31,Minas Gerais,39,14042,5998,5.2931988,0.13572304615384614,0.0754668,0.14015491993852233,2652.8382043765296,1133.1522254558056,0.010986998718183483
3133808.0,Itaúna,31,Minas Gerais,201,93148,39051,52.8804658,0.2630868945273632,0.1031123,0.4413172844863193,1761.4822144777702,738.4768535832375,0.05662530108602257
3133907.0,Itaverava,31,Minas Gerais,5,2855,1260,6.0266736000000005,1.2053347200000002,1.4551976,0.7428074546727348,473.72733111015003,209.07055593652856,0.0014085895792542928
3134004.0,Itinga,31,Minas Gerais,15,8551,3487,4.7271473,0.31514315333333337,0.3072351,0.22360973487725333,1808.913379957506,737.6541873361974,0.004225768737762878
3134103.0,Itueta,31,Minas Gerais,7,3729,1607,2.2737599,0.32482284285714286,0.2625079,0.16669302237830128,1640.0148494130801,706.7588798623813,0.0019720254109560098
3134202.0,Ituiutaba,31,Minas Gerais,267,98459,45542,31.6436095,0.11851539138576779,0.0891552,0.12819500082803117,3111.497125509655,1439.216344772552,0.07521868353217923
3134301.0,Itumirim,31,Minas Gerais,14,5741,2693,5.1153747,0.3653839071428572,0.37877364999999996,0.16730258940594142,1122.3029272909373,526.4521482658934,0.0039440508219120195
3134400.0,Iturama,31,Minas Gerais,75,36743,16619,18.5976363,0.24796848400000002,0.1251615,0.3454610375386453,1975.6811783656613,893.6081839604531,0.02112884368881439
3134509.0,Itutinga,31,Minas Gerais,12,3224,1729,3.0967899,0.258065825,0.21666835,0.19126330634828628,1041.0780531155826,558.3200849369858,0.0033806149902103023
3134608.0,Jaboticatubas,31,Minas Gerais,51,13847,10929,53.6145551,1.0512657862745098,0.6203667,1.1558638598969626,258.26941908168516,203.84389984427943,0.014367613708393786
3134707.0,Jacinto,31,Minas Gerais,21,8547,3946,3.9599173,0.18856749047619048,0.152288,0.13421542454257598,2158.3784085591888,996.4854569058804,0.005916076232868029
3134806.0,Jacuí,31,Minas Gerais,11,4623,2344,2.9354294999999997,0.26685722727272726,0.1941119,0.24612011180177085,1574.897302081348,798.5202846806576,0.0030988970743594437
3134905.0,Jacutinga,31,Minas Gerais,43,22316,9406,13.7690721,0.3202109790697675,0.163096,0.39113249949051887,1620.7337602655155,683.1251904040796,0.012113870381586917
3135001.0,Jaguaraçu,31,Minas Gerais,4,2366,1038,2.2055572,0.5513893,0.48858405000000005,0.205073797542722,1072.7447921096764,470.62937202444806,0.0011268716634034342
3135050.0,Jaíba,31,Minas Gerais,44,21499,8295,15.908562100000001,0.3615582295454546,0.1511699,0.5390952232511231,1351.4106344029672,521.41733161415,0.012395588297437775
3135076.0,Jampruca,31,Minas Gerais,5,2597,1207,1.2347591,0.24695182,0.2418008,0.04167294119272121,2103.2442684568996,977.5186107152399,0.0014085895792542928
3135100.0,Janaúba,31,Minas Gerais,143,64647,25677,41.8585733,0.2927172958041958,0.1203626,0.6102519023488717,1544.4147973385418,613.422722651658,0.04028566196667277
3135209.0,Januária,31,Minas Gerais,75,43910,18844,29.3166985,0.3908893133333333,0.1689023,0.5276632254347962,1497.7812047969862,642.7736056295697,0.02112884368881439
3135308.0,Japaraíba,31,Minas Gerais,6,3645,1455,4.3303811,0.7217301833333334,0.7603466,0.32546187380675734,841.7273020150582,335.99814113358286,0.0016903074951051512
3135357.0,Japonvar,31,Minas Gerais,9,3679,1728,3.2709707999999997,0.36344119999999996,0.2287637,0.3691985918257781,1124.7425382091458,528.2835297704278,0.002535461242657727
3135407.0,Jeceaba,31,Minas Gerais,10,3989,1821,7.798719800000001,0.77987198,0.48742969999999997,0.7107906598293994,511.4942070363907,233.4998623748477,0.0028171791585085855
3135456.0,Jenipapo de Minas,31,Minas Gerais,8,3298,1570,2.7615088,0.3451886,0.29914775,0.21773649362478753,1194.274666081093,568.5297834285373,0.0022537433268068684
3135506.0,Jequeri,31,Minas Gerais,16,8036,3849,4.9025261,0.30640788125,0.19275745,0.33801433510594037,1639.1549654371038,785.1054581840982,0.004507486653613737
3135605.0,Jequitaí,31,Minas Gerais,12,5020,2647,7.6531273,0.6377606083333334,0.2527858,0.9540227901178638,655.9410033595025,345.8716804566938,0.0033806149902103023
3135704.0,Jequitibá,31,Minas Gerais,11,2656,1463,4.6489357,0.4226305181818182,0.2862661,0.33577183484626827,571.3135589291975,314.6956840035452,0.0030988970743594437
3135803.0,Jequitinhonha,31,Minas Gerais,35,17893,7047,6.7213971,0.19203991714285715,0.130729,0.1466699108177862,2662.0953551457333,1048.4427411676063,0.009860127054780048
3135902.0,Jesuânia,31,Minas Gerais,7,3352,1570,1.4586777,0.20838252857142855,0.0935783,0.2095736739696545,2297.971649254664,1076.3172700864625,0.0019720254109560098
3136009.0,Joaíma,31,Minas Gerais,20,9960,4070,3.5934949,0.179674745,0.13303140000000002,0.10966311501917553,2771.675006412281,1132.602136154416,0.005634358317017171
3136108.0,Joanésia,31,Minas Gerais,4,1792,952,1.0898052,0.2724513,0.2100487,0.14326417143501025,1644.3305647651525,873.5506125314872,0.0011268716634034342
3136207.0,João Monlevade,31,Minas Gerais,116,80123,33206,40.1948887,0.3465076612068966,0.16715365,0.5008801078346002,1993.362902383158,826.1249396120357,0.03267927823869959
3136306.0,João Pinheiro,31,Minas Gerais,62,39151,16180,36.0326995,0.5811725725806451,0.1793959,1.0506351277354082,1086.5408515950908,449.0365757913864,0.017466510782753228
3136405.0,Joaquim Felício,31,Minas Gerais,8,2514,1248,1.8208204000000001,0.22760255000000001,0.20333679999999998,0.09746965436911269,1380.6963059069417,685.4053260826822,0.0022537433268068684
3136504.0,Jordânia,31,Minas Gerais,15,7816,2951,1.6985443,0.11323628666666667,0.0718005,0.12618226855863174,4601.587371021174,1737.3700526974774,0.004225768737762878
3136520.0,José Gonçalves de Minas,31,Minas Gerais,2,1383,632,0.6929581,0.34647905,0.34647905,0.1267895491676069,1995.7916647485613,912.0320550405572,0.0005634358317017171
3136553.0,José Raydan,31,Minas Gerais,7,2066,983,3.8529619,0.5504231285714286,0.5880577,0.18494971505030508,536.2108563803862,255.12839875213925,0.0019720254109560098
3136579.0,Josenópolis,31,Minas Gerais,5,2450,1160,2.1440978,0.42881956,0.3085676,0.4484373393937251,1142.6717568573597,541.020097124301,0.0014085895792542928
3136603.0,Nova União,31,Minas Gerais,10,3415,1719,3.4253024,0.34253024,0.3103269,0.1511123688181245,996.9922655588015,501.85350058435716,0.0028171791585085855
3136652.0,Juatuba,31,Minas Gerais,54,30136,15486,32.637075,0.6043902777777779,0.378317,0.7865947012156138,923.3670603140753,474.4910504388031,0.01521276745594636
3136702.0,Juiz de Fora,31,Minas Gerais,1151,534750,261864,314.1354772,0.27292395933970465,0.0565366,1.1341389594725657,1702.2910139485512,833.6021207603991,0.3242573211443382
3136801.0,Juramento,31,Minas Gerais,6,2275,1070,1.3048765,0.21747941666666668,0.21537535,0.10205700055448264,1743.4600132656233,820.0009732721833,0.0016903074951051512
3136900.0,Juruaia,31,Minas Gerais,11,6306,2739,5.3942236,0.49038396363636366,0.2483289,0.547927371715676,1169.0282916711128,507.76538073060226,0.0030988970743594437
3136959.0,Juvenília,31,Minas Gerais,10,4394,1882,2.810081,0.2810081,0.2665435,0.16289132720809774,1563.655994257817,669.7315842497068,0.0028171791585085855
3137007.0,Ladainha,31,Minas Gerais,8,4666,2007,4.3993633,0.5499204125,0.58556805,0.18916852315069632,1060.608020256022,456.2023781941355,0.0022537433268068684
3137106.0,Lagamar,31,Minas Gerais,12,4674,2505,4.594583500000001,0.3828819583333334,0.18850805,0.5804696494798226,1017.2848093847896,545.2071988679713,0.0033806149902103023
3137205.0,Lagoa da Prata,31,Minas Gerais,89,50632,20237,23.2007852,0.2606829797752809,0.1418919,0.43622330555469085,2182.339932184709,872.2549614398396,0.02507289451072641
3137304.0,Lagoa dos Patos,31,Minas Gerais,5,2615,1273,1.1746408,0.23492816,0.2759878,0.11045067506089767,2226.2124727831692,1083.7355555843114,0.0014085895792542928
3137403.0,Lagoa Dourada,31,Minas Gerais,12,7364,2947,5.0984431,0.4248702583333333,0.27490305000000004,0.35220297377584686,1444.362495680299,578.019591902477,0.0033806149902103023
3137502.0,Lagoa Formosa,31,Minas Gerais,38,15131,6527,8.9215985,0.23477890789473685,0.1289848,0.32305643066677775,1695.9965190094579,731.5953525592976,0.010705280802332625
3137536.0,Lagoa Grande,31,Minas Gerais,11,7235,3125,5.5426177,0.5038743363636363,0.4900616,0.2958165478465168,1305.3398938194853,563.8130156442145,0.0030988970743594437
3137601.0,Lagoa Santa,31,Minas Gerais,242,74112,34046,79.5186027,0.3285892673553719,0.1260538,0.6146146286772476,932.0083286624451,428.15138651826436,0.06817573563590777
3137700.0,Lajinha,31,Minas Gerais,30,13240,6028,7.1224853,0.23741617666666667,0.158227,0.21311629106784458,1858.9016954517267,846.3337930651819,0.008451537475525756
3137809.0,Lambari,31,Minas Gerais,44,15888,8161,6.085338800000001,0.13830315454545455,0.096661,0.16486000587522798,2610.86531451626,1341.0921344264348,0.012395588297437775
3137908.0,Lamim,31,Minas Gerais,3,1536,794,0.9772717,0.32575723333333334,0.1611548,0.296970854272845,1571.722582368854,812.4659703130665,0.0008451537475525756
3138005.0,Laranjal,31,Minas Gerais,10,4613,2239,1.4757471,0.14757471,0.0885245,0.16880048502971026,3125.8743452723033,1517.1976282386054,0.0028171791585085855
3138104.0,Lassance,31,Minas Gerais,10,4270,1781,3.5457777,0.35457777,0.1758026,0.45698976210473014,1204.249211675058,502.2875517548661,0.0028171791585085855
3138203.0,Lavras,31,Minas Gerais,189,100177,43506,51.725211,0.2736783650793651,0.0862331,0.9500362723445983,1936.7151542407435,841.0985505694698,0.05324468609581226
3138302.0,Leandro Ferreira,31,Minas Gerais,5,2272,1029,2.2344711999999998,0.44689423999999994,0.4628521,0.23335245447210964,1016.795383176118,460.51164141207107,0.0014085895792542928
3138351.0,Leme do Prado,31,Minas Gerais,6,2533,1200,2.2950108,0.3825018,0.19247385,0.3821621886040167,1103.6985098283633,522.8733564129633,0.0016903074951051512
3138401.0,Leopoldina,31,Minas Gerais,90,46737,21072,15.1722897,0.16858099666666668,0.09378785,0.18620477732615032,3080.418376140023,1388.8477228325003,0.02535461242657727
3138500.0,Liberdade,31,Minas Gerais,6,3477,1958,1.6052762,0.2675460333333333,0.20815675,0.1746772258324555,2165.9824022806793,1219.7277951295857,0.0016903074951051512
3138609.0,Lima Duarte,31,Minas Gerais,36,14527,7446,10.3221167,0.2867254638888889,0.17780025,0.4155673524434394,1407.366378642086,721.3636714647878,0.010141844970630908
3138625.0,Limeira do Oeste,31,Minas Gerais,13,7278,3051,7.4514496,0.5731884307692308,0.169469,1.4000619242461965,976.7227037273392,409.45053161199667,0.003662332906061161
3138658.0,Lontra,31,Minas Gerais,11,6221,2756,3.7272321,0.33883928181818185,0.3718214,0.1471064360671131,1669.066973317814,739.4226938537045,0.0030988970743594437
3138674.0,Luisburgo,31,Minas Gerais,5,2363,1020,2.5655281999999997,0.5131056399999999,0.3141046,0.5510893170990189,921.0578936532447,397.57894690068116,0.0014085895792542928
3138682.0,Luislândia,31,Minas Gerais,7,3154,1354,5.9915822,0.8559403142857143,0.2774495,1.4979522241121004,526.4051956092666,225.98371428501807,0.0019720254109560098
3138708.0,Luminárias,31,Minas Gerais,12,4291,2005,1.6445612,0.13704676666666668,0.0938785,0.11281048603773365,2609.206638220578,1219.1701956728639,0.0033806149902103023
3138807.0,Luz,31,Minas Gerais,34,16451,7399,11.1686236,0.3284889294117647,0.155128,0.48943745874631484,1472.9657466475994,662.4809166279003,0.00957840913892919
3138906.0,Machacalis,31,Minas Gerais,12,5166,2425,1.8906764,0.15755636666666667,0.11152324999999999,0.14315742406630755,2732.355468127703,1282.6097580738829,0.0033806149902103023
3139003.0,Machado,31,Minas Gerais,70,31478,12815,12.2990335,0.17570047857142856,0.09326495000000001,0.20884364720280116,2559.3881015122042,1041.951792390841,0.019720254109560097
3139102.0,Madre de Deus de Minas,31,Minas Gerais,9,4160,1905,2.6622365,0.29580405555555556,0.3064143,0.14438089837076884,1562.5959602011317,715.5637750440278,0.002535461242657727
3139201.0,Malacacheta,31,Minas Gerais,21,12431,5683,7.0332147,0.33491498571428574,0.2692634,0.2695347921545923,1767.4705707476837,808.0231078400037,0.005916076232868029
3139250.0,Mamonas,31,Minas Gerais,7,3498,1747,4.206038,0.6008625714285715,0.5587744,0.3138610971640837,831.661530399868,415.3552583214892,0.0019720254109560098
3139300.0,Manga,31,Minas Gerais,25,13208,5335,6.6491397,0.26596558800000003,0.2045815,0.19482034467195952,1986.422393862472,802.3594390714937,0.007042947896271463
3139409.0,Manhuaçu,31,Minas Gerais,153,74989,32805,25.7270736,0.16815080784313727,0.0470981,0.38996981136413844,2914.7893447158326,1275.1158763739068,0.043102841125181354
3139508.0,Manhumirim,31,Minas Gerais,40,16525,7746,7.6847973,0.19211993249999998,0.1062483,0.2262898837952809,2150.3494958806527,1007.9641267831489,0.011268716634034342
3139607.0,Mantena,31,Minas Gerais,42,22151,10221,8.9347309,0.2127316880952381,0.16672075,0.13023155148474957,2479.201695934681,1143.9628248904507,0.011832152465736058
3139706.0,Maravilhas,31,Minas Gerais,21,5118,1986,2.3293814,0.1109229238095238,0.0774853,0.07323134005704733,2197.1498527463127,852.5868713470452,0.005916076232868029
3139805.0,Mar de Espanha,31,Minas Gerais,18,12085,5527,15.652702699999999,0.8695945944444444,0.25666395,1.4408152869329143,772.0711388711165,353.10195982959544,0.005070922485315454
3139904.0,Maria da Fé,31,Minas Gerais,21,9510,3610,7.5944847,0.3616421285714286,0.1098434,0.6651698548564751,1252.224525516524,475.3449565840853,0.005916076232868029
3140001.0,Mariana,31,Minas Gerais,111,56758,25572,26.9949249,0.24319752162162164,0.0834564,0.3966656480856059,2102.543356214338,947.2891698987464,0.031270688659445295
3140100.0,Marilac,31,Minas Gerais,7,3513,1565,1.2905777999999999,0.18436825714285712,0.1372033,0.10454168959241185,2722.0365947717373,1212.6351468311327,0.0019720254109560098
3140159.0,Mário Campos,31,Minas Gerais,33,15431,6853,12.7567403,0.3865678878787879,0.1534993,0.5224707850226937,1209.635035056722,537.2062014933391,0.009296691223078331
3140209.0,Maripá de Minas,31,Minas Gerais,4,2843,1192,2.1702469,0.542561725,0.6097436,0.3540940305051506,1309.9891998463402,549.2462631786273,0.0011268716634034342
3140308.0,Marliéria,31,Minas Gerais,5,3167,1423,1.7509885,0.3501977,0.2713781,0.23488346165327392,1808.6926327614372,812.6838068896511,0.0014085895792542928
3140407.0,Marmelópolis,31,Minas Gerais,4,1691,789,1.3690441,0.342261025,0.32882495,0.0958378472266698,1235.1683923111023,576.3145248571612,0.0011268716634034342
3140506.0,Martinho Campos,31,Minas Gerais,27,12109,5609,10.4277928,0.38621454814814815,0.3484909,0.22738737985864116,1161.2236867614017,537.8894755177721,0.00760638372797318
3140530.0,Martins Soares,31,Minas Gerais,9,4639,2026,3.2437498000000002,0.3604166444444445,0.1412507,0.5583904074121733,1430.1349629370304,624.5857803212812,0.002535461242657727
3140555.0,Mata Verde,31,Minas Gerais,14,7488,2704,1.4449221,0.10320872142857143,0.09186715000000001,0.10059500176561899,5182.286297648849,1871.381163039862,0.0039440508219120195
3140605.0,Materlândia,31,Minas Gerais,3,1767,935,1.0885316,0.3628438666666667,0.3363987,0.24989492431936938,1623.2877391891975,858.9553119082624,0.0008451537475525756
3140704.0,Mateus Leme,31,Minas Gerais,68,35454,18577,46.1468988,0.6786308647058824,0.4739222,0.5971122625782669,768.2856469652951,402.56226275382994,0.01915681827785838
3140803.0,Matias Barbosa,31,Minas Gerais,35,13319,6068,12.0568534,0.3444815257142857,0.1171957,0.47922539232865846,1104.682918347502,503.2822245313193,0.009860127054780048
3140852.0,Matias Cardoso,31,Minas Gerais,14,5188,2085,2.7348379,0.19534556428571428,0.1648286,0.08908375618540641,1897.004572007723,762.385222173497,0.0039440508219120195
3140902.0,Matipó,31,Minas Gerais,30,15290,6464,5.602109899999999,0.18673699666666665,0.1125602,0.2452765959598638,2729.328819486387,1153.8509803243953,0.008451537475525756
3141009.0,Mato Verde,31,Minas Gerais,18,9007,4454,5.1378793,0.2854377388888889,0.21501654999999997,0.24029664703980355,1753.0579202201188,866.8946349128911,0.005070922485315454
3141108.0,Matozinhos,31,Minas Gerais,125,37079,15859,25.013172,0.200105376,0.0930554,0.5977537037385572,1482.3789641713574,634.025944410409,0.03521473948135732
3141207.0,Matutina,31,Minas Gerais,13,2816,1386,1.9746468,0.15189590769230768,0.1003951,0.12232245469165001,1426.0778180685274,701.8976760806034,0.003662332906061161
3141306.0,Medeiros,31,Minas Gerais,5,2277,995,1.2768371,0.25536742,0.2877675,0.09728924323622319,1783.3128439015438,779.2693367070866,0.0014085895792542928
3141405.0,Medina,31,Minas Gerais,27,14708,6162,3.9427113,0.14602634444444446,0.1006042,0.11136485665575299,3730.427840354428,1562.8838966728301,0.00760638372797318
3141504.0,Mendes Pimentel,31,Minas Gerais,10,3363,1589,1.8965299,0.18965299,0.1540031,0.11891185479815104,1773.2385869582124,837.8460049588462,0.0028171791585085855
3141603.0,Mercês,31,Minas Gerais,16,7838,3853,2.9073551,0.18170969375,0.20143755000000002,0.08339378879208746,2695.9211140049592,1325.2595116434177,0.004507486653613737
3141702.0,Mesquita,31,Minas Gerais,6,3392,1674,1.5130248000000002,0.25217080000000003,0.21789125,0.14940916730353596,2241.8667559183427,1106.392968575267,0.0016903074951051512
3141801.0,Minas Novas,31,Minas Gerais,29,12382,5793,13.050582499999999,0.45002008620689654,0.2393735,0.6265402808672735,948.7699112281005,443.8882325750594,0.008169819559674897
3141900.0,Minduri,31,Minas Gerais,9,3452,1496,2.5881226,0.2875691777777778,0.2455649,0.15723829154184882,1333.785346953811,578.0251677412808,0.002535461242657727
3142007.0,Mirabela,31,Minas Gerais,21,11185,4681,5.9198918,0.28189960952380955,0.2465522,0.2379783794842021,1889.3926405884647,790.7239115417616,0.005916076232868029
3142106.0,Miradouro,31,Minas Gerais,17,6226,3023,2.0871303,0.1227723705882353,0.0858293,0.09500614445909383,2983.0432723821796,1448.4002268569432,0.004789204569464595
3142205.0,Miraí,31,Minas Gerais,23,11828,5133,4.2522146,0.1848788956521739,0.0790623,0.2218037126400451,2781.6093759708174,1207.1356887773254,0.006479512064569746
3142254.0,Miravânia,31,Minas Gerais,7,1896,835,1.2507846,0.1786835142857143,0.1544538,0.09418578364364813,1515.8485321933128,667.5809727750086,0.0019720254109560098
3142304.0,Moeda,31,Minas Gerais,7,2209,1155,6.2175901,0.8882271571428572,0.8211953,0.37963043448978934,355.28234645124,185.76329115037674,0.0019720254109560098
3142403.0,Moema,31,Minas Gerais,15,6949,3169,6.0825328,0.40550218666666665,0.2116481,0.42671319478416625,1142.451710248073,521.0000676034168,0.004225768737762878
3142502.0,Monjolos,31,Minas Gerais,3,1482,744,1.0732952999999998,0.35776509999999995,0.3550066,0.1315625410609342,1380.7942697596834,693.1922649805698,0.0008451537475525756
3142601.0,Monsenhor Paulo,31,Minas Gerais,12,6577,2812,4.3991691,0.366597425,0.2704088,0.3026775207704462,1495.055054828422,639.211618394028,0.0033806149902103023
3142700.0,Montalvânia,31,Minas Gerais,22,9191,4150,6.4459368,0.29299712727272725,0.229351,0.27048482059311335,1425.8594654542687,643.8164271173121,0.006197794148718887
3142809.0,Monte Alegre de Minas,31,Minas Gerais,44,16414,7359,7.5636817,0.17190185681818182,0.1047603,0.18517943939237713,2170.1071847060934,972.9388797521715,0.012395588297437775
3142908.0,Monte Azul,31,Minas Gerais,26,12698,5856,9.4133953,0.36205366538461536,0.29496595000000003,0.3538100353068137,1348.9287972427974,622.0922221337078,0.007324665812122322
3143005.0,Monte Belo,31,Minas Gerais,18,9554,4486,7.5068403,0.41704668333333333,0.23778925,0.6743058989011034,1272.7059079703613,597.5883088920914,0.005070922485315454
3143104.0,Monte Carmelo,31,Minas Gerais,90,44138,19592,26.920021,0.2991113444444444,0.1236382,0.6183674698052405,1639.597532260469,727.7854649519034,0.02535461242657727
3143153.0,Monte Formoso,31,Minas Gerais,6,1706,845,0.8202029,0.13670048333333332,0.1292379,0.05784732565747242,2079.9731383539365,1030.2328850580752,0.0016903074951051512
3143203.0,Monte Santo de Minas,31,Minas Gerais,34,17279,7781,6.6082439,0.19436011470588235,0.13972800000000002,0.17384906722164442,2614.764264375896,1177.4686463978728,0.00957840913892919
3143302.0,Montes Claros,31,Minas Gerais,794,397426,164744,106.9087691,0.13464580491183878,0.07690475,0.2750366980546581,3717.4312579378484,1540.977427641153,0.22368402518558167
3143401.0,Monte Sião,31,Minas Gerais,57,20313,8831,9.3591531,0.16419566842105263,0.0967264,0.17909029200692428,2170.3886861301585,943.5682807667715,0.016057921203498936
3143450.0,Montezuma,31,Minas Gerais,6,3325,1489,2.7277533,0.45462555,0.50495325,0.13097148157138258,1218.9518751567455,545.8704788295921,0.0016903074951051512
3143500.0,Morada Nova de Minas,31,Minas Gerais,15,7142,3333,4.589696,0.30597973333333334,0.2495651,0.19352981638203773,1556.0943469894303,726.1918872186742,0.004225768737762878
3143609.0,Morro da Garça,31,Minas Gerais,7,1589,778,1.2087224,0.1726746285714286,0.1585361,0.13335365350636522,1314.6111960860492,643.6548209911556,0.0019720254109560098
3143708.0,Morro do Pilar,31,Minas Gerais,6,2617,1256,1.4501702,0.24169503333333334,0.21873185,0.1138863869386621,1804.6157616533562,866.1052337167043,0.0016903074951051512
3143807.0,Munhoz,31,Minas Gerais,9,3888,1652,1.3930815,0.15478683333333335,0.1386048,0.06999143265371842,2790.9350601526185,1185.8602673282217,0.002535461242657727
3143906.0,Muriaé,31,Minas Gerais,188,97858,46227,30.3158661,0.16125460691489363,0.06724025,0.5545900190597388,3227.9467021395767,1524.8451041284945,0.052962968179961406
3144003.0,Mutum,31,Minas Gerais,31,14915,7148,6.1768301,0.19925258387096775,0.15555,0.13427206765344038,2414.668973977445,1157.227879717786,0.008733255391376614
3144102.0,Muzambinho,31,Minas Gerais,35,16933,7922,15.972038,0.45634394285714286,0.1546764,0.7790857809099028,1060.1652713323122,495.9918076829018,0.009860127054780048
3144201.0,Nacip Raydan,31,Minas Gerais,3,1669,801,1.1394335,0.37981116666666664,0.3204588,0.15307878791662588,1464.762972126061,702.9809111282054,0.0008451537475525756
3144300.0,Nanuque,31,Minas Gerais,64,33378,15634,13.7763024,0.215254725,0.1442855,0.23260119042690705,2422.856223016707,1134.8473302966984,0.018029946614454947
3144359.0,Naque,31,Minas Gerais,10,5989,2438,1.9307534,0.19307533999999998,0.161688,0.10035698032052269,3101.8979430516606,1262.719516640499,0.0028171791585085855
3144375.0,Natalândia,31,Minas Gerais,5,2628,1278,1.0114447,0.20228894,0.2024405,0.05088412335830304,2598.26365198216,1263.539173224201,0.0014085895792542928
3144409.0,Natércia,31,Minas Gerais,9,3219,1511,1.0073712,0.11193013333333332,0.1124704,0.04423761174614313,3195.445730431841,1499.943615620538,0.002535461242657727
3144508.0,Nazareno,31,Minas Gerais,11,6567,2940,2.9120074,0.2647279454545454,0.2039095,0.1746377388406719,2255.1453681058642,1009.6128189784134,0.0030988970743594437
3144607.0,Nepomuceno,31,Minas Gerais,37,20868,8758,5.7915911,0.15652948918918919,0.1102431,0.1361998850344693,3603.154925768154,1512.1923921735429,0.010423562886481766
3144656.0,Ninheira,31,Minas Gerais,8,3631,1593,4.2666113,0.5333264125,0.47378565,0.2495015121739313,851.0266684007516,373.3642199841359,0.0022537433268068684
3144672.0,Nova Belém,31,Minas Gerais,4,1485,680,0.5968572,0.1492143,0.1470133,0.07748088253550033,2488.0323132568396,1139.3009919290578,0.0011268716634034342
3144706.0,Nova Era,31,Minas Gerais,30,15926,6604,10.1734815,0.33911605,0.22505845,0.35038679592502336,1565.4424692274715,649.1386454086539,0.008451537475525756
3144805.0,Nova Lima,31,Minas Gerais,228,111170,48001,129.276857,0.5670037587719299,0.12964520000000002,1.31162150295579,859.9373668250613,371.3038908425813,0.06423168481399574
3144904.0,Nova Módica,31,Minas Gerais,5,2436,1168,0.9020178999999999,0.18040357999999998,0.1679016,0.06618098804450565,2700.611595401821,1294.8745252172935,0.0014085895792542928
3145000.0,Nova Ponte,31,Minas Gerais,25,13527,5332,9.7396501,0.38958600400000004,0.1679118,0.45287528787560494,1388.8589283099604,547.452931599668,0.007042947896271463
3145059.0,Nova Porteirinha,31,Minas Gerais,8,3724,1514,1.5473378,0.193417225,0.2038916,0.13506955677741694,2406.7142934141466,978.4547369036031,0.0022537433268068684
3145109.0,Nova Resende,31,Minas Gerais,16,9529,4277,7.5483737,0.47177335625,0.243392,0.5040967085408896,1262.391129363402,566.6121167265474,0.004507486653613737
3145208.0,Nova Serrana,31,Minas Gerais,194,103419,41034,64.5508104,0.33273613608247427,0.09533595,0.8208497971420078,1602.1332553247078,635.6852802579222,0.05465327567506655
3145307.0,Novo Cruzeiro,31,Minas Gerais,19,12087,5386,9.6367374,0.5071967052631579,0.2802927,0.4305641546238447,1254.2626719287796,558.9028502530327,0.0053526404011663125
3145356.0,Novo Oriente de Minas,31,Minas Gerais,10,6129,2725,2.9178168,0.29178168000000004,0.23033589999999998,0.2284448013139707,2100.543118402773,933.9174412869238,0.0028171791585085855
3145372.0,Novorizonte,31,Minas Gerais,6,3091,1423,2.5070475,0.41784125,0.33046960000000003,0.26726292008632063,1232.9243861554278,567.5999357810332,0.0016903074951051512
3145406.0,Olaria,31,Minas Gerais,4,1140,574,0.6251164,0.1562791,0.15325784999999997,0.03358227358741511,1823.6603614942753,918.2289890330825,0.0011268716634034342
3145455.0,Olhos-d'Água,31,Minas Gerais,11,3546,1611,2.0976437,0.1906948818181818,0.204645,0.10820561960448095,1690.468214406479,768.0045948699486,0.0030988970743594437
3145505.0,Olímpio Noronha,31,Minas Gerais,8,2303,1068,0.6956917,0.0869614625,0.08718719999999999,0.04339875397111691,3310.3744086640677,1535.1627739701364,0.0022537433268068684
3145604.0,Oliveira,31,Minas Gerais,103,36261,15442,16.1058184,0.15636716893203884,0.0878435,0.19443103355533775,2251.422380374039,958.7839386044486,0.02901694533263843
3145703.0,Oliveira Fortes,31,Minas Gerais,3,1220,611,1.1931131,0.39770436666666664,0.3790622,0.21974083252282295,1022.5350807060958,512.1056838618233,0.0008451537475525756
3145802.0,Onça de Pitangui,31,Minas Gerais,4,1694,877,4.0131329000000004,1.0032832250000001,1.1395698,0.3856136369343661,422.11410441951716,218.53250860443717,0.0011268716634034342
3145851.0,Oratórios,31,Minas Gerais,6,3596,1370,0.5623153,0.09371921666666666,0.06317635,0.07985766199601431,6394.988718962476,2436.355546434536,0.0016903074951051512
3145877.0,Orizânia,31,Minas Gerais,5,3079,1387,2.2528576,0.45057152,0.316442,0.4446825669166793,1366.7086636989395,615.6625256740595,0.0014085895792542928
3145901.0,Ouro Branco,31,Minas Gerais,57,35351,15197,18.949346900000002,0.3324446824561404,0.181185,0.7234235610484601,1865.5524217565512,801.9801463447798,0.016057921203498936
3146008.0,Ouro Fino,31,Minas Gerais,61,25381,11752,17.871236,0.2929710819672131,0.1382537,0.5969556912348771,1420.215143485319,657.5930170694405,0.01718479286690237
3146107.0,Ouro Preto,31,Minas Gerais,151,67800,32057,73.10063459999999,0.48411016291390724,0.2385156,0.5960478811270221,927.488528259644,438.5324446964514,0.04253940529347964
3146206.0,Ouro Verde de Minas,31,Minas Gerais,6,3763,1627,2.2703823,0.37839705,0.44027325,0.173934794920473,1657.4301165050485,716.6193992967616,0.0016903074951051512
3146255.0,Padre Carvalho,31,Minas Gerais,6,3141,1356,2.7241106,0.4540184333333333,0.3946398,0.24403078612596127,1153.0368847725933,497.7771460527337,0.0016903074951051512
3146305.0,Padre Paraíso,31,Minas Gerais,16,12140,4885,5.8798651,0.36749156875,0.2093949,0.4137764455242641,2064.6732184382936,830.8013733172212,0.004507486653613737
3146404.0,Paineiras,31,Minas Gerais,7,3460,1801,2.9420252,0.42028931428571425,0.3232332,0.28383312716345277,1176.0606265371216,612.1633492466347,0.0019720254109560098
3146503.0,Pains,31,Minas Gerais,32,7164,3018,4.6387771,0.144961784375,0.07749165,0.17819857323384714,1544.3725459453526,650.6025046989215,0.009014973307227473
3146552.0,Pai Pedro,31,Minas Gerais,9,2072,1017,1.9177133,0.21307925555555554,0.1473151,0.15310283941113004,1080.453475501265,530.3191045293371,0.002535461242657727
3146602.0,Paiva,31,Minas Gerais,3,1173,605,0.6637212,0.2212404,0.2610649,0.08066680271840455,1767.3083216266107,911.527309960869,0.0008451537475525756
3146701.0,Palma,31,Minas Gerais,10,4763,2272,2.6655049,0.26655049000000003,0.2172803,0.2554057602394122,1786.9034868403355,852.3713462316276,0.0028171791585085855
3146750.0,Palmópolis,31,Minas Gerais,11,4702,2195,1.2878345,0.11707586363636363,0.1187764,0.03570587680520596,3651.0902604333087,1704.411552881989,0.0030988970743594437
3146909.0,Papagaios,31,Minas Gerais,47,11981,4595,4.3163125,0.09183643617021278,0.0761394,0.059959432296437354,2775.74897554336,1064.566108223165,0.013240742044990352
3147006.0,Paracatu,31,Minas Gerais,115,84016,32937,24.7251329,0.2150011556521739,0.1366018,0.22186569142885657,3397.999935523097,1332.126307802374,0.03239756032284873
3147105.0,Pará de Minas,31,Minas Gerais,192,92231,37921,65.2050836,0.33960981041666666,0.11033965000000001,0.643414293169493,1414.4756038622731,581.5650852106262,0.05408983984336484
3147204.0,Paraguaçu,31,Minas Gerais,33,18299,7299,12.4057088,0.3759305696969697,0.1691599,0.6647727845773586,1475.0467139773586,588.3581597530324,0.009296691223078331
3147303.0,Paraisópolis,31,Minas Gerais,38,17319,8142,5.5742505,0.14669080263157894,0.08763215,0.12539309852583158,3106.9647838754286,1460.6447987940262,0.010705280802332625
3147402.0,Paraopeba,31,Minas Gerais,65,20862,8606,9.9739509,0.15344539846153846,0.0802367,0.21658245156199718,2091.648556240637,862.847640447077,0.018311664530305805
3147501.0,Passabém,31,Minas Gerais,3,938,543,1.1114076,0.3704692,0.3275126,0.3264490331651022,843.9747937660316,488.56963007990953,0.0008451537475525756
3147600.0,Passa Quatro,31,Minas Gerais,32,13886,6046,11.5610757,0.361283615625,0.22392315000000002,0.4673930072003922,1201.09930601008,522.9617171350241,0.009014973307227473
3147709.0,Passa Tempo,31,Minas Gerais,17,6948,3268,6.1634649,0.36255675882352945,0.1385263,0.43714514331682086,1127.2879967240503,530.2212396796483,0.004789204569464595
3147808.0,Passa Vinte,31,Minas Gerais,4,1496,830,0.6321523,0.158038075,0.12358745,0.08177196050217439,2366.51832161332,1312.9747372587271,0.0011268716634034342
3147907.0,Passos,31,Minas Gerais,290,107413,46724,45.672008,0.15748968275862069,0.07013185,0.3815024792877758,2351.8344102584674,1023.0336270741589,0.08169819559674897
3147956.0,Patis,31,Minas Gerais,6,2485,1219,1.4524573,0.24207621666666668,0.28511765,0.09466393003993478,1710.893669645228,839.267357463796,0.0016903074951051512
3148004.0,Patos de Minas,31,Minas Gerais,355,149348,69534,89.0263785,0.2507785309859155,0.0897523,0.7759096483021821,1677.5702046556908,781.049405486038,0.10000986012705478
3148103.0,Patrocínio,31,Minas Gerais,161,81224,32672,47.9340618,0.29772709192546587,0.1094082,0.6931458543163781,1694.4944148254926,681.6029932184883,0.04535658445198822
3148202.0,Patrocínio do Muriaé,31,Minas Gerais,7,4633,2267,3.6843348000000002,0.5263335428571428,0.1759889,0.6977431007766562,1257.486154624167,615.3078162169193,0.0019720254109560098
3148301.0,Paula Cândido,31,Minas Gerais,14,5038,2305,2.994834,0.2139167142857143,0.19056225,0.17498248426646706,1682.230133623433,769.6586855899192,0.0039440508219120195
3148400.0,Paulistas,31,Minas Gerais,5,2514,1099,5.2918430999999995,1.05836862,0.8897162,0.9113418290586891,475.0707744906496,207.67811502196656,0.0014085895792542928
3148509.0,Pavão,31,Minas Gerais,7,5010,2216,1.9018410000000001,0.2716915714285714,0.2510882,0.1960153840423902,2634.2896172708442,1165.1867848048284,0.0019720254109560098
3148608.0,Peçanha,31,Minas Gerais,20,10101,4117,6.2278107,0.311390535,0.21594945,0.3249241503169337,1621.9182769957988,661.0669781597569,0.005634358317017171
3148707.0,Pedra Azul,31,Minas Gerais,44,22049,7797,8.0681026,0.18336596818181816,0.1158885,0.1688983855045377,2732.860635659244,966.3982210637729,0.012395588297437775
3148756.0,Pedra Bonita,31,Minas Gerais,4,2312,868,1.1026001,0.275650025,0.29291525,0.035923742517113035,2096.86177245948,787.2301118057217,0.0011268716634034342
3148806.0,Pedra do Anta,31,Minas Gerais,9,2249,1052,1.066113,0.118457,0.114595,0.07366622191686635,2109.532479202486,986.7621912498955,0.002535461242657727
3148905.0,Pedra do Indaiá,31,Minas Gerais,5,2185,928,0.9394990999999999,0.18789982,0.1579732,0.1012154615055526,2325.707390246569,987.7603927454535,0.0014085895792542928
3149002.0,Pedra Dourada,31,Minas Gerais,4,2041,889,0.6590845000000001,0.16477112500000002,0.15620585,0.07060701579604181,3096.7197681025723,1348.8407025199347,0.0011268716634034342
3149101.0,Pedralva,31,Minas Gerais,10,5277,2369,3.4496713,0.34496713,0.15409775,0.40525418822971687,1529.7109611573717,686.7320953158638,0.0028171791585085855
3149150.0,Pedras de Maria da Cruz,31,Minas Gerais,13,6232,2665,2.9561155,0.2273935,0.1840787,0.13092973931524624,2108.172025078181,901.5209317768538,0.003662332906061161
3149200.0,Pedrinópolis,31,Minas Gerais,6,2916,1215,2.1677682000000003,0.3612947,0.33868005,0.20023130508875978,1345.1622733463844,560.4842805609935,0.0016903074951051512
3149309.0,Pedro Leopoldo,31,Minas Gerais,199,60913,26092,42.1714364,0.2119167658291457,0.0867471,0.309295441674313,1444.41368850315,618.7126222715051,0.05606186525432085
3149408.0,Pedro Teixeira,31,Minas Gerais,3,1261,650,1.1132405,0.3710801666666667,0.3577498,0.2775994012370404,1132.7291811607645,583.8810212168888,0.0008451537475525756
3149507.0,Pequeri,31,Minas Gerais,4,3189,1532,2.0943527,0.523588175,0.60536005,0.2900907563749361,1522.6661679286397,731.4909279607012,0.0011268716634034342
3149606.0,Pequi,31,Minas Gerais,9,3079,1553,4.0945169,0.45494632222222225,0.1358874,0.5547489304414404,751.9812654821378,379.2877250060929,0.002535461242657727
3149705.0,Perdigão,31,Minas Gerais,36,10820,4843,9.4311428,0.2619761888888889,0.18449084999999998,0.295397440270572,1147.2628746539604,513.5114696810656,0.010141844970630908
3149804.0,Perdizes,31,Minas Gerais,25,13463,5175,6.9511513,0.278046052,0.2140318,0.19741774220771488,1936.8014619391179,744.480989789418,0.007042947896271463
3149903.0,Perdões,31,Minas Gerais,36,19265,8089,10.5526114,0.29312809444444443,0.1415243,0.43486308634712667,1825.6144635440664,766.5401191595097,0.010141844970630908
3149952.0,Periquito,31,Minas Gerais,9,4819,2170,2.9742784,0.3304753777777778,0.3020284,0.15832008557853436,1620.2249258173006,729.5887298243499,0.002535461242657727
3150000.0,Pescador,31,Minas Gerais,7,2949,1337,1.221408,0.17448685714285714,0.1459296,0.12487259171547424,2414.4266289397156,1094.6383190547303,0.0019720254109560098
3150109.0,Piau,31,Minas Gerais,4,1658,884,1.7927919,0.448197975,0.34055215,0.36882391022516764,924.8145309001005,493.0856726873877,0.0011268716634034342
3150158.0,Piedade de Caratinga,31,Minas Gerais,7,5603,2547,1.2561225999999999,0.1794460857142857,0.1415456,0.1707080908447266,4460.551860144862,2027.668318363192,0.0019720254109560098
3150208.0,Piedade de Ponte Nova,31,Minas Gerais,5,3352,1247,0.7976652,0.15953304,0.1594883,0.04938736372421593,4202.264308384019,1563.3125276118353,0.0014085895792542928
3150307.0,Piedade do Rio Grande,31,Minas Gerais,8,3707,2001,4.8755939,0.6094492375,0.34245255,0.548295606302213,760.3176302275708,410.41153981261647,0.0022537433268068684
3150406.0,Piedade dos Gerais,31,Minas Gerais,8,2704,1449,7.2240295,0.9030036875,0.5599979,1.0469776691812247,374.306334158796,200.58057625595242,0.0022537433268068684
3150505.0,Pimenta,31,Minas Gerais,22,7347,3769,8.4313545,0.38324338636363636,0.18378709999999998,0.4152315639577538,871.3902374760781,447.02188717127245,0.006197794148718887
3150539.0,Pingo-d'Água,31,Minas Gerais,7,4152,1637,1.2462195999999999,0.17803137142857142,0.165954,0.08113685762150502,3331.676054525222,1313.572664079429,0.0019720254109560098
3150570.0,Pintópolis,31,Minas Gerais,7,3252,1338,2.7831737,0.39759624285714285,0.3817731,0.21405125352919457,1168.4502480028466,480.7461352484037,0.0019720254109560098
3150604.0,Piracema,31,Minas Gerais,10,3613,1830,5.2678359,0.52678359,0.26518295,0.4840847422398788,685.8603928797403,347.3912313783351,0.0028171791585085855
3150703.0,Pirajuba,31,Minas Gerais,12,5375,2290,2.335719,0.19464325000000002,0.1126965,0.1777978031471015,2301.2185969288257,980.4261557147927,0.0033806149902103023
3150802.0,Piranga,31,Minas Gerais,21,7224,3342,7.8796269,0.37522032857142856,0.2411132,0.43339290466401864,916.7946771692959,424.131756796759,0.005916076232868029
3150901.0,Piranguçu,31,Minas Gerais,4,2072,850,2.0205118,0.50512795,0.52019905,0.048991404977778194,1025.48275144941,420.6854916660225,0.0011268716634034342
3151008.0,Piranguinho,31,Minas Gerais,14,5959,2601,6.2522053,0.44658609285714285,0.26340304999999997,0.3496215219871724,953.1036992659215,416.01321057067656,0.0039440508219120195
3151107.0,Pirapetinga,31,Minas Gerais,21,9955,4490,4.7640674999999995,0.22686035714285713,0.1278644,0.2267453201220161,2089.6009554860425,942.4719528008368,0.005916076232868029
3151206.0,Pirapora,31,Minas Gerais,93,54544,22676,41.0607242,0.4415131634408602,0.1621973,0.7385233340132332,1328.3740377866982,552.2552376219413,0.026199766174129845
3151305.0,Piraúba,31,Minas Gerais,19,9704,4301,4.9863818,0.26244114736842106,0.1775587,0.27021003603604227,1946.100477103458,862.5492737038306,0.0053526404011663125
3151404.0,Pitangui,31,Minas Gerais,51,23832,9996,10.1723035,0.19945693137254902,0.1148354,0.2990752946852946,2342.8321815211275,982.6682815745716,0.014367613708393786
3151503.0,Piumhi,31,Minas Gerais,66,33754,14526,14.1920316,0.2150307818181818,0.11661315,0.20918256006130584,2378.3768914381503,1023.5321065660536,0.018593382446156662
3151602.0,Planura,31,Minas Gerais,27,10828,5518,5.6220975,0.20822583333333333,0.1287754,0.19809699647482912,1925.9715791126,981.4842236371746,0.00760638372797318
3151701.0,Poço Fundo,31,Minas Gerais,22,9782,4414,3.7289176,0.16949625454545456,0.11242764999999999,0.1331184287555463,2623.2813511352465,1183.721517471987,0.006197794148718887
3151800.0,Poços de Caldas,31,Minas Gerais,369,160094,77472,61.8222352,0.16753993279132792,0.0692438,0.5667388782682781,2589.5860847166523,1253.141361669822,0.1039539109489668
3151909.0,Pocrane,31,Minas Gerais,12,5522,2858,2.9788634,0.24823861666666666,0.2431628,0.11895587929520021,1853.7271631857977,959.4263369042031,0.0033806149902103023
3152006.0,Pompéu,31,Minas Gerais,78,27810,12321,18.0961476,0.23200189230769228,0.1418238,0.299773349708787,1536.7911786926409,680.8631468058982,0.021973997436366965
3152105.0,Ponte Nova,31,Minas Gerais,122,52848,23045,29.8865249,0.2449715155737705,0.08106284999999999,0.5453450571015117,1768.2885573625188,771.0832917881329,0.03436958573380474
3152131.0,Ponto Chique,31,Minas Gerais,3,2744,1220,1.4820337000000001,0.49401123333333335,0.5662477,0.15560679719939396,1851.5098543305728,823.1931568087823,0.0008451537475525756
3152170.0,Ponto dos Volantes,31,Minas Gerais,13,4983,2119,4.2974119,0.33057014615384617,0.180233,0.43871805437644235,1159.5351146116573,493.08747900102384,0.003662332906061161
3152204.0,Porteirinha,31,Minas Gerais,64,21065,9387,20.911413500000002,0.32674083593750003,0.14047365,0.4439741138552238,1007.3446254601583,448.8936149629483,0.018029946614454947
3152303.0,Porto Firme,31,Minas Gerais,13,6037,2807,2.8906484,0.22235756923076921,0.2128619,0.13984415347023144,2088.458769319714,971.0624093888416,0.003662332906061161
3152402.0,Poté,31,Minas Gerais,15,8683,4184,9.7621569,0.6508104600000001,0.4807549,0.42913991307106825,889.4550752405955,428.59380799339533,0.004225768737762878
3152501.0,Pouso Alegre,31,Minas Gerais,289,139608,63630,85.1670125,0.29469554498269895,0.070219,1.2361722370862687,1639.2262203631951,747.1202538658968,0.08141647768089812
3152600.0,Pouso Alto,31,Minas Gerais,14,3599,1709,5.183784,0.3702702857142857,0.29715015,0.30602568388732654,694.2804715628583,329.6819466243192,0.0039440508219120195
3152709.0,Prados,31,Minas Gerais,12,6528,2941,8.9628726,0.7469060500000001,0.60342895,0.6834775735207218,728.3379214828959,328.13140733474216,0.0033806149902103023
3152808.0,Prata,31,Minas Gerais,75,23104,10625,15.9589161,0.212785548,0.1060033,0.31681802750489907,1447.7173672214494,665.7720319740262,0.02112884368881439
3152907.0,Pratápolis,31,Minas Gerais,23,7279,3535,4.2819247,0.1861706391304348,0.1736474,0.13171671226878173,1699.936479499511,825.5633266974545,0.006479512064569746
3153004.0,Pratinha,31,Minas Gerais,3,2082,940,1.5326381,0.5108793666666667,0.6208697,0.339073731974173,1358.442022288236,613.3215662588578,0.0008451537475525756
3153103.0,Presidente Bernardes,31,Minas Gerais,4,1872,1036,3.566488,0.891622,0.7918706,0.3636250204299754,524.8861064442107,290.4818409595097,0.0011268716634034342
3153202.0,Presidente Juscelino,31,Minas Gerais,4,1760,810,1.6770066000000001,0.41925165000000003,0.42307355,0.074808300487691,1049.489012148193,483.00346581820247,0.0011268716634034342
3153301.0,Presidente Kubitschek,31,Minas Gerais,3,2272,884,1.7654383,0.5884794333333333,0.5264552,0.2399200968894922,1286.9325424740134,500.7255138851355,0.0008451537475525756
3153400.0,Presidente Olegário,31,Minas Gerais,35,14496,6745,9.3190996,0.2662599885714286,0.1292258,0.3222657775874494,1555.5150843113643,723.7823705629244,0.009860127054780048
3153509.0,Alto Jequitibá,31,Minas Gerais,15,4984,2465,2.5429311,0.16952874,0.1377456,0.13724954521955776,1959.9429964893661,969.3538295237335,0.004225768737762878
3153608.0,Prudente de Morais,31,Minas Gerais,44,10933,4472,6.127808600000001,0.13926837727272728,0.05130465,0.42990632586566,1784.161470056359,729.7878070147294,0.012395588297437775
3153707.0,Quartel Geral,31,Minas Gerais,7,2700,1450,2.935722,0.4193888571428572,0.3461473,0.24205120670080577,919.7056124524051,493.91597705777315,0.0019720254109560098
3153806.0,Queluzito,31,Minas Gerais,2,955,482,2.5006283,1.25031415,1.25031415,0.12307342018975928,381.90401988172334,192.75155767852425,0.0005634358317017171
3153905.0,Raposos,31,Minas Gerais,30,16018,6427,6.8729923,0.22909974333333333,0.0920429,0.3459082254192753,2330.571503768453,935.1094427968441,0.008451537475525756
3154002.0,Raul Soares,31,Minas Gerais,34,16071,7535,11.2520779,0.33094346764705884,0.22387265,0.40582383697472363,1428.2695287774359,669.6540911790169,0.00957840913892919
3154101.0,Recreio,31,Minas Gerais,19,10150,4136,4.8554503,0.2555500157894737,0.2608668,0.1368415805303152,2090.4343310856257,851.8262456522313,0.0053526404011663125
3154150.0,Reduto,31,Minas Gerais,9,4680,1999,1.8805916,0.20895462222222222,0.1525997,0.1759184962308027,2488.57859409773,1062.963378119949,0.002535461242657727
3154200.0,Resende Costa,31,Minas Gerais,19,9247,4350,8.2248248,0.4328855157894737,0.3551011,0.3926989283000616,1124.2792673225088,528.8866457070308,0.0053526404011663125
3154309.0,Resplendor,31,Minas Gerais,27,13058,6328,5.4894897,0.20331443333333332,0.1893691,0.13534011970608886,2378.7274798967196,1152.7483146566428,0.00760638372797318
3154408.0,Ressaquinha,31,Minas Gerais,8,3200,1449,6.3427733,0.7928466625,0.7604117,0.6071657062744402,504.51117336954167,228.44896569139559,0.0022537433268068684
3154457.0,Riachinho,31,Minas Gerais,11,4209,1954,2.0185074,0.18350067272727272,0.1335528,0.09543365262853655,2085.204146390546,968.0420294718762,0.0030988970743594437
3154507.0,Riacho dos Machados,31,Minas Gerais,14,4882,1852,2.6608530999999997,0.1900609357142857,0.14687270000000002,0.09482412648054216,1834.749915356094,696.0173787872769,0.0039440508219120195
3154606.0,Ribeirão das Neves,31,Minas Gerais,608,326792,134942,91.9059913,0.15116116990131578,0.0768292,0.30624553437876895,3555.7203113481896,1468.2611883214627,0.171284492837322
3154705.0,Ribeirão Vermelho,31,Minas Gerais,8,3773,1592,2.0181166,0.252264575,0.19560290000000002,0.19257797002702756,1869.5649200843995,788.8543209049468,0.0022537433268068684
3154804.0,Rio Acima,31,Minas Gerais,23,9545,4676,13.0034363,0.565366795652174,0.2857674,0.6670450243011075,734.0367407344472,359.5972550732609,0.006479512064569746
3154903.0,Rio Casca,31,Minas Gerais,29,11172,5009,4.5586719,0.1571955827586207,0.0842856,0.15564807749676388,2450.7137703856247,1098.7849333925524,0.008169819559674897
3155009.0,Rio Doce,31,Minas Gerais,3,1647,790,0.6060822,0.2020274,0.1604511,0.11937731995605365,2717.4531771432985,1303.45355794973,0.0008451537475525756
3155108.0,Rio do Prado,31,Minas Gerais,9,3320,1559,1.0740481,0.11933867777777778,0.1211186,0.03128216467181331,3091.109234307104,1451.5178603267395,0.002535461242657727
3155207.0,Rio Espera,31,Minas Gerais,7,2504,1402,1.7943334,0.2563333428571429,0.2728638,0.09096102541317458,1395.504313746821,781.3486612911514,0.0019720254109560098
3155306.0,Rio Manso,31,Minas Gerais,13,3926,2258,9.5761592,0.7366276307692308,0.628641,0.34443950217425795,409.97647574614257,235.79390785399642,0.003662332906061161
3155405.0,Rio Novo,31,Minas Gerais,17,7334,3449,4.3966483,0.2586263705882353,0.1309217,0.22359772727873592,1668.0888484985255,784.4611996824946,0.004789204569464595
3155504.0,Rio Paranaíba,31,Minas Gerais,25,11195,5495,5.6772232,0.22708892800000002,0.1322322,0.2500791308617593,1971.9147205626862,967.9027592221493,0.007042947896271463
3155603.0,Rio Pardo de Minas,31,Minas Gerais,23,12012,4906,7.9582156,0.3460093739130435,0.137497,0.47822194500725784,1509.3835859385363,616.4698528650066,0.006479512064569746
3155702.0,Rio Piracicaba,31,Minas Gerais,22,12361,5137,10.6110364,0.48231983636363635,0.41694025,0.37955530616987454,1164.9191967713919,484.1185918465043,0.006197794148718887
3155801.0,Rio Pomba,31,Minas Gerais,37,15272,7452,12.4174915,0.3356078783783784,0.1100753,0.5809200158344071,1229.8780313237983,600.1212080555883,0.010423562886481766
3155900.0,Rio Preto,31,Minas Gerais,13,4176,2187,3.7562345,0.2889411153846154,0.1540482,0.5199647098012709,1111.7516757806254,582.2320198592499,0.003662332906061161
3156007.0,Rio Vermelho,31,Minas Gerais,11,6270,2957,7.2719118,0.6610828909090909,0.4399233,0.6635294296267837,862.2216787612854,406.63309475233183,0.0030988970743594437
3156106.0,Ritápolis,31,Minas Gerais,8,3598,1769,4.0025913,0.5003239125,0.40294355,0.35192718173459625,898.9176586677736,441.96368487584533,0.0022537433268068684
3156205.0,Rochedo de Minas,31,Minas Gerais,5,2143,963,1.1723976,0.23447952,0.1838374,0.14067799716825655,1827.878187399906,821.3936978376619,0.0014085895792542928
3156304.0,Rodeiro,31,Minas Gerais,16,8095,3152,6.4520492,0.403253075,0.19846439999999999,0.4309662092925453,1254.6401537049655,488.52696287560855,0.004507486653613737
3156403.0,Romaria,31,Minas Gerais,6,2577,1364,1.2659207000000001,0.21098678333333334,0.2177027,0.09946982745207547,2035.672534622429,1077.4766539483871,0.0016903074951051512
3156452.0,Rosário da Limeira,31,Minas Gerais,5,2657,1287,0.4986462,0.09972924,0.1047184,0.056783933710980256,5328.427249621074,2580.9882838774265,0.0014085895792542928
3156502.0,Rubelita,31,Minas Gerais,7,3307,1694,2.9962143,0.4280306142857143,0.3494677,0.2911018709673038,1103.7261253308884,565.3801198398926,0.0019720254109560098
3156601.0,Rubim,31,Minas Gerais,17,8320,3222,1.9752365,0.11619038235294118,0.0791268,0.09054220794278238,4212.15383575587,1631.1970743756506,0.004789204569464595
3156700.0,Sabará,31,Minas Gerais,293,127809,53967,73.8126694,0.2519203733788396,0.0772113,0.6909353630284029,1731.5320125788594,731.1346471910688,0.08254334934430155
3156809.0,Sabinópolis,31,Minas Gerais,19,9763,4372,5.1723108,0.2722268842105263,0.218252,0.22205442839558567,1887.5509182472174,845.2701643528459,0.0053526404011663125
3156908.0,Sacramento,31,Minas Gerais,58,23214,10042,20.3463219,0.3507986534482759,0.13858925,0.6663317135061922,1140.9433171309454,493.5535793326852,0.016339639119349793
3157005.0,Salinas,31,Minas Gerais,53,33787,15424,33.1462907,0.6254017113207547,0.1890548,1.608229502398476,1019.3297435842496,465.33110264431485,0.014931049540095503
3157104.0,Salto da Divisa,31,Minas Gerais,10,5141,2037,1.7435256000000001,0.17435256000000002,0.14706105,0.0761015720186033,2948.6231805257116,1168.3223922837726,0.0028171791585085855
3157203.0,Santa Bárbara,31,Minas Gerais,47,28535,11542,18.5948871,0.3956358957446809,0.2438642,0.41158823809828904,1534.5616161337166,620.7082590998898,0.013240742044990352
3157252.0,Santa Bárbara do Leste,31,Minas Gerais,6,4522,1953,0.9518581,0.15864301666666666,0.11622165000000001,0.13497560712735343,4750.708115001595,2051.776414992949,0.0016903074951051512
3157278.0,Santa Bárbara do Monte Verde,31,Minas Gerais,4,2000,1108,1.2422512,0.3105628,0.3169872,0.16941504707246835,1609.9803324802583,891.929104194063,0.0011268716634034342
3157302.0,Santa Bárbara do Tugúrio,31,Minas Gerais,5,2251,1095,2.1654785,0.4330957,0.4342428,0.23345755235578694,1039.4931189573113,505.66191259807016,0.0014085895792542928
3157336.0,Santa Cruz de Minas,31,Minas Gerais,13,8109,3403,3.5650988999999997,0.2742383769230769,0.0979343,0.45416170752447144,2274.5512052975587,954.5317242110732,0.003662332906061161
3157377.0,Santa Cruz de Salinas,31,Minas Gerais,4,1957,1040,2.674769,0.66869225,0.5329562,0.4924771110223127,731.6519669549034,388.81862321568707,0.0011268716634034342
3157401.0,Santa Cruz do Escalvado,31,Minas Gerais,4,1769,834,1.2811256,0.3202814,0.30510594999999996,0.0762049921387044,1380.816994055852,650.9900356374113,0.0011268716634034342
3157500.0,Santa Efigênia de Minas,31,Minas Gerais,6,2960,1415,1.3581241,0.22635401666666666,0.2330293,0.08312625272459757,2179.476823951508,1041.8782790173593,0.0016903074951051512
3157609.0,Santa Fé de Minas,31,Minas Gerais,4,2153,1043,1.6981218,0.42453045,0.3807928,0.10115277956472576,1267.8713623486842,614.2080032186149,0.0011268716634034342
3157658.0,Santa Helena de Minas,31,Minas Gerais,9,3584,1715,1.2898147,0.14331274444444445,0.1370431,0.06588548149091937,2778.6937146863033,1329.6483595666882,0.002535461242657727
3157708.0,Santa Juliana,31,Minas Gerais,23,14619,5438,5.2210245,0.22700106521739133,0.1763912,0.2519299755245504,2800.0251674743145,1041.5580313787073,0.006479512064569746
3157807.0,Santa Luzia,31,Minas Gerais,384,216561,88204,76.1997098,0.19843674427083333,0.0727266,0.41199163978874787,2842.018697556772,1157.5372167624712,0.10817967968672967
3157906.0,Santa Margarida,31,Minas Gerais,20,9012,3609,4.4029074,0.22014537,0.1442842,0.2388230464454496,2046.8293291837115,819.6856468069258,0.005634358317017171
3158003.0,Santa Maria de Itabira,31,Minas Gerais,12,6743,2645,3.9105,0.32587499999999997,0.22340205000000002,0.26103180816387106,1724.3319268635726,676.3840941056131,0.0033806149902103023
3158102.0,Santa Maria do Salto,31,Minas Gerais,8,3357,1588,0.9296209,0.1162026125,0.1117721,0.05051212436136885,3611.149448124499,1708.2232122793282,0.0022537433268068684
3158201.0,Santa Maria do Suaçuí,31,Minas Gerais,22,10112,4657,13.613138900000001,0.618779040909091,0.2725856,0.9490269692942847,742.8117845767371,342.09597317779514,0.006197794148718887
3158300.0,Santana da Vargem,31,Minas Gerais,10,5643,2221,4.6274271,0.46274271,0.1776939,0.7037868288478384,1219.468157585886,479.9643413075054,0.0028171791585085855
3158409.0,Santana de Cataguases,31,Minas Gerais,4,3006,1384,0.8907699,0.222692475,0.2401796,0.06497578875598586,3374.6088636358277,1553.71213149434,0.0011268716634034342
3158508.0,Santana de Pirapama,31,Minas Gerais,11,3094,1482,1.7743103,0.16130093636363638,0.1490562,0.0694843249979774,1743.7761591081335,835.254126631627,0.0030988970743594437
3158607.0,Santana do Deserto,31,Minas Gerais,5,2624,1212,1.1510852,0.23021704,0.1613834,0.11415957742251855,2279.5879922702507,1052.9194537467774,0.0014085895792542928
3158706.0,Santana do Garambéu,31,Minas Gerais,3,1668,844,1.3028612000000002,0.4342870666666667,0.3382061,0.21779029553316498,1280.2591711227565,647.8050002563588,0.0008451537475525756
3158805.0,Santana do Jacaré,31,Minas Gerais,7,4136,1963,1.3883995,0.1983427857142857,0.1792944,0.08995738652575874,2978.9696697528343,1413.8581870707962,0.0019720254109560098
3158904.0,Santana do Manhuaçu,31,Minas Gerais,10,4246,1833,2.6743451,0.26743451,0.1369499,0.2991320430122956,1587.6784189145972,685.4014465074084,0.0028171791585085855
3158953.0,Santana do Paraíso,31,Minas Gerais,74,43623,19305,35.4245335,0.4787099121621622,0.11153015,1.0762353527718596,1231.4347061197009,544.9613048538804,0.02084712577296353
3159001.0,Santana do Riacho,31,Minas Gerais,18,3480,2046,5.0967458,0.28315254444444443,0.2519878,0.16165107304429147,682.7886138641641,401.43261608220683,0.005070922485315454
3159100.0,Santana dos Montes,31,Minas Gerais,5,2210,1118,2.3178561,0.46357122000000006,0.3445023,0.23462962660979536,953.4673010977687,482.34228173181236,0.0014085895792542928
3159209.0,Santa Rita de Caldas,31,Minas Gerais,15,5395,2738,2.9295683,0.19530455333333335,0.1715226,0.09697335218833403,1841.5682610984013,934.6086930282527,0.004225768737762878
3159308.0,Santa Rita de Jacutinga,31,Minas Gerais,10,3752,2135,1.6241807,0.16241807,0.15194455,0.10357884916635623,2310.0877876457957,1314.5089090148651,0.0028171791585085855
3159357.0,Santa Rita de Minas,31,Minas Gerais,7,4840,2224,0.7633700999999999,0.10905287142857142,0.1092213,0.06543042589607972,6340.305966922205,2913.3967914121868,0.0019720254109560098
3159407.0,Santa Rita de Ibitipoca,31,Minas Gerais,6,2253,1120,1.7557242,0.2926207,0.2322513,0.21643636413248124,1283.2311589713236,637.9134034833033,0.0016903074951051512
3159506.0,Santa Rita do Itueto,31,Minas Gerais,5,2715,1308,1.2935191,0.25870382,0.2238885,0.12300357176707107,2098.9253270400104,1011.1949641872317,0.0014085895792542928
3159605.0,Santa Rita do Sapucaí,31,Minas Gerais,68,36394,15027,23.745506300000002,0.34919862205882357,0.08679424999999999,1.2141306418763302,1532.668941238789,632.8355272845877,0.01915681827785838
3159704.0,Santa Rosa da Serra,31,Minas Gerais,5,2927,1302,3.2965181,0.65930362,0.5940387,0.5094293554036488,887.9065460007636,394.9621875275006,0.0014085895792542928
3159803.0,Santa Vitória,31,Minas Gerais,55,18017,8634,8.3191299,0.15125690727272728,0.1259574,0.10740336072074776,2165.731298413792,1037.8489221571117,0.01549448537179722
3159902.0,Santo Antônio do Amparo,31,Minas Gerais,38,15716,6212,8.5350089,0.22460549736842103,0.10283125,0.2579102705866147,1841.3571894459303,727.8258374165258,0.010705280802332625
3160009.0,Santo Antônio do Aventureiro,31,Minas Gerais,5,3063,1395,1.7358692,0.34717384,0.3247504,0.2797135384273221,1764.5338715612904,803.6319787228208,0.0014085895792542928
3160108.0,Santo Antônio do Grama,31,Minas Gerais,6,3682,1491,1.1222010999999998,0.18703351666666665,0.18218735,0.07286676960284205,3281.0518542532177,1328.6388687375197,0.0016903074951051512
3160207.0,Santo Antônio do Itambé,31,Minas Gerais,3,1323,674,2.4536352,0.8178784,0.3473908,0.8661857966742528,539.1999593093545,274.6944615075623,0.0008451537475525756
3160306.0,Santo Antônio do Jacinto,31,Minas Gerais,15,6611,2966,1.5063821,0.10042547333333333,0.1052015,0.04325694900885813,4388.660752142501,1968.955950817525,0.004225768737762878
3160405.0,Santo Antônio do Monte,31,Minas Gerais,60,24312,10278,8.4417001,0.14069500166666668,0.1125211,0.09550565325197564,2879.988593766793,1217.5272608890714,0.016903074951051512
3160454.0,Santo Antônio do Retiro,31,Minas Gerais,3,1991,844,2.3159468,0.7719822666666666,0.4732915,0.5262681977286519,859.6915956791408,364.4297874199874,0.0008451537475525756
3160504.0,Santo Antônio do Rio Abaixo,31,Minas Gerais,3,1061,568,1.3630817,0.45436056666666663,0.5433217,0.24982430199356775,778.3832766590587,416.70282859787494,0.0008451537475525756
3160603.0,Santo Hipólito,31,Minas Gerais,10,2070,1147,2.7727269,0.27727269,0.16400635,0.3069182889786192,746.5574774060872,413.6721867559333,0.0028171791585085855
3160702.0,Santos Dumont,31,Minas Gerais,81,39586,18221,28.293445,0.34930179012345675,0.1380319,0.5581279643149737,1399.1226589763107,644.0007570658152,0.022819151183919542
3160801.0,São Bento Abade,31,Minas Gerais,6,4342,1661,1.1457793,0.19096321666666669,0.20330515,0.06397995496245419,3789.5605200757245,1449.6683610883877,0.0016903074951051512
3160900.0,São Brás do Suaçuí,31,Minas Gerais,14,3682,1932,6.383264,0.45594742857142856,0.40353209999999995,0.3691494816238068,576.8208866185074,302.6664728264412,0.0039440508219120195
3160959.0,São Domingos das Dores,31,Minas Gerais,4,2773,1224,0.9033243,0.225831075,0.2274074,0.14281665923267672,3069.7723951409257,1354.995099766496,0.0011268716634034342
3161007.0,São Domingos do Prata,31,Minas Gerais,24,12073,5376,6.445406,0.2685585833333333,0.1676554,0.23171597330372345,1873.117069739284,834.0824456985332,0.006761229980420605
3161056.0,São Félix de Minas,31,Minas Gerais,5,2350,1088,1.0078084,0.20156168000000002,0.1779054,0.08644433777580231,2331.792431974173,1079.5702833991063,0.0014085895792542928
3161106.0,São Francisco,31,Minas Gerais,67,36933,14047,29.3511846,0.4380773820895522,0.1814801,0.7171343078402667,1258.3137785859587,478.58375024495604,0.018875100362007523
3161205.0,São Francisco de Paula,31,Minas Gerais,12,4928,2210,5.1560655,0.429672125,0.2725472,0.4773890677684667,955.7675324334028,428.62139745897326,0.0033806149902103023
3161304.0,São Francisco de Sales,31,Minas Gerais,11,4559,2247,2.9745622,0.2704147454545454,0.1607712,0.2074256146871276,1532.6625208913097,755.4052828345631,0.0030988970743594437
3161403.0,São Francisco do Glória,31,Minas Gerais,7,3152,1442,1.9794257,0.2827751,0.2335381,0.20319843403479598,1592.3810628507047,728.4941283726891,0.0019720254109560098
3161502.0,São Geraldo,31,Minas Gerais,18,8415,3759,5.352111,0.2973395,0.21527,0.20400046576421166,1572.276808160369,702.3396936274304,0.005070922485315454
3161601.0,São Geraldo da Piedade,31,Minas Gerais,4,1512,713,0.7250179,0.181254475,0.2036299,0.06699624369825395,2085.465751949021,983.4239954627327,0.0011268716634034342
3161650.0,São Geraldo do Baixio,31,Minas Gerais,6,2344,1215,1.308837,0.21813950000000001,0.22824215,0.13997720574687866,1790.902916100324,928.305052500808,0.0016903074951051512
3161700.0,São Gonçalo do Abaeté,31,Minas Gerais,16,6230,3061,10.6988951,0.66868094375,0.19638895,1.1226365804693004,582.3031202539784,286.1043099674844,0.004507486653613737
3161809.0,São Gonçalo do Pará,31,Minas Gerais,34,10283,4729,11.4462109,0.3366532617647059,0.21693279999999998,0.5752779128544647,898.3758983507809,413.1498223573707,0.00957840913892919
3161908.0,São Gonçalo do Rio Abaixo,31,Minas Gerais,19,8354,3820,15.7437162,0.8286166421052631,0.5996966,0.760146053135996,530.6244023885542,242.6364875657502,0.0053526404011663125
3162005.0,São Gonçalo do Sapucaí,31,Minas Gerais,37,20982,8524,17.7170762,0.4788398972972973,0.140776,1.2339532682273469,1184.2811851765925,481.1177591480924,0.010423562886481766
3162104.0,São Gotardo,31,Minas Gerais,68,38315,15182,16.8437729,0.24770254264705885,0.10813239999999999,0.3932606242929017,2274.727890685346,901.3420027765869,0.01915681827785838
3162203.0,São João Batista do Glória,31,Minas Gerais,22,6484,2882,5.3667067,0.24394121363636365,0.12973055,0.33559023935439525,1208.1897451187335,537.0146276113803,0.006197794148718887
3162252.0,São João da Lagoa,31,Minas Gerais,7,2822,1384,1.7298056000000002,0.24711508571428573,0.2719881,0.09044330415106157,1631.3971928406288,800.0899060564955,0.0019720254109560098
3162302.0,São João da Mata,31,Minas Gerais,4,1774,869,0.651119,0.16277975,0.163891,0.05804579225344418,2724.540368196904,1334.625467848427,0.0011268716634034342
3162401.0,São João da Ponte,31,Minas Gerais,15,9239,4075,5.6027973,0.37351982,0.3069079,0.29093378118721747,1648.9977247615222,727.315264466198,0.004225768737762878
3162450.0,São João das Missões,31,Minas Gerais,12,5126,1937,6.6790573,0.5565881083333334,0.20691759999999998,0.618995027244955,767.4735774463261,290.01098702956176,0.0033806149902103023
3162500.0,São João del Rei,31,Minas Gerais,174,85789,41806,56.089515999999996,0.32235354022988505,0.09856065,0.6928956037382805,1529.5015203910834,745.3442814518136,0.049018917358049384
3162559.0,São João do Manhuaçu,31,Minas Gerais,11,5976,2461,4.0682881,0.3698443727272727,0.1630215,0.48896284635196385,1468.9225180488077,604.9227437948655,0.0030988970743594437
3162575.0,São João do Manteninha,31,Minas Gerais,11,4708,2436,2.4708753,0.22462502727272726,0.2131609,0.08190889075499791,1905.3976540216336,985.8854471530798,0.0030988970743594437
3162609.0,São João do Oriente,31,Minas Gerais,13,5932,3035,1.8339023,0.1410694076923077,0.1619099,0.08375502511047184,3234.6325101397165,1654.9409420556372,0.003662332906061161
3162658.0,São João do Pacuí,31,Minas Gerais,4,2065,938,1.0508826,0.26272065,0.27581195000000003,0.07920686466355047,1965.0149312587344,892.5830535209166,0.0011268716634034342
3162708.0,São João do Paraíso,31,Minas Gerais,27,14993,5421,7.952253600000001,0.29452791111111115,0.2018342,0.2725168759679316,1885.3774985244434,681.6935516241584,0.00760638372797318
3162807.0,São João Evangelista,31,Minas Gerais,27,11595,5616,12.1780097,0.4510373962962963,0.3277719,0.6572675931829601,952.1260276217386,461.1591005712534,0.00760638372797318
3162906.0,São João Nepomuceno,31,Minas Gerais,53,24656,11789,11.0691832,0.20885251320754716,0.0863817,0.32849819650340256,2227.4452915369584,1065.0288993319762,0.014931049540095503
3162922.0,São Joaquim de Bicas,31,Minas Gerais,47,31437,15128,37.4898029,0.7976553808510638,0.5169347,0.8228526588814445,838.5480202137845,403.52306039997876,0.013240742044990352
3162948.0,São José da Barra,31,Minas Gerais,22,6014,2833,15.7936217,0.7178918954545455,0.30682675000000004,1.2427835422477933,380.78663109931273,179.37620982779399,0.006197794148718887
3162955.0,São José da Lapa,31,Minas Gerais,71,25622,10516,18.7399341,0.2639427338028169,0.1111222,0.46896083193674654,1367.2406670843095,561.1545880516197,0.020001972025410954
3163003.0,São José da Safira,31,Minas Gerais,5,2801,1189,0.7175938,0.14351876,0.1213909,0.04669486087449025,3903.322464603234,1656.9262443460354,0.0014085895792542928
3163102.0,São José da Varginha,31,Minas Gerais,9,3312,1602,4.9648623,0.5516513666666667,0.3175682,0.5959970839360017,667.0879875157867,322.6675591788316,0.002535461242657727
3163201.0,São José do Alegre,31,Minas Gerais,4,3043,1260,1.6771562,0.41928905,0.3365669,0.36986684208344045,1814.3807953009982,751.2717062370219,0.0011268716634034342
3163300.0,São José do Divino,31,Minas Gerais,5,2632,1270,0.8726689,0.17453378,0.2058844,0.07002776228391137,3016.035062095143,1455.3056720595864,0.0014085895792542928
3163409.0,São José do Goiabal,31,Minas Gerais,9,4174,1836,1.7410659,0.19345176666666666,0.1472247,0.17525167685913878,2397.3819715841887,1054.5264254500648,0.002535461242657727
3163508.0,São José do Jacuri,31,Minas Gerais,7,2189,1057,2.1713532,0.3101933142857143,0.2897371,0.1974259346681807,1008.1270978853187,486.7932126380913,0.0019720254109560098
3163607.0,São José do Mantimento,31,Minas Gerais,5,1648,778,1.1617777,0.23235554,0.2002481,0.09629119195065557,1418.5157797399622,669.6633960180162,0.0014085895792542928
3163706.0,São Lourenço,31,Minas Gerais,108,44244,22127,27.7245892,0.25670915925925925,0.0734383,0.5927418167024581,1595.8396959764511,798.1001933114305,0.03042553491189272
3163805.0,São Miguel do Anta,31,Minas Gerais,10,3570,1582,1.2427322,0.12427322,0.0911023,0.07217442962822468,2872.7025822618903,1273.0015364533083,0.0028171791585085855
3163904.0,São Pedro da União,31,Minas Gerais,5,3156,1588,1.5870199,0.31740398000000003,0.2344313,0.15184530062269624,1988.6329087618876,1000.6175725962856,0.0014085895792542928
3164001.0,São Pedro dos Ferros,31,Minas Gerais,15,6170,2666,1.8934682,0.12623121333333334,0.1134572,0.08558339038969007,3258.5707011081568,1407.9982964593755,0.004225768737762878
3164100.0,São Pedro do Suaçuí,31,Minas Gerais,4,2755,1230,2.5319411,0.632985275,0.5198337500000001,0.3486800732712953,1088.0979814261873,485.79329116305274,0.0011268716634034342
3164209.0,São Romão,31,Minas Gerais,12,7435,2569,3.0948016,0.25790013333333334,0.24798130000000002,0.12655299207570453,2402.4157154371383,830.1016776002701,0.0033806149902103023
3164308.0,São Roque de Minas,31,Minas Gerais,14,4747,2431,4.4413612,0.31724008571428575,0.26728915000000003,0.307530699050182,1068.8164700497675,547.3547163873994,0.0039440508219120195
3164407.0,São Sebastião da Bela Vista,31,Minas Gerais,15,4785,2208,6.2145567,0.41430378,0.1676172,0.5753943008325002,769.9664241537936,355.2948515217505,0.004225768737762878
3164431.0,São Sebastião da Vargem Alegre,31,Minas Gerais,4,1951,887,0.7859932000000001,0.19649830000000001,0.1704418,0.07788953565959078,2482.209769753733,1128.5084909131529,0.0011268716634034342
3164472.0,São Sebastião do Anta,31,Minas Gerais,7,4668,2261,1.4385196,0.2055028,0.1888317,0.1311391765235698,3245.0027097301977,1571.7547400814003,0.0019720254109560098
3164506.0,São Sebastião do Maranhão,31,Minas Gerais,9,3771,1524,2.2526168,0.2502907555555556,0.1912802,0.12142519805556333,1674.0530391143313,676.5464947256008,0.002535461242657727
3164605.0,São Sebastião do Oeste,31,Minas Gerais,16,6527,2623,3.6906724,0.230667025,0.1755971,0.1393015227540245,1768.512426082575,710.7106011359881,0.004507486653613737
3164704.0,São Sebastião do Paraíso,31,Minas Gerais,178,66696,27675,25.838308,0.14515903370786518,0.0872078,0.18191336915141798,2581.2835732123017,1071.0840663405668,0.05014578902145282
3164803.0,São Sebastião do Rio Preto,31,Minas Gerais,2,811,483,1.4985837000000002,0.7492918500000001,0.7492918500000001,0.5301641279283662,541.1776466005869,322.30431973869725,0.0005634358317017171
3164902.0,São Sebastião do Rio Verde,31,Minas Gerais,5,1608,755,1.7374616,0.34749232,0.17603,0.39795817800389777,925.488079851664,434.54197779104874,0.0014085895792542928
3165008.0,São Tiago,31,Minas Gerais,15,9227,4211,7.8444664,0.5229644266666666,0.2926151,0.566079445261268,1176.2431667754993,536.8115286974778,0.004225768737762878
3165107.0,São Tomás de Aquino,31,Minas Gerais,15,5405,2342,2.4304047,0.16202698,0.0924368,0.12309339664032812,2223.9094583712745,963.6255229427428,0.004225768737762878
3165206.0,São Tomé das Letras,31,Minas Gerais,11,4004,2189,1.0022249,0.09111135454545455,0.0742701,0.07702079210051484,3995.1112769199804,2184.1405057886705,0.0030988970743594437
3165305.0,São Vicente de Minas,31,Minas Gerais,10,6029,2692,2.3545055,0.23545055,0.20050065,0.14849841915079434,2560.6226020707954,1143.3398647826475,0.0028171791585085855
3165404.0,Sapucaí-Mirim,31,Minas Gerais,9,4282,1994,2.000782,0.22230911111111112,0.1878513,0.09223952421999537,2140.1631961902895,996.6103253627831,0.002535461242657727
3165503.0,Sardoá,31,Minas Gerais,8,2247,1129,1.4607689000000001,0.18259611250000002,0.17330405,0.09145368313700716,1538.2309960186035,772.8806384089912,0.0022537433268068684
3165537.0,Sarzedo,31,Minas Gerais,83,36477,14982,15.843205,0.19088198795180722,0.0802861,0.3102540318529779,2302.3750560571552,945.6419960481481,0.023382587015621258
3165552.0,Setubinha,31,Minas Gerais,4,3460,1478,2.6361194,0.65902985,0.6295868,0.2051227338001731,1312.535388192204,560.6726311410629,0.0011268716634034342
3165560.0,Sem-Peixe,31,Minas Gerais,4,1455,700,0.6611008,0.1652752,0.16483475,0.07882023954996162,2200.8746623812885,1058.8400437573212,0.0011268716634034342
3165578.0,Senador Amaral,31,Minas Gerais,9,3933,1590,2.095528,0.23283644444444443,0.1626427,0.29213493048201683,1876.8539480264642,758.7586517574568,0.002535461242657727
3165602.0,Senador Cortes,31,Minas Gerais,4,1847,773,0.5981191,0.149529775,0.1550946,0.08503379407531161,3088.013741744746,1292.3847441086566,0.0011268716634034342
3165701.0,Senador Firmino,31,Minas Gerais,15,6172,3118,7.3737753999999995,0.49158502666666665,0.4291396,0.32607317546307973,837.0203410318139,422.84987416351197,0.004225768737762878
3165800.0,Senador José Bento,31,Minas Gerais,1,725,323,0.3685561,0.3685561,0.3685561,0.0,1967.136075077851,876.3930375864081,0.00028171791585085854
3165909.0,Senador Modestino Gonçalves,31,Minas Gerais,5,1921,1010,1.8279439,0.36558878,0.2008351,0.2806477793967859,1050.9075251160607,552.5333682286421,0.0014085895792542928
3166006.0,Senhora de Oliveira,31,Minas Gerais,11,3670,1743,2.1105952,0.19187229090909091,0.1394983,0.1427212502588487,1738.845989984247,825.8333952431996,0.0030988970743594437
3166105.0,Senhora do Porto,31,Minas Gerais,4,1602,788,2.3855175,0.596379375,0.48356659999999996,0.460990229002896,671.5523990077625,330.32664820107163,0.0011268716634034342
3166204.0,Senhora dos Remédios,31,Minas Gerais,10,5377,2589,4.9012134,0.49012133999999996,0.45085705,0.2751281554409153,1097.0752671165064,528.2365383233466,0.0028171791585085855
3166303.0,Sericita,31,Minas Gerais,9,4042,1661,1.9742512,0.21936124444444446,0.1638826,0.15750638942337478,2047.3585124324604,841.331640066877,0.002535461242657727
3166402.0,Seritinga,31,Minas Gerais,4,1564,721,1.4544421,0.363610525,0.36315415,0.2236624989409173,1075.3264086621255,495.72272419782126,0.0011268716634034342
3166501.0,Serra Azul de Minas,31,Minas Gerais,4,1974,879,0.7193204,0.1798301,0.15408529999999998,0.10332860067303082,2744.256940300873,1221.9867530519084,0.0011268716634034342
3166600.0,Serra da Saudade,31,Minas Gerais,1,542,273,0.5411366,0.5411366,0.5411366,0.0,1001.5955305924605,504.4936897633611,0.00028171791585085854
3166709.0,Serra dos Aimorés,31,Minas Gerais,13,5900,2783,2.5807572,0.1985197846153846,0.1470539,0.12416445831204305,2286.150746765329,1078.3656827538832,0.003662332906061161
3166808.0,Serra do Salitre,31,Minas Gerais,17,9177,3901,4.7118212,0.27716595294117646,0.1564175,0.2539205927225703,1947.6545502193503,827.9176637687356,0.004789204569464595
3166907.0,Serrania,31,Minas Gerais,16,6903,2892,2.1975454,0.1373465875,0.1105176,0.07324979392586144,3141.232030974195,1316.013766996577,0.004507486653613737
3166956.0,Serranópolis de Minas,31,Minas Gerais,6,2003,858,1.0829864,0.18049773333333333,0.1472403,0.10145797313539562,1849.5153771090754,792.2537162054851,0.0016903074951051512
3167004.0,Serranos,31,Minas Gerais,3,1595,772,1.0458061,0.34860203333333334,0.2819514,0.1436710897105724,1525.1393159783634,738.18655293749,0.0008451537475525756
3167103.0,Serro,31,Minas Gerais,25,14286,6573,15.2268211,0.6090728440000001,0.4805121,0.5419984860847453,938.212901181324,431.67250451244877,0.007042947896271463
3167202.0,Sete Lagoas,31,Minas Gerais,528,219933,91439,72.9593718,0.1381806284090909,0.0754541,0.31783051955749037,3014.4585208722974,1253.2865585884883,0.1487470595692533
3167301.0,Silveirânia,31,Minas Gerais,3,1661,813,2.1529534999999997,0.7176511666666666,0.6832767,0.42071253835958267,771.498316150349,377.6207893017662,0.0008451537475525756
3167400.0,Silvianópolis,31,Minas Gerais,11,3825,1768,2.0192155,0.18356504545454547,0.1134517,0.2245863017301962,1894.300038802198,875.5875734907938,0.0030988970743594437
3167509.0,Simão Pereira,31,Minas Gerais,4,1827,1096,5.0988254,1.27470635,0.95410325,1.253273471077664,358.3178196295955,214.95146705749133,0.0011268716634034342
3167608.0,Simonésia,31,Minas Gerais,18,9535,4415,3.4929132000000003,0.19405073333333334,0.19559985,0.11686294768906717,2729.8130397285563,1263.9878941165787,0.005070922485315454
3167707.0,Sobrália,31,Minas Gerais,9,3728,1843,1.3737371999999999,0.15263746666666667,0.143705,0.05064653567626812,2713.7650490938154,1341.595757907699,0.002535461242657727
3167806.0,Soledade de Minas,31,Minas Gerais,10,3751,1679,2.6767334,0.26767334,0.1660995,0.2601373913577473,1401.3349256224024,627.2570888083214,0.0028171791585085855
3167905.0,Tabuleiro,31,Minas Gerais,7,2934,1563,1.8600062,0.26571517142857143,0.2238755,0.11276647065432341,1577.4140967917203,840.3197795792294,0.0019720254109560098
3168002.0,Taiobeiras,31,Minas Gerais,42,28730,11738,10.3101537,0.24547985000000003,0.1424855,0.23319635980208295,2786.573395118251,1138.4893321231475,0.011832152465736058
3168051.0,Taparuba,31,Minas Gerais,4,2464,1179,1.0471953,0.261798825,0.23759770000000002,0.10017009929542764,2352.9517368918673,1125.8644877416848,0.0011268716634034342
3168101.0,Tapira,31,Minas Gerais,6,2601,1254,3.9473941,0.6578990166666666,0.50938685,0.4900773778260099,658.9157135336449,317.6779333991506,0.0016903074951051512
3168200.0,Tapiraí,31,Minas Gerais,3,988,503,1.3900599000000002,0.4633533000000001,0.1805471,0.5102143884243564,710.7607377207269,361.854909993447,0.0008451537475525756
3168309.0,Taquaraçu de Minas,31,Minas Gerais,7,2182,1606,11.0408889,1.577269842857143,0.9173688,1.2474877414975694,197.6290151782978,145.45930264727144,0.0019720254109560098
3168408.0,Tarumirim,31,Minas Gerais,21,9970,4498,4.5872326,0.21843964761904763,0.1723173,0.21011374487537127,2173.4236890451116,980.5476181870524,0.005916076232868029
3168507.0,Teixeiras,31,Minas Gerais,20,8790,4158,5.2266711,0.261333555,0.20065165000000001,0.2245736440001703,1681.7587775898123,795.535039501529,0.005634358317017171
3168606.0,Teófilo Otoni,31,Minas Gerais,206,116963,50543,42.2976127,0.20532821699029127,0.10832259999999999,0.29951759319619553,2765.2388050732707,1194.9374154631662,0.05803389066527686
3168705.0,Timóteo,31,Minas Gerais,159,81448,33051,52.6030839,0.3308370056603774,0.1149156,0.5925015823127239,1548.3502859800963,628.3091702918201,0.04479314862028651
3168804.0,Tiradentes,31,Minas Gerais,17,6236,3549,9.7239344,0.5719961411764706,0.5196933,0.3477924978229081,641.3042029571899,364.97572422948474,0.004789204569464595
3168903.0,Tiros,31,Minas Gerais,16,6009,2801,3.1568306,0.1973019125,0.1551641,0.11827482301966537,1903.4914321978506,887.2823267742019,0.004507486653613737
3169000.0,Tocantins,31,Minas Gerais,28,13738,6084,7.6270137,0.27239334642857144,0.11959170000000001,0.36213496238567117,1801.2292281578043,797.6909756960316,0.007888101643824039
3169059.0,Tocos do Moji,31,Minas Gerais,7,2068,919,2.0901097,0.29858710000000005,0.1618844,0.30346701499848927,989.4217514037659,439.6898402031242,0.0019720254109560098
3169109.0,Toledo,31,Minas Gerais,11,4135,1780,2.3533231,0.21393846363636362,0.1180104,0.16466639440602487,1757.089793577431,756.3772267394987,0.0030988970743594437
3169208.0,Tombos,31,Minas Gerais,15,7367,3484,6.5486168,0.4365744533333333,0.3821098,0.5637658352715068,1124.9703906938028,532.0207467323481,0.004225768737762878
3169307.0,Três Corações,31,Minas Gerais,126,69324,28768,26.8537379,0.21312490396825395,0.13466655,0.23225196866602246,2581.5400544294434,1071.2847539932234,0.03549645739720818
3169356.0,Três Marias,31,Minas Gerais,78,26914,12870,40.1917877,0.5152793294871795,0.1653017,0.786041244235546,669.6392855399164,320.2146691275442,0.021973997436366965
3169406.0,Três Pontas,31,Minas Gerais,95,50712,20252,18.0445344,0.18994246736842105,0.102967,0.2933294984130922,2810.38007830227,1122.3343063925217,0.02676320200583156
3169505.0,Tumiritinga,31,Minas Gerais,9,4231,2026,2.246714,0.24963488888888888,0.2117411,0.14935403934552993,1883.1947457486801,901.7614168959645,0.002535461242657727
3169604.0,Tupaciguara,31,Minas Gerais,85,23442,10663,11.7671395,0.13843693529411766,0.0952866,0.1663957276724388,1992.1579071957121,906.16755244552,0.023946022847322977
3169703.0,Turmalina,31,Minas Gerais,34,16370,7257,13.9314549,0.4097486735294118,0.31410235,0.38504188015771723,1175.03879655814,520.9075471363726,0.00957840913892919
3169802.0,Turvolândia,31,Minas Gerais,8,3261,1475,2.4921112,0.3115139,0.23092435,0.26407885286890026,1308.5290897131717,591.867650207583,0.0022537433268068684
3169901.0,Ubá,31,Minas Gerais,217,99163,44666,81.6166803,0.3761137341013825,0.0920169,0.8619658763602123,1214.9844815484366,547.2655814451203,0.061132787739636305
3170008.0,Ubaí,31,Minas Gerais,12,6116,2462,3.1558555999999998,0.26298796666666663,0.23664485,0.1366526300550037,1937.9847417606816,780.1370886551338,0.0033806149902103023
3170057.0,Ubaporanga,31,Minas Gerais,11,6357,2866,1.8805052999999998,0.17095502727272727,0.1760102,0.10109012298978659,3380.474386325846,1524.0584538634378,0.0030988970743594437
3170107.0,Uberaba,31,Minas Gerais,835,330362,146574,189.4410853,0.22687555125748501,0.0762545,2.017418130072577,1743.8772559650238,773.7181180517656,0.2352344597354669
3170206.0,Uberlândia,31,Minas Gerais,1924,703198,326149,241.4324837,0.12548465888773389,0.059266849999999996,0.40578635781154493,2912.607240017388,1350.8911270004053,0.5420252700970518
3170305.0,Umburatiba,31,Minas Gerais,5,2198,1046,1.2507817,0.25015634000000003,0.2216915,0.1361942119376701,1757.3010542127374,836.2770257991461,0.0014085895792542928
3170404.0,Unaí,31,Minas Gerais,167,72817,30674,41.5404133,0.24874498982035925,0.0829674,0.48877796924129635,1752.9194876835759,738.4134524246537,0.047046891947093376
3170438.0,União de Minas,31,Minas Gerais,7,2366,1164,1.1813461,0.16876372857142857,0.1730554,0.039142732489429594,2002.800026173532,985.3166654547723,0.0019720254109560098
3170479.0,Uruana de Minas,31,Minas Gerais,12,2349,1174,1.1603736,0.0966978,0.097602,0.04913339871810953,2024.3480203272463,1011.7431144589983,0.0033806149902103023
3170503.0,Urucânia,31,Minas Gerais,11,8730,3337,2.5426694000000003,0.23115176363636367,0.1735171,0.11322322260219654,3433.3995603203466,1312.4002672152344,0.0030988970743594437
3170529.0,Urucuia,31,Minas Gerais,12,9129,2635,2.8745656,0.23954713333333333,0.17224299999999998,0.1478468573685828,3175.7841950101956,916.6602425075984,0.0033806149902103023
3170578.0,Vargem Alegre,31,Minas Gerais,8,5007,2373,1.317001,0.164625125,0.1340009,0.08035036336658437,3801.8194367354313,1801.8209553371637,0.0022537433268068684
3170602.0,Vargem Bonita,31,Minas Gerais,5,1567,913,1.220261,0.2440522,0.189638,0.14702278815899592,1284.1515052927202,748.2005898738057,0.0014085895792542928
3170651.0,Vargem Grande do Rio Pardo,31,Minas Gerais,4,2711,1034,2.8107461,0.702686525,0.62547485,0.35690499453130264,964.5125897355155,367.87385384969497,0.0011268716634034342
3170701.0,Varginha,31,Minas Gerais,269,132780,57544,66.1908441,0.246062617472119,0.0816458,0.7115935813716736,2006.0176268397215,869.3649519420466,0.07578211936388095
3170750.0,Varjão de Minas,31,Minas Gerais,13,5887,2387,2.5467334,0.19590256923076924,0.1403697,0.10548468868456205,2311.5886413552357,937.2791042831574,0.003662332906061161
3170800.0,Várzea da Palma,31,Minas Gerais,50,30154,13466,13.237451,0.26474902,0.1591303,0.30986960887741155,2277.931000462249,1017.2653330312611,0.014085895792542926
3170909.0,Varzelândia,31,Minas Gerais,21,10046,4741,8.6167066,0.4103193619047619,0.3102007,0.43833834565315805,1165.8746742055716,550.2102160470452,0.005916076232868029
3171006.0,Vazante,31,Minas Gerais,30,17014,7629,8.0286234,0.26762078,0.16798375,0.2709540394280517,2119.1677766327907,950.2251656242836,0.008451537475525756
3171030.0,Verdelândia,31,Minas Gerais,10,4578,1902,2.5842823,0.25842823,0.203823,0.20398772313592822,1771.4782939928816,735.9877053679469,0.0028171791585085855
3171071.0,Veredinha,31,Minas Gerais,9,3852,1891,3.3784655,0.37538505555555557,0.2510196,0.24864982431310964,1140.162597486936,559.7215659002586,0.002535461242657727
3171105.0,Veríssimo,31,Minas Gerais,7,2173,1260,2.3802516000000002,0.3400359428571429,0.3024372,0.1179207301601639,912.9287004785543,529.3558042351489,0.0019720254109560098
3171154.0,Vermelho Novo,31,Minas Gerais,5,1978,918,0.9862805,0.1972561,0.1938238,0.05405250352254742,2005.5146583553055,930.7696948281954,0.0014085895792542928
3171204.0,Vespasiano,31,Minas Gerais,321,128378,52764,49.5420519,0.15433661028037382,0.0550198,0.4986570914263124,2591.2935592399235,1065.0346115357406,0.09043145098812559
3171303.0,Viçosa,31,Minas Gerais,157,71178,37352,35.8785558,0.22852583312101912,0.062373,0.5619739129273592,1983.859116202219,1041.0675448647796,0.04422971278858479
3171402.0,Vieiras,31,Minas Gerais,5,2142,1020,0.5737528,0.11475055999999999,0.1129549,0.07222291483364543,3733.31511410489,1777.7691019547096,0.0014085895792542928
3171501.0,Mathias Lobato,31,Minas Gerais,5,2674,1197,1.0239743,0.20479485999999997,0.1149027,0.15924432805670977,2611.3936648605345,1168.9746510239565,0.0014085895792542928
3171600.0,Virgem da Lapa,31,Minas Gerais,16,7554,3681,3.7942687,0.23714179375,0.16123690000000002,0.20936281056444087,1990.89748177297,970.1474226113718,0.004507486653613737
3171709.0,Virgínia,31,Minas Gerais,9,4914,2218,2.2347979,0.24831087777777774,0.3496857,0.1668439345784465,2198.856549847304,992.4834813922101,0.002535461242657727
3171808.0,Virginópolis,31,Minas Gerais,14,6451,2872,6.338374,0.452741,0.3087505,0.4321411737219323,1017.768910449273,453.11305391572034,0.0039440508219120195
3171907.0,Virgolândia,31,Minas Gerais,7,2877,1540,1.1568716,0.16526737142857145,0.2142437,0.08999092722639163,2486.8792699207065,1331.1762515390644,0.0019720254109560098
3172004.0,Visconde do Rio Branco,31,Minas Gerais,73,34811,15548,24.7064531,0.33844456301369863,0.1091874,0.8320509815499383,1408.984116785262,629.3092714307907,0.020565407857112673
3172103.0,Volta Grande,31,Minas Gerais,6,3655,1782,2.5917702,0.4319617,0.4242361,0.08220244316079664,1410.233052297615,687.5609573719152,0.0016903074951051512
3172202.0,Wenceslau Braz,31,Minas Gerais,3,1338,625,1.9346131999999998,0.6448710666666666,0.6407868,0.37358714469560284,691.6111189564923,323.06199502825683,0.0008451537475525756
3200102.0,Afonso Cláudio,32,Espírito Santo,40,16575,7707,8.9639077,0.2240976925,0.13563485,0.22766428232842342,1849.0819578608557,859.7812759718621,0.011268716634034342
3200136.0,Águia Branca,32,Espírito Santo,8,3363,1606,1.8452336,0.2306542,0.1841541,0.2097800851241196,1822.5334721847682,870.3505073829134,0.0022537433268068684
3200169.0,Água Doce do Norte,32,Espírito Santo,17,7442,3679,3.6242614,0.21319184705882352,0.2201838,0.0872852021480239,2053.383897750863,1015.1033807881518,0.004789204569464595
3200201.0,Alegre,32,Espírito Santo,68,22417,11577,16.244352,0.2388875294117647,0.07127205,0.9238548798207243,1379.9873334436486,712.6784743398814,0.01915681827785838
3200300.0,Alfredo Chaves,32,Espírito Santo,16,6994,3530,4.0581625,0.25363515625,0.2105306,0.21145457605043208,1723.4401037415332,869.8518110105251,0.004507486653613737
3200359.0,Alto Rio Novo,32,Espírito Santo,10,4277,2076,4.2720196,0.42720196,0.4159928,0.3580861770083012,1001.1658186212442,485.95282662092654,0.0028171791585085855
3200409.0,Anchieta,32,Espírito Santo,59,24069,14107,39.7085682,0.673026579661017,0.1676953,1.5150478392338962,606.141220674887,355.2633761294873,0.016621357035200655
3200508.0,Apiacá,32,Espírito Santo,14,5361,2719,2.8246935,0.20176382142857144,0.148661,0.16267795870765497,1897.9050293421215,962.582312027836,0.0039440508219120195
3200607.0,Aracruz,32,Espírito Santo,165,82350,36395,100.2914638,0.6078270533333333,0.1267329,2.520243811384735,821.1067710031768,362.8923003116044,0.04648345611539166
3200706.0,Atílio Vivácqua,32,Espírito Santo,20,7376,3188,17.2673756,0.8633687800000001,0.13208809999999999,1.6393406020688435,427.1639287211659,184.62562429000502,0.005634358317017171
3200805.0,Baixo Guandu,32,Espírito Santo,53,25792,11088,13.6143362,0.25687426792452833,0.1149433,0.4669104045652161,1894.4735623614172,814.4355947372594,0.014931049540095503
3200904.0,Barra de São Francisco,32,Espírito Santo,86,29428,13318,18.787322800000002,0.21845724186046514,0.061721,0.5577762679341888,1566.3753858532732,708.8822682069421,0.024227740763173834
3201001.0,Boa Esperança,32,Espírito Santo,19,10447,4442,6.5127134,0.3427743894736842,0.1783735,0.35660403528581625,1604.0933107850256,682.0505873941881,0.0053526404011663125
3201100.0,Bom Jesus do Norte,32,Espírito Santo,24,9680,4563,1.8200735,0.07583639583333333,0.06958585,0.05650524409151141,5318.466534455889,2507.0416112316343,0.006761229980420605
3201159.0,Brejetuba,32,Espírito Santo,11,4202,1907,3.5054453,0.31867684545454544,0.2002432,0.38684800990686863,1198.706481028245,544.010770899777,0.0030988970743594437
3201209.0,Cachoeiro de Itapemirim,32,Espírito Santo,371,173720,77750,134.0885482,0.3614246582210242,0.0677927,1.7486950849185132,1295.5617935462144,579.8407175237057,0.10451734678066851
3201308.0,Cariacica,32,Espírito Santo,720,349420,150505,122.9449121,0.17075682236111112,0.06632930000000001,0.6531900934705267,2842.0858905962,1224.166152378745,0.20283689941261815
3201407.0,Castelo,32,Espírito Santo,53,26725,11950,17.7332338,0.3345893169811321,0.1019015,0.8853789341030904,1507.0573309646434,673.8759627699715,0.014931049540095503
3201506.0,Colatina,32,Espírito Santo,277,107205,48606,84.2262586,0.3040659155234657,0.0582325,0.7802676341901823,1272.8215853577046,577.0884378330917,0.07803586269068781
3201605.0,Conceição da Barra,32,Espírito Santo,65,22975,11826,58.901806799999996,0.9061816430769231,0.1178366,5.373623009980872,390.05594646716344,200.77482580721107,0.018311664530305805
3201704.0,Conceição do Castelo,32,Espírito Santo,15,6743,3001,5.1104808,0.34069872,0.1659218,0.44605577227877846,1319.445324987817,587.2245914709238,0.004225768737762878
3201803.0,Divino de São Lourenço,32,Espírito Santo,5,2157,1033,1.0229084,0.20458168,0.2181959,0.10036853500025295,2108.6932124127634,1009.8655950034237,0.0014085895792542928
3201902.0,Domingos Martins,32,Espírito Santo,40,13487,6725,12.8417614,0.321044035,0.16880525,0.41678285790512226,1050.2453347248766,523.6820550177797,0.011268716634034342
3202009.0,Dores do Rio Preto,32,Espírito Santo,10,3835,1777,2.7465428999999997,0.27465428999999997,0.1851141,0.24494603041570628,1396.3007823398646,646.9951734596974,0.0028171791585085855
3202108.0,Ecoporanga,32,Espírito Santo,50,14760,7433,15.0098393,0.300196786,0.163364,0.38344831891587505,983.3549650328368,495.2084996672816,0.014085895792542926
3202207.0,Fundão,32,Espírito Santo,37,15550,9562,16.764340699999998,0.45309028918918914,0.2212853,0.5476978644671744,927.5640645981384,570.3773367001544,0.010423562886481766
3202256.0,Governador Lindenberg,32,Espírito Santo,11,5111,2147,5.6501462,0.5136496545454545,0.4463182,0.3513112166061977,904.5783629457234,379.9901673340771,0.0030988970743594437
3202306.0,Guaçuí,32,Espírito Santo,48,24261,10602,12.2405738,0.25501195416666667,0.0825681,0.42252894874250646,1982.0149280910343,866.1358669313362,0.01352245996084121
3202405.0,Guarapari,32,Espírito Santo,298,118113,81760,155.0155143,0.5201862895973155,0.075247,2.0474146863946516,761.9430902342914,527.4310792000514,0.08395193892355585
3202454.0,Ibatiba,32,Espírito Santo,35,16256,7255,6.0579109,0.17308316857142858,0.1090777,0.16265889966452493,2683.433326825589,1197.6075778862973,0.009860127054780048
3202504.0,Ibiraçu,32,Espírito Santo,18,9363,3764,3.6071057,0.2003947611111111,0.19986179999999998,0.15021844661707567,2595.7099066988803,1043.4958975557606,0.005070922485315454
3202553.0,Ibitirama,32,Espírito Santo,12,4418,2064,2.3716151,0.19763459166666666,0.14577365,0.12263668167041925,1862.8655214752173,870.2929914723514,0.0033806149902103023
3202603.0,Iconha,32,Espírito Santo,17,7914,3570,3.5071772,0.2063045411764706,0.1179401,0.18285346035358838,2256.5155818189055,1017.9126392587178,0.004789204569464595
3202652.0,Irupi,32,Espírito Santo,16,5820,2566,2.2955572,0.143472325,0.08309230000000001,0.1564710063927521,2535.3321624919645,1117.811396727557,0.004507486653613737
3202702.0,Itaguaçu,32,Espírito Santo,16,7986,3687,4.0273305,0.25170815625,0.22487995,0.1608388745610255,1982.9512377988349,915.4947675637746,0.004507486653613737
3202801.0,Itapemirim,32,Espírito Santo,66,26430,15644,29.2460471,0.44312192575757575,0.1391814,0.8983306836199293,903.7118729115361,534.9098955667072,0.018593382446156662
3202900.0,Itarana,32,Espírito Santo,14,5586,2428,4.682917,0.3344940714285714,0.272852,0.22239684976693364,1192.8462537345847,518.4802549351184,0.0039440508219120195
3203007.0,Iúna,32,Espírito Santo,51,17540,7859,10.357540499999999,0.20308902941176468,0.0402153,0.6051808792390583,1693.4522244928708,758.7708684315548,0.014367613708393786
3203056.0,Jaguaré,32,Espírito Santo,40,20676,8489,9.98624,0.24965600000000002,0.12678795,0.34046562232578653,2070.448937738328,850.0696959015605,0.011268716634034342
3203106.0,Jerônimo Monteiro,32,Espírito Santo,18,9085,4182,8.0976957,0.4498719833333333,0.28395159999999997,0.5307187689389021,1121.9241049030777,516.4432148271515,0.005070922485315454
3203130.0,João Neiva,32,Espírito Santo,26,11612,4903,6.5458348,0.2517628769230769,0.1820464,0.25363808035346475,1773.9524987706686,749.025930199155,0.007324665812122322
3203163.0,Laranja da Terra,32,Espírito Santo,8,3825,1837,2.1763534,0.272044175,0.3022924,0.12813782915373084,1757.5270633896132,844.0724746265932,0.0022537433268068684
3203205.0,Linhares,32,Espírito Santo,263,147814,63978,127.6670189,0.48542592737642587,0.0953788,2.07460552843802,1157.8088160402717,501.13177664243244,0.0740918118687758
3203304.0,Mantenópolis,32,Espírito Santo,20,8965,4407,4.7742996,0.23871498,0.13892945,0.22156405774000296,1877.762342354887,923.0673332691564,0.005634358317017171
3203320.0,Marataízes,32,Espírito Santo,90,34504,21974,23.3065461,0.25896162333333334,0.09204029999999999,0.4261164872763966,1480.442441018749,942.8252434194873,0.02535461242657727
3203346.0,Marechal Floriano,32,Espírito Santo,19,8903,4100,4.7879005,0.25199476315789476,0.1630568,0.19028888194115756,1859.4789093883635,856.325230651723,0.0053526404011663125
3203353.0,Marilândia,32,Espírito Santo,20,8270,3583,6.2465387,0.312326935,0.19408345,0.30842295633059225,1323.9332048002839,573.5976629745365,0.005634358317017171
3203403.0,Mimoso do Sul,32,Espírito Santo,35,15263,7381,9.0982858,0.25995102285714283,0.105196,0.45498489557509625,1677.5687569629877,811.2517195272103,0.009860127054780048
3203502.0,Montanha,32,Espírito Santo,28,15394,6673,4.9438417999999995,0.17656577857142855,0.12024835,0.12917398580276185,3113.772774848904,1349.7600186154825,0.007888101643824039
3203601.0,Mucurici,32,Espírito Santo,10,4197,2101,2.6209822,0.26209822,0.18637935,0.30271553142815194,1601.3080897687898,801.6078857765613,0.0028171791585085855
3203700.0,Muniz Freire,32,Espírito Santo,23,8834,4374,5.1411052,0.22352631304347828,0.1546094,0.33473153368143643,1718.3075732432007,850.7898262809327,0.006479512064569746
3203809.0,Muqui,32,Espírito Santo,27,9562,4129,3.11074,0.11521259259259259,0.0537677,0.12016865174810623,3073.866668381157,1327.3369037592342,0.00760638372797318
3203908.0,Nova Venécia,32,Espírito Santo,72,36160,15996,25.440086,0.3533345277777778,0.15115815,0.5628009449678039,1421.3788428230941,628.7714593417647,0.020283689941261816
3204005.0,Pancas,32,Espírito Santo,22,9428,4276,4.3172405,0.19623820454545451,0.1547964,0.15506007966245572,2183.8023617169347,990.4474860735695,0.006197794148718887
3204054.0,Pedro Canário,32,Espírito Santo,38,19782,8483,7.5041581,0.1974778447368421,0.10452900000000001,0.19951071467995074,2636.1384896728123,1130.4399356937856,0.010705280802332625
3204104.0,Pinheiros,32,Espírito Santo,37,18892,8009,6.2063716,0.16773977297297296,0.0831187,0.23494137875447269,3043.968556442866,1290.4480292478781,0.010423562886481766
3204203.0,Piúma,32,Espírito Santo,83,21760,16247,11.4946039,0.13848920361445782,0.0447125,0.31460414267605524,1893.0621872059464,1413.445834353631,0.023382587015621258
3204252.0,Ponto Belo,32,Espírito Santo,10,5429,2464,1.5752304,0.15752304,0.15830840000000002,0.061092979410098065,3446.479956201963,1564.215622044877,0.0028171791585085855
3204302.0,Presidente Kennedy,32,Espírito Santo,9,4743,2555,28.722430400000004,3.191381155555556,0.513192,8.119081506456963,165.13226540884924,88.95486783040475,0.002535461242657727
3204351.0,Rio Bananal,32,Espírito Santo,18,8535,3593,9.0718869,0.5039937166666667,0.32901919999999996,0.5988690984555092,940.8186074277446,396.058729524064,0.005070922485315454
3204401.0,Rio Novo do Sul,32,Espírito Santo,13,6956,2964,4.0361615,0.3104739615384616,0.1360402,0.34837179309600047,1723.4196401704935,734.3611002681631,0.003662332906061161
3204500.0,Santa Leopoldina,32,Espírito Santo,8,2831,1385,7.4390832,0.9298854,0.7092772,0.8308818007568791,380.557647211151,186.1788560181717,0.0022537433268068684
3204559.0,Santa Maria de Jetibá,32,Espírito Santo,39,17936,7912,25.754046499999998,0.6603601666666666,0.3837702,0.7614484642848126,696.434247721033,307.21385860664657,0.010986998718183483
3204609.0,Santa Teresa,32,Espírito Santo,32,14181,6747,9.8392195,0.307475609375,0.18333149999999998,0.2806749756186353,1441.2728570594445,685.7251228108083,0.009014973307227473
3204658.0,São Domingos do Norte,32,Espírito Santo,11,3906,1707,2.0684465,0.1880405909090909,0.1262678,0.214114309709643,1888.3737142826756,825.2570226012614,0.0030988970743594437
3204708.0,São Gabriel da Palha,32,Espírito Santo,68,25165,11258,14.2456386,0.20949468529411763,0.07022265,0.43305183016958176,1766.5055745552888,790.2769623820163,0.01915681827785838
3204807.0,São José do Calçado,32,Espírito Santo,21,9142,4425,3.7388749,0.1780416619047619,0.1899953,0.12463623263403976,2445.120589619086,1183.5111145334122,0.005916076232868029
3204906.0,São Mateus,32,Espírito Santo,219,100109,50787,69.8731006,0.31905525388127853,0.090016,0.922160596994119,1432.725886505171,726.8462335847738,0.06169622357133802
3204955.0,São Roque do Canaã,32,Espírito Santo,18,6153,2684,9.4884822,0.5271379,0.28266820000000004,0.6091431793972774,648.4704160587454,282.86926648816393,0.005070922485315454
3205002.0,Serra,32,Espírito Santo,998,518261,223536,202.7172249,0.20312347184368737,0.06454499999999999,0.907410740255395,2556.5711066519243,1102.6985995406649,0.2811544800191568
3205010.0,Sooretama,32,Espírito Santo,42,22192,8756,19.7326745,0.46982558333333335,0.1360604,0.9741450675542359,1124.6321424903654,443.731030986195,0.011832152465736058
3205036.0,Vargem Alta,32,Espírito Santo,26,10700,4812,18.0079129,0.6926120346153847,0.6685342,0.536548088431014,594.1832381919172,267.215863755094,0.007324665812122322
3205069.0,Venda Nova do Imigrante,32,Espírito Santo,40,19085,8166,18.4209206,0.460523015,0.31308335,0.5100158255078767,1036.0502829592567,443.3003201805235,0.011268716634034342
3205101.0,Viana,32,Espírito Santo,134,69782,28172,49.768295,0.3714051865671642,0.1008922,1.3055589609621503,1402.1376460656327,566.0631934447423,0.03775020072401505
3205150.0,Vila Pavão,32,Espírito Santo,11,4062,1911,8.0966579,0.7360598090909091,0.3426668,0.780992401739262,501.68848062606173,236.02331030930674,0.0030988970743594437
3205176.0,Vila Valério,32,Espírito Santo,13,4957,2300,2.673067,0.20562053846153847,0.1274366,0.20967197338736662,1854.4241502364139,860.4348488085035,0.003662332906061161
3205200.0,Vila Velha,32,Espírito Santo,938,458164,210383,117.0013677,0.12473493358208955,0.0390795,0.6288287155102953,3915.885848230131,1798.1242795335288,0.2642514050681053
3205309.0,Vitória,32,Espírito Santo,674,322869,148278,77.2251163,0.11457732388724035,0.031858,0.8109849475946316,4180.8807220922245,1920.0748034354208,0.18987787528347866
3300100.0,Angra dos Reis,33,Rio de Janeiro,503,163657,91242,158.8028827,0.31571149642147117,0.0840676,0.6105689036978152,1030.566934412457,574.5613583877341,0.14170411167298183
3300159.0,Aperibé,33,Rio de Janeiro,25,10126,4700,6.8021497,0.272085988,0.1196505,0.33961872600169013,1488.647037568138,690.958036398405,0.007042947896271463
3300209.0,Araruama,33,Rio de Janeiro,460,124455,80023,123.2170107,0.26786306673913046,0.14185325,0.48799480788041816,1010.0472271885752,649.4476659138753,0.12959024129139493
3300225.0,Areal,33,Rio de Janeiro,30,10876,5283,29.7764932,0.9925497733333334,0.60766875,1.2514122945054902,365.25456261585566,177.42183287050068,0.008451537475525756
3300233.0,Armação dos Búzios,33,Rio de Janeiro,173,40006,27542,70.8279844,0.40941031445086706,0.1376153,1.1385548317508714,564.8332412520269,388.8575996241395,0.04873719944219853
3300258.0,Arraial do Cabo,33,Rio de Janeiro,150,30986,26990,69.97541650000001,0.46650277666666673,0.058496,1.550845789085093,442.81265549880646,385.7068860747688,0.04225768737762878
3300308.0,Barra do Piraí,33,Rio de Janeiro,258,90389,40775,61.3589333,0.23782532286821703,0.11449590000000001,0.3637130193936212,1473.118829463093,664.5324129192448,0.0726832222895215
3300407.0,Barra Mansa,33,Rio de Janeiro,537,168071,74017,84.4116022,0.15719106554934825,0.0599088,0.3429963573806991,1991.0888505798316,876.8581340824259,0.15128252081191104
3300456.0,Belford Roxo,33,Rio de Janeiro,996,483087,199691,78.9854272,0.07930263775100402,0.05025575,0.16888974116891714,6116.153537750315,2528.2005438086685,0.2805910441874551
3300506.0,Bom Jardim,33,Rio de Janeiro,66,21765,10096,20.9697827,0.3177239803030303,0.1639986,0.4414022590733433,1037.9220572466877,481.45467907018417,0.018593382446156662
3300605.0,Bom Jesus do Itabapoana,33,Rio de Janeiro,85,31368,14581,13.2666334,0.15607804,0.0718455,0.24307649737113,2364.4280394451844,1099.0731077260339,0.023946022847322977
3300704.0,Cabo Frio,33,Rio de Janeiro,818,221102,154973,219.0303162,0.2677632227383863,0.0582882,1.0911399463820264,1009.4584340466747,707.5413243639375,0.23044525516600228
3300803.0,Cachoeiras de Macacu,33,Rio de Janeiro,141,48012,24319,39.0418181,0.2768923269503546,0.1051496,0.49418821776664895,1229.7583036994888,622.8961965272821,0.039722226134971055
3300902.0,Cambuci,33,Rio de Janeiro,28,12002,5679,5.2091203,0.18604001071428572,0.1390564,0.1211281741400722,2304.035865710377,1090.2032729019522,0.007888101643824039
3300936.0,Carapebus,33,Rio de Janeiro,44,11323,5328,14.462524,0.3286937272727273,0.13816705,0.4375083516967927,782.9200490868675,368.4004258177895,0.012395588297437775
3300951.0,Comendador Levy Gasparian,33,Rio de Janeiro,16,8469,3564,9.8801579,0.61750986875,0.51626225,0.5417811032383512,857.1725356737467,360.7229799434683,0.004507486653613737
3301009.0,Campos dos Goytacazes,33,Rio de Janeiro,1217,452346,215871,274.5862433,0.22562550805258832,0.0616141,0.6042630725087484,1647.373133350268,786.1682996411059,0.34285070359049485
3301108.0,Cantagalo,33,Rio de Janeiro,47,16586,7487,12.3884718,0.2635845063829787,0.1884153,0.2219170244397259,1338.8253424445782,604.3521849079077,0.013240742044990352
3301157.0,Cardoso Moreira,33,Rio de Janeiro,33,9237,4367,5.0532424,0.15312855757575758,0.1135511,0.16382317224080556,1827.9352678589096,864.1976090440467,0.009296691223078331
3301207.0,Carmo,33,Rio de Janeiro,51,15521,6977,9.0601923,0.17765082941176472,0.0708765,0.35436979571882776,1713.0982970416642,770.0719553160036,0.014367613708393786
3301306.0,Casimiro de Abreu,33,Rio de Janeiro,124,43723,22572,16.4042951,0.13229270241935484,0.08432295,0.1929116735046124,2665.338542952693,1375.9810989988837,0.034933021565506456
3301405.0,Conceição de Macabu,33,Rio de Janeiro,65,19013,9051,15.4271033,0.2373400507692308,0.1061574,0.2560294364037824,1232.4413488564635,586.6947166938332,0.018311664530305805
3301504.0,Cordeiro,33,Rio de Janeiro,66,20238,9304,9.771319,0.14805028787878788,0.06268365000000001,0.26016336283469427,2071.1635757669974,952.1744198505852,0.018593382446156662
3301603.0,Duas Barras,33,Rio de Janeiro,16,7899,3560,7.002797,0.4376748125,0.45475055,0.24856519900337049,1127.977863702175,508.3682991239072,0.004507486653613737
3301702.0,Duque de Caxias,33,Rio de Janeiro,1817,806209,353839,262.8917792,0.14468452350027516,0.0498472,0.5851895343400649,3066.6953620739164,1345.9492764542103,0.51188145310101
3301801.0,Engenheiro Paulo de Frontin,33,Rio de Janeiro,53,10109,5107,11.3571483,0.21428581698113208,0.1317487,0.19804727432648184,890.1002023544942,449.672740471303,0.014931049540095503
3301850.0,Guapimirim,33,Rio de Janeiro,114,50066,24624,62.2448925,0.5460078289473684,0.258592,0.8184544627025346,804.3390869379364,395.5987232205438,0.03211584240699787
3301876.0,Iguaba Grande,33,Rio de Janeiro,138,27846,21341,30.7248996,0.22264420000000001,0.10262885,0.33437989519857814,906.3007646085197,694.5832298179422,0.03887707238741848
3301900.0,Itaboraí,33,Rio de Janeiro,583,222002,109528,245.4937496,0.42108704905660377,0.1110984,1.5303061500447441,904.3081559580367,446.1539252158622,0.16424154494105053
3302007.0,Itaguaí,33,Rio de Janeiro,252,114431,55579,90.0090188,0.35717864603174604,0.1054991,1.1656980352193085,1271.328157173512,617.4825672024767,0.07099291479441636
3302056.0,Italva,33,Rio de Janeiro,24,10941,4839,4.0970878,0.17071199166666665,0.12904274999999998,0.14373127897023644,2670.433374652113,1181.0828169218146,0.006761229980420605
3302106.0,Itaocara,33,Rio de Janeiro,57,18673,8991,9.5034045,0.16672639473684212,0.1064989,0.17646938282120683,1964.874798289392,946.0820067166455,0.016057921203498936
3302205.0,Itaperuna,33,Rio de Janeiro,208,95235,44970,35.8672625,0.17243876201923078,0.0883065,0.2896382724872791,2655.2068198681177,1253.78958040079,0.058597326496978575
3302254.0,Itatiaia,33,Rio de Janeiro,86,30409,14926,47.707150999999996,0.5547343139534884,0.11935209999999999,1.09239876223558,637.4096830892291,312.8671422864887,0.024227740763173834
3302270.0,Japeri,33,Rio de Janeiro,196,95203,38480,54.7349177,0.2792597841836735,0.10401574999999999,0.43317886822610835,1739.3467278384162,703.0247165238727,0.055216711506768275
3302304.0,Laje do Muriaé,33,Rio de Janeiro,17,5640,2673,1.7265404,0.1015612,0.0926572,0.05433566467520435,3266.6481479379227,1548.182712666324,0.004789204569464595
3302403.0,Macaé,33,Rio de Janeiro,667,239745,118316,145.8393068,0.21864963538230886,0.0441982,0.7787705976014866,1643.8983787051297,811.276483659205,0.18790584987252265
3302452.0,Macuco,33,Rio de Janeiro,11,4929,1968,2.8910396,0.26282178181818183,0.1625486,0.23914848899714097,1704.923031839481,680.7239859322577,0.0030988970743594437
3302502.0,Magé,33,Rio de Janeiro,565,225431,108523,150.0712184,0.2656127759292035,0.1142697,0.44846243824545895,1502.160123729628,723.1433259290444,0.15917062245573507
3302601.0,Mangaratiba,33,Rio de Janeiro,203,38984,42034,103.7723531,0.511193857635468,0.0693117,3.959934998990765,375.6684592324234,405.0597172013053,0.05718873691772428
3302700.0,Maricá,33,Rio de Janeiro,484,195421,105483,190.6921032,0.39399194876033056,0.2036722,0.5499576277106284,1024.7985979526393,553.1587214671824,0.13635147127181554
3302809.0,Mendes,33,Rio de Janeiro,61,17144,8700,37.0539844,0.6074423672131147,0.3415837,0.625172871140705,462.6762891388274,234.79256390036156,0.01718479286690237
3302858.0,Mesquita,33,Rio de Janeiro,352,167127,66725,41.1685936,0.11695623181818182,0.0359468,0.8491503395924457,4059.5751611976366,1620.7743370664962,0.0991647063795022
3302908.0,Miguel Pereira,33,Rio de Janeiro,80,24027,12636,32.8371115,0.41046389375,0.26132515,0.48883135962936364,731.7026042318004,384.8085115525463,0.022537433268068684
3303005.0,Miracema,33,Rio de Janeiro,55,25264,10654,6.2732305,0.11405873636363636,0.082156,0.10792385679414489,4027.271116532383,1698.3275204059535,0.01549448537179722
3303104.0,Natividade,33,Rio de Janeiro,38,13322,6200,6.8738588,0.18089102105263158,0.12637775,0.1663953563586764,1938.067159598914,901.9679019301357,0.010705280802332625
3303203.0,Nilópolis,33,Rio de Janeiro,310,146774,59830,19.3933099,0.06255906419354838,0.0276348,0.4058010516679177,7568.28002836174,3085.084511540756,0.08733255391376614
3303302.0,Niterói,33,Rio de Janeiro,1272,481749,230789,129.655743,0.10193061556603773,0.03910505,0.26585201564571226,3715.6009356253508,1780.0137090726478,0.35834518896229206
3303401.0,Nova Friburgo,33,Rio de Janeiro,523,170778,85702,139.5633308,0.2668514929254302,0.0828958,0.5207579975152243,1223.6595316339356,614.0724752608155,0.14733846998999903
3303500.0,Nova Iguaçu,33,Rio de Janeiro,1598,782611,349675,242.9827891,0.15205431107634543,0.0625989,0.7608796655637388,3220.8495214774866,1439.0936958752688,0.45018522952967194
3303609.0,Paracambi,33,Rio de Janeiro,95,39268,17831,19.9945844,0.21046930947368422,0.0862174,0.5084107461152498,1963.9317934510307,891.7914792967639,0.02676320200583156
3303708.0,Paraíba do Sul,33,Rio de Janeiro,82,38591,16969,29.7651475,0.3629896036585366,0.14955174999999998,0.6313248873301646,1296.5163367660114,570.0962845892162,0.0231008690997704
3303807.0,Paraty,33,Rio de Janeiro,108,36230,20736,52.2738431,0.48401706574074077,0.3509223,0.5323816456482916,693.0808574891254,396.68022801254494,0.03042553491189272
3303856.0,Paty do Alferes,33,Rio de Janeiro,109,22775,10933,37.252332,0.34176451376146794,0.1914514,0.40260557152899534,611.3711216790401,293.4849823629833,0.03070725282774358
3303906.0,Petrópolis,33,Rio de Janeiro,677,270361,133400,235.6391759,0.3480637753323486,0.1159278,0.6967703366904902,1147.3516615706344,566.1197867056367,0.19072302903103122
3303955.0,Pinheiral,33,Rio de Janeiro,77,22870,9880,12.1562762,0.15787371688311688,0.0610504,0.2738534021226697,1881.3327061456532,812.7488909802822,0.021692279520516108
3304003.0,Piraí,33,Rio de Janeiro,62,23300,10294,21.4500064,0.3459678451612903,0.21934975,0.3129367394432361,1086.2467621454882,479.9066167178393,0.017466510782753228
3304102.0,Porciúncula,33,Rio de Janeiro,34,13862,6297,4.056082,0.1192965294117647,0.0938209,0.10553816999358796,3417.583766797614,1552.4834064005609,0.00957840913892919
3304110.0,Porto Real,33,Rio de Janeiro,55,20228,8657,28.3286118,0.5150656690909091,0.289146,0.8619924354493598,714.0484024706075,305.59210105734866,0.01549448537179722
3304128.0,Quatis,33,Rio de Janeiro,43,12838,5702,6.0423113,0.14051886744186046,0.1045248,0.14829749339312567,2124.683645478511,943.6786217883214,0.012113870381586917
3304144.0,Queimados,33,Rio de Janeiro,305,140514,61431,62.5507946,0.2050845724590164,0.0740359,0.4138808728210863,2246.3983215330727,982.0978357323697,0.08592396433451185
3304151.0,Quissamã,33,Rio de Janeiro,59,18156,8386,19.3165686,0.32739946779661017,0.1304398,0.42691499806992766,939.9184904921467,434.1350771792874,0.016621357035200655
3304201.0,Resende,33,Rio de Janeiro,330,126005,56321,79.9654524,0.24231955272727274,0.06822895,1.0080759236580104,1575.742976725784,704.3166556261489,0.09296691223078332
3304300.0,Rio Bonito,33,Rio de Janeiro,109,49239,21774,37.419898,0.3433018165137615,0.137934,0.5242187085395176,1315.850727332287,581.8829329785987,0.03070725282774358
3304409.0,Rio Claro,33,Rio de Janeiro,58,14301,6689,15.1834712,0.2617839862068965,0.15455235,0.2707603296411257,941.8794827364642,440.54484721517434,0.016339639119349793
3304508.0,Rio das Flores,33,Rio de Janeiro,24,7349,3020,12.4891731,0.5203822125,0.27837809999999996,0.6942105995297777,588.4296695351271,241.80944373330848,0.006761229980420605
3304524.0,Rio das Ostras,33,Rio de Janeiro,443,156045,87726,83.3516138,0.1881526270880361,0.064236,0.6738731757386148,1872.12931922861,1052.4811218472173,0.12480103672193033
3304557.0,Rio de Janeiro,33,Rio de Janeiro,13776,6211164,2920161,1170.1611678,0.08494201276132404,0.027274,0.6249576817388175,5307.956007186175,2495.52034399684,3.8809460087614274
3304607.0,Santa Maria Madalena,33,Rio de Janeiro,23,7309,3472,10.598437,0.4608016086956522,0.4186786,0.33986229008586955,689.6299897805685,327.59547469122094,0.006479512064569746
3304706.0,Santo Antônio de Pádua,33,Rio de Janeiro,110,37798,17394,23.0436505,0.2094877318181818,0.10570735,0.3478983070625596,1640.278305731117,754.828320278508,0.03098897074359444
3304755.0,São Francisco de Itabapoana,33,Rio de Janeiro,122,27903,25900,45.1625692,0.37018499344262296,0.23294995,0.39341291352065855,617.8346470156087,573.4837600868818,0.03436958573380474
3304805.0,São Fidélis,33,Rio de Janeiro,71,32290,14367,11.6616461,0.1642485366197183,0.0724878,0.21482089954547,2768.90584083151,1231.9873092358719,0.020001972025410954
3304904.0,São Gonçalo,33,Rio de Janeiro,2407,896488,413644,225.1706876,0.09354827071042793,0.0442717,0.36890046903546114,3981.3707972173906,1837.0241899994091,0.6780950234530165
3305000.0,São João da Barra,33,Rio de Janeiro,107,29176,27160,32.8310966,0.30683267850467294,0.1489599,0.6020846946146469,888.6696766625821,827.2644782751483,0.030143816996041864
3305109.0,São João de Meriti,33,Rio de Janeiro,809,440962,177079,35.2155598,0.04352974017305315,0.0388685,0.03671247342920293,12521.794414297512,5028.430642752412,0.22790979392334457
3305133.0,São José de Ubá,33,Rio de Janeiro,6,3435,1510,1.1989629000000002,0.19982715000000004,0.14188240000000002,0.15023205029796738,2864.9760555560138,1259.421788614143,0.0016903074951051512
3305158.0,São José do Vale do Rio Preto,33,Rio de Janeiro,26,12682,5789,17.106781,0.6579531153846154,0.6490007,0.5484144113088208,741.3434473732959,338.4038177609218,0.007324665812122322
3305208.0,São Pedro da Aldeia,33,Rio de Janeiro,347,101149,56668,88.82891000000001,0.2559910951008646,0.0852194,0.802598956115839,1138.6945984139622,637.9454616745832,0.09775611680024791
3305307.0,São Sebastião do Alto,33,Rio de Janeiro,15,4450,2059,4.734292,0.3156194666666667,0.2083736,0.2949968007965405,939.9504720029944,434.9119150234079,0.004225768737762878
3305406.0,Sapucaia,33,Rio de Janeiro,34,14076,6786,16.5767293,0.4875508617647059,0.34659745,0.5219917098710349,849.14217667776,409.36905448531394,0.00957840913892919
3305505.0,Saquarema,33,Rio de Janeiro,350,87013,62168,164.9791183,0.47136890942857146,0.2074205,0.745003899734358,527.4182629693445,376.82344675253364,0.09860127054780049
3305554.0,Seropédica,33,Rio de Janeiro,173,78608,38610,80.7309643,0.46665297283236995,0.1603718,0.8667002813272595,973.7032213301583,478.25515692496197,0.04873719944219853
3305604.0,Silva Jardim,33,Rio de Janeiro,60,17377,8721,30.5810282,0.5096838033333333,0.24029129999999999,0.7028091879903549,568.2281147106754,285.1768077569086,0.016903074951051512
3305703.0,Sumidouro,33,Rio de Janeiro,25,6150,2930,8.2775588,0.331102352,0.2231975,0.33903964855449936,742.9726745039854,353.9690953327931,0.007042947896271463
3305752.0,Tanguá,33,Rio de Janeiro,85,28377,12704,26.3634783,0.31015856823529414,0.1156866,0.47201531974121835,1076.3754189446238,481.8787511813265,0.023946022847322977
3305802.0,Teresópolis,33,Rio de Janeiro,438,146010,79151,121.7625831,0.27799676506849313,0.0709035,0.6499090925924293,1199.1368471551423,650.0436996724653,0.12339244714267604
3305901.0,Trajano de Moraes,33,Rio de Janeiro,21,6236,2979,11.8780188,0.5656199428571428,0.3300919,0.6287019570989258,525.0033785095542,250.79940099101375,0.005916076232868029
3306008.0,Três Rios,33,Rio de Janeiro,174,76498,33292,50.623676599999996,0.2909406701149425,0.09768435,0.5340651231394555,1511.1111072481845,657.6369445280473,0.049018917358049384
3306107.0,Valença,33,Rio de Janeiro,303,64237,30976,70.1185346,0.23141430561056106,0.07283,0.41542510660327975,916.1201152655007,441.76622025412377,0.08536052850281013
3306156.0,Varre-Sai,33,Rio de Janeiro,16,6581,2754,2.9945778,0.1871611125,0.1195145,0.17115369525842702,2197.6386788147565,919.6621974556814,0.004507486653613737
3306206.0,Vassouras,33,Rio de Janeiro,94,29519,14963,28.8611844,0.30703387659574466,0.18220075,0.3385664686767387,1022.7923979446942,518.4471916544077,0.026481484089980703
3306305.0,Volta Redonda,33,Rio de Janeiro,713,260931,115214,65.9058867,0.0924346237026648,0.0495024,0.23604635928565507,3959.145579631508,1748.1594705560651,0.20086487400166214
3500105.0,Adamantina,35,São Paulo,84,33536,15110,13.9386823,0.16593669404761904,0.13029785,0.12033888825202091,2405.966308594321,1084.033603377272,0.023664304931472115
3500204.0,Adolfo,35,São Paulo,9,4005,2247,3.2734262,0.3637140222222222,0.3052136,0.17090177160856737,1223.488710391577,686.436737141042,0.002535461242657727
3500303.0,Aguaí,35,São Paulo,52,29895,12213,12.6380132,0.24303871538461538,0.1392232,0.3364829669275834,2365.4825744287086,966.3702519316881,0.014649331624244644
3500402.0,Águas da Prata,35,São Paulo,14,6459,3316,4.4648332,0.31891665714285716,0.32932755,0.15768642304929945,1446.638588872704,742.6929185170903,0.0039440508219120195
3500501.0,Águas de Lindóia,35,São Paulo,40,15627,8806,14.9929921,0.3748248025,0.2088623,0.4250884326847451,1042.2869495142334,587.341068498262,0.011268716634034342
3500550.0,Águas de Santa Bárbara,35,São Paulo,20,6315,3652,25.7270414,1.28635207,0.33617640000000004,2.7541780796745177,245.46157103008355,141.9518063977617,0.005634358317017171
3500600.0,Águas de São Pedro,35,São Paulo,7,2780,1995,3.6121621999999998,0.5160231714285713,0.3104129,0.6173920297106038,769.6221393380397,552.3007798487012,0.0019720254109560098
3500709.0,Agudos,35,São Paulo,54,36054,14295,14.3051869,0.2649108685185185,0.16267775,0.2792385490939614,2520.3445611745205,999.2878876682134,0.01521276745594636
3500758.0,Alambari,35,São Paulo,13,4558,2084,5.885181,0.4527062307692308,0.3250906,0.33231819369141874,774.4876495727149,354.1097546532553,0.003662332906061161
3500808.0,Alfredo Marcondes,35,São Paulo,10,3741,1745,1.3998344,0.13998344000000001,0.13027725,0.07849965684165901,2672.4589708611247,1246.57602356393,0.0028171791585085855
3500907.0,Altair,35,São Paulo,6,2963,1244,0.8341641,0.13902735,0.14271045,0.036517665883610356,3552.058881459895,1491.3132799649375,0.0016903074951051512
3501004.0,Altinópolis,35,São Paulo,31,15228,6429,5.7834953,0.18656436451612904,0.145844,0.11973442429898917,2633.0098340358295,1111.6115197672937,0.008733255391376614
3501103.0,Alto Alegre,35,São Paulo,9,3101,1538,1.5464494,0.17182771111111111,0.1256669,0.07924076772645891,2005.238580712696,994.5362583476705,0.002535461242657727
3501152.0,Alumínio,35,São Paulo,32,16657,7159,17.370801999999998,0.5428375624999999,0.27480645,0.738402419967466,958.9079421894281,412.1283519321676,0.009014973307227473
3501202.0,Álvares Florence,35,São Paulo,6,2622,1256,1.2040236,0.2006706,0.16592015,0.1370316669575175,2177.6981780091355,1043.1689212736362,0.0016903074951051512
3501301.0,Álvares Machado,35,São Paulo,44,25223,11100,16.0972256,0.3658460363636364,0.17597995,0.502221791620766,1566.9159783658617,689.5598207929694,0.012395588297437775
3501400.0,Álvaro de Carvalho,35,São Paulo,6,2904,1145,0.6641566,0.11069276666666666,0.09535625,0.08515436056678875,4372.462759535929,1723.9909985084844,0.0016903074951051512
3501509.0,Alvinlândia,35,São Paulo,8,2642,1069,0.622532,0.0778165,0.06836385,0.04104679238259672,4243.958543496559,1717.1808035570864,0.0022537433268068684
3501608.0,Americana,35,São Paulo,519,236829,104365,83.6886406,0.16124978921001926,0.0743924,0.44097974247650035,2829.882267199833,1247.0629138167649,0.14621159832659558
3501707.0,Américo Brasiliense,35,São Paulo,59,32755,12660,7.5378128,0.12775953898305084,0.0933632,0.11610892266089098,4345.424975266034,1679.5322908523278,0.016621357035200655
3501806.0,Américo de Campos,35,São Paulo,9,5166,2353,2.2840316,0.2537812888888889,0.2200939,0.13980258248158764,2261.790073307217,1030.1959044699731,0.002535461242657727
3501905.0,Amparo,35,São Paulo,121,62726,25941,35.8116186,0.2959637900826447,0.1431148,0.43766404360422057,1751.5544522190348,724.373848882664,0.034087867817953886
3502002.0,Analândia,35,São Paulo,13,3896,1984,5.621702,0.43243861538461537,0.265698,0.4158229107883243,693.0285525629071,352.91803087392395,0.003662332906061161
3502101.0,Andradina,35,São Paulo,102,54732,23118,24.874918400000002,0.24387174901960787,0.14606395,0.4468492013240604,2200.2886248664036,929.3698828776861,0.028735227416787572
3502200.0,Angatuba,35,São Paulo,30,17016,6758,8.7425738,0.2914191266666667,0.13914345,0.3081458364954903,1946.337587679271,772.9989079417321,0.008451537475525756
3502309.0,Anhembi,35,São Paulo,22,4626,2483,8.1096424,0.3686201090909091,0.10364709999999999,0.7191487590477156,570.4320575220431,306.1787286699596,0.006197794148718887
3502408.0,Anhumas,35,São Paulo,6,3394,1451,1.2471148,0.20785246666666668,0.20326215,0.06985172289250041,2721.4816150044885,1163.485510716415,0.0016903074951051512
3502507.0,Aparecida,35,São Paulo,67,31916,12778,8.1364195,0.12143909701492538,0.0755508,0.15677809257841496,3922.6099391753337,1570.4696642054898,0.018875100362007523
3502606.0,Aparecida d'Oeste,35,São Paulo,11,3233,1583,1.4178437,0.12889488181818182,0.1066771,0.09820491381225095,2280.223130377488,1116.4841371443129,0.0030988970743594437
3502705.0,Apiaí,35,São Paulo,49,19298,8165,11.9493724,0.24386474285714285,0.1374939,0.317572104010113,1614.9802143583709,683.2994844147631,0.013804177876692069
3502754.0,Araçariguama,35,São Paulo,36,18895,8160,19.3174145,0.5365948472222223,0.22119465,0.6368424030745747,978.1329690885909,422.4167783944378,0.010141844970630908
3502804.0,Araçatuba,35,São Paulo,499,196751,91677,78.0479755,0.15640876853707417,0.0852004,0.25142445480452563,2520.8981878075747,1174.6236774584881,0.1405772400095784
3502903.0,Araçoiaba da Serra,35,São Paulo,78,28831,15953,59.7667201,0.7662400012820513,0.6144013500000001,0.5906178422999461,482.3922067625725,266.9211222116236,0.021973997436366965
3503000.0,Aramina,35,São Paulo,15,5150,2193,2.1428647,0.14285764666666667,0.0839006,0.13246919745654548,2403.324857607669,1023.3963908220617,0.004225768737762878
3503109.0,Arandu,35,São Paulo,23,5579,2733,11.4918747,0.49964672608695654,0.164332,0.8366389468599545,485.4734449897892,237.82020526207094,0.006479512064569746
3503158.0,Arapeí,35,São Paulo,4,1577,822,0.6579788,0.1644947,0.1043799,0.15332376418748658,2396.733754947728,1249.2803719511935,0.0011268716634034342
3503208.0,Araraquara,35,São Paulo,525,238618,111461,92.0218033,0.17527962533333333,0.0956377,0.3871367239672798,2593.0593777007625,1211.2455527156574,0.14790190582170074
3503307.0,Araras,35,São Paulo,328,126982,55936,42.7400329,0.13030497835365853,0.07987179999999999,0.15821844275912286,2971.031873024131,1308.7495774950607,0.0924034763990816
3503356.0,Arco-Íris,35,São Paulo,3,1306,545,0.5303508,0.1767836,0.1391963,0.09512766751828827,2462.521033248182,1027.6217175499687,0.0008451537475525756
3503406.0,Arealva,35,São Paulo,23,6389,3509,8.2813704,0.36005958260869564,0.2557233,0.3550604156102741,771.4906701914939,423.72214144654123,0.006479512064569746
3503505.0,Areias,35,São Paulo,9,2772,1201,1.5007911999999999,0.16675457777777777,0.1760428,0.07927315025192605,1847.025755481509,800.2445643337994,0.002535461242657727
3503604.0,Areiópolis,35,São Paulo,24,9902,3826,3.0165987,0.1256916125,0.09903215,0.07422688201738559,3282.5048953312885,1268.315868464705,0.006761229980420605
3503703.0,Ariranha,35,São Paulo,17,7358,3182,2.1645167,0.12732451176470588,0.104763,0.05954607169073878,3399.373171849402,1470.0741278642017,0.004789204569464595
3503802.0,Artur Nogueira,35,São Paulo,111,48173,19668,17.886114,0.16113616216216214,0.0983859,0.188239824167144,2693.3184033155553,1099.6239876364425,0.031270688659445295
3503901.0,Arujá,35,São Paulo,158,84095,32889,50.1025419,0.31710469556962023,0.12013165,0.5438340487300423,1678.4577550545396,656.4337606990755,0.044511430704435646
3503950.0,Aspásia,35,São Paulo,4,1445,636,0.6012969,0.150324225,0.1376712,0.0388283814623938,2403.1389484961587,1057.713751725645,0.0011268716634034342
3504008.0,Assis,35,São Paulo,200,97630,42902,35.3204893,0.17660244649999998,0.11049300000000001,0.2629009745085513,2764.117993121913,1214.649084716955,0.056343583170171706
3504107.0,Atibaia,35,São Paulo,342,142259,65367,94.4653191,0.2762143833333333,0.1261236,0.4063324773747296,1505.9389134059463,691.9682336625908,0.09634752722099361
3504206.0,Auriflama,35,São Paulo,30,12367,5497,3.9129134,0.13043044666666667,0.1251496,0.05370623368977939,3160.5606196140197,1404.8355887457158,0.008451537475525756
3504305.0,Avaí,35,São Paulo,6,2966,1384,1.6984536,0.2830756,0.232627,0.1825799099482744,1746.2943939122035,814.8588810433208,0.0016903074951051512
3504404.0,Avanhandava,35,São Paulo,19,9642,3957,3.4189497,0.1799447210526316,0.1190247,0.11833144541054344,2820.164332923646,1157.372979192996,0.0053526404011663125
3504503.0,Avaré,35,São Paulo,240,88128,38120,44.3242549,0.18468439541666667,0.0822409,0.2988210336674354,1988.2567727043731,860.0257372854338,0.06761229980420605
3504602.0,Bady Bassitt,35,São Paulo,50,26080,11544,12.5945397,0.25189079400000003,0.16171000000000002,0.251993702351403,2070.7386392215667,916.587686011264,0.014085895792542926
3504701.0,Balbinos,35,São Paulo,4,3787,620,0.7123756,0.1780939,0.1770373,0.12768386675086768,5316.015877017686,870.3273947058266,0.0011268716634034342
3504800.0,Bálsamo,35,São Paulo,19,8898,3958,3.8254847,0.2013413,0.1535405,0.17307595083437277,2325.9797640806146,1034.6401333143483,0.0053526404011663125
3504909.0,Bananal,35,São Paulo,22,8047,3671,2.9865973,0.13575442272727273,0.1341083,0.06085467456432916,2694.3706136746323,1229.158012029275,0.006197794148718887
3505005.0,Barão de Antonina,35,São Paulo,8,2358,1176,1.7226938,0.215336725,0.17125635,0.14120837917266352,1368.7864900889524,682.6517864056863,0.0022537433268068684
3505104.0,Barbosa,35,São Paulo,16,5171,2583,3.0689135,0.19180709375,0.14576875,0.12657624445142657,1684.9611434144365,841.6659511582845,0.004507486653613737
3505203.0,Bariri,35,São Paulo,74,30527,13643,10.4633473,0.14139658513513514,0.11960799999999999,0.08650221096213508,2917.517609302713,1303.8848476337969,0.02084712577296353
3505302.0,Barra Bonita,35,São Paulo,75,33890,14545,14.219234,0.18958978666666668,0.1263993,0.18592607374224387,2383.3913978769883,1022.9102355302683,0.02112884368881439
3505351.0,Barra do Chapéu,35,São Paulo,5,1904,796,0.7562427,0.15124854000000001,0.1216054,0.0706777848383281,2517.7102535998033,1052.5721438368926,0.0014085895792542928
3505401.0,Barra do Turvo,35,São Paulo,7,3092,1461,3.7326173000000002,0.5332310428571428,0.422429,0.3369710650046769,828.3731632492835,391.41435689107476,0.0019720254109560098
3505500.0,Barretos,35,São Paulo,204,118864,53053,45.90172,0.225008431372549,0.1252405,0.3691913358088883,2589.5325926784444,1155.7954691022471,0.057470454833575144
3505609.0,Barrinha,35,São Paulo,64,31901,12578,8.9610363,0.1400161921875,0.0732157,0.2488223364205934,3559.9677238222994,1403.632300875737,0.018029946614454947
3505708.0,Barueri,35,São Paulo,483,316358,124132,54.8751839,0.11361321718426502,0.0344733,0.28889866987019625,5765.046739096212,2262.0789795658434,0.13606975335596466
3505807.0,Bastos,35,São Paulo,47,18715,7531,7.1262986999999995,0.15162337659574468,0.1123897,0.1437307458165943,2626.1879817078116,1056.7898311643885,0.013240742044990352
3505906.0,Batatais,35,São Paulo,112,56726,24044,21.7585805,0.19427304017857144,0.1411364,0.19703993995439412,2607.063452507851,1105.035321582674,0.031552406575296156
3506003.0,Bauru,35,São Paulo,644,369919,169182,126.51500779999999,0.1964518754658385,0.11048305,0.40652988828498604,2923.9139801088486,1337.2484651579812,0.1814263378079529
3506102.0,Bebedouro,35,São Paulo,156,73727,31119,28.1976645,0.1807542596153846,0.12594719999999998,0.17027099978424443,2614.6491671322638,1103.6020376793972,0.04394799487273393
3506201.0,Bento de Abreu,35,São Paulo,7,2407,972,0.7603902,0.10862717142857144,0.0976094,0.0743558421541243,3165.480039064154,1278.2910668759275,0.0019720254109560098
3506300.0,Bernardino de Campos,35,São Paulo,21,9626,4040,3.6149823,0.17214201428571427,0.1383332,0.10253383578477537,2662.8069520561694,1117.5711704037942,0.005916076232868029
3506359.0,Bertioga,35,São Paulo,258,63511,60955,52.8056105,0.2046729089147287,0.1109232,0.3388003429976206,1202.7320468153664,1154.3280992840714,0.0726832222895215
3506409.0,Bilac,35,São Paulo,16,6877,2995,2.6981610000000003,0.16863506250000002,0.15837400000000001,0.061635901323010056,2548.773034670651,1110.0153030156464,0.004507486653613737
3506508.0,Birigui,35,São Paulo,269,116413,52717,45.1967516,0.16801766394052045,0.0943793,0.47698218563373457,2575.693957616193,1166.3891349218115,0.07578211936388095
3506607.0,Biritiba Mirim,35,São Paulo,59,24201,10761,17.1680959,0.29098467627118646,0.1088282,0.4443868375689778,1409.6496280638785,626.8021836946984,0.016621357035200655
3506706.0,Boa Esperança do Sul,35,São Paulo,22,12203,4915,3.5036574,0.15925715454545453,0.13547995000000002,0.0779245958279127,3482.931864285589,1402.819807667268,0.006197794148718887
3506805.0,Bocaina,35,São Paulo,25,10691,4574,6.2108559,0.248434236,0.1412568,0.3274052748789028,1721.3408541647213,736.4524428911641,0.007042947896271463
3506904.0,Bofete,35,São Paulo,25,7469,3831,15.1083102,0.604332408,0.1892576,0.9225969397322705,494.3636913147309,253.56905896729603,0.007042947896271463
3507001.0,Boituva,35,São Paulo,125,58775,27524,48.6391222,0.3891129776,0.1706143,0.5671853285589099,1208.389406336778,565.8819229266436,0.03521473948135732
3507100.0,Bom Jesus dos Perdões,35,São Paulo,56,20336,9151,11.2288212,0.2005146642857143,0.1374645,0.22190605892495666,1811.0538620028965,814.9564265926684,0.015776203287648078
3507159.0,Bom Sucesso de Itararé,35,São Paulo,7,2477,901,0.7969087,0.1138441,0.0820596,0.11332649918249482,3108.260707907945,1130.6188525737014,0.0019720254109560098
3507209.0,Borá,35,São Paulo,2,738,312,0.3834976,0.1917488,0.1917488,0.182923857388204,1924.3927471775573,813.5644134409185,0.0005634358317017171
3507308.0,Boracéia,35,São Paulo,9,4445,1708,1.7089976999999998,0.1898886333333333,0.1688827,0.13679865161946955,2600.9397203986878,999.4162075232753,0.002535461242657727
3507407.0,Borborema,35,São Paulo,42,13121,7174,6.5804148,0.15667654285714286,0.1219533,0.1011988441647268,1993.947250863274,1090.204830248695,0.011832152465736058
3507456.0,Borebi,35,São Paulo,10,2352,968,0.9968962,0.09968962,0.07927685,0.07218282651329501,2359.3228663124605,971.0138327340399,0.0028171791585085855
3507506.0,Botucatu,35,São Paulo,323,140601,66872,75.4194887,0.2334968690402477,0.0998595,0.5494523584188165,1864.2528930324079,886.6673740788699,0.0909948868198273
3507605.0,Bragança Paulista,35,São Paulo,376,164358,69909,100.7101764,0.26784621382978724,0.07471175,0.5093141117688503,1631.9899922248574,694.1602378128691,0.10592593635992281
3507704.0,Braúna,35,São Paulo,10,4855,2117,1.9145606,0.19145605999999998,0.1623812,0.13227176253477535,2535.829892247861,1105.7367418926306,0.0028171791585085855
3507753.0,Brejo Alegre,35,São Paulo,6,2168,1049,1.1697841,0.19496401666666666,0.1217579,0.21838624949717342,1853.3334484542918,896.7466731681513,0.0016903074951051512
3507803.0,Brodowski,35,São Paulo,37,24576,10039,9.0837089,0.24550564594594593,0.1695377,0.19832093312988588,2705.502815045075,1105.1653141372683,0.010423562886481766
3507902.0,Brotas,35,São Paulo,48,22015,10313,12.7309651,0.26522843958333336,0.17729675,0.23691792084638674,1729.2483191238973,810.0721287815014,0.01352245996084121
3508009.0,Buri,35,São Paulo,42,16771,6665,9.5777799,0.22804237857142856,0.13765915,0.2693938952747694,1751.032094608898,695.8815163417986,0.011832152465736058
3508108.0,Buritama,35,São Paulo,51,16264,8916,11.3335889,0.22222723333333336,0.1379011,0.17453017476503443,1435.0264636826557,786.688142535327,0.014367613708393786
3508207.0,Buritizal,35,São Paulo,10,3772,1627,1.3028701,0.13028701,0.10941005,0.08171273168017673,2895.1466458551777,1248.7814402986146,0.0028171791585085855
3508306.0,Cabrália Paulista,35,São Paulo,7,3561,1486,2.0726604,0.29609434285714287,0.2106837,0.20591023413777387,1718.081746532138,716.9529557278172,0.0019720254109560098
3508405.0,Cabreúva,35,São Paulo,72,43400,16776,29.0245762,0.4031191138888889,0.17540305,0.7220496102801849,1495.2845375223774,577.9929355178664,0.020283689941261816
3508504.0,Caçapava,35,São Paulo,190,92926,38155,48.4462132,0.25498006947368423,0.0940141,0.4789065090476134,1918.1272149460794,787.5744558709905,0.05352640401166312
3508603.0,Cachoeira Paulista,35,São Paulo,76,29274,13246,10.3756896,0.13652223157894736,0.10197719999999999,0.12176155048352193,2821.402829938166,1276.638036666016,0.02141056160466525
3508702.0,Caconde,35,São Paulo,24,11832,5333,5.2370646,0.218211025,0.16051385,0.21374278559494833,2259.2808956376057,1018.3185443234746,0.006761229980420605
3508801.0,Cafelândia,35,São Paulo,47,15318,6693,5.7715583,0.12279911276595744,0.0984333,0.0716677409228521,2654.049253907736,1159.6521514822089,0.013240742044990352
3508900.0,Caiabu,35,São Paulo,7,2987,1458,1.3252106000000001,0.1893158,0.1541542,0.13833541766767468,2253.9813671879774,1100.2024885704957,0.0019720254109560098
3509007.0,Caieiras,35,São Paulo,188,94087,36457,25.6201119,0.1362771909574468,0.0622708,0.22435749954501177,3672.388331762126,1422.9836365390738,0.052962968179961406
3509106.0,Caiuá,35,São Paulo,6,2332,1292,1.3396842,0.2232807,0.1787669,0.11449459271106215,1740.7087431500647,964.4063877143584,0.0016903074951051512
3509205.0,Cajamar,35,São Paulo,218,91845,38474,42.3541667,0.19428516834862386,0.05280275,0.4952631317071837,2168.499752351402,908.387603810418,0.06141450565548716
3509254.0,Cajati,35,São Paulo,41,21935,8951,10.4179576,0.25409652682926825,0.193344,0.20077487786727707,2105.499066342908,859.18952098634,0.0115504345498852
3509304.0,Cajobi,35,São Paulo,22,8670,3933,4.0921716,0.18600780000000003,0.12271075,0.3193501719811268,2118.6794805965615,961.1033906789245,0.006197794148718887
3509403.0,Cajuru,35,São Paulo,35,21246,9051,7.5444467,0.21555562,0.1687799,0.16583903689102877,2816.1110873776865,1199.6903629791698,0.009860127054780048
3509452.0,Campina do Monte Alegre,35,São Paulo,12,4933,2998,4.685188,0.3904323333333333,0.27740434999999997,0.4736139460790063,1052.892648064496,639.8889436240338,0.0033806149902103023
3509502.0,Campinas,35,São Paulo,2534,1132934,498336,352.5611053,0.13913224360694554,0.06105435,0.4538673278491609,3213.440118517804,1413.4741255021813,0.7138731987660756
3509601.0,Campo Limpo Paulista,35,São Paulo,217,76183,30320,40.6284546,0.18722790138248846,0.0601711,0.3371892657475319,1875.1143933493352,746.2750010678477,0.061132787739636305
3509700.0,Campos do Jordão,35,São Paulo,141,43094,23715,31.5652179,0.22386679361702128,0.1126659,0.3828540798946428,1365.2368925987994,751.3016407848082,0.039722226134971055
3509809.0,Campos Novos Paulista,35,São Paulo,11,3906,1650,1.1774351,0.10703955454545455,0.0739641,0.06553446954773287,3317.3802955254178,1401.3511233018278,0.0030988970743594437
3509908.0,Cananéia,35,São Paulo,25,10838,6013,7.3802648,0.295210592,0.199699,0.22531710652039552,1468.5109943480618,814.7404141921845,0.007042947896271463
3509957.0,Canas,35,São Paulo,11,4473,1602,2.8664543,0.26058675454545455,0.1240004,0.25691407602581984,1560.4644385923054,558.878611809719,0.0030988970743594437
3510005.0,Cândido Mota,35,São Paulo,56,27861,11938,10.5142695,0.18775481249999998,0.1271893,0.16483125014833813,2649.827455915982,1135.4093596326402,0.015776203287648078
3510104.0,Cândido Rodrigues,35,São Paulo,5,2454,1056,1.2818271,0.25636542,0.1592547,0.1683739696721468,1914.4547653891852,823.8240555219966,0.0014085895792542928
3510153.0,Canitar,35,São Paulo,16,6125,2333,2.4052558,0.1503284875,0.07740625000000001,0.17293914017368797,2546.5066958782513,969.9592035075854,0.004507486653613737
3510203.0,Capão Bonito,35,São Paulo,86,39428,15486,21.8811973,0.25443252674418604,0.09006385,0.4985509352822458,1801.9123661025624,707.7309247606848,0.024227740763173834
3510302.0,Capela do Alto,35,São Paulo,35,18052,8026,23.6091822,0.6745480628571429,0.280546,0.8102503606307437,764.617759610496,339.9524783200665,0.009860127054780048
3510401.0,Capivari,35,São Paulo,83,48190,19338,22.8478775,0.2752756325301205,0.1505722,0.3546621288757165,2109.167470807737,846.380588306288,0.023382587015621258
3510500.0,Caraguatatuba,35,São Paulo,379,132970,84477,51.0065914,0.13458203535620053,0.0963833,0.12439757420001324,2606.9179757030383,1656.1977125176022,0.10677109010747539
3510609.0,Carapicuíba,35,São Paulo,875,386984,150667,34.5129181,0.03944333497142857,0.0238311,0.06739174310074753,11212.729067960208,4365.524803305461,0.24650317636950123
3510708.0,Cardoso,35,São Paulo,26,10445,5836,7.1706382,0.27579377692307694,0.21348665,0.17072777579772147,1456.6346409724033,813.8745586132069,0.007324665812122322
3510807.0,Casa Branca,35,São Paulo,42,23907,10223,12.5483886,0.2987711571428571,0.2352901,0.18887626553525452,1905.1848617439216,814.6862777265283,0.011832152465736058
3510906.0,Cássia dos Coqueiros,35,São Paulo,5,1895,878,0.8703452,0.17406904,0.1499896,0.0930491773962457,2177.2970081296476,1008.7951309434463,0.0014085895792542928
3511003.0,Castilho,35,São Paulo,36,15289,7309,8.2038875,0.2278857638888889,0.15017375,0.29664421134244984,1863.6286760392557,890.9190917110942,0.010141844970630908
3511102.0,Catanduva,35,São Paulo,277,114736,51792,43.7830443,0.15806153176895307,0.1044519,0.18495436505022184,2620.5578400129657,1182.9236826275235,0.07803586269068781
3511201.0,Catiguá,35,São Paulo,13,6703,2845,2.4825003,0.19096156153846153,0.1444479,0.17192175764497028,2700.1003786384235,1146.0220165935127,0.003662332906061161
3511300.0,Cedral,35,São Paulo,27,11506,4840,5.8546062,0.21683726666666667,0.1613164,0.1719815324562808,1965.290167594876,826.6994968850339,0.00760638372797318
3511409.0,Cerqueira César,35,São Paulo,47,18314,7832,7.1143249,0.15136861489361703,0.0991948,0.20004634800997229,2574.2428491001306,1100.8774704680693,0.013240742044990352
3511508.0,Cerquilho,35,São Paulo,62,42340,17025,17.9360381,0.2892909370967742,0.18618030000000002,0.29591813796476085,2360.6105074007396,949.2062798417003,0.017466510782753228
3511607.0,Cesário Lange,35,São Paulo,30,14690,6067,11.9545431,0.39848477,0.2382497,0.41111505919688895,1228.8215348021122,507.50580337947,0.008451537475525756
3511706.0,Charqueada,35,São Paulo,34,14455,6191,10.1288018,0.29790593529411763,0.1974395,0.29673691220250353,1427.1184573875264,611.2272825794656,0.00957840913892919
3511904.0,Clementina,35,São Paulo,14,6736,2951,2.8382504,0.20273217142857144,0.1612084,0.10220868026454073,2373.293068152126,1039.725036240636,0.0039440508219120195
3512001.0,Colina,35,São Paulo,29,17601,6885,8.1446952,0.2808515586206896,0.1705092,0.22500600083879274,2161.0385125277617,845.3355013211545,0.008169819559674897
3512100.0,Colômbia,35,São Paulo,10,4684,2137,2.5393924,0.25393924,0.16350395,0.22153061469052687,1844.5357243724916,841.53988962084,0.0028171791585085855
3512209.0,Conchal,35,São Paulo,50,26778,10544,12.5126939,0.250253878,0.1189768,0.31255339535990423,2140.0667365482345,842.6642643276041,0.014085895792542926
3512308.0,Conchas,35,São Paulo,34,11924,5620,6.745455,0.19839573529411764,0.12978515000000002,0.1607389270613967,1767.7087757608642,833.1535826715915,0.00957840913892919
3512407.0,Cordeirópolis,35,São Paulo,51,23427,9197,13.2008713,0.25884061372549017,0.1340114,0.3685160310383107,1774.655586559654,696.696436999579,0.014367613708393786
3512506.0,Coroados,35,São Paulo,10,4608,1975,1.8097233,0.18097233,0.16442895000000002,0.08414836739191413,2546.2456056127476,1091.3270553570262,0.0028171791585085855
3512605.0,Coronel Macedo,35,São Paulo,11,3541,1641,1.7123254,0.15566594545454546,0.0917905,0.17897545716452504,2067.948066413078,958.3458844913472,0.0030988970743594437
3512704.0,Corumbataí,35,São Paulo,7,2713,1287,2.6634127000000003,0.3804875285714286,0.2675517,0.2722732915568762,1018.6179558278744,483.2146366201527,0.0019720254109560098
3512803.0,Cosmópolis,35,São Paulo,152,58263,25006,17.2221227,0.11330343881578947,0.06793705,0.12278245817454805,3383.0324527881803,1451.9696808338267,0.0428211232093305
3512902.0,Cosmorama,35,São Paulo,11,6800,2987,2.4329433,0.22117666363636362,0.1840635,0.1418082328873699,2794.9685469447645,1227.7310367241193,0.0030988970743594437
3513009.0,Cotia,35,São Paulo,700,266653,115152,120.9230849,0.17274726414285715,0.06409855,0.26961586839980967,2205.1455288335933,952.2747463416722,0.19720254109560098
3513108.0,Cravinhos,35,São Paulo,54,32754,12546,13.111114,0.2427984074074074,0.1356371,0.4417950400319484,2498.1858902302274,956.8980942427927,0.01521276745594636
3513207.0,Cristais Paulista,35,São Paulo,23,7629,3433,6.3377265000000005,0.27555332608695654,0.2180713,0.21584533675320142,1203.743960866724,541.6768931256343,0.006479512064569746
3513306.0,Cruzália,35,São Paulo,4,1418,623,0.6184855,0.154621375,0.15531165,0.0718108467591712,2292.6972418916853,1007.2992818748378,0.0011268716634034342
3513405.0,Cruzeiro,35,São Paulo,156,73138,29552,20.2378146,0.12972958076923077,0.0700081,0.29248312726089704,3613.92776075733,1460.2367194331348,0.04394799487273393
3513504.0,Cubatão,35,São Paulo,236,112336,46463,48.2803922,0.20457793305084745,0.045088500000000004,1.1514821738749825,2326.7416622187257,962.3575510225453,0.06648542814080262
3513603.0,Cunha,35,São Paulo,29,13050,6150,7.8620804,0.2711062206896552,0.1392022,0.294262092451141,1659.8660069668074,782.2357044326334,0.008169819559674897
3513702.0,Descalvado,35,São Paulo,49,28806,12030,12.0374572,0.2456623918367347,0.1801759,0.2016191992997576,2393.030315405815,999.3805003933887,0.013804177876692069
3513801.0,Diadema,35,São Paulo,777,393237,161648,30.0375681,0.038658388803088806,0.0187255,0.07681665419636119,13091.505899906722,5381.5275411726825,0.2188948206161171
3513850.0,Dirce Reis,35,São Paulo,7,1320,631,0.4141191,0.05915987142857143,0.03295,0.06304306931933423,3187.488816623044,1523.7162449160157,0.0019720254109560098
3513900.0,Divinolândia,35,São Paulo,16,7670,3253,2.690302,0.168143875,0.13691765,0.08734783653353986,2850.981042277038,1209.1579309683448,0.004507486653613737
3514007.0,Dobrada,35,São Paulo,17,8556,3401,3.0571205,0.17983061764705882,0.1597056,0.09768591043420895,2798.712056001718,1112.4847712087242,0.004789204569464595
3514106.0,Dois Córregos,35,São Paulo,65,23529,11390,14.339761,0.22061170769230767,0.1768334,0.18413108206473394,1640.8223261182666,794.2949676776343,0.018311664530305805
3514205.0,Dolcinópolis,35,São Paulo,7,1974,1003,0.8154751,0.11649644285714286,0.1025056,0.053565338880811636,2420.6747698366266,1229.9578491115178,0.0019720254109560098
3514304.0,Dourado,35,São Paulo,15,7602,3608,2.7427526,0.18285017333333334,0.1770152,0.08493467025143053,2771.6681409763314,1315.466805135833,0.004225768737762878
3514403.0,Dracena,35,São Paulo,98,42064,18969,16.5055148,0.16842362040816328,0.13592195,0.10846482413270654,2548.481553571416,1149.2522487090193,0.027608355753384137
3514502.0,Duartina,35,São Paulo,30,11108,5045,4.7824718,0.15941572666666665,0.14368415,0.10855184427706589,2322.6483008221817,1054.8938312610646,0.008451537475525756
3514601.0,Dumont,35,São Paulo,17,9252,3626,3.1345481,0.18438518235294118,0.1708096,0.10749832022714491,2951.6216388576076,1156.785566633991,0.004789204569464595
3514700.0,Echaporã,35,São Paulo,13,5228,2270,1.9711277,0.1516252076923077,0.1176552,0.12595502833089184,2652.2888395307923,1151.625031701396,0.003662332906061161
3514809.0,Eldorado,35,São Paulo,11,6872,2994,4.0407379,0.3673398090909091,0.3051845,0.22027642275236112,1700.6794724300232,740.9537748043495,0.0030988970743594437
3514908.0,Elias Fausto,35,São Paulo,27,15384,6009,7.9366416,0.2939496888888889,0.2202405,0.33122192067332734,1938.3513550618186,757.1212488667751,0.00760638372797318
3514924.0,Elisiário,35,São Paulo,8,2929,1281,1.0840629,0.1355078625,0.14435910000000002,0.05918136826296739,2701.872741886103,1181.66575020693,0.0022537433268068684
3514957.0,Embaúba,35,São Paulo,4,2051,951,0.6097394,0.15243485,0.1472497,0.017318296044838435,3363.732112440167,1559.6827103513401,0.0011268716634034342
3515004.0,Embu das Artes,35,São Paulo,616,249223,100630,47.1029567,0.0764658387987013,0.0281694,0.15643805607356168,5291.026667122152,2136.383935320986,0.17353823616412886
3515103.0,Embu-Guaçu,35,São Paulo,148,60024,25617,44.4183894,0.3001242527027027,0.14565614999999998,0.3445258590303252,1351.332202963667,576.7205958170108,0.04169425154592706
3515129.0,Emilianópolis,35,São Paulo,5,2670,1184,1.0314074,0.20628148,0.2181432,0.09218691158712282,2588.695795667163,1147.9460007752514,0.0014085895792542928
3515152.0,Engenheiro Coelho,35,São Paulo,38,18405,7834,7.7904055,0.2050106710526316,0.10646829999999999,0.2545805303101734,2362.521437427102,1005.5959218040704,0.010705280802332625
3515186.0,Espírito Santo do Pinhal,35,São Paulo,66,36189,14896,11.2708023,0.1707697318181818,0.12363579999999999,0.1570138388800311,3210.8628149745828,1321.645043849274,0.018593382446156662
3515194.0,Espírito Santo do Turvo,35,São Paulo,10,3565,1536,0.8879903,0.08879903,0.08253875,0.024902449798008496,4014.6834937273525,1729.7486245063712,0.0028171791585085855
3515202.0,Estrela d'Oeste,35,São Paulo,17,7898,3144,2.6401581,0.15530341764705882,0.1543963,0.06763173153549334,2991.4875173573887,1190.8377759650077,0.004789204569464595
3515301.0,Estrela do Norte,35,São Paulo,6,2225,908,0.8253708,0.13756179999999998,0.1453447,0.09302628695580621,2695.758076248881,1100.1116104422401,0.0016903074951051512
3515350.0,Euclides da Cunha Paulista,35,São Paulo,10,4933,2309,2.2227680000000003,0.22227680000000002,0.18059914999999999,0.14264214989344648,2219.304938707053,1038.7948719794417,0.0028171791585085855
3515400.0,Fartura,35,São Paulo,34,13455,5714,5.759019,0.16938291176470588,0.1181661,0.13915795439279688,2336.3354071240256,992.1828700339415,0.00957840913892919
3515509.0,Fernandópolis,35,São Paulo,164,68905,31487,28.0449311,0.1710056774390244,0.09922059999999999,0.2792656897049613,2456.9502329781085,1122.7340829516247,0.0462017381995408
3515608.0,Fernando Prestes,35,São Paulo,13,5348,2323,3.0348241,0.23344800769230767,0.2514279,0.08569762408873481,1762.2108642145026,765.4479875785883,0.003662332906061161
3515657.0,Fernão,35,São Paulo,2,1002,436,0.5309975,0.26549875,0.26549875,0.03993505754903827,1887.0145339667324,821.0961445204545,0.0005634358317017171
3515707.0,Ferraz de Vasconcelos,35,São Paulo,389,177680,68972,18.3470103,0.04716455089974293,0.0332924,0.06459350136795607,9684.411634085145,3759.3045881704224,0.10958826926598397
3515806.0,Flora Rica,35,São Paulo,4,1216,655,0.403464,0.100866,0.1093987,0.06135753669555735,3013.8996292110323,1623.4410009319295,0.0011268716634034342
3515905.0,Floreal,35,São Paulo,5,2288,1128,0.9060107000000001,0.18120214,0.1702669,0.11519565221024186,2525.3564886154213,1245.0184087229875,0.0014085895792542928
3516002.0,Flórida Paulista,35,São Paulo,22,10460,4140,3.702972,0.1683169090909091,0.17467939999999998,0.07216089878023516,2824.758059202176,1118.020876204303,0.006197794148718887
3516101.0,Florínea,35,São Paulo,11,2534,1450,1.776507,0.16150063636363637,0.1489751,0.08474080834981779,1426.3946046933672,816.208435992653,0.0030988970743594437
3516200.0,Franca,35,São Paulo,711,347312,148494,98.1652456,0.13806644950773558,0.0831462,0.23969065145529525,3538.0342388711956,1512.6942238302718,0.2003014381699604
3516309.0,Francisco Morato,35,São Paulo,381,164374,62862,27.2241258,0.07145439842519685,0.0473454,0.11503820368913033,6037.806363648231,2309.054860450285,0.1073345259391771
3516408.0,Franco da Rocha,35,São Paulo,334,139074,55762,43.863069,0.13132655389221556,0.05026985,0.2784855385470075,3170.639975055097,1271.2744746611322,0.09409378389418675
3516507.0,Gabriel Monteiro,35,São Paulo,5,2459,1066,0.6662212000000001,0.13324424,0.1527562,0.061710874344057066,3690.966303684121,1600.069166216866,0.0014085895792542928
3516606.0,Gália,35,São Paulo,12,5155,2285,2.1063244,0.17552703333333333,0.15809895000000002,0.0674191045011364,2447.391294522344,1084.8281489783815,0.0033806149902103023
3516705.0,Garça,35,São Paulo,96,39928,16642,13.3556888,0.13912175833333332,0.1034133,0.10589803351106711,2989.587478258703,1246.0607797330529,0.02704491992168242
3516804.0,Gastão Vidigal,35,São Paulo,10,2944,1381,1.0511347,0.10511347,0.0994661,0.052394360668556475,2800.7828111849035,1313.8182955999835,0.0028171791585085855
3516853.0,Gavião Peixoto,35,São Paulo,7,4228,1701,1.3302744,0.1900392,0.1256969,0.13295417835097673,3178.291636672855,1278.683555813748,0.0019720254109560098
3516903.0,General Salgado,35,São Paulo,21,9219,4259,3.7057317999999997,0.17646341904761903,0.1395728,0.11745239802605828,2487.7677332180383,1149.300659049314,0.005916076232868029
3517000.0,Getulina,35,São Paulo,20,7833,3425,2.86156,0.14307799999999998,0.13248749999999998,0.07062103921724147,2737.318106207803,1196.8995932288683,0.005634358317017171
3517109.0,Glicério,35,São Paulo,13,3432,2260,4.3096101,0.33150846923076926,0.2712878,0.2469613382341569,796.3597449337701,524.4093891463638,0.003662332906061161
3517208.0,Guaiçara,35,São Paulo,30,10446,4739,5.5381871,0.18460623666666667,0.13700865,0.16388164726023238,1886.1767960132659,855.695178662346,0.008451537475525756
3517307.0,Guaimbê,35,São Paulo,12,4877,2137,1.6792606,0.13993838333333333,0.10343625,0.08099016565792344,2904.2544081603533,1272.5838979369848,0.0033806149902103023
3517406.0,Guaíra,35,São Paulo,63,38036,15934,14.9384011,0.23711747777777778,0.1554002,0.22527978530249565,2546.189498151847,1066.6469519284765,0.01774822869860409
3517505.0,Guapiaçu,35,São Paulo,40,20284,8049,6.6310641,0.16577660249999998,0.1206132,0.14937388761508605,3058.935895371604,1213.8323319782114,0.011268716634034342
3517604.0,Guapiara,35,São Paulo,18,6907,3022,3.3584473,0.18658040555555555,0.1550379,0.14143677404795932,2056.605146074497,899.8205807785044,0.005070922485315454
3517703.0,Guará,35,São Paulo,34,18149,7446,7.1535426,0.2103983117647059,0.1450096,0.23358058976429574,2537.0646426289545,1040.882876688258,0.00957840913892919
3517802.0,Guaraçaí,35,São Paulo,13,5886,2798,2.1332687,0.1640975923076923,0.1539889,0.06425875165832098,2759.146093504302,1311.6022374490378,0.003662332906061161
3517901.0,Guaraci,35,São Paulo,25,9634,5059,6.0288129,0.241152516,0.147829,0.23087854699360813,1597.9928652289077,839.1370048985929,0.007042947896271463
3518008.0,Guarani d'Oeste,35,São Paulo,6,1712,812,1.0547452,0.17579086666666666,0.16402845,0.0843795413882931,1623.140830600604,769.8541789998192,0.0016903074951051512
3518107.0,Guarantã,35,São Paulo,16,5261,2361,2.1314107,0.13321316875,0.12396580000000001,0.07693906940215067,2468.3182832853377,1107.7170626946745,0.004507486653613737
3518206.0,Guararapes,35,São Paulo,66,29504,12847,10.3725439,0.15715975606060606,0.1284842,0.1296366736376402,2844.4324058247657,1238.5582672732771,0.018593382446156662
3518305.0,Guararema,35,São Paulo,57,25724,12002,45.5482662,0.7990923894736842,0.5488609,0.9223867777815097,564.7635386832792,263.50069939654475,0.016057921203498936
3518404.0,Guaratinguetá,35,São Paulo,221,113199,47971,49.0027888,0.22173207601809955,0.0989065,0.37905955206404807,2310.0521984985476,978.9442840853172,0.062259659403039735
3518503.0,Guareí,35,São Paulo,15,8143,3419,5.3445074,0.35630049333333336,0.2493605,0.32553566610992646,1523.6203059612192,639.722194041681,0.004225768737762878
3518602.0,Guariba,35,São Paulo,73,36350,14878,10.675032400000001,0.14623332054794522,0.1204438,0.14509987836685115,3405.1418897801186,1393.7194232778158,0.020565407857112673
3518701.0,Guarujá,35,São Paulo,715,286839,159934,57.687628,0.0806819972027972,0.03336,0.23465730815636632,4972.279324780004,2772.41421678839,0.20142830983336385
3518800.0,Guarulhos,35,São Paulo,2485,1291152,514629,195.4609314,0.07865631042253521,0.0342379,0.31628877167961494,6605.678130929034,2632.8995585662087,0.7000690208893835
3518859.0,Guatapará,35,São Paulo,12,6109,2688,2.6276,0.21896666666666667,0.16616385,0.15699180155829986,2324.935302176891,1022.9867559750342,0.0033806149902103023
3518909.0,Guzolândia,35,São Paulo,12,3732,1734,1.207927,0.10066058333333333,0.08454339999999999,0.06354763215129311,3089.590678906921,1435.5172125467848,0.0033806149902103023
3519006.0,Herculândia,35,São Paulo,22,8166,3371,3.9515347,0.17961521363636362,0.1386834,0.1364317515311464,2066.5388564093846,853.0862705064947,0.006197794148718887
3519055.0,Holambra,35,São Paulo,22,11954,4709,8.2737008,0.3760773090909091,0.18206905,0.4116403705378136,1444.8189859609136,569.1528028182987,0.006197794148718887
3519071.0,Hortolândia,35,São Paulo,384,235854,93936,54.9093246,0.1429930328125,0.08063275,0.30313287468145345,4295.33602385632,1710.7476860132424,0.10817967968672967
3519105.0,Iacanga,35,São Paulo,28,9758,4693,7.0860521,0.25307328928571426,0.1740562,0.22047933981610315,1377.071444337814,662.2869735885797,0.007888101643824039
3519204.0,Iacri,35,São Paulo,20,5147,2138,1.8043716,0.09021858,0.0899515,0.053607638198886705,2852.5166323832627,1184.9000505217439,0.005634358317017171
3519253.0,Iaras,35,São Paulo,7,3195,1372,2.4312053000000002,0.3473150428571429,0.3401835,0.19444514469950866,1314.1629791609946,564.329141599025,0.0019720254109560098
3519303.0,Ibaté,35,São Paulo,53,31726,12387,10.1205645,0.19095404716981132,0.1329036,0.24300998277882901,3134.805375727806,1223.943585360283,0.014931049540095503
3519402.0,Ibirá,35,São Paulo,32,11108,5087,6.8516648,0.214114525,0.111332,0.3711857819911697,1621.2118257740806,742.4472954368696,0.009014973307227473
3519501.0,Ibirarema,35,São Paulo,16,6024,2668,2.7109557,0.16943473125,0.1592769,0.08972735081439191,2222.0945919551546,984.1547761182524,0.004507486653613737
3519600.0,Ibitinga,35,São Paulo,145,58254,25114,23.5042933,0.16209857448275863,0.1197974,0.13671575014658702,2478.4408217029863,1068.4856455565077,0.040849097798374485
3519709.0,Ibiúna,35,São Paulo,173,52704,30960,100.1927814,0.579149025433526,0.3913104,0.6477452913539634,526.0259198673169,309.0042971898173,0.04873719944219853
3519808.0,Icém,35,São Paulo,15,6557,3012,2.5555975,0.1703731666666667,0.1250096,0.12506913761648947,2565.7404970853195,1178.5893514139061,0.004225768737762878
3519907.0,Iepê,35,São Paulo,17,6728,3104,3.1740000999999998,0.1867058882352941,0.1428726,0.1588273654642474,2119.722680538038,977.9457788926976,0.004789204569464595
3520004.0,Igaraçu do Tietê,35,São Paulo,45,22815,9006,5.7723253,0.12827389555555557,0.1015891,0.07965967805509759,3952.4799477257457,1560.2031299240878,0.012677306213288634
3520103.0,Igarapava,35,São Paulo,56,25486,11259,11.7961096,0.21064481428571427,0.15335385,0.18241635881220084,2160.5428284593086,954.4672253638607,0.015776203287648078
3520202.0,Igaratá,35,São Paulo,26,7860,4847,19.349942,0.7442285384615384,0.5741249,0.5938696665253339,406.2027679462812,250.49170690020674,0.007324665812122322
3520301.0,Iguape,35,São Paulo,51,22465,12813,17.8103956,0.3492234431372549,0.1489538,0.5276613862702061,1261.3419996128553,719.4113083035618,0.014367613708393786
3520400.0,Ilhabela,35,São Paulo,104,33863,18364,29.8305802,0.2868325019230769,0.1673927,0.2891085316357398,1135.177384179742,615.6098834443723,0.029298663248489287
3520426.0,Ilha Comprida,35,São Paulo,54,13138,15703,52.7086621,0.9760863351851852,0.49935085,1.3055343665665822,249.25694329092067,297.92067137291275,0.01521276745594636
3520442.0,Ilha Solteira,35,São Paulo,55,22651,10744,10.0971849,0.18358518000000001,0.1001486,0.234580501495956,2243.2985257108644,1064.0589536990651,0.01549448537179722
3520509.0,Indaiatuba,35,São Paulo,371,251296,100178,94.1036897,0.2536487592991914,0.1018477,0.4924614625424207,2670.416014516804,1064.5491193742214,0.10451734678066851
3520608.0,Indiana,35,São Paulo,10,4467,1943,1.5260532,0.15260532,0.16556179999999998,0.06466594649107227,2927.1587648451573,1273.2190463609002,0.0028171791585085855
3520707.0,Indiaporã,35,São Paulo,10,3335,1775,1.9214829,0.19214829,0.2071933,0.0737402066128626,1735.6386569976762,923.7657020002624,0.0028171791585085855
3520806.0,Inúbia Paulista,35,São Paulo,7,3329,1347,1.4334204000000001,0.20477434285714288,0.2282923,0.11307650261657454,2322.4170662005367,939.7103599195323,0.0019720254109560098
3520905.0,Ipaussu,35,São Paulo,33,13317,5571,4.3069179,0.13051266363636363,0.0906795,0.11777745003868477,3092.0022877612782,1293.5003938663422,0.009296691223078331
3521002.0,Iperó,35,São Paulo,51,30246,12837,16.6618932,0.32670378823529417,0.1665884,0.3464126622294258,1815.2799106886603,770.4406603686548,0.014367613708393786
3521101.0,Ipeúna,35,São Paulo,12,6292,2916,4.286758,0.3572298333333333,0.2163601,0.3206538259716157,1467.775880980452,680.2343402636678,0.0033806149902103023
3521150.0,Ipiguá,35,São Paulo,15,5798,2538,4.0620864999999995,0.2708057666666666,0.2329311,0.16111361302094365,1427.3452817905284,624.802056775502,0.004225768737762878
3521200.0,Iporanga,35,São Paulo,4,1893,853,0.8345382,0.20863455,0.19531835,0.06197919496737056,2268.320371673819,1022.1221748746792,0.0011268716634034342
3521309.0,Ipuã,35,São Paulo,24,14093,6085,6.2061614,0.2585900583333333,0.21110405,0.2118866407307145,2270.8078458932764,980.4772399248269,0.006761229980420605
3521408.0,Iracemápolis,35,São Paulo,51,21845,8300,6.2219541,0.12199909999999999,0.0823759,0.10677114539206553,3510.9548622353227,1333.9860543169227,0.014367613708393786
3521507.0,Irapuã,35,São Paulo,12,6227,2596,1.7597111,0.14664259166666668,0.134738,0.08928494016935035,3538.6490430162085,1475.2421576473546,0.0033806149902103023
3521606.0,Irapuru,35,São Paulo,13,5231,2504,2.0095639,0.15458183846153845,0.166427,0.06265441203877212,2603.0523338919456,1246.0414918878669,0.003662332906061161
3521705.0,Itaberá,35,São Paulo,33,12320,4996,6.4501511,0.19545912424242426,0.1416056,0.18487646989167358,1910.0327742709778,774.5554983975492,0.009296691223078331
3521804.0,Itaí,35,São Paulo,60,20867,9497,23.9279314,0.39879885666666665,0.0817383,1.057056724239571,872.0770571918307,396.9001683112482,0.016903074951051512
3521903.0,Itajobi,35,São Paulo,36,14990,6149,6.6183016,0.1838417111111111,0.13464305,0.12592971349585627,2264.9315347006855,929.0903273431963,0.010141844970630908
3522000.0,Itaju,35,São Paulo,13,2927,1918,2.8518545,0.21937342307692306,0.2278754,0.10289459424698617,1026.3496963116456,672.5448300395409,0.003662332906061161
3522109.0,Itanhaém,35,São Paulo,287,111273,91737,109.3361899,0.38096233414634145,0.1636842,0.7921531949978757,1017.7142637014463,839.0360052230062,0.0808530418491964
3522158.0,Itaoca,35,São Paulo,5,1605,723,2.6625406,0.5325081199999999,0.5929675,0.3106450642026556,602.8077092984047,271.5451550297487,0.0014085895792542928
3522208.0,Itapecerica da Serra,35,São Paulo,377,149831,60703,52.9677251,0.14049794456233422,0.04611,0.2692764424691739,2828.7225799697408,1146.0375140785497,0.10620765427577367
3522307.0,Itapetininga,35,São Paulo,221,142544,58562,57.2120689,0.25887813981900454,0.1485255,0.33789486608474734,2491.5022781146095,1023.5952155892058,0.062259659403039735
3522406.0,Itapeva,35,São Paulo,135,76424,31843,30.5890248,0.2265853688888889,0.1053828,0.34937136380674183,2498.412437130065,1040.9942849828935,0.0380319186398659
3522505.0,Itapevi,35,São Paulo,299,228691,89249,40.2016941,0.1344538264214047,0.0564374,0.3138034251354703,5688.591118352896,2220.0308220344377,0.0842336568394067
3522604.0,Itapira,35,São Paulo,141,68103,28042,29.557562,0.20962809929078013,0.1155815,0.2360735112389536,2304.080424495092,948.7250673786965,0.039722226134971055
3522653.0,Itapirapuã Paulista,35,São Paulo,5,1945,836,0.5074383,0.10148766000000001,0.0941213,0.03708319375260173,3832.9783148020165,1647.4909363364964,0.0014085895792542928
3522703.0,Itápolis,35,São Paulo,86,36689,15956,14.7460256,0.17146541395348835,0.12654605000000002,0.14236098206046915,2488.060240448789,1082.0542723050746,0.024227740763173834
3522802.0,Itaporanga,35,São Paulo,27,10518,4588,4.0592057,0.15034095185185184,0.1031063,0.10693569050466506,2591.1473271729,1130.2703876278063,0.00760638372797318
3522901.0,Itapuí,35,São Paulo,27,13315,5720,5.6006133,0.20743012222222224,0.1577418,0.1671265119463703,2377.4182016815907,1021.3167190100413,0.00760638372797318
3523008.0,Itapura,35,São Paulo,10,3351,1731,2.1542334,0.21542334,0.1544943,0.18762028415463208,1555.5417532752024,803.5341017366086,0.0028171791585085855
3523107.0,Itaquaquecetuba,35,São Paulo,629,369263,138416,81.327604,0.12929666772655007,0.0536172,0.3165141988941268,4540.43869286989,1701.9559558154451,0.17720056907019002
3523206.0,Itararé,35,São Paulo,140,41996,18291,14.3023845,0.10215988928571429,0.061431849999999996,0.17171749076377965,2936.2935949596376,1278.877658477158,0.03944050821912019
3523305.0,Itariri,35,São Paulo,25,11958,5768,8.576897,0.34307588,0.299985,0.2719039381691722,1394.2105169270424,672.5042868067553,0.007042947896271463
3523404.0,Itatiba,35,São Paulo,229,117099,48795,60.4024399,0.2637661131004367,0.1372543,0.31825795157331405,1938.6468525752384,807.8316054911551,0.06451340272984661
3523503.0,Itatinga,35,São Paulo,48,16408,6234,6.61796,0.13787416666666666,0.0979219,0.15961004552973468,2479.3138671131287,941.9821213787934,0.01352245996084121
3523602.0,Itirapina,35,São Paulo,38,14848,6720,11.6796296,0.30735867368421055,0.1226038,0.5214563812241042,1271.2731917457381,575.3607117814763,0.010705280802332625
3523701.0,Itirapuã,35,São Paulo,10,5020,1957,1.3088782,0.13088782000000002,0.09448165,0.09252977117736275,3835.3454125830804,1495.1735004830853,0.0028171791585085855
3523800.0,Itobi,35,São Paulo,12,7011,2852,1.8285798999999998,0.1523816583333333,0.12487209999999999,0.07634908956665558,3834.1228622276776,1559.6802742937293,0.0033806149902103023
3523909.0,Itu,35,São Paulo,264,160865,69434,82.1158184,0.31104476666666664,0.12064435,0.5422748939625355,1959.0013609363236,845.5618095623828,0.07437352978462665
3524006.0,Itupeva,35,São Paulo,147,66875,27501,49.1548918,0.3343870190476191,0.1510183,0.4216737991064464,1360.4953149342502,559.4763612113169,0.04141253363007621
3524105.0,Ituverava,35,São Paulo,75,36527,15641,11.2433498,0.14991133066666668,0.1199929,0.12949259917690378,3248.7648832201235,1391.1334502818722,0.02112884368881439
3524204.0,Jaborandi,35,São Paulo,13,5902,2424,1.6290767,0.1253135923076923,0.1402345,0.06613568063517178,3622.9110636718333,1487.9594066995128,0.003662332906061161
3524303.0,Jaboticabal,35,São Paulo,169,70288,32149,26.9741192,0.1596101727810651,0.1090174,0.15801459982651758,2605.7570028088257,1191.8461456194648,0.04761032777879509
3524402.0,Jacareí,35,São Paulo,502,234905,96343,82.7859949,0.164912340438247,0.07007820000000001,0.4265640174934105,2837.496852985214,1163.7596445676102,0.14142239375713098
3524501.0,Jaci,35,São Paulo,12,6927,2633,2.1234555999999998,0.1769546333333333,0.1668982,0.08570917123332976,3262.1355492434127,1239.9599972799056,0.0033806149902103023
3524600.0,Jacupiranga,35,São Paulo,17,10575,4592,5.3198499,0.31293234705882356,0.2207456,0.21905320029271458,1987.8380403176411,863.1822488074334,0.004789204569464595
3524709.0,Jaguariúna,35,São Paulo,92,57505,22654,35.9911379,0.3912080206521739,0.15702264999999999,0.7052153457526021,1597.754429431363,629.4327248819772,0.025918048258278984
3524808.0,Jales,35,São Paulo,104,46068,20582,17.6999671,0.17019199134615384,0.1202688,0.1874775533361422,2602.716702224831,1162.8270201699981,0.029298663248489287
3524907.0,Jambeiro,35,São Paulo,19,4534,2143,7.5617852,0.3979886947368421,0.2545476,0.406907455554538,599.5938630999462,283.39868738932176,0.0053526404011663125
3525003.0,Jandira,35,São Paulo,163,118045,47344,17.4491108,0.10704975950920245,0.0414599,0.23423508043743324,6765.101176387739,2713.2614688881454,0.04592002028368994
3525102.0,Jardinópolis,35,São Paulo,71,42208,17510,13.9612286,0.19663702253521126,0.1513796,0.2000668700042629,3023.229631810484,1254.1876149782406,0.020001972025410954
3525201.0,Jarinu,35,São Paulo,94,32828,15770,41.6576208,0.4431661787234042,0.28668170000000004,0.5020185058260036,788.0430847841411,378.5621861534637,0.026481484089980703
3525300.0,Jaú,35,São Paulo,276,131154,56453,40.6389691,0.14724264166666665,0.09647435,0.1904135948682431,3227.2964325760913,1389.1346471187924,0.07775414477483696
3525409.0,Jeriquara,35,São Paulo,8,3412,1312,0.9841685,0.1230210625,0.11993925,0.03484871787647441,3466.886005800836,1333.1050526408842,0.0022537433268068684
3525508.0,Joanópolis,35,São Paulo,23,9299,4075,4.9402695,0.21479432608695653,0.1644243,0.17433035726166887,1882.2859765039134,824.8537858106728,0.006479512064569746
3525607.0,João Ramalho,35,São Paulo,6,3864,1539,1.2986183,0.21643638333333334,0.20897895,0.08763624487814198,2975.470159322412,1185.1057389226687,0.0016903074951051512
3525706.0,José Bonifácio,35,São Paulo,59,33990,14326,13.8660404,0.23501763389830507,0.171822,0.19488622670053754,2451.312632840735,1033.1716616086017,0.016621357035200655
3525805.0,Júlio Mesquita,35,São Paulo,6,3978,1685,1.2533577,0.20889295,0.18158765,0.10991269243050593,3173.874465366112,1344.3887566973099,0.0016903074951051512
3525854.0,Jumirim,35,São Paulo,7,2008,871,2.8247815,0.40354021428571424,0.218868,0.418485705534683,710.8514410760621,308.34243285719623,0.0019720254109560098
3525904.0,Jundiaí,35,São Paulo,1088,429315,177785,161.791322,0.14870525919117647,0.05182715,0.38752280449582865,2653.510674694901,1098.8537444548479,0.3065090924457341
3526001.0,Junqueirópolis,35,São Paulo,40,18958,7604,7.2917993999999995,0.182294985,0.13386195,0.1625853595773957,2599.9069584936747,1042.8153029004063,0.011268716634034342
3526100.0,Juquiá,35,São Paulo,24,11489,5164,7.1617006,0.29840419166666665,0.17785965,0.36480989283397397,1604.2279120129654,721.0577889838065,0.006761229980420605
3526209.0,Juquitiba,35,São Paulo,48,15693,7410,10.5221853,0.21921219375,0.1592707,0.19410764270224143,1491.4202280775269,704.2263359494343,0.01352245996084121
3526308.0,Lagoinha,35,São Paulo,11,3172,1699,2.0375804,0.1852345818181818,0.1165279,0.20220812785990983,1556.7483864685782,833.8321275567826,0.0030988970743594437
3526407.0,Laranjal Paulista,35,São Paulo,42,23256,10186,14.3637108,0.3419931142857143,0.20978180000000002,0.3076266249690025,1619.0802170703687,709.1482237305976,0.011832152465736058
3526506.0,Lavínia,35,São Paulo,12,4178,1829,1.9723277000000001,0.16436064166666667,0.13458320000000001,0.14226904871113658,2118.3092444526333,927.3306864777085,0.0033806149902103023
3526605.0,Lavrinhas,35,São Paulo,14,6645,2655,6.4203254,0.45859467142857147,0.3201554,0.4167233585621104,1034.9942699165995,413.5304419305601,0.0039440508219120195
3526704.0,Leme,35,São Paulo,156,96438,40357,34.9964444,0.22433618205128206,0.1253484,0.41559515356111093,2755.6513712575897,1153.1742921860941,0.04394799487273393
3526803.0,Lençóis Paulista,35,São Paulo,100,64851,25546,25.6185082,0.256185082,0.14035009999999998,0.396372185680414,2531.4120359279937,997.1696946819096,0.028171791585085853
3526902.0,Limeira,35,São Paulo,685,283051,118805,102.0062104,0.14891417576642335,0.0730869,0.3100407658566157,2774.8408541995987,1164.6839886917317,0.19297677235783808
3527009.0,Lindóia,35,São Paulo,13,6030,3132,5.0246246,0.38650958461538465,0.2751765,0.36242125738308506,1200.0896544589618,623.3301488831623,0.003662332906061161
3527108.0,Lins,35,São Paulo,179,73902,32788,37.9858168,0.21221126703910614,0.1017456,0.4113118275921509,1945.5156220307995,863.1642745141654,0.050427506937303676
3527207.0,Lorena,35,São Paulo,166,82530,33582,24.981664600000002,0.15049195542168675,0.08020479999999999,0.25617360861845057,3303.6229299147662,1344.2659061238055,0.046765174031242515
3527256.0,Lourdes,35,São Paulo,7,1682,812,0.7460002,0.10657145714285714,0.1132025,0.06188714599642528,2254.6910845332213,1088.4715580505206,0.0019720254109560098
3527306.0,Louveira,35,São Paulo,81,49676,18345,23.1770199,0.28613604814814814,0.1020957,0.4474982470763297,2143.3299110210455,791.5167730429398,0.022819151183919542
3527405.0,Lucélia,35,São Paulo,35,16654,7211,5.9800361,0.1708581742857143,0.1475584,0.104282848547387,2784.9330207220655,1205.8455633737728,0.009860127054780048
3527504.0,Lucianópolis,35,São Paulo,5,1923,856,0.9337945000000001,0.1867589,0.1822409,0.09898252434124422,2059.3396084470405,916.689914108511,0.0014085895792542928
3527603.0,Luís Antônio,35,São Paulo,19,12020,4782,4.4953112,0.23659532631578947,0.1827576,0.121894961175905,2673.897193146495,1063.775073013855,0.0053526404011663125
3527702.0,Luiziânia,35,São Paulo,9,4284,1851,1.4720663999999999,0.16356293333333333,0.0900763,0.13997986981852067,2910.194811864465,1257.416105686537,0.002535461242657727
3527801.0,Lupércio,35,São Paulo,8,3602,1489,0.8559558,0.106994475,0.11437315,0.039537284082812256,4208.161215801096,1739.575805199287,0.0022537433268068684
3527900.0,Lutécia,35,São Paulo,5,2111,981,0.8915023,0.17830046,0.1802957,0.10516731430165459,2367.913128210662,1100.3897578278822,0.0014085895792542928
3528007.0,Macatuba,35,São Paulo,25,16336,6193,8.3720369,0.33488147599999996,0.1839377,0.37412622487051556,1951.2575249160693,739.7244032691734,0.007042947896271463
3528106.0,Macaubal,35,São Paulo,14,6694,3124,2.2880815,0.16343439285714287,0.1255356,0.10557771282918686,2925.595089160941,1365.3359812576605,0.0039440508219120195
3528205.0,Macedônia,35,São Paulo,8,2924,1245,1.8030178,0.225377225,0.1934435,0.15593904041467843,1621.7255314950303,690.5089899833491,0.0022537433268068684
3528304.0,Magda,35,São Paulo,6,2648,1222,1.1548975,0.19248291666666664,0.17983135,0.040132601955588015,2292.8441701536285,1058.102558885096,0.0016903074951051512
3528403.0,Mairinque,35,São Paulo,98,46495,24820,100.449594,1.0249958571428572,0.29829785,1.4594719065233162,462.8689688880176,247.0891022217571,0.027608355753384137
3528502.0,Mairiporã,35,São Paulo,313,84643,39450,94.5458003,0.30206325974440895,0.2064058,0.30760446765224636,895.2592260197939,417.25808946375804,0.08817770766131872
3528601.0,Manduri,35,São Paulo,22,8633,3684,3.3958301,0.15435591363636364,0.10309075000000001,0.12972679263021628,2542.235549416916,1084.8599286519075,0.006197794148718887
3528700.0,Marabá Paulista,35,São Paulo,3,1725,921,0.7503107,0.25010356666666667,0.2220155,0.10899327800577122,2299.0475812220193,1227.4914911915823,0.0008451537475525756
3528809.0,Maracaí,35,São Paulo,21,11553,5094,4.59442,0.2187819047619048,0.1639973,0.15315755556918006,2514.5720243251594,1108.7362496245444,0.005916076232868029
3528858.0,Marapoama,35,São Paulo,9,2933,1297,1.425178,0.1583531111111111,0.1162423,0.13475593678994668,2057.9885459921497,910.061760706382,0.002535461242657727
3528908.0,Mariápolis,35,São Paulo,10,3025,1378,1.1584163,0.11584163,0.09581819999999999,0.08149985986106631,2611.3237529547882,1189.5550848170903,0.0028171791585085855
3529005.0,Marília,35,São Paulo,517,234898,104845,88.6521634,0.17147420386847195,0.0870366,0.31723821706836886,2649.658970420568,1182.6558538333425,0.14564816249489387
3529104.0,Marinópolis,35,São Paulo,4,1500,663,0.496985,0.12424625,0.1333011,0.10533258287742689,3018.1997444590884,1334.044287050917,0.0011268716634034342
3529203.0,Martinópolis,35,São Paulo,34,21312,9826,12.9781131,0.38170920882352943,0.2000559,0.5604911857076187,1642.1493506633103,757.1208483304094,0.00957840913892919
3529302.0,Matão,35,São Paulo,153,77592,31996,29.3907408,0.19209634509803922,0.1235331,0.22834238228986511,2640.0151165975376,1088.6421753615682,0.043102841125181354
3529401.0,Mauá,35,São Paulo,839,416971,170497,52.4092319,0.0624663073897497,0.0322514,0.28350145935413534,7956.060123063929,3253.1863913846064,0.2363613313988703
3529500.0,Mendonça,35,São Paulo,15,5473,3046,3.9011848000000002,0.2600789866666667,0.1924155,0.19969761329824534,1402.9071373394052,780.7884415011562,0.004225768737762878
3529609.0,Meridiano,35,São Paulo,9,3709,1552,1.6980610999999999,0.18867345555555554,0.1712581,0.08311681931440097,2184.2559139950854,913.9836016501409,0.002535461242657727
3529658.0,Mesópolis,35,São Paulo,5,1620,690,0.5702074,0.11404148,0.1203251,0.06745118706692271,2841.071511874451,1210.086014316896,0.0014085895792542928
3529708.0,Miguelópolis,35,São Paulo,48,18525,8345,8.0809486,0.16835309583333333,0.13156985,0.10785707020135285,2292.428886380988,1032.6757925424747,0.01352245996084121
3529807.0,Mineiros do Tietê,35,São Paulo,26,10795,5351,5.5510969,0.21350372692307693,0.14750000000000002,0.16962542955311283,1944.6607030044818,963.9536286963393,0.007324665812122322
3529906.0,Miracatu,35,São Paulo,26,11992,5670,8.8616124,0.3408312461538462,0.22708810000000001,0.33999993196810757,1353.252597687527,639.8384113482552,0.007324665812122322
3530003.0,Mira Estrela,35,São Paulo,15,2511,1729,3.9869355,0.2657957,0.1674668,0.38608214647296607,629.8070284808972,433.66640869911237,0.004225768737762878
3530102.0,Mirandópolis,35,São Paulo,59,24887,9232,10.3521911,0.17546086610169492,0.1386207,0.1687464792098854,2404.032128039058,891.7918835559362,0.016621357035200655
3530201.0,Mirante do Paranapanema,35,São Paulo,21,9559,4415,3.350647,0.15955461904761906,0.1553007,0.05859290299570093,2852.8818464016053,1317.6559631617417,0.005916076232868029
3530300.0,Mirassol,35,São Paulo,110,61711,26070,24.7892702,0.22535700181818183,0.1439287,0.2369058592159527,2489.4238314446225,1051.664683537154,0.03098897074359444
3530409.0,Mirassolândia,35,São Paulo,10,4035,1710,1.1340589,0.11340589000000001,0.11105395,0.03992380054349231,3558.016254711285,1507.858189728946,0.0028171791585085855
3530508.0,Mococa,35,São Paulo,134,64211,27557,30.0759182,0.22444715074626867,0.1416463,0.2871412059458365,2134.9639127559535,916.2480033610412,0.03775020072401505
3530607.0,Mogi das Cruzes,35,São Paulo,878,424082,171859,123.7371348,0.14093067744874715,0.06297269999999999,0.32030364741907763,3427.2815568701853,1388.9039881017188,0.2473483301170538
3530706.0,Mogi Guaçu,35,São Paulo,278,149262,62301,51.8682188,0.18657632661870505,0.1123954,0.28944713634455194,2877.7159396111747,1201.140147885703,0.07831758060653868
3530805.0,Mogi Mirim,35,São Paulo,156,87305,37560,45.4201842,0.29115502692307693,0.1788146,0.3567818542635307,1922.163054547894,826.9451271842266,0.04394799487273393
3530904.0,Mombuca,35,São Paulo,5,3169,1213,1.202015,0.240403,0.1496785,0.18156904637872615,2636.406367641003,1009.138821062965,0.0014085895792542928
3531001.0,Monções,35,São Paulo,8,1753,897,1.0247524000000001,0.12809405000000001,0.12352189999999999,0.039497758449345666,1710.657130444388,875.3333976090223,0.0022537433268068684
3531100.0,Mongaguá,35,São Paulo,161,61244,55192,30.4499639,0.18913021055900622,0.1147737,0.29842617117228254,2011.2995930349855,1812.547304859038,0.04535658445198822
3531209.0,Monte Alegre do Sul,35,São Paulo,23,6066,3186,8.7129715,0.37882484782608694,0.3543717,0.34476550619853313,696.203356111058,365.6617033580335,0.006479512064569746
3531308.0,Monte Alto,35,São Paulo,100,45899,19731,24.8444239,0.24844423899999998,0.10834930000000001,0.3863853956491669,1847.4568049855245,794.1822309673279,0.028171791585085853
3531407.0,Monte Aprazível,35,São Paulo,39,20756,9544,7.1947656,0.18448116923076924,0.1772356,0.09106444601659903,2884.875081962364,1326.5199355486993,0.010986998718183483
3531506.0,Monte Azul Paulista,35,São Paulo,36,17088,7349,6.9227745,0.19229929166666668,0.11664305,0.20951935532679064,2468.3744934924575,1061.568595077017,0.010141844970630908
3531605.0,Monte Castelo,35,São Paulo,7,3567,1586,1.4925891,0.21322701428571428,0.1801284,0.125875276820979,2389.8070808637153,1062.5831315530845,0.0019720254109560098
3531704.0,Monteiro Lobato,35,São Paulo,5,1548,669,0.7845319,0.15690637999999998,0.1271334,0.10942529248504204,1973.1511236190652,852.7377917966115,0.0014085895792542928
3531803.0,Monte Mor,35,São Paulo,108,62751,26717,24.1439702,0.22355527962962962,0.14539459999999998,0.2506038198837259,2599.0340229959365,1106.5702856111047,0.03042553491189272
3531902.0,Morro Agudo,35,São Paulo,50,26879,11437,10.0428663,0.200857326,0.13062790000000002,0.18848871770829,2676.4271470984336,1138.8183072794666,0.014085895792542926
3532009.0,Morungaba,35,São Paulo,28,11660,4563,7.042211,0.2515075357142857,0.17706385000000002,0.22791103164957807,1655.7299972977237,647.9499123215707,0.007888101643824039
3532058.0,Motuca,35,São Paulo,7,2947,1188,1.4837687,0.21196695714285713,0.1812103,0.1291377337481943,1986.1586243192758,800.6638770584661,0.0019720254109560098
3532108.0,Murutinga do Sul,35,São Paulo,4,2742,1271,1.0552890000000001,0.26382225000000004,0.28786315,0.14977064046544636,2598.340359844554,1204.4094082284566,0.0011268716634034342
3532157.0,Nantes,35,São Paulo,5,2440,1070,0.8250192,0.16500383999999998,0.1118379,0.10866554440685418,2957.5069283236076,1296.9395136501066,0.0014085895792542928
3532207.0,Narandiba,35,São Paulo,14,5123,2145,1.672285,0.11944892857142857,0.1193031,0.09246261182216325,3063.4730324077536,1282.676098870707,0.0039440508219120195
3532306.0,Natividade da Serra,35,São Paulo,9,2918,1750,3.0370619,0.3374513222222222,0.3663888,0.29670865586287576,960.7970124020193,576.2147949635139,0.002535461242657727
3532405.0,Nazaré Paulista,35,São Paulo,26,9127,4289,7.4231814,0.2855069769230769,0.1479378,0.420734290464335,1229.5267363397586,577.784614020075,0.007324665812122322
3532504.0,Neves Paulista,35,São Paulo,17,8714,3863,4.8334074,0.28431808235294115,0.2192578,0.21495994332957488,1802.8689243120702,799.2291318128905,0.004789204569464595
3532603.0,Nhandeara,35,São Paulo,19,8200,3955,3.1740108,0.1670532,0.1577348,0.09725945576903505,2583.4820725877807,1246.0575118395943,0.0053526404011663125
3532702.0,Nipoã,35,São Paulo,8,4327,1930,1.480208,0.185026,0.19114595,0.1017593486517227,2923.2378152259685,1303.8708073459945,0.0022537433268068684
3532801.0,Nova Aliança,35,São Paulo,10,5999,2643,2.9173154,0.29173154,0.25476465000000004,0.11382557577655775,2056.342622398661,905.9699201533025,0.0028171791585085855
3532827.0,Nova Campina,35,São Paulo,13,6035,2372,3.4866223,0.2682017153846154,0.1296141,0.2950755203070022,1730.9015662522436,680.3145841177004,0.003662332906061161
3532843.0,Nova Canaã Paulista,35,São Paulo,7,1352,658,0.639612,0.09137314285714285,0.0665192,0.08096843169157258,2113.7814800222636,1028.7486788865751,0.0019720254109560098
3532868.0,Nova Castilho,35,São Paulo,2,775,373,0.5291508,0.2645754,0.2645754,0.1347147312604676,1464.6108443944522,704.9030257537171,0.0005634358317017171
3532900.0,Nova Europa,35,São Paulo,20,8957,3635,2.6075114,0.13037557,0.1290444,0.04798294980815253,3435.0760652475,1394.0495140308878,0.005634358317017171
3533007.0,Nova Granada,35,São Paulo,46,17874,7808,6.0144778,0.13074951739130433,0.10518785,0.0944500063597817,2971.8290755017833,1298.200818032781,0.012959024129139492
3533106.0,Nova Guataporanga,35,São Paulo,5,1954,912,0.7232449,0.14464897999999998,0.156001,0.09690569213870773,2701.712794656416,1260.9836585090334,0.0014085895792542928
3533205.0,Nova Independência,35,São Paulo,9,3504,1552,1.1828581,0.13142867777777778,0.1331985,0.08034021878839355,2962.316443536211,1312.0762329817921,0.002535461242657727
3533254.0,Novais,35,São Paulo,8,4139,1661,0.9820963,0.1227620375,0.12562875,0.0604312332557059,4214.454325914882,1691.2801728303018,0.0022537433268068684
3533304.0,Nova Luzitânia,35,São Paulo,7,2493,1208,0.7021374,0.10030534285714286,0.1101172,0.0821632618703732,3550.5871073097655,1720.4609809988756,0.0019720254109560098
3533403.0,Nova Odessa,35,São Paulo,155,61546,25757,27.0167513,0.1743016212903226,0.0813086,0.31208656173545724,2278.06812582977,953.3714736456859,0.04366627695688307
3533502.0,Novo Horizonte,35,São Paulo,92,36600,17496,13.221312900000001,0.14370992282608697,0.11471724999999999,0.12335881228975289,2768.2576062472585,1323.3178983306566,0.025918048258278984
3533601.0,Nuporanga,35,São Paulo,20,6923,2979,3.3661952,0.16830976,0.1535876,0.0985799035810326,2056.624642563806,884.975416755392,0.005634358317017171
3533700.0,Ocauçu,35,São Paulo,8,3705,1549,1.7028826000000001,0.21286032500000002,0.225283,0.10979686887002808,2175.722507235672,909.634052282876,0.0022537433268068684
3533809.0,Óleo,35,São Paulo,7,1921,1038,1.0783684,0.15405262857142857,0.1162889,0.07090144310018695,1781.3949295991981,962.5652977220029,0.0019720254109560098
3533908.0,Olímpia,35,São Paulo,99,53355,25134,25.3945988,0.256511098989899,0.1453625,0.3696151359819655,2101.0373276698506,989.7380225593483,0.027890073669234995
3534005.0,Onda Verde,35,São Paulo,11,4359,1814,2.1733642,0.19757856363636364,0.1294748,0.24282469958251476,2005.6463615256016,834.650722598633,0.0030988970743594437
3534104.0,Oriente,35,São Paulo,13,5778,2323,2.1126104,0.1625084923076923,0.155701,0.07200873559165655,2735.00499666195,1099.5875055807735,0.003662332906061161
3534203.0,Orindiúva,35,São Paulo,13,5613,2365,2.206065,0.1696973076923077,0.0924459,0.21573098707772784,2544.349327875652,1072.0445680430994,0.003662332906061161
3534302.0,Orlândia,35,São Paulo,74,37515,14785,12.4251482,0.1679074081081081,0.11507690000000001,0.1441277973881074,3019.2798827139945,1189.9254449134055,0.02084712577296353
3534401.0,Osasco,35,São Paulo,1511,728606,289852,61.9421713,0.04099415704831238,0.02516,0.10040824613498664,11762.680976603093,4679.396829603873,0.42567577085064723
3534500.0,Oscar Bressane,35,São Paulo,4,2050,917,0.7161147,0.179028675,0.195253,0.07515005082235474,2862.669904695435,1280.5211232222994,0.0011268716634034342
3534609.0,Osvaldo Cruz,35,São Paulo,64,28953,12281,9.8901558,0.154533684375,0.1216353,0.10022121520853251,2927.456410747341,1241.739791399444,0.018029946614454947
3534708.0,Ourinhos,35,São Paulo,284,102054,43227,38.8132972,0.13666653943661972,0.080932,0.24824139775070525,2629.356621627085,1113.716254953985,0.08000788810164382
3534757.0,Ouroeste,35,São Paulo,23,9408,4232,3.9740535,0.1727849347826087,0.154261,0.11438796970961515,2367.3561515968518,1064.9076566281758,0.006479512064569746
3534807.0,Ouro Verde,35,São Paulo,21,7359,3283,2.7744938,0.1321187523809524,0.1265924,0.07760266388504726,2652.375723456293,1183.2789101925548,0.005916076232868029
3534906.0,Pacaembu,35,São Paulo,17,8936,4098,3.8301381,0.2253022411764706,0.2273312,0.11092601316087934,2333.075144209552,1069.9353112097967,0.004789204569464595
3535002.0,Palestina,35,São Paulo,25,9953,4558,3.6172278,0.144689112,0.1369223,0.07048441049761948,2751.5546574091904,1260.0809935166371,0.007042947896271463
3535101.0,Palmares Paulista,35,São Paulo,20,9459,3898,2.2676995,0.113384975,0.09559245,0.06759094039492566,4171.1875845984005,1718.9226350316699,0.005634358317017171
3535200.0,Palmeira d'Oeste,35,São Paulo,21,7335,3411,2.5609666,0.12195079047619048,0.1217612,0.05251971186935344,2864.152933505654,1331.918971532077,0.005916076232868029
3535309.0,Palmital,35,São Paulo,34,18583,7971,6.2697268,0.1844037294117647,0.1558059,0.11552020945356999,2963.9249990924645,1271.347261893453,0.00957840913892919
3535408.0,Panorama,35,São Paulo,30,14541,7370,13.5951421,0.45317140333333333,0.23090795,0.7164478707728517,1069.573226454176,542.1054039589626,0.008451537475525756
3535507.0,Paraguaçu Paulista,35,São Paulo,76,37717,15901,11.8818665,0.1563403486842105,0.1196724,0.14089374002601962,3174.3329215153194,1338.257756052048,0.02141056160466525
3535606.0,Paraibuna,35,São Paulo,30,10817,5024,8.6526538,0.28842179333333334,0.17596035,0.35070439595367947,1250.1366921672054,580.6311122721679,0.008451537475525756
3535705.0,Paraíso,35,São Paulo,11,5315,2267,1.7322087000000002,0.1574735181818182,0.1262259,0.10481517189139003,3068.336973483622,1308.7337570813493,0.0030988970743594437
3535804.0,Paranapanema,35,São Paulo,48,15850,7528,38.2751518,0.7973989958333334,0.2229551,1.2785688038868095,414.106783503338,196.6811272058756,0.01352245996084121
3535903.0,Paranapuã,35,São Paulo,9,3697,1595,1.6453099,0.18281221111111112,0.1714149,0.13225057525091755,2246.9931044601385,969.4222346805304,0.002535461242657727
3536000.0,Parapuã,35,São Paulo,25,9208,4116,4.1771013,0.167084052,0.1377532,0.1261057081798445,2204.399495889649,985.3723202738702,0.007042947896271463
3536109.0,Pardinho,35,São Paulo,18,6210,3639,13.109274300000001,0.7282930166666667,0.17634505,0.9309517425819389,473.7104326209727,277.58973660349756,0.005070922485315454
3536208.0,Pariquera-Açu,35,São Paulo,25,14273,6046,10.0277331,0.40110932400000004,0.295135,0.33620471986397577,1423.3526019953601,602.9278940421739,0.007042947896271463
3536257.0,Parisi,35,São Paulo,4,2500,1093,1.031567,0.25789175,0.2682137,0.10204536979460004,2423.4974558123713,1059.5530876811686,0.0011268716634034342
3536307.0,Patrocínio Paulista,35,São Paulo,29,12428,5134,5.7224934,0.19732735862068967,0.1283449,0.1710745457353304,2171.7805738316797,897.1613667566659,0.008169819559674897
3536406.0,Paulicéia,35,São Paulo,29,7193,4839,8.2178152,0.2833729379310345,0.1575622,0.35963939745402657,875.2934721627714,588.8426403163702,0.008169819559674897
3536505.0,Paulínia,35,São Paulo,191,109486,42196,67.4942674,0.35337312774869106,0.1137356,1.0332743368517112,1622.152580027856,625.1790207593245,0.05380812192751398
3536570.0,Paulistânia,35,São Paulo,6,1575,663,0.9762138,0.1627023,0.1701278,0.12866494009424634,1613.3760862630706,679.1545048840735,0.0016903074951051512
3536604.0,Paulo de Faria,35,São Paulo,16,6526,3123,2.1812671,0.13632919375,0.11903295,0.0628081492472802,2991.8390095371633,1431.7366268440944,0.004507486653613737
3536703.0,Pederneiras,35,São Paulo,92,41958,17249,26.7629192,0.2909012956521739,0.1471082,0.46605222607838537,1567.7661949523056,644.5111563166099,0.025918048258278984
3536802.0,Pedra Bela,35,São Paulo,6,1773,759,1.3620541,0.22700901666666665,0.22701464999999998,0.13097006802458974,1301.7104093001888,557.2465880760537,0.0016903074951051512
3536901.0,Pedranópolis,35,São Paulo,7,1737,789,1.0981585,0.1568797857142857,0.1255411,0.10682595422765058,1581.7388837767953,718.4755206101851,0.0019720254109560098
3537008.0,Pedregulho,35,São Paulo,27,12351,4982,3.3593192,0.12441922962962962,0.1099498,0.06824277676432877,3676.6378139951694,1483.0385871041967,0.00760638372797318
3537107.0,Pedreira,35,São Paulo,85,42393,17229,18.6515459,0.21942995176470587,0.1357961,0.3211007673957802,2272.8947094942946,923.7304024220321,0.023946022847322977
3537156.0,Pedrinhas Paulista,35,São Paulo,3,2536,1063,1.9740961,0.6580320333333333,0.8244364,0.32245511135753974,1284.6385745861107,538.4742921076639,0.0008451537475525756
3537206.0,Pedro de Toledo,35,São Paulo,13,7417,3770,5.6566635,0.4351279615384615,0.3297784,0.38003230609463656,1311.1969626618236,666.4706147006978,0.003662332906061161
3537305.0,Penápolis,35,São Paulo,120,59241,26000,21.5268704,0.17939058666666666,0.13507775,0.15285177631284086,2751.9559926369975,1207.7928429392134,0.033806149902103025
3537404.0,Pereira Barreto,35,São Paulo,48,22574,10554,13.7254534,0.2859469458333333,0.18079070000000003,0.48855089581704525,1644.6815520134294,768.9363471227844,0.01352245996084121
3537503.0,Pereiras,35,São Paulo,14,6236,2779,4.1469888,0.2962134857142857,0.23630974999999999,0.23347527534521265,1503.7417028953635,670.1247903056792,0.0039440508219120195
3537602.0,Peruíbe,35,São Paulo,164,66742,51754,62.3364795,0.3801004847560976,0.19722119999999999,0.5370581683180975,1070.6732323566653,830.2361701385462,0.0462017381995408
3537701.0,Piacatu,35,São Paulo,12,5102,2120,1.5517305,0.129310875,0.11113514999999999,0.05025555237818595,3287.942074993048,1366.2166207340772,0.0033806149902103023
3537800.0,Piedade,35,São Paulo,67,30232,13172,26.8109037,0.4001627417910448,0.2579373,0.3812532253524028,1127.600932004392,491.29265269786487,0.018875100362007523
3537909.0,Pilar do Sul,35,São Paulo,42,21933,9760,21.470936000000002,0.511212761904762,0.29247985,0.45911947987998164,1021.5204404689204,454.56797970987384,0.011832152465736058
3538006.0,Pindamonhangaba,35,São Paulo,331,159364,64632,69.7703192,0.21078646283987917,0.0908248,0.5890235822559202,2284.12313183168,926.3537954402823,0.09324863014663418
3538105.0,Pindorama,35,São Paulo,33,13800,5875,4.8226432,0.14614070303030302,0.1116034,0.10691187539002474,2861.5013443250373,1218.2116230369272,0.009296691223078331
3538204.0,Pinhalzinho,35,São Paulo,32,9139,5010,8.4426912,0.2638341,0.2174381,0.22402765064168945,1082.4747445459097,593.4126786491966,0.009014973307227473
3538303.0,Piquerobi,35,São Paulo,5,2654,1268,0.8305532,0.16611064,0.1749491,0.0579395149693454,3195.4605677276304,1526.6932930966975,0.0014085895792542928
3538501.0,Piquete,35,São Paulo,25,11462,4939,5.611888,0.22447552,0.1169408,0.2712028057557281,2042.4498849585023,880.0959677028479,0.007042947896271463
3538600.0,Piracaia,35,São Paulo,60,21415,10050,13.3711794,0.22285299,0.13509485,0.19554965676157657,1601.578990107634,751.6165701882662,0.016903074951051512
3538709.0,Piracicaba,35,São Paulo,836,414248,185016,185.7680193,0.22221054940191387,0.07165615,0.5604365579813397,2229.9209603512204,995.9518365818094,0.23551617765131774
3538808.0,Piraju,35,São Paulo,56,27568,11876,12.1380642,0.21675114642857143,0.15847109999999998,0.16595978852937945,2271.202355314614,978.4097203901755,0.015776203287648078
3538907.0,Pirajuí,35,São Paulo,37,18284,8389,8.7208804,0.23569947027027027,0.2072983,0.169405699590616,2096.577313455646,961.9441633438752,0.010423562886481766
3539004.0,Pirangi,35,São Paulo,19,10054,4335,3.8784939,0.20413125789473685,0.1495869,0.15871442801578253,2592.243344768442,1117.7018996987465,0.0053526404011663125
3539103.0,Pirapora do Bom Jesus,35,São Paulo,27,17730,6987,8.6945442,0.3220201555555555,0.1293483,0.6686693118179019,2039.209829998909,803.6073932432249,0.00760638372797318
3539202.0,Pirapozinho,35,São Paulo,41,24048,9985,7.1936774,0.17545554634146343,0.1270228,0.1563530048887694,3342.9355617197957,1388.024433789594,0.0115504345498852
3539301.0,Pirassununga,35,São Paulo,128,70538,33179,33.2986856,0.26014598125,0.15375715,0.4230289306728892,2118.341872329039,996.4056959653687,0.036059893228909894
3539400.0,Piratininga,35,São Paulo,28,13169,5470,9.1550897,0.3269674892857143,0.24087555,0.3425859367126934,1438.43484133203,597.4818575507786,0.007888101643824039
3539509.0,Pitangueiras,35,São Paulo,67,32404,13342,9.3411044,0.13941946865671642,0.0929895,0.1449275264985386,3468.96882985271,1428.3107680500818,0.018875100362007523
3539608.0,Planalto,35,São Paulo,9,3881,1771,1.3871458,0.1541273111111111,0.1416382,0.05651427367644489,2797.831345486538,1276.7223171493579,0.002535461242657727
3539707.0,Platina,35,São Paulo,6,2530,1054,0.7339156,0.12231926666666666,0.09935655,0.12365991872815811,3447.2628732786166,1436.1324381168624,0.0016903074951051512
3539806.0,Poá,35,São Paulo,219,103574,40010,16.0929931,0.07348398675799087,0.0492404,0.08420200331234394,6435.968707399744,2486.1751789354835,0.06169622357133802
3539905.0,Poloni,35,São Paulo,10,5127,2349,1.9967132,0.19967132,0.19562485000000002,0.07546591143891539,2567.719790704043,1176.433350568324,0.0028171791585085855
3540002.0,Pompéia,35,São Paulo,45,19088,8105,8.5535049,0.19007788666666667,0.1286795,0.19589123213620546,2231.5998205601077,947.5647813097062,0.012677306213288634
3540101.0,Pongaí,35,São Paulo,8,2875,1343,1.0977949,0.1372243625,0.1186551,0.08081699291094907,2618.8862783020763,1223.3614858294568,0.0022537433268068684
3540200.0,Pontal,35,São Paulo,73,36728,15167,7.4608592,0.1022035506849315,0.080951,0.06821187025154117,4922.757421826162,2032.8757846013232,0.020565407857112673
3540259.0,Pontalinda,35,São Paulo,12,3454,1430,1.15097,0.09591416666666668,0.0914421,0.043034273886885965,3000.947027290025,1242.4302979226218,0.0033806149902103023
3540309.0,Pontes Gestal,35,São Paulo,4,2142,1042,0.7576112,0.1894028,0.19977309999999998,0.07471607574518352,2827.307727235289,1375.3756544253833,0.0011268716634034342
3540408.0,Populina,35,São Paulo,9,3422,1642,1.1289453,0.12543836666666666,0.1263785,0.06436745674418867,3031.1477447135835,1454.4548792576575,0.002535461242657727
3540507.0,Porangaba,35,São Paulo,26,6024,3978,13.5066229,0.5194854961538462,0.34736225,0.5603604626164409,446.00341955204806,294.522178449211,0.007324665812122322
3540606.0,Porto Feliz,35,São Paulo,79,47870,19627,34.7030005,0.43927848734177216,0.1776574,0.8999166936257027,1379.419626841777,565.5706917907573,0.022255715352217823
3540705.0,Porto Ferreira,35,São Paulo,82,51883,21529,28.5863592,0.3486141365853659,0.13873760000000002,0.4887994454463102,1814.9565545233895,753.1214398229488,0.0231008690997704
3540754.0,Potim,35,São Paulo,31,17370,6372,4.0161396,0.12955289032258063,0.0752393,0.1474288708619637,4325.04886035336,1586.5982347824763,0.008733255391376614
3540804.0,Potirendaba,35,São Paulo,39,16923,6897,7.5952203,0.19474923846153847,0.1423268,0.17051793172567944,2228.111803419316,908.0710930794199,0.010986998718183483
3540853.0,Pracinha,35,São Paulo,2,1312,606,0.5563047,0.27815235,0.27815235,0.04955595241386248,2358.4197652833063,1089.3310806110392,0.0005634358317017171
3540903.0,Pradópolis,35,São Paulo,30,15859,6254,6.5602486,0.21867495333333334,0.1472042,0.18889376857959755,2417.4388757157767,953.3175312898965,0.008451537475525756
3541000.0,Praia Grande,35,São Paulo,969,348851,257124,46.412612,0.047897432404540766,0.0329077,0.10002247551548245,7516.297509823407,5539.959698885294,0.27298466045948194
3541059.0,Pratânia,35,São Paulo,9,4144,1686,1.2058363,0.13398181111111113,0.1193745,0.057389584120845584,3436.6190501977753,1398.1997390524732,0.002535461242657727
3541109.0,Presidente Alves,35,São Paulo,8,3313,1554,1.3673066,0.170913325,0.16232435,0.09558601367033254,2423.0117809714366,1136.540992342171,0.0022537433268068684
3541208.0,Presidente Bernardes,35,São Paulo,22,9876,4500,4.6177492,0.20989769090909094,0.1260012,0.21483385716444076,2138.7042847628018,974.5007372856022,0.006197794148718887
3541307.0,Presidente Epitácio,35,São Paulo,72,36569,17457,22.266969,0.30926345833333335,0.16126105,0.38523661128911774,1642.29806041406,783.9863611432701,0.020283689941261816
3541406.0,Presidente Prudente,35,São Paulo,390,220299,101807,72.2351978,0.18521845589743588,0.1196957,0.22627750206571207,3049.7459231709895,1409.3821724123527,0.10986998718183483
3541505.0,Presidente Venceslau,35,São Paulo,65,33252,15078,17.2191315,0.2649097153846154,0.1567899,0.2721512413089063,1931.1078494289914,875.6539201759392,0.018311664530305805
3541604.0,Promissão,35,São Paulo,63,30115,12890,10.1069533,0.16042783015873016,0.1101589,0.1468222239097059,2979.631854042503,1275.3596081224596,0.01774822869860409
3541653.0,Quadra,35,São Paulo,6,1514,988,3.8834087,0.6472347833333333,0.5565839,0.582581788072811,389.86367826801234,254.41566322905956,0.0016903074951051512
3541703.0,Quatá,35,São Paulo,24,12508,5182,4.2980282,0.17908450833333334,0.1216876,0.13220815129396427,2910.171692219237,1205.6691484713851,0.006761229980420605
3541802.0,Queiroz,35,São Paulo,12,2987,1351,1.2626355,0.105219625,0.0881706,0.05983961306918117,2365.6866926361567,1069.9841719957976,0.0033806149902103023
3541901.0,Queluz,35,São Paulo,22,8273,3340,7.8775872,0.35807214545454547,0.27496785,0.33248152776867196,1050.194658587848,423.9876900378837,0.006197794148718887
3542008.0,Quintana,35,São Paulo,11,6520,2562,2.8119712999999997,0.2556337545454545,0.2642643,0.11586383624266343,2318.658088722314,911.1046048016209,0.0030988970743594437
3542107.0,Rafard,35,São Paulo,12,8003,3062,3.7624748,0.31353956666666666,0.20153575,0.3494863655479133,2127.057435706945,813.8260487485524,0.0033806149902103023
3542206.0,Rancharia,35,São Paulo,52,25813,11577,12.7888695,0.2459397980769231,0.134683,0.30619120465751365,2018.39576203354,905.2402950862858,0.014649331624244644
3542305.0,Redenção da Serra,35,São Paulo,9,2415,1378,3.9879189,0.4431021,0.2706204,0.4689434890877071,605.5790151600124,345.54363680765925,0.002535461242657727
3542404.0,Regente Feijó,35,São Paulo,39,18644,7876,8.6136826,0.22086365641025643,0.1547958,0.21559002329105656,2164.4633156090517,914.3592079884623,0.010986998718183483
3542503.0,Reginópolis,35,São Paulo,11,5224,2429,2.5984316,0.23622105454545456,0.1476102,0.15336999960102604,2010.443530628245,934.7946661362954,0.0030988970743594437
3542602.0,Registro,35,São Paulo,87,52316,21997,25.8594548,0.2972351126436782,0.2018855,0.2808142160195747,2023.0898294112526,850.636649926587,0.024509458679024692
3542701.0,Restinga,35,São Paulo,12,5290,2066,1.3277498,0.11064581666666667,0.0836038,0.07802638826998133,3984.184369675672,1556.0160506143552,0.0033806149902103023
3542800.0,Ribeira,35,São Paulo,5,1666,824,2.0763856,0.41527712,0.1825329,0.46445629627770896,802.3557859387967,396.8434379433184,0.0014085895792542928
3542909.0,Ribeirão Bonito,35,São Paulo,20,10190,4461,4.5115975,0.22557987499999999,0.2012247,0.11975433685790993,2258.623469846324,988.7850146206528,0.005634358317017171
3543006.0,Ribeirão Branco,35,São Paulo,21,9973,4104,3.1608963,0.15051887142857143,0.1276815,0.08900480260538834,3155.1177430275075,1298.3659096946647,0.005916076232868029
3543105.0,Ribeirão Corrente,35,São Paulo,8,3806,1436,1.4983625,0.1872953125,0.1420788,0.11691783235671402,2540.1062826919388,958.3795643577572,0.0022537433268068684
3543204.0,Ribeirão do Sul,35,São Paulo,15,3719,1606,2.15768,0.14384533333333333,0.1043377,0.09460907719004004,1723.6105446590782,744.3179711542026,0.004225768737762878
3543238.0,Ribeirão dos Índios,35,São Paulo,4,1755,808,0.5592798,0.13981995,0.15927544999999999,0.04907210607616104,3137.9642175526456,1444.7151497336397,0.0011268716634034342
3543253.0,Ribeirão Grande,35,São Paulo,9,3004,1246,1.3060768999999999,0.14511965555555553,0.128821,0.08312466946990092,2300.0177095238423,954.0020193297961,0.002535461242657727
3543303.0,Ribeirão Pires,35,São Paulo,196,113651,43804,52.9848667,0.2703309525510204,0.13662410000000003,0.35423221721897974,2144.9709526210813,826.7266245665577,0.055216711506768275
3543402.0,Ribeirão Preto,35,São Paulo,1397,696033,320521,204.728677,0.14654880243378668,0.0715278,0.43382904715019055,3399.7826303542224,1565.5891724440733,0.3935599284436494
3543501.0,Riversul,35,São Paulo,11,4198,1886,2.0590363,0.18718511818181816,0.2091911,0.07740641805789515,2038.8178683396695,915.9624820601755,0.0030988970743594437
3543600.0,Rifaina,35,São Paulo,15,3583,2453,4.0742624,0.27161749333333335,0.1995632,0.19653694364534136,879.4229846364337,602.0721689403215,0.004225768737762878
3543709.0,Rincão,35,São Paulo,16,7558,3533,3.231226,0.201951625,0.13457595,0.23537013228668727,2339.0502552282014,1093.3930340991315,0.004507486653613737
3543808.0,Rinópolis,35,São Paulo,21,7734,3382,2.6735402,0.1273114380952381,0.1241956,0.042533257890602215,2892.7936075171037,1264.9893949602852,0.005916076232868029
3543907.0,Rio Claro,35,São Paulo,371,198673,85895,56.3591049,0.15191133396226414,0.0948246,0.2538022187341054,3525.126957791695,1524.0660786292935,0.10451734678066851
3544004.0,Rio das Pedras,35,São Paulo,56,30151,12361,13.284044,0.23721507142857143,0.101694,0.6210439783070317,2269.715457130374,930.514834187541,0.015776203287648078
3544103.0,Rio Grande da Serra,35,São Paulo,82,41384,16643,10.0866352,0.12300774634146341,0.05694035,0.18987987671611675,4102.854835079194,1650.0051474053507,0.0231008690997704
3544202.0,Riolândia,35,São Paulo,16,7375,3312,2.5080366,0.1567522875,0.15363525,0.05679337179971944,2940.547199351078,1320.5548914238332,0.004507486653613737
3544251.0,Rosana,35,São Paulo,34,13829,6808,8.7529074,0.25743845294117645,0.15709669999999998,0.2692294102256618,1579.932172023207,777.7987003495547,0.00957840913892919
3544301.0,Roseira,35,São Paulo,22,10107,4027,3.7112547,0.16869339545454545,0.12931985000000001,0.14639703090611886,2723.3377434321606,1085.07777706553,0.006197794148718887
3544400.0,Rubiácea,35,São Paulo,7,2396,1070,1.3321227,0.19030324285714287,0.1858287,0.05116518501513364,1798.6331139015947,803.2293121346855,0.0019720254109560098
3544509.0,Rubinéia,35,São Paulo,19,3425,2234,5.7567329,0.3029859421052632,0.2329259,0.29197308168043756,594.9555172170659,388.06733590158404,0.0053526404011663125
3544608.0,Sabino,35,São Paulo,18,4598,2626,2.7434586000000003,0.1524143666666667,0.10474615000000001,0.10413168425261862,1675.9866542181462,957.185940403839,0.005070922485315454
3544707.0,Sagres,35,São Paulo,4,1964,777,0.7991806,0.19979515,0.21901579999999998,0.12334231107551859,2457.5171119018655,972.2458227839865,0.0011268716634034342
3544806.0,Sales,35,São Paulo,24,5971,4394,6.2222441,0.25926017083333336,0.17508835,0.24219136696203955,959.6216259018189,706.1760884630032,0.006761229980420605
3544905.0,Sales Oliveira,35,São Paulo,27,10819,4510,5.876153599999999,0.2176353185185185,0.1696297,0.1406133633422241,1841.1703873772124,767.5088683862859,0.00760638372797318
3545001.0,Salesópolis,35,São Paulo,26,9750,4291,4.3919382,0.1689207,0.12794125,0.1390434972075688,2219.976592566808,977.0173906363253,0.007324665812122322
3545100.0,Salmourão,35,São Paulo,9,4416,1850,1.1620153,0.12911281111111111,0.1120198,0.052598960536293975,3800.294195782104,1592.0616535771946,0.002535461242657727
3545159.0,Saltinho,35,São Paulo,13,7312,2967,5.0505427,0.38850328461538464,0.3251768,0.2891321969470276,1447.7652074894843,587.4616207086023,0.003662332906061161
3545209.0,Salto,35,São Paulo,197,132758,53334,44.5837997,0.2263137040609137,0.1081551,0.3366375218616375,2977.7183841062338,1196.264121920501,0.05549842942261913
3545308.0,Salto de Pirapora,35,São Paulo,75,40579,19622,34.907552,0.4654340266666667,0.3068702,0.4802070560716599,1162.4705164085983,562.1133214955893,0.02112884368881439
3545407.0,Salto Grande,35,São Paulo,26,8492,3928,7.3151247,0.28135095,0.1187168,0.5211810125313855,1160.8824658860565,536.9696568535599,0.007324665812122322
3545506.0,Sandovalina,35,São Paulo,5,2529,1063,1.0023866,0.20047732,0.1943161,0.1643989065358313,2522.9786591321154,1060.4690844829731,0.0014085895792542928
3545605.0,Santa Adélia,35,São Paulo,30,13395,5904,5.2877045,0.17625681666666668,0.14848515,0.12181226454671419,2533.2353576112278,1116.5525607567517,0.008451537475525756
3545704.0,Santa Albertina,35,São Paulo,16,5600,2739,2.121371,0.1325856875,0.12429109999999999,0.06977455026027636,2639.802278809317,1291.1461502962,0.004507486653613737
3545803.0,Santa Bárbara d'Oeste,35,São Paulo,389,182330,74351,47.5733788,0.12229660359897172,0.063903,0.19781405132143082,3832.6056420444957,1562.8698628401814,0.10958826926598397
3546009.0,Santa Branca,35,São Paulo,32,11864,6027,10.1960589,0.318626840625,0.14703345,0.36102906533759394,1163.5868443247223,591.1107477027226,0.009014973307227473
3546108.0,Santa Clara d'Oeste,35,São Paulo,11,2035,878,1.3054133,0.11867393636363638,0.0910533,0.143332928307387,1558.893263918791,672.5839241870754,0.0030988970743594437
3546207.0,Santa Cruz da Conceição,35,São Paulo,10,3476,1779,2.8033129,0.28033129,0.24111490000000002,0.228899840819674,1239.9614755812668,634.6062902931742,0.0028171791585085855
3546256.0,Santa Cruz da Esperança,35,São Paulo,3,1609,709,0.9108179,0.30360596666666667,0.322325,0.06790840357572347,1766.5441138124318,778.4212409527745,0.0008451537475525756
3546306.0,Santa Cruz das Palmeiras,35,São Paulo,53,28204,11666,8.3439564,0.1574331396226415,0.1050236,0.16921342105617498,3380.1710660904223,1398.1376988019736,0.014931049540095503
3546405.0,Santa Cruz do Rio Pardo,35,São Paulo,102,43342,17926,15.935558,0.15623096078431373,0.1066526,0.1789986636933239,2719.829453101046,1124.9056983131686,0.028735227416787572
3546504.0,Santa Ernestina,35,São Paulo,13,5889,2463,1.8687374,0.1437490307692308,0.1061729,0.08440460532703359,3151.3255955598684,1318.0021976335465,0.003662332906061161
3546603.0,Santa Fé do Sul,35,São Paulo,82,33705,15636,15.8913929,0.1937974743902439,0.12817610000000002,0.18674075863664863,2120.959453466159,983.9288537130059,0.0231008690997704
3546702.0,Santa Gertrudes,35,São Paulo,49,23344,8880,13.4727809,0.274954712244898,0.075236,0.6903244569408122,1732.678663244646,659.1066882116371,0.013804177876692069
3546801.0,Santa Isabel,35,São Paulo,101,42313,18920,27.2417734,0.2697205287128713,0.12918,0.3146406924859473,1553.2395552486316,694.5215982157755,0.02845350950093671
3546900.0,Santa Lúcia,35,São Paulo,11,6965,2694,1.4385700000000001,0.13077909090909093,0.1180347,0.04524948740062045,4841.613546786044,1872.6930215422258,0.0030988970743594437
3547007.0,Santa Maria da Serra,35,São Paulo,8,4861,2512,4.1681399,0.5210174875,0.3770316,0.5467439400875473,1166.2276498924616,602.6669114441193,0.0022537433268068684
3547106.0,Santa Mercedes,35,São Paulo,5,2672,1319,2.2844888,0.45689776000000004,0.2694447,0.3366502945522149,1169.6270955672883,577.3720580289122,0.0014085895792542928
3547205.0,Santana da Ponte Pensa,35,São Paulo,4,1230,565,0.4120357,0.103008925,0.0908757,0.08529269326350587,2985.1782260614796,1371.240404654257,0.0011268716634034342
3547304.0,Santana de Parnaíba,35,São Paulo,186,152769,58466,84.7939636,0.45588152473118276,0.16712355,0.7915281544839963,1801.6494749633334,689.5066289836698,0.05239953234825969
3547403.0,Santa Rita d'Oeste,35,São Paulo,7,2109,934,0.6376648,0.09109497142857144,0.0557057,0.07238083253527172,3307.380303883796,1464.7193948921126,0.0019720254109560098
3547502.0,Santa Rita do Passa Quatro,35,São Paulo,52,22977,11025,12.2393653,0.2353724096153846,0.16179415,0.1920834163048728,1877.30322911434,900.7820037857682,0.014649331624244644
3547601.0,Santa Rosa de Viterbo,35,São Paulo,42,22626,9741,8.0698212,0.1921386,0.1567245,0.14525803745984037,2803.7795930348493,1207.0899414723092,0.011832152465736058
3547650.0,Santa Salete,35,São Paulo,4,1175,518,0.4574739,0.114368475,0.1286945,0.07012889633835566,2568.452539041025,1132.3050342325541,0.0011268716634034342
3547700.0,Santo Anastácio,35,São Paulo,35,16798,7294,6.6259813,0.18931375142857143,0.1472998,0.15556393354693787,2535.1716582719605,1100.8180780709417,0.009860127054780048
3547809.0,Santo André,35,São Paulo,1675,748086,322245,74.3946087,0.04441469176119403,0.0314929,0.07530411875841805,10055.648024397768,4331.563881187535,0.47187750905018805
3547908.0,Santo Antônio da Alegria,35,São Paulo,9,5484,2506,3.6586309,0.40651454444444446,0.2836266,0.3543263821220949,1498.921358806651,684.9556756326526,0.002535461242657727
3548005.0,Santo Antônio de Posse,35,São Paulo,43,21698,8743,13.8027751,0.32099476976744185,0.1587601,0.5884165385938821,1572.0027199457884,633.423346874644,0.012113870381586917
3548054.0,Santo Antônio do Aracanguá,35,São Paulo,33,6728,4421,6.1592834,0.1866449515151515,0.1257018,0.20346367862221312,1092.3348647993694,717.7783051840089,0.009296691223078331
3548104.0,Santo Antônio do Jardim,35,São Paulo,9,3973,1596,2.3751067,0.26390074444444445,0.1906972,0.22135776624325332,1672.76695400674,671.9698108720758,0.002535461242657727
3548203.0,Santo Antônio do Pinhal,35,São Paulo,15,3502,1877,5.5116195,0.3674413,0.3388242,0.2591282291738645,635.3849354078234,340.5532620675284,0.004225768737762878
3548302.0,Santo Expedito,35,São Paulo,9,2678,1336,1.0640749,0.11823054444444445,0.0860167,0.09037648820079135,2516.740127974074,1255.5507135822863,0.002535461242657727
3548401.0,Santópolis do Aguapeí,35,São Paulo,7,3763,1593,1.382082,0.1974402857142857,0.1773397,0.1179668789505403,2722.7038627230513,1152.6088900658572,0.0019720254109560098
3548500.0,Santos,35,São Paulo,1026,418295,208466,49.029116,0.04778666276803119,0.0198229,0.16322049184986584,8531.563163406821,4251.881677817728,0.28904258166298086
3548609.0,São Bento do Sapucaí,35,São Paulo,18,6294,2944,3.826232,0.21256844444444445,0.19489865,0.11281458484049482,1644.9603683205828,769.4253772379719,0.005070922485315454
3548708.0,São Bernardo do Campo,35,São Paulo,1718,806963,331025,113.0993616,0.06583199161816065,0.0269497,0.2174048606948686,7134.991644373703,2926.851180387211,0.48399137943177495
3548807.0,São Caetano do Sul,35,São Paulo,431,165655,70743,15.3307276,0.03557013364269141,0.024171,0.050213243363380726,10805.423220747853,4614.458090038727,0.12142042173172003
3548906.0,São Carlos,35,São Paulo,451,249463,119355,91.9135677,0.2037994849223947,0.0995904,0.5286931700278723,2714.104198568717,1298.556926759356,0.1270547800487372
3549003.0,São Francisco,35,São Paulo,5,2007,956,0.6445930999999999,0.12891861999999998,0.1406506,0.04493227973002259,3113.592125016542,1483.1061641832655,0.0014085895792542928
3549102.0,São João da Boa Vista,35,São Paulo,154,87940,38689,34.871462199999996,0.22643806623376622,0.1371958,0.32886266141092474,2521.8328814442434,1109.4745548123303,0.043384559041032215
3549201.0,São João das Duas Pontes,35,São Paulo,4,1998,883,0.5912948,0.1478237,0.13599414999999998,0.060355570983022494,3379.02514955315,1493.33293646418,0.0011268716634034342
3549250.0,São João de Iracema,35,São Paulo,3,1528,650,0.4695997,0.15653323333333333,0.1369818,0.08266783891939679,3253.8351280888805,1384.1576133885947,0.0008451537475525756
3549300.0,São João do Pau d'Alho,35,São Paulo,8,1969,907,0.7643997,0.0955499625,0.0902771,0.06719434739412741,2575.8775153888732,1186.5520093741534,0.0022537433268068684
3549409.0,São Joaquim da Barra,35,São Paulo,90,47891,19537,15.7580349,0.17508927666666668,0.1248187,0.2010250801224061,3039.147984118248,1239.8119514254915,0.02535461242657727
3549508.0,São José da Bela Vista,35,São Paulo,13,6982,2816,2.0678897000000003,0.15906843846153848,0.1188222,0.12363762335722987,3376.3889824491116,1361.7747600367659,0.003662332906061161
3549607.0,São José do Barreiro,35,São Paulo,6,2735,1378,1.7599502,0.2933250333333333,0.3100875,0.10729565244718291,1554.0212444647582,782.9767001361743,0.0016903074951051512
3549706.0,São José do Rio Pardo,35,São Paulo,91,47332,19500,20.9205905,0.2298965989010989,0.1521057,0.22954001364679194,2262.4600390701207,932.0960610552556,0.025636330342428126
3549805.0,São José do Rio Preto,35,São Paulo,1090,476448,218687,167.6037206,0.15376488128440366,0.09048385,0.2274170291394106,2842.705390395731,1304.7860704829723,0.3070725282774358
3549904.0,São José dos Campos,35,São Paulo,1488,688155,275897,209.7347952,0.14095080322580647,0.05550895,0.442756415216214,3281.0721718529608,1315.456501802234,0.4191962587860775
3549953.0,São Lourenço da Serra,35,São Paulo,18,8352,3609,4.9553701,0.2752983388888889,0.1755634,0.31141452902871347,1685.4442415915616,728.3007983601467,0.005070922485315454
3550001.0,São Luiz do Paraitinga,35,São Paulo,15,5744,2986,8.159252,0.5439501333333333,0.3631176,0.6391689610165795,703.9861006866805,365.9649193332918,0.004225768737762878
3550100.0,São Manuel,35,São Paulo,86,35649,15460,16.4090089,0.19080242906976744,0.1104812,0.22855485605345233,2172.526093273068,942.1653735589113,0.024227740763173834
3550209.0,São Miguel Arcanjo,35,São Paulo,45,21827,8703,13.3007023,0.2955711622222222,0.1699369,0.34681476414155893,1641.041165172158,654.3263508724649,0.012677306213288634
3550308.0,São Paulo,35,São Paulo,27037,11434786,4987923,1009.3373313,0.03733170585863816,0.0225119,0.10062766029214741,11329.003342492342,4941.779963271235,7.616807290859662
3550407.0,São Pedro,35,São Paulo,86,36784,17872,55.2254523,0.6421564220930233,0.21174985000000002,0.9550672098277824,666.0696919271768,323.6188977306031,0.024227740763173834
3550506.0,São Pedro do Turvo,35,São Paulo,13,5491,2258,1.9286668,0.1483589846153846,0.0827076,0.12429294129702115,2847.044393567619,1170.756918717116,0.003662332906061161
3550605.0,São Roque,35,São Paulo,134,71684,32734,100.622351,0.750913067164179,0.2995036,1.0675682067498005,712.4063320683096,325.31539637749074,0.03775020072401505
3550704.0,São Sebastião,35,São Paulo,251,80265,52930,67.5408885,0.26908720517928286,0.1733741,0.30908828451013465,1188.3912365174172,783.6734336119964,0.07071119687856549
3550803.0,São Sebastião da Grama,35,São Paulo,15,8104,3441,3.4178747,0.22785831333333334,0.1724483,0.14681833596567498,2371.064100155573,1006.7659882323948,0.004225768737762878
3550902.0,São Simão,35,São Paulo,25,12256,5481,6.0487794,0.241951176,0.2445746,0.13731213053359875,2026.1939127751957,906.1332274739594,0.007042947896271463
3551009.0,São Vicente,35,São Paulo,648,329607,146497,29.9165565,0.04616752546296296,0.0378666,0.053135546683745614,11017.544749844456,4896.853687021098,0.18255320947135634
3551108.0,Sarapuí,35,São Paulo,16,7528,3566,7.7029865,0.48143665625,0.534859,0.218689992924392,977.2832913571899,462.93732956691537,0.004507486653613737
3551207.0,Sarutaiá,35,São Paulo,9,3284,1398,1.5914529000000002,0.17682810000000002,0.132245,0.16250107171646594,2063.523212028455,878.4425853884836,0.002535461242657727
3551306.0,Sebastianópolis do Sul,35,São Paulo,6,2606,1221,0.8033368,0.13388946666666665,0.14010925000000002,0.036617124181380856,3243.9694036175115,1519.910453498458,0.0016903074951051512
3551405.0,Serra Azul,35,São Paulo,20,11963,3972,6.2220889,0.311104445,0.2590667,0.1896514022455562,1922.6661965565936,638.3708210919326,0.005634358317017171
3551504.0,Serrana,35,São Paulo,73,43597,16866,9.3370093,0.12790423698630138,0.1024037,0.12552052763789442,4669.268134926245,1806.3599872391687,0.020565407857112673
3551603.0,Serra Negra,35,São Paulo,66,25111,13951,17.7537027,0.2689954954545455,0.17642195,0.30012660802452407,1414.4091756138282,785.807909242504,0.018593382446156662
3551702.0,Sertãozinho,35,São Paulo,275,125732,52947,41.490894,0.15087597818181817,0.074968,0.4059692530694212,3030.3516718632286,1276.111331802106,0.0774724268589861
3551801.0,Sete Barras,35,São Paulo,11,7238,2953,2.8598591,0.2599871909090909,0.1922537,0.16868537532806127,2530.893917116406,1032.5683527555607,0.0030988970743594437
3551900.0,Severínia,35,São Paulo,29,13888,5387,3.3296199,0.11481447931034483,0.0763139,0.15380482024032086,4171.046671123031,1617.9023918015387,0.008169819559674897
3552007.0,Silveiras,35,São Paulo,7,3228,1355,4.7866262,0.6838037428571428,0.6272528,0.46633643890868054,674.378960278954,283.0803876016055,0.0019720254109560098
3552106.0,Socorro,35,São Paulo,67,24633,11271,13.356423300000001,0.19934960149253733,0.1005464,0.28271111333065485,1844.2811706933546,843.8636412489262,0.018875100362007523
3552205.0,Sorocaba,35,São Paulo,1108,718444,304238,208.6774946,0.18833708898916968,0.0896693,0.5414830071233759,3442.8437114272315,1457.9339309357417,0.31214345076275124
3552304.0,Sud Mennucci,35,São Paulo,18,6434,2821,2.4372863000000002,0.13540479444444445,0.12591629999999998,0.08802050633191359,2639.821181450862,1157.434807720373,0.005070922485315454
3552403.0,Sumaré,35,São Paulo,436,278311,111970,75.2519198,0.17259614633027523,0.0819542,0.4361115775108163,3698.390695409209,1487.935461282411,0.12282901131097432
3552502.0,Suzano,35,São Paulo,629,303500,120117,98.8548445,0.1571619149443561,0.0539273,0.38824067541577345,3070.1580841594464,1215.0846082206926,0.17720056907019002
3552551.0,Suzanápolis,35,São Paulo,6,2646,1226,1.3251963999999998,0.22086606666666664,0.21810754999999998,0.10608890288891983,1996.6851705905633,925.1458878095353,0.0016903074951051512
3552601.0,Tabapuã,35,São Paulo,31,10491,4789,4.1591945,0.13416756451612902,0.1179392,0.07039730167267565,2522.36340474099,1151.4248732537033,0.008733255391376614
3552700.0,Tabatinga,35,São Paulo,33,13415,5827,5.119161,0.1551260909090909,0.1470009,0.08130446240476812,2620.5466091025464,1138.2724630071216,0.009296691223078331
3552809.0,Taboão da Serra,35,São Paulo,605,273542,111510,20.3877751,0.033698801818181814,0.020996,0.06544036520962541,13416.961814533652,5469.454094576509,0.1704393390897694
3552908.0,Taciba,35,São Paulo,9,5214,2272,1.3004032,0.14448924444444444,0.1375764,0.0446077160421017,4009.5256609642297,1747.1504222690314,0.002535461242657727
3553005.0,Taguaí,35,São Paulo,28,11486,4271,3.2909603,0.11753429642857142,0.08107205,0.10556790994749227,3490.1666847819465,1297.797484825326,0.007888101643824039
3553104.0,Taiaçu,35,São Paulo,11,5290,2250,1.625866,0.147806,0.1449031,0.06540899875559937,3253.6506698584017,1383.8778841552748,0.0030988970743594437
3553203.0,Taiúva,35,São Paulo,12,5187,2351,2.7919159000000002,0.23265965833333335,0.15766000000000002,0.15200773044021304,1857.8639850863701,842.0740753688175,0.0033806149902103023
3553302.0,Tambaú,35,São Paulo,38,19581,7949,10.9093074,0.28708703684210524,0.18328840000000002,0.4024680349097683,1794.8893804202457,728.6438733956659,0.010705280802332625
3553401.0,Tanabi,35,São Paulo,43,23020,10408,9.5571777,0.22225994651162792,0.1605083,0.22378848213543964,2408.6608748522067,1089.0244302980784,0.012113870381586917
3553500.0,Tapiraí,35,São Paulo,10,5654,2316,4.6608058,0.46608058,0.41514035,0.2586492077218778,1213.094954524816,496.9097832825388,0.0028171791585085855
3553609.0,Tapiratiba,35,São Paulo,19,10315,4253,3.1826728,0.1675090947368421,0.164421,0.08787783335785901,3240.9866323676124,1336.2982207910281,0.0053526404011663125
3553658.0,Taquaral,35,São Paulo,6,2504,1033,0.7910377,0.13183961666666666,0.11280514999999999,0.06076918827956867,3165.4622782201154,1305.8796059909662,0.0016903074951051512
3553708.0,Taquaritinga,35,São Paulo,115,49992,21749,18.742357600000002,0.16297702260869568,0.1163403,0.15405558123106153,2667.3271883362204,1160.4196475260935,0.03239756032284873
3553807.0,Taquarituba,35,São Paulo,58,20421,8185,6.3168892,0.1089118827586207,0.0753264,0.11618388639090681,3232.7621006871545,1295.7327160337084,0.016339639119349793
3553856.0,Taquarivaí,35,São Paulo,5,3455,1361,2.2313279,0.44626558000000005,0.4577076,0.4011582152742817,1548.4053240225248,609.9506934861523,0.0014085895792542928
3553906.0,Tarabai,35,São Paulo,11,6032,2548,2.2790768,0.20718879999999998,0.1957217,0.11088325716204409,2646.6857106351135,1117.9965501820739,0.0030988970743594437
3553955.0,Tarumã,35,São Paulo,25,14361,5594,3.3589128,0.134356512,0.114846,0.08374287580919605,4275.490569448542,1665.419834656023,0.007042947896271463
3554003.0,Tatuí,35,São Paulo,280,120091,51302,63.5357666,0.22691345214285716,0.07490125,0.805858528341814,1890.132226719682,807.4507123362544,0.07888101643824039
3554102.0,Taubaté,35,São Paulo,651,305526,129660,118.0890845,0.18139644316436251,0.0694983,0.4577518450309343,2587.2501365695657,1097.9846321020466,0.1833983632189089
3554201.0,Tejupá,35,São Paulo,9,2938,1276,2.4851386,0.2761265111111111,0.1373219,0.37950557105749927,1182.2278242348334,513.4522476935492,0.002535461242657727
3554300.0,Teodoro Sampaio,35,São Paulo,34,18746,8293,5.9556294,0.17516557058823531,0.16171180000000002,0.09034549165262014,3147.610225713507,1392.46407776817,0.00957840913892919
3554409.0,Terra Roxa,35,São Paulo,16,7630,3335,2.511002,0.156937625,0.1372571,0.09028518216964507,3038.6276076243666,1328.1550552329309,0.004507486653613737
3554508.0,Tietê,35,São Paulo,54,34196,14109,20.9154196,0.3873225851851852,0.2649513,0.3760940903422868,1634.966003742043,674.5740831324273,0.01521276745594636
3554607.0,Timburi,35,São Paulo,3,1885,950,1.7553098,0.5851032666666667,0.577767,0.0421574973457075,1073.8845074527585,541.2150037560322,0.0008451537475525756
3554656.0,Torre de Pedra,35,São Paulo,5,1692,1005,3.8625805,0.7725161,0.6160807,0.5518174219399882,438.0491228597048,260.18875205319347,0.0014085895792542928
3554706.0,Torrinha,35,São Paulo,19,8066,3481,4.7540971999999995,0.25021564210526315,0.1820454,0.22039634668250466,1696.6417935249622,732.2105235879486,0.0053526404011663125
3554755.0,Trabiju,35,São Paulo,3,1554,677,0.8590305,0.28634350000000003,0.3801888,0.22126250465709274,1809.0160943063138,788.0977450742436,0.0008451537475525756
3554805.0,Tremembé,35,São Paulo,92,42414,16596,16.6883785,0.18139541847826085,0.11375215,0.15933957027463957,2541.5291245941003,994.4645011497073,0.025918048258278984
3554904.0,Três Fronteiras,35,São Paulo,15,6159,2845,3.1374036,0.20916024,0.1580268,0.1420271318142709,1963.088204526826,906.8007699105082,0.004225768737762878
3554953.0,Tuiuti,35,São Paulo,9,3206,1629,2.9860634,0.3317848222222222,0.3362469,0.1501167528295208,1073.6543638021885,545.5342977647427,0.002535461242657727
3555000.0,Tupã,35,São Paulo,126,60682,26471,32.3852718,0.25702596666666666,0.12345665,0.4537237323662386,1873.752994100238,817.3777315650011,0.03549645739720818
3555109.0,Tupi Paulista,35,São Paulo,29,12373,5673,4.939945,0.17034293103448275,0.1391831,0.0892746067829805,2504.6837566005293,1148.393352557569,0.008169819559674897
3555208.0,Turiúba,35,São Paulo,7,1502,952,1.1006504,0.15723577142857142,0.113843,0.1282549617119836,1364.6476665070036,864.9431281722153,0.0019720254109560098
3555307.0,Turmalina,35,São Paulo,5,1261,653,0.5630118,0.11260235999999998,0.0816764,0.07762821815411584,2239.7399130888557,1159.833594961953,0.0014085895792542928
3555356.0,Ubarana,35,São Paulo,10,5066,2295,2.743702,0.2743702,0.1764621,0.232420861406831,1846.4104337861766,836.4611025541404,0.0028171791585085855
3555406.0,Ubatuba,35,São Paulo,330,87042,75557,66.9710781,0.2029426609090909,0.09227915,0.3214918154100367,1299.6953680517202,1128.2034296533147,0.09296691223078332
3555505.0,Ubirajara,35,São Paulo,11,4069,1753,1.5736525,0.14305931818181816,0.102738,0.08966544190986647,2585.7042771514043,1113.9689353272086,0.0030988970743594437
3555604.0,Uchoa,35,São Paulo,22,9691,4188,4.4710837,0.2032310772727273,0.18210395000000001,0.16686704397943644,2167.4834671513754,936.6856630306428,0.006197794148718887
3555703.0,União Paulista,35,São Paulo,2,1296,532,0.40102079999999996,0.20051039999999998,0.20051039999999998,0.0990823477642713,3231.7525674478734,1326.6144798474295,0.0005634358317017171
3555802.0,Urânia,35,São Paulo,18,7728,3432,2.7931985,0.15517769444444443,0.1744557,0.07144744490039286,2766.7206609197306,1228.6989270544145,0.005070922485315454
3555901.0,Uru,35,São Paulo,3,1165,735,0.9659487,0.3219829,0.270237,0.12184970550694821,1206.0681897496213,760.9099737905336,0.0008451537475525756
3556008.0,Urupês,35,São Paulo,25,12792,5426,5.4746372,0.218985488,0.1663564,0.14963307640039383,2336.5931901387,991.115904447513,0.007042947896271463
3556107.0,Valentim Gentil,35,São Paulo,19,12948,5318,3.875328,0.20396463157894737,0.1637624,0.14990102837570327,3341.1365437970667,1372.2709406790857,0.0053526404011663125
3556206.0,Valinhos,35,São Paulo,218,121921,51653,62.9786545,0.2888929105504587,0.13722855,0.4467036469747208,1935.9098883257343,820.1667757128727,0.06141450565548716
3556305.0,Valparaíso,35,São Paulo,45,23479,8089,6.6977536,0.1488389688888889,0.1113011,0.1712018556273384,3505.503696045193,1207.7183609740434,0.012677306213288634
3556354.0,Vargem,35,São Paulo,17,6764,2848,6.756152999999999,0.39742076470588233,0.3206678,0.24273711471766357,1001.1614597834005,421.5416672772213,0.004789204569464595
3556404.0,Vargem Grande do Sul,35,São Paulo,68,38354,15770,13.8841561,0.2041787661764706,0.13773195,0.20380665040300724,2762.4293276276258,1135.8270453326293,0.01915681827785838
3556453.0,Vargem Grande Paulista,35,São Paulo,126,49865,20749,31.7757127,0.252188196031746,0.1833403,0.27310315104948235,1569.280301303832,652.9829935175616,0.03549645739720818
3556503.0,Várzea Paulista,35,São Paulo,240,115437,44403,28.0006718,0.11666946583333333,0.046104400000000004,0.23285410984269447,4122.651085821448,1585.7833810973063,0.06761229980420605
3556602.0,Vera Cruz,35,São Paulo,15,8989,3365,2.8238368,0.18825578666666667,0.1559983,0.10530273342950563,3183.257616020869,1191.6411033385498,0.004225768737762878
3556701.0,Vinhedo,35,São Paulo,140,75558,31124,48.3880135,0.34562866785714286,0.18076605,0.567701717419299,1561.5024162957218,643.2171471556691,0.03944050821912019
3556800.0,Viradouro,35,São Paulo,38,16934,7334,5.8959195,0.15515577631578947,0.1116327,0.11677353564242948,2872.1559037568272,1243.9111490582598,0.010705280802332625
3556909.0,Vista Alegre do Alto,35,São Paulo,14,7663,2964,2.1921511,0.15658222142857142,0.12174374999999998,0.11597851555796662,3495.6531965337613,1352.0965776492324,0.0039440508219120195
3556958.0,Vitória Brasil,35,São Paulo,4,1513,639,0.4495467,0.112386675,0.1330818,0.05053339325992764,3365.6125158965688,1421.4318556892977,0.0011268716634034342
3557006.0,Votorantim,35,São Paulo,199,125021,49438,32.2457863,0.1620391271356784,0.0977683,0.23278517299582402,3877.126730198544,1533.1615591585062,0.05606186525432085
3557105.0,Votuporanga,35,São Paulo,138,93876,42113,29.8563564,0.21635040869565217,0.1461647,0.19521508425669393,3144.2550705885865,1410.5204076409002,0.03887707238741848
3557154.0,Zacarias,35,São Paulo,12,2190,1186,2.3324797,0.19437330833333333,0.1767377,0.13924545266515698,938.9149238897985,508.471735038037,0.0033806149902103023
3557204.0,Chavantes,35,São Paulo,27,11841,4870,3.6459107,0.13503372962962962,0.1106469,0.09648576703812854,3247.748223783978,1335.7430833399183,0.00760638372797318
3557303.0,Estiva Gerbi,35,São Paulo,28,10467,4099,7.4087676,0.26459884285714286,0.12995895,0.38388772880646915,1412.7855758358517,553.2634064537265,0.007888101643824039
4100103.0,Abatiá,41,Paraná,9,5472,2323,1.8542981,0.20603312222222223,0.2193851,0.0876467462389189,2950.981829728456,1252.7651298353808,0.002535461242657727
4100202.0,Adrianópolis,41,Paraná,6,2072,915,1.2881673999999999,0.21469456666666664,0.15256494999999998,0.18103150370649487,1608.4865988690601,710.3114082843582,0.0016903074951051512
4100301.0,Agudos do Sul,41,Paraná,7,4234,1751,7.597422300000001,1.0853460428571429,0.7431588,0.903734476472507,557.2942812458904,230.47290658043318,0.0019720254109560098
4100400.0,Almirante Tamandaré,41,Paraná,186,114555,44082,75.2054707,0.40433048763440865,0.13563845,0.6869334265827788,1523.2269532221676,586.1541665744803,0.05239953234825969
4100459.0,Altamira do Paraná,41,Paraná,4,1944,845,0.5817198,0.14542995,0.1559391,0.06075897978458273,3341.815080043691,1452.5893737844233,0.0011268716634034342
4100509.0,Altônia,41,Paraná,28,14810,6642,6.6725419,0.23830506785714284,0.17521114999999998,0.17349545032826494,2219.54394921072,995.4227488627686,0.007888101643824039
4100608.0,Alto Paraná,41,Paraná,22,12010,4969,6.3137737000000005,0.28698971363636366,0.23759635,0.1591452904200474,1902.1904443613491,787.0095185704865,0.006197794148718887
4100707.0,Alto Piquiri,41,Paraná,16,8522,3713,3.6961449,0.23100905625,0.21053075,0.12457351751736519,2305.645538950597,1004.5601837741805,0.004507486653613737
4100806.0,Alvorada do Sul,41,Paraná,29,9082,5788,16.8061924,0.579523875862069,0.3478458,0.7231314437842368,540.3960506842703,344.3968664788105,0.008169819559674897
4100905.0,Amaporã,41,Paraná,9,4054,1808,3.5315374999999998,0.39239305555555554,0.3875797,0.23127136955128122,1147.9419374705776,511.9583184377909,0.002535461242657727
4101002.0,Ampére,41,Paraná,30,15840,6435,9.1960155,0.30653385,0.31601795,0.1445991718397965,1722.4851350022193,699.7595860946516,0.008451537475525756
4101051.0,Anahy,41,Paraná,6,2365,990,1.1841817,0.19736361666666666,0.1844624,0.11256212685308355,1997.159726416985,836.0203505931565,0.0016903074951051512
4101101.0,Andirá,41,Paraná,29,18998,8037,7.8464068000000005,0.27056575172413794,0.2087865,0.324793430984134,2421.235666751308,1024.2905070891811,0.008169819559674897
4101150.0,Ângulo,41,Paraná,4,2699,1201,1.1078848,0.2769712,0.2470668,0.10058858284066503,2436.173869340928,1084.0477277059854,0.0011268716634034342
4101200.0,Antonina,41,Paraná,24,15692,7601,15.922820399999999,0.6634508499999999,0.5202202,0.48636202462605715,985.5037993143477,477.36517834491184,0.006761229980420605
4101309.0,Antônio Olinto,41,Paraná,4,1211,544,1.6806533,0.420163325,0.3850782,0.2570131600750355,720.5531325229302,323.6836532555525,0.0011268716634034342
4101408.0,Apucarana,41,Paraná,201,125919,53581,68.1461967,0.33903580447761195,0.1682514,0.6998321746812723,1847.77736832964,786.2654497928862,0.05662530108602257
4101507.0,Arapongas,41,Paraná,185,116879,50024,60.5086129,0.32707358324324326,0.1223677,0.7359286922389953,1931.6093097880284,826.725280955829,0.05211781443240883
4101606.0,Arapoti,41,Paraná,35,22438,9085,14.8369793,0.4239136942857143,0.2012232,0.8395537976376404,1512.3024401604443,612.321404263198,0.009860127054780048
4101655.0,Arapuã,41,Paraná,5,2063,919,1.1055871,0.22111741999999998,0.2291517,0.16304862218098318,1865.9769094628548,831.2325641281452,0.0014085895792542928
4101705.0,Araruna,41,Paraná,29,12297,5399,8.3639484,0.28841201379310344,0.2225138,0.22512595987307027,1470.2386255754518,645.5085256145292,0.008169819559674897
4101804.0,Araucária,41,Paraná,224,139682,57559,83.0840657,0.3709110075892857,0.1175683,0.980884939535356,1681.2128634191286,692.7802523270116,0.06310481315059231
4101853.0,Ariranha do Ivaí,41,Paraná,4,1046,477,0.5661704000000001,0.14154260000000002,0.1439284,0.10736324032051194,1847.5003285230027,842.5025398713884,0.0011268716634034342
4101903.0,Assaí,41,Paraná,22,12461,5679,7.6423171,0.34737805,0.25974285,0.31922063596323336,1630.5264276458772,743.0992362250972,0.006197794148718887
4102000.0,Assis Chateaubriand,41,Paraná,68,33230,14011,15.9314862,0.2342865617647059,0.19276165,0.1626021496034985,2085.8066587660855,879.4534184764257,0.01915681827785838
4102109.0,Astorga,41,Paraná,42,23579,10352,14.9305672,0.35548969523809526,0.2246719,0.32329049088352974,1579.2434194998298,693.3427150711327,0.011832152465736058
4102208.0,Atalaia,41,Paraná,8,3361,1447,1.4912341,0.1864042625,0.19981725,0.09149011835907178,2253.837945363508,970.3372528833669,0.0022537433268068684
4102307.0,Balsa Nova,41,Paraná,15,7353,3037,10.980291300000001,0.7320194200000001,0.6875014,0.4921797694134217,669.6543651806395,276.5864690675374,0.004225768737762878
4102406.0,Bandeirantes,41,Paraná,47,28776,12270,9.8984221,0.2106047255319149,0.157049,0.1445639538280211,2907.1300162073308,1239.5915102468707,0.013240742044990352
4102505.0,Barbosa Ferraz,41,Paraná,19,8756,4225,7.5242065,0.39601086842105265,0.3467883,0.21296700217369374,1163.7107514260806,561.5210055704878,0.0053526404011663125
4102604.0,Barracão,41,Paraná,13,7318,2967,5.6559895000000004,0.43507611538461544,0.3104718,0.3465657952506249,1293.8496438156399,524.5766456956824,0.003662332906061161
4102703.0,Barra do Jacaré,41,Paraná,4,2104,860,1.2919087999999999,0.32297719999999996,0.3338978,0.1414166659957022,1628.597931990246,665.6816642165454,0.0011268716634034342
4102752.0,Bela Vista da Caroba,41,Paraná,2,1536,591,0.7189389,0.35946945,0.35946945,0.3742675887733869,2136.481973641988,822.0448218895931,0.0005634358317017171
4102802.0,Bela Vista do Paraíso,41,Paraná,25,14156,6286,6.5708611999999995,0.262834448,0.1995918,0.15656286057586716,2154.3599186054944,956.6478135316571,0.007042947896271463
4102901.0,Bituruna,41,Paraná,17,10204,3881,13.0477621,0.7675154176470588,0.4320113,0.8525552995718189,782.04981986911,297.4456439545292,0.004789204569464595
4103008.0,Boa Esperança,41,Paraná,9,4000,1688,2.7120928,0.30134364444444445,0.2765851,0.10258690997003601,1474.8757859613063,622.3975816756712,0.002535461242657727
4103024.0,Boa Esperança do Iguaçu,41,Paraná,4,1080,442,1.0367487,0.259187175,0.23613845,0.1178499124688227,1041.7182100155997,426.3328229878658,0.0011268716634034342
4103040.0,Boa Ventura de São Roque,41,Paraná,4,2003,789,1.1860207,0.296505175,0.3023096,0.04615784658115202,1688.840675377757,665.2497717788568,0.0011268716634034342
4103057.0,Boa Vista da Aparecida,41,Paraná,16,5487,2621,5.7177786,0.3573611625,0.29421355,0.2206813024586296,959.6384162198935,458.39480388415177,0.004507486653613737
4103107.0,Bocaiúva do Sul,41,Paraná,19,7670,3019,3.5923491000000003,0.1890710052631579,0.1223749,0.1847034935280401,2135.093162298731,840.3971651864235,0.0053526404011663125
4103156.0,Bom Jesus do Sul,41,Paraná,6,1496,629,2.2583258,0.37638763333333336,0.1593569,0.5045789658334546,662.4376341093034,278.52491434141166,0.0016903074951051512
4103206.0,Bom Sucesso,41,Paraná,12,5786,2433,1.8664026,0.15553355,0.14687755,0.06844522894809596,3100.0814079448883,1303.577266769774,0.0033806149902103023
4103222.0,Bom Sucesso do Sul,41,Paraná,4,1738,695,1.4336826,0.35842065,0.37169865,0.1405314941008954,1212.2627421160025,484.76559595547855,0.0011268716634034342
4103305.0,Borrazópolis,41,Paraná,12,6587,2930,2.7421008000000002,0.22850840000000003,0.21122375,0.11632631828508035,2402.172815820629,1068.5238121078553,0.0033806149902103023
4103354.0,Braganey,41,Paraná,10,3299,1422,2.9806915,0.29806915,0.189201,0.27459041800403683,1106.7901525535267,477.07050528375714,0.0028171791585085855
4103370.0,Brasilândia do Sul,41,Paraná,7,3249,1451,1.505677,0.21509671428571428,0.1953635,0.11393697185769605,2157.8333201609644,963.6861026634531,0.0019720254109560098
4103404.0,Cafeara,41,Paraná,7,2177,1004,1.444059,0.20629414285714284,0.2094035,0.08817378219368568,1507.5561317093,695.2624511879362,0.0019720254109560098
4103453.0,Cafelândia,41,Paraná,28,17160,6618,10.7128855,0.3826030535714286,0.26270295,0.3749364603379228,1601.8093351226426,617.7607330910051,0.007888101643824039
4103479.0,Cafezal do Sul,41,Paraná,9,3686,1649,3.2427023,0.36030025555555556,0.3630361,0.15271619977009732,1136.7062588508356,508.5264842227423,0.002535461242657727
4103503.0,Califórnia,41,Paraná,19,7442,3191,2.8712547,0.15111866842105265,0.1193159,0.07853605396845206,2591.898238773453,1111.3608277245485,0.0053526404011663125
4103602.0,Cambará,41,Paraná,37,22067,8908,11.3657561,0.3071825972972973,0.1703794,0.4907072143202783,1941.5338324917952,783.7578003279517,0.010423562886481766
4103701.0,Cambé,41,Paraná,159,104725,43693,53.3283906,0.33539868301886794,0.1490138,0.9474844681538175,1963.775745371922,819.3196814756303,0.04479314862028651
4103800.0,Cambira,41,Paraná,16,8201,3430,2.9100828,0.181880175,0.1491632,0.11635759073880539,2818.132872370504,1178.6606209280367,0.004507486653613737
4103909.0,Campina da Lagoa,41,Paraná,27,13772,5881,7.332547,0.2715758148148148,0.1706265,0.26138670667709013,1878.2013944131554,802.0405460749178,0.00760638372797318
4103958.0,Campina do Simão,41,Paraná,2,1546,647,1.0690947,0.53454735,0.53454735,0.0213155217868341,1446.0833076807883,605.184928893577,0.0005634358317017171
4104006.0,Campina Grande do Sul,41,Paraná,57,41669,17128,32.6497118,0.5728019614035087,0.1775825,0.9580176343537627,1276.2440371678872,524.5988113132441,0.016057921203498936
4104055.0,Campo Bonito,41,Paraná,8,2482,1007,1.4134774,0.176684675,0.1852348,0.06827681826323423,1755.953084216274,712.4273794543867,0.0022537433268068684
4104105.0,Campo do Tenente,41,Paraná,5,4852,1890,4.053951,0.8107901999999999,0.6521333,0.6203319388300308,1196.8570907739143,466.21185110525516,0.0014085895792542928
4104204.0,Campo Largo,41,Paraná,208,121533,50348,109.1039564,0.5245382519230769,0.2017796,1.1047482771819388,1113.9192748834175,461.46814158977645,0.058597326496978575
4104253.0,Campo Magro,41,Paraná,51,25656,10057,30.1532687,0.5912405627450981,0.1286245,1.014499215929612,850.8530287464323,333.5293463557402,0.014367613708393786
4104303.0,Campo Mourão,41,Paraná,158,96246,41842,38.0810119,0.24101906265822784,0.16315135,0.27159921466544223,2527.401326748883,1098.7628193777068,0.044511430704435646
4104402.0,Cândido de Abreu,41,Paraná,10,5542,2352,4.3107831,0.43107831,0.43739395000000003,0.26136777599331157,1285.6132798701933,545.608522961872,0.0028171791585085855
4104428.0,Candói,41,Paraná,19,8323,3599,14.5051913,0.7634311210526316,0.6281134,0.7915992020767821,573.7945696724455,248.1180651509229,0.0053526404011663125
4104451.0,Cantagalo,41,Paraná,14,8231,3339,7.7051548,0.5503682,0.43026055,0.422591664464606,1068.245896889703,433.3462580141803,0.0039440508219120195
4104501.0,Capanema,41,Paraná,31,14625,5916,10.773958799999999,0.3475470580645161,0.3146453,0.2853354913956421,1357.4397555706266,549.1017842021079,0.008733255391376614
4104600.0,Capitão Leônidas Marques,41,Paraná,20,11943,5216,6.6177698000000005,0.33088849000000004,0.22780065,0.21879641060315197,1804.686527476371,788.1809367258437,0.005634358317017171
4104659.0,Carambeí,41,Paraná,37,18659,7274,12.1485403,0.32833892702702705,0.1925723,0.3715961197777999,1535.9046880718665,598.7550619558796,0.010423562886481766
4104709.0,Carlópolis,41,Paraná,28,12296,5684,7.3352321,0.261972575,0.16030919999999999,0.23106084135513463,1676.2932423092652,774.8902723882452,0.007888101643824039
4104808.0,Cascavel,41,Paraná,530,334139,140799,111.8876207,0.2111087183018868,0.12656745000000003,0.32743616152949234,2986.380422691391,1258.3965868531513,0.14931049540095503
4104907.0,Castro,41,Paraná,114,57067,22208,23.3716913,0.20501483596491227,0.12112015,0.29089167838709157,2441.714605395289,950.2093671757508,0.03211584240699787
4105003.0,Catanduvas,41,Paraná,11,6367,2313,2.6394545,0.23995040909090906,0.1731091,0.14386638686945227,2412.240862647945,876.3174360459709,0.0030988970743594437
4105102.0,Centenário do Sul,41,Paraná,17,9284,4343,6.7000882,0.3941228352941176,0.3446833,0.30433332173880484,1385.6534008014999,648.2004221974272,0.004789204569464595
4105201.0,Cerro Azul,41,Paraná,14,6333,2757,5.9984202,0.4284585857142857,0.25776895,0.4092641547008181,1055.7779863438043,459.6210182140958,0.0039440508219120195
4105300.0,Céu Azul,41,Paraná,13,8986,3769,4.4393546,0.34148881538461534,0.3134029,0.10074777816165349,2024.1681076794362,848.997284425083,0.003662332906061161
4105409.0,Chopinzinho,41,Paraná,35,14821,6232,7.9309218999999995,0.22659776857142855,0.1851494,0.15881464977756998,1868.7613100817448,785.7850674333333,0.009860127054780048
4105508.0,Cianorte,41,Paraná,157,72880,30802,41.2101615,0.2624851050955414,0.1273768,0.631515941501114,1768.4958599349338,747.4370125921491,0.04422971278858479
4105607.0,Cidade Gaúcha,41,Paraná,31,10901,4601,6.0034111,0.19365842258064517,0.1357432,0.20816991855971204,1815.801020190005,766.3976235110736,0.008733255391376614
4105706.0,Clevelândia,41,Paraná,33,13521,5523,8.9454119,0.27107308787878787,0.2255526,0.30900457633693085,1511.5011081826203,617.4114799565574,0.009296691223078331
4105805.0,Colombo,41,Paraná,351,221242,87794,80.9534677,0.23063666011396014,0.1118479,0.4132000661256,2732.9527231604925,1084.4995587508354,0.09888298846365134
4105904.0,Colorado,41,Paraná,46,21301,9326,7.1366296,0.15514412173913045,0.14494005,0.10650212859426053,2984.7422654525885,1306.7793233937768,0.012959024129139492
4106001.0,Congonhinhas,41,Paraná,9,5200,2377,2.7189304,0.3021033777777778,0.2366006,0.1350490732880716,1912.5167749788666,874.2408411778396,0.002535461242657727
4106100.0,Conselheiro Mairinck,41,Paraná,5,2404,1082,0.8896825,0.1779365,0.1418795,0.099377805912915,2702.087542465992,1216.1641934060747,0.0014085895792542928
4106209.0,Contenda,41,Paraná,21,12357,5052,14.2157482,0.6769403904761905,0.4290507,0.8714669864460094,869.2472479218505,355.3805208789503,0.005916076232868029
4106308.0,Corbélia,41,Paraná,28,15339,6249,9.4997374,0.3392763357142857,0.18915880000000002,0.3130964576523358,1614.6762119971863,657.8076568727047,0.007888101643824039
4106407.0,Cornélio Procópio,41,Paraná,73,43495,20051,13.7990767,0.18902844794520549,0.1569952,0.146748006098388,3152.0224827795905,1453.0682331811374,0.020565407857112673
4106456.0,Coronel Domingos Soares,41,Paraná,3,2027,891,1.6911814,0.5637271333333334,0.4955599,0.19138431195806863,1198.5704194712644,526.8506382579657,0.0008451537475525756
4106506.0,Coronel Vivida,41,Paraná,36,17752,7233,11.4016316,0.3167119888888889,0.26208135,0.17611114477985734,1556.9701445186142,634.3828895506499,0.010141844970630908
4106555.0,Corumbataí do Sul,41,Paraná,5,2488,1101,1.16928,0.233856,0.2244728,0.06725153528600668,2127.805145046524,941.6050903119868,0.0014085895792542928
4106571.0,Cruzeiro do Iguaçu,41,Paraná,9,2728,1317,2.7353799000000003,0.3039311,0.1774963,0.31305246141870935,997.3020566539952,481.4687714858181,0.002535461242657727
4106605.0,Cruzeiro do Oeste,41,Paraná,33,21348,8871,8.5749823,0.2598479484848485,0.2455447,0.12201784707394787,2489.5678210321203,1034.5210858336116,0.009296691223078331
4106704.0,Cruzeiro do Sul,41,Paraná,8,3637,1616,1.938609,0.242326125,0.21345555,0.14423749689961,1876.0874420783148,833.5873814678463,0.0022537433268068684
4106803.0,Cruz Machado,41,Paraná,14,5724,2472,5.5376095,0.39554353571428574,0.2394798,0.3651090762526782,1033.6590183905166,446.4020079422357,0.0039440508219120195
4106852.0,Cruzmaltina,41,Paraná,5,1707,747,1.0475164,0.20950328,0.136726,0.15563965215492806,1629.568759018952,713.1153268817558,0.0014085895792542928
4106902.0,Curitiba,41,Paraná,3190,1773718,789846,434.89209519999997,0.1363298104075235,0.07219065,0.35480046786834807,4078.5243502397884,1816.1884493135299,0.8986801515642387
4107009.0,Curiúva,41,Paraná,20,10366,4301,5.9539389,0.297696945,0.27278545,0.19605857800670182,1741.0323105599891,722.3789280068024,0.005634358317017171
4107108.0,Diamante do Norte,41,Paraná,10,4262,1809,1.74464,0.174464,0.19091565,0.05673190103540609,2442.910858400587,1036.8901320616287,0.0028171791585085855
4107124.0,Diamante do Sul,41,Paraná,2,1416,632,1.2444609,0.62223045,0.62223045,0.40529303016879653,1137.842096927272,507.8504274421157,0.0005634358317017171
4107157.0,Diamante D'Oeste,41,Paraná,5,2414,1052,1.2130321,0.24260642,0.2062928,0.12540557474858127,1990.0545088625438,867.2482780958559,0.0014085895792542928
4107207.0,Dois Vizinhos,41,Paraná,60,36317,15339,18.9505426,0.31584237666666665,0.20255795,0.2750871190835556,1916.4095069235643,809.4227338904798,0.016903074951051512
4107256.0,Douradina,41,Paraná,15,7348,3072,3.1083671,0.20722447333333335,0.1782467,0.10995050616426379,2363.9421482745715,988.3002557838165,0.004225768737762878
4107306.0,Doutor Camargo,41,Paraná,16,5719,2844,3.137483,0.1960926875,0.19677355000000002,0.09038707263056941,1822.7987211404811,906.4590947584417,0.004507486653613737
4107405.0,Enéas Marques,41,Paraná,6,2199,950,3.0181778,0.5030296333333334,0.41760325,0.4012460142910066,728.5853073334513,314.75945519180476,0.0016903074951051512
4107504.0,Engenheiro Beltrão,41,Paraná,25,11316,5096,6.8567745,0.27427098,0.202905,0.2132996048370031,1650.3386541295765,743.2065907957159,0.007042947896271463
4107520.0,Esperança Nova,41,Paraná,3,1191,560,0.5012014,0.16706713333333334,0.214729,0.10441442592316127,2376.29024978781,1117.3153147616906,0.0008451537475525756
4107538.0,Entre Rios do Oeste,41,Paraná,8,3362,1347,1.6780663,0.2097582875,0.22520325,0.12359340162751911,2003.4965245413723,802.7096426404606,0.0022537433268068684
4107546.0,Espigão Alto do Iguaçu,41,Paraná,3,2274,972,2.7372975000000004,0.9124325000000001,1.0250656,0.6271297728287264,830.7463839790887,355.09476043433347,0.0008451537475525756
4107553.0,Farol,41,Paraná,6,2126,941,1.5020868,0.2503478,0.22105245,0.1279443720669729,1415.3642785490158,626.4617996776218,0.0016903074951051512
4107603.0,Faxinal,41,Paraná,27,14566,6301,5.9690279,0.22107510740740743,0.1673832,0.14267227964848977,2440.263346733561,1055.6157728798687,0.00760638372797318
4107652.0,Fazenda Rio Grande,41,Paraná,183,146644,56819,58.7795394,0.321199668852459,0.1308899,0.9666060828835185,2494.81369702601,966.6458869869947,0.051554378600707114
4107702.0,Fênix,41,Paraná,11,3967,1821,2.1678321,0.19707564545454545,0.1984916,0.10336784616854862,1829.9387669367936,840.0097037035295,0.0030988970743594437
4107736.0,Fernandes Pinheiro,41,Paraná,5,2858,1084,7.0713042,1.41426084,0.483237,1.8993858861360118,404.16872463215486,153.2956254378082,0.0014085895792542928
4107751.0,Figueira,41,Paraná,13,6849,3051,3.6232296,0.27870996923076924,0.1957013,0.18849283867796493,1890.3025080166049,842.0664260415624,0.003662332906061161
4107801.0,Floraí,41,Paraná,12,4520,2261,2.2111866,0.18426555,0.1850441,0.09401200147614133,2044.1513167635874,1022.5279042483344,0.0033806149902103023
4107850.0,Flor da Serra do Sul,41,Paraná,6,2065,861,1.4337117,0.23895195,0.16805874999999998,0.18649194202252012,1440.3174641038363,600.5391460500741,0.0016903074951051512
4107900.0,Floresta,41,Paraná,23,10200,4735,8.7048805,0.37847306521739127,0.1542807,0.8839922640246046,1171.7564646637022,543.9477313904539,0.006479512064569746
4108007.0,Florestópolis,41,Paraná,16,10740,4760,2.7646812,0.172792575,0.18328319999999998,0.07912736378096182,3884.715532481647,1721.717498567285,0.004507486653613737
4108106.0,Flórida,41,Paraná,6,2438,1118,1.3311312,0.2218552,0.23413699999999998,0.079411018989508,1831.5249466018076,839.887157629541,0.0016903074951051512
4108205.0,Formosa do Oeste,41,Paraná,12,5574,2534,4.3069141,0.35890950833333335,0.243121,0.2754712266656322,1294.1980895323638,588.3562897156457,0.0033806149902103023
4108304.0,Foz do Iguaçu,41,Paraná,505,283803,115709,156.7431143,0.3103824045544554,0.1318003,0.67927500743176,1810.6249915183673,738.2078665257195,0.14226754750468357
4108320.0,Francisco Alves,41,Paraná,12,6775,2680,2.7491175,0.229093125,0.2192787,0.052478589844398356,2464.4272207353815,974.8582954348077,0.0033806149902103023
4108403.0,Francisco Beltrão,41,Paraná,149,84539,35984,48.8262053,0.32769265302013423,0.1768026,0.42731151306719467,1731.4267918338517,736.9812947556668,0.04197596946177792
4108452.0,Foz do Jordão,41,Paraná,7,3715,1618,2.4955152,0.3565021714285714,0.3336216,0.06026846110431542,1488.6705558836109,648.3631115530774,0.0019720254109560098
4108502.0,General Carneiro,41,Paraná,17,8491,3303,5.2030065,0.3060592058823529,0.2770482,0.24126047268166537,1631.9410709942415,634.8252688133293,0.004789204569464595
4108551.0,Godoy Moreira,41,Paraná,4,1598,794,0.5985868000000001,0.14964670000000002,0.14256615,0.10428604312808755,2669.6211810885234,1326.4575830940473,0.0011268716634034342
4108601.0,Goioerê,41,Paraná,47,26358,11233,11.247705,0.23931287234042553,0.1574705,0.1924575291598493,2343.4113892567416,998.6926221838144,0.013240742044990352
4108650.0,Goioxim,41,Paraná,5,2472,1070,3.2390403,0.64780806,0.6097863,0.2975240329543027,763.1890223780173,330.34476292252367,0.0014085895792542928
4108700.0,Grandes Rios,41,Paraná,7,3420,1598,1.5059753,0.21513932857142856,0.2364358,0.15705888417081784,2270.953580712778,1061.1063806956197,0.0019720254109560098
4108809.0,Guaíra,41,Paraná,50,28692,12075,17.2641793,0.345283586,0.23631924999999998,0.3953152313320872,1661.9382538502714,699.4250806929467,0.014085895792542926
4108908.0,Guairaçá,41,Paraná,10,5593,2281,1.9955402,0.19955402,0.1966821,0.06351831641954067,2802.74985189474,1143.0488847080103,0.0028171791585085855
4108957.0,Guamiranga,41,Paraná,5,2477,975,2.2446379,0.44892758,0.4542052,0.20588568295115134,1103.5187457184074,434.36850103974456,0.0014085895792542928
4109005.0,Guapirama,41,Paraná,5,3593,1549,2.2358839,0.44717678000000005,0.4343688,0.17632562547127686,1606.9707376129859,692.7908913338479,0.0014085895792542928
4109104.0,Guaporema,41,Paraná,5,1767,761,0.8990532999999999,0.17981065999999998,0.0713883,0.17209372066947415,1965.4007165092437,846.4459226166014,0.0014085895792542928
4109203.0,Guaraci,41,Paraná,9,3906,1764,1.4798434999999999,0.16442705555555553,0.1744217,0.06528290521541821,2639.468295127154,1192.0179397348436,0.002535461242657727
4109302.0,Guaraniaçu,41,Paraná,17,8083,3649,8.0744756,0.4749691529411764,0.2297589,0.513121485915592,1001.0557218105905,451.91789297127855,0.004789204569464595
4109401.0,Guarapuava,41,Paraná,262,169606,69605,91.4085394,0.34888755496183205,0.15811865,0.6605257800196849,1855.4721595299882,761.4715261493392,0.07381009395292494
4109500.0,Guaraqueçaba,41,Paraná,5,2744,1456,6.178784800000001,1.2357569600000002,0.7357756,1.1594230755198265,444.10027033147355,235.6450414003737,0.0014085895792542928
4109609.0,Guaratuba,41,Paraná,100,38549,33819,34.4829966,0.344829966,0.19378679999999998,0.3922780900767635,1117.913284833256,980.7442314917608,0.028171791585085853
4109658.0,Honório Serpa,41,Paraná,6,2282,1044,1.981756,0.3302926666666667,0.3168919,0.19608653606244023,1151.504019667406,526.8055199530113,0.0016903074951051512
4109708.0,Ibaiti,41,Paraná,41,23530,10196,8.0537247,0.19643230975609757,0.1570221,0.13777840048648918,2921.6295411736633,1265.9980791248054,0.0115504345498852
4109757.0,Ibema,41,Paraná,10,5213,2258,3.684745,0.3684745,0.36109385,0.21362856866121108,1414.751902777533,612.7968149763417,0.0028171791585085855
4109807.0,Ibiporã,41,Paraná,81,50639,22299,32.0147719,0.3952440975308642,0.1897794,0.6523853913108496,1581.7385848686931,696.5222201067752,0.022819151183919542
4109906.0,Icaraíma,41,Paraná,17,7117,3328,4.159302,0.24466482352941177,0.2108948,0.21053293480890506,1711.104411269006,800.1342532953846,0.004789204569464595
4110003.0,Iguaraçu,41,Paraná,11,4859,2356,5.5538526,0.5048956909090909,0.2931164,0.49156155676067553,874.888181223967,424.2100339501268,0.0030988970743594437
4110052.0,Iguatu,41,Paraná,2,1542,658,1.2458962,0.6229481,0.6229481,0.25336852193577636,1237.663298114241,528.1338846687228,0.0005634358317017171
4110078.0,Imbaú,41,Paraná,15,9553,3490,6.1275966,0.40850644,0.4168428,0.20694663672882227,1559.0125498796706,569.5544644698053,0.004225768737762878
4110102.0,Imbituva,41,Paraná,37,21815,8259,15.8122344,0.4273576864864865,0.1836149,0.8511092150564332,1379.6279164695409,522.3170736704991,0.010423562886481766
4110201.0,Inácio Martins,41,Paraná,11,6145,2335,3.8710519,0.3519138090909091,0.2312009,0.2843254684186784,1587.4238214166026,603.1952193666017,0.0030988970743594437
4110300.0,Inajá,41,Paraná,7,2395,1129,1.6341382000000002,0.2334483142857143,0.1764045,0.1817169896367373,1465.6043166973268,690.884039061078,0.0019720254109560098
4110409.0,Indianópolis,41,Paraná,12,3656,1656,1.3825441,0.11521200833333334,0.13283895,0.041919332622083035,2644.400276273285,1197.7918100406346,0.0033806149902103023
4110508.0,Ipiranga,41,Paraná,13,5185,2079,4.401951599999999,0.3386116615384615,0.2003199,0.3424119708410848,1177.8866446418904,472.2905176876548,0.003662332906061161
4110607.0,Iporã,41,Paraná,22,13444,5621,7.5964179,0.3452917227272727,0.2925062,0.2288269366891347,1769.7815176808533,739.9540249095564,0.006197794148718887
4110656.0,Iracema do Oeste,41,Paraná,6,1942,809,1.4400693,0.24001155,0.2331225,0.13413863102479837,1348.546212324643,561.7785199642823,0.0016903074951051512
4110706.0,Irati,41,Paraná,91,48845,20076,50.2904669,0.5526424934065934,0.2569738,0.7193153810495909,971.2576361067747,399.2009070013228,0.025636330342428126
4110805.0,Iretama,41,Paraná,14,6882,2918,3.8055205,0.27182289285714284,0.28927665,0.1494219213206141,1808.4254177582277,766.7807859660721,0.0039440508219120195
4110904.0,Itaguajé,41,Paraná,12,3505,1785,2.2513637,0.1876136416666667,0.15504315000000002,0.11642300011257897,1556.8341978686071,792.8527940643264,0.0033806149902103023
4110953.0,Itaipulândia,41,Paraná,9,8117,3220,4.1012227,0.4556914111111111,0.3173964,0.337238482681275,1979.1658716801699,785.1317120623564,0.002535461242657727
4111001.0,Itambaracá,41,Paraná,12,5016,2146,1.5187117,0.12655930833333334,0.13872455,0.06608259048032186,3302.799339729851,1413.0397494139274,0.0033806149902103023
4111100.0,Itambé,41,Paraná,11,5816,2609,2.9030055,0.2639095909090909,0.2648776,0.07969472231538867,2003.4409166637818,898.7237537097329,0.0030988970743594437
4111209.0,Itapejara d'Oeste,41,Paraná,17,9117,3662,4.3901052,0.25824148235294114,0.2600743,0.1331927185631981,2076.715610368517,834.1485757562257,0.004789204569464595
4111258.0,Itaperuçu,41,Paraná,37,25910,9378,7.6573349,0.2069549972972973,0.156902,0.20713934819766924,3383.683793169344,1224.7080900170631,0.010423562886481766
4111308.0,Itaúna do Sul,41,Paraná,5,2922,1266,1.4213405,0.28426809999999997,0.2781727,0.11923803396473373,2055.805769272036,890.7084544484591,0.0014085895792542928
4111407.0,Ivaí,41,Paraná,11,6552,2634,4.036432899999999,0.3669484454545454,0.2710014,0.22582625141730253,1623.2153890134036,652.5563697590514,0.0030988970743594437
4111506.0,Ivaiporã,41,Paraná,57,29574,13160,16.2451139,0.285001998245614,0.2059649,0.20625282630464337,1820.4858508255827,810.0897341199928,0.016057921203498936
4111555.0,Ivaté,41,Paraná,15,5673,2643,2.8616553,0.19077702,0.1637061,0.12701835711677492,1982.4190565509411,923.5913214285453,0.004225768737762878
4111605.0,Ivatuba,41,Paraná,7,2326,1574,2.6603053,0.3800436142857143,0.277303,0.3741776422162938,874.3357388341857,591.661415702927,0.0019720254109560098
4111704.0,Jaboti,41,Paraná,4,3523,1561,2.8033333000000002,0.7008333250000001,0.6272795,0.4128595952327084,1256.7182075709654,556.8371053131641,0.0011268716634034342
4111803.0,Jacarezinho,41,Paraná,62,37680,15579,17.390391,0.28049017741935484,0.1618531,0.2985638189063209,2166.713790391487,895.8395472534228,0.017466510782753228
4111902.0,Jaguapitã,41,Paraná,21,13949,5911,6.3008479,0.3000403761904762,0.2522677,0.16801737580272436,2213.829030851546,938.1277081771805,0.005916076232868029
4112009.0,Jaguariaíva,41,Paraná,53,31310,12742,19.0332076,0.3591171245283019,0.1840385,0.5015635261486022,1645.0196234921536,669.4615152519011,0.014931049540095503
4112108.0,Jandaia do Sul,41,Paraná,39,19785,8869,10.2794253,0.2635750076923077,0.1637092,0.2720471450295251,1924.718495692556,862.7914247307192,0.010986998718183483
4112207.0,Janiópolis,41,Paraná,8,3996,1842,2.2384958,0.279811975,0.21309804999999998,0.19310697684574993,1785.1273162987395,822.8740031587283,0.0022537433268068684
4112306.0,Japira,41,Paraná,7,2991,1301,1.9437685,0.2776812142857143,0.3129324,0.22371525468230388,1538.7634895822214,669.3183884809328,0.0019720254109560098
4112405.0,Japurá,41,Paraná,26,8537,3562,2.7875099,0.10721191923076923,0.09994765,0.061947991006643756,3062.5900198596605,1277.8429952840706,0.007324665812122322
4112504.0,Jardim Alegre,41,Paraná,16,8132,3641,3.8105314999999997,0.23815821874999998,0.24488189999999999,0.16410543918548307,2134.0854943726354,955.5097497553819,0.004507486653613737
4112603.0,Jardim Olinda,41,Paraná,3,930,594,0.6547763,0.21825876666666666,0.1733304,0.1101727465334478,1420.3324097100033,907.1800552341311,0.0008451537475525756
4112702.0,Jataizinho,41,Paraná,16,11071,4753,5.1000565,0.31875353125,0.22671475,0.24153855262974125,2170.760265106867,931.9504597645143,0.004507486653613737
4112751.0,Jesuítas,41,Paraná,15,8464,3414,3.6562179,0.24374786,0.2213405,0.15892417455371063,2314.9604951061588,933.7517876054378,0.004225768737762878
4112801.0,Joaquim Távora,41,Paraná,17,9433,3966,4.9163501,0.28919706470588236,0.1912379,0.19367935515689955,1918.6998094378998,806.6960080812797,0.004789204569464595
4112900.0,Jundiaí do Sul,41,Paraná,3,2097,947,1.9887145,0.6629048333333333,0.7379529,0.2178624212589297,1054.4499977246608,476.1870042180514,0.0008451537475525756
4112959.0,Juranda,41,Paraná,14,6501,2739,3.4037548,0.24312534285714288,0.17605115,0.12855924778632502,1909.949565109684,804.6995629649938,0.0039440508219120195
4113007.0,Jussara,41,Paraná,16,6155,2643,2.2113252,0.138207825,0.12772835,0.049822202149771205,2783.398841563421,1195.2109079207346,0.004507486653613737
4113106.0,Kaloré,41,Paraná,6,3517,1515,1.1303624,0.18839373333333334,0.20235009999999998,0.10181344236776727,3111.3915324855107,1340.2781267317455,0.0016903074951051512
4113205.0,Lapa,41,Paraná,44,27464,11677,22.296749300000002,0.5067443022727273,0.2197655,0.7061739411808903,1231.7490603888164,523.7086286833749,0.012395588297437775
4113254.0,Laranjal,41,Paraná,4,2334,869,0.9858692,0.2464673,0.2235557,0.12336558709994182,2367.4540192552927,881.4556738358394,0.0011268716634034342
4113304.0,Laranjeiras do Sul,41,Paraná,44,27183,11452,14.9139437,0.3389532659090909,0.26599225000000004,0.2317256759421835,1822.6567396791231,767.8720149654313,0.012395588297437775
4113403.0,Leópolis,41,Paraná,3,2477,1059,0.9289875999999999,0.3096625333333333,0.2564903,0.09542373068458042,2666.343447425994,1139.9506301268177,0.0008451537475525756
4113429.0,Lidianópolis,41,Paraná,7,2744,1223,1.4427386,0.20610551428571428,0.1862268,0.13288534901884944,1901.9384384669545,847.6934075237191,0.0019720254109560098
4113452.0,Lindoeste,41,Paraná,5,3208,1373,2.6368455,0.5273691,0.3561476,0.549270403775258,1216.605220138988,520.6979324347975,0.0014085895792542928
4113502.0,Loanda,41,Paraná,44,21552,8837,8.9356043,0.2030819159090909,0.17478385,0.12361958147955164,2411.9241717093496,988.9650104582183,0.012395588297437775
4113601.0,Lobato,41,Paraná,10,4248,1828,2.1905625,0.21905625,0.1557423,0.2189057208763335,1939.2279380296156,834.4888584553055,0.0028171791585085855
4113700.0,Londrina,41,Paraná,888,540361,239526,172.4349576,0.1941835108108108,0.1072542,0.43017161581411767,3133.7091244194444,1389.0802847276022,0.25016550927556236
4113734.0,Luiziana,41,Paraná,11,4983,2149,2.5521449,0.23201317272727273,0.2028001,0.17396759988224297,1952.4753473049277,842.0368294919305,0.0030988970743594437
4113759.0,Lunardelli,41,Paraná,9,3826,1724,2.3496732000000002,0.26107480000000005,0.1739732,0.29825038520732877,1628.3115456225996,733.7190550583799,0.002535461242657727
4113809.0,Lupionópolis,41,Paraná,14,4496,2179,2.7251371,0.19465265,0.19111915000000002,0.10555104820739401,1649.825250993794,799.592798468745,0.0039440508219120195
4113908.0,Mallet,41,Paraná,14,8165,3389,6.9875457,0.49911040714285715,0.2848285,0.4444855210407516,1168.5075633923939,485.00577248460786,0.0039440508219120195
4114005.0,Mamborê,41,Paraná,18,10870,4794,5.451518,0.3028621111111111,0.2596265,0.18204417827557162,1993.940036518269,879.3880897027213,0.005070922485315454
4114104.0,Mandaguaçu,41,Paraná,49,30168,12577,14.7582708,0.3011892,0.194911,0.27637197216832754,2044.1419193907188,852.2001100562541,0.013804177876692069
4114203.0,Mandaguari,41,Paraná,58,35039,14613,11.4021915,0.19658950862068966,0.16196955000000002,0.13899401904813793,3073.0057463076287,1281.5957353461392,0.016339639119349793
4114302.0,Mandirituba,41,Paraná,33,12422,5026,13.8498323,0.41969188787878786,0.338841,0.3206974991402,896.9061668710602,362.8924806548019,0.009296691223078331
4114351.0,Manfrinópolis,41,Paraná,1,803,341,0.991233,0.991233,0.991233,0.0,810.1021656865742,344.01598816827124,0.00028171791585085854
4114401.0,Mangueirinha,41,Paraná,17,9963,4029,5.4886105,0.3228594411764706,0.2629716,0.18380247496217256,1815.2135226210714,734.0655708762719,0.004789204569464595
4114500.0,Manoel Ribas,41,Paraná,16,8349,3427,6.2909645,0.39318528125,0.2169827,0.4597451920290676,1327.141489989333,544.7495372132524,0.004507486653613737
4114609.0,Marechal Cândido Rondon,41,Paraná,85,48064,20406,23.1068413,0.2718451917647059,0.2021908,0.18860764933644736,2080.0766048451633,883.1150798616512,0.023946022847322977
4114708.0,Maria Helena,41,Paraná,10,4308,1922,3.1132109999999997,0.31132109999999996,0.27561399999999997,0.18596149994421485,1383.7802834436857,617.369012251338,0.0028171791585085855
4114807.0,Marialva,41,Paraná,62,36417,15689,17.4083605,0.28078000806451614,0.17386045,0.3867625892252025,2091.925888138633,901.2336342644098,0.017466510782753228
4114906.0,Marilândia do Sul,41,Paraná,18,6910,2776,4.3157489,0.23976382777777777,0.2176151,0.2152071640316367,1601.112613386752,643.2255592998008,0.005070922485315454
4115002.0,Marilena,41,Paraná,14,5770,3124,4.0460986,0.28900704285714285,0.2601865,0.19417197975995687,1426.0650988584412,772.1017970249169,0.0039440508219120195
4115101.0,Mariluz,41,Paraná,22,8457,3685,4.4042462,0.2001930090909091,0.1502268,0.12935634967368576,1920.1923816157234,836.6925536542439,0.006197794148718887
4115200.0,Maringá,41,Paraná,772,407192,178871,146.3545799,0.189578471373057,0.10677565,0.4309837594241667,2782.2292973559347,1222.1756239006497,0.2174862310368628
4115309.0,Mariópolis,41,Paraná,6,4674,1940,2.5797958000000003,0.4299659666666667,0.4312242,0.1431526703609635,1811.771303759778,751.9975030581877,0.0016903074951051512
4115358.0,Maripá,41,Paraná,12,4359,1752,3.1195936,0.25996613333333335,0.24538845,0.1703260286819067,1397.2973915576695,561.6116150513965,0.0033806149902103023
4115408.0,Marmeleiro,41,Paraná,17,11278,4562,9.0818827,0.534228394117647,0.4397193,0.3853323520785084,1241.812999852993,502.3187537976019,0.004789204569464595
4115457.0,Marquinho,41,Paraná,3,1478,644,1.1858059,0.39526863333333334,0.3399177,0.1251026900499879,1246.4097201742713,543.090568195014,0.0008451537475525756
4115507.0,Marumbi,41,Paraná,9,4230,1885,2.1753059,0.24170065555555556,0.1983819,0.23135191635440971,1944.5540969663161,866.5447926197414,0.002535461242657727
4115606.0,Matelândia,41,Paraná,19,14254,5493,5.6233296,0.2959647157894737,0.2667244,0.16826330297674752,2534.7971778143683,976.8234108134085,0.0053526404011663125
4115705.0,Matinhos,41,Paraná,92,38919,44710,27.9187066,0.30346420217391307,0.22183694999999998,0.30123643201029365,1394.0115692895315,1601.4352183492626,0.025918048258278984
4115739.0,Mato Rico,41,Paraná,2,918,413,0.9174205,0.45871025,0.45871025,0.158687136066932,1000.6316623620248,450.17524679250135,0.0005634358317017171
4115754.0,Mauá da Serra,41,Paraná,12,8221,3388,6.5968350000000004,0.54973625,0.40517785,0.36504683137728927,1246.203671912364,513.5796181047426,0.0033806149902103023
4115804.0,Medianeira,41,Paraná,62,49790,19765,17.4938364,0.2821586516129032,0.23007555000000002,0.18547170334113033,2846.145285776195,1129.8265027790017,0.017466510782753228
4115853.0,Mercedes,41,Paraná,10,3449,1369,2.5676338000000003,0.25676338000000004,0.2559335,0.09426111745417971,1343.2600863877083,533.1757199955849,0.0028171791585085855
4115903.0,Mirador,41,Paraná,2,1495,662,1.0488722,0.5244361,0.5244361,0.1418723489423502,1425.3404752266292,631.1541101003536,0.0005634358317017171
4116000.0,Miraselva,41,Paraná,5,1670,734,0.5604924,0.11209848,0.0965044,0.07896080287191234,2979.5230051290614,1309.5628058471443,0.0014085895792542928
4116059.0,Missal,41,Paraná,11,6782,2968,4.0819587,0.3710871545454546,0.3659717,0.19007309980515583,1661.4572803002636,727.1019180081365,0.0030988970743594437
4116109.0,Moreira Sales,41,Paraná,25,9593,4528,4.2114128,0.168456512,0.1436113,0.08502695099883684,2277.857919793567,1075.1736329433202,0.007042947896271463
4116208.0,Morretes,41,Paraná,14,10309,4664,15.1542444,1.0824460285714286,1.04112625,0.6442941214188505,680.2714624293641,307.76856152590494,0.0039440508219120195
4116307.0,Munhoz de Melo,41,Paraná,7,3337,1436,1.6221432999999998,0.23173475714285713,0.1992803,0.1359056329156112,2057.1548765143007,885.2485474002206,0.0019720254109560098
4116406.0,Nossa Senhora das Graças,41,Paraná,12,3097,1369,1.8744872000000001,0.15620726666666668,0.1411116,0.10594554283041603,1652.1851949695895,730.3330745603383,0.0033806149902103023
4116505.0,Nova Aliança do Ivaí,41,Paraná,2,967,411,0.5793259,0.28966295,0.28966295,0.11628448798358704,1669.1813709692594,709.4452362651144,0.0005634358317017171
4116604.0,Nova América da Colina,41,Paraná,3,2656,1037,0.5804274,0.1934758,0.1876475,0.050346304677602705,4575.938351635364,1786.6144844299217,0.0008451537475525756
4116703.0,Nova Aurora,41,Paraná,19,11191,4282,5.1397759,0.2705145210526316,0.213922,0.2058578446627499,2177.332284078767,833.1102529197819,0.0053526404011663125
4116802.0,Nova Cantu,41,Paraná,13,4499,1959,3.3049654,0.2542281076923077,0.2008719,0.20514427541729202,1361.2850530901171,592.7444807742919,0.003662332906061161
4116901.0,Nova Esperança,41,Paraná,43,24725,10470,12.0009799,0.2790925558139535,0.1613906,0.2646681882264509,2060.2484302136027,872.4287589215943,0.012113870381586917
4116950.0,Nova Esperança do Sudoeste,41,Paraná,4,2212,898,1.4274978,0.35687445,0.35527195,0.13915243548503442,1549.564559749234,629.072773352085,0.0011268716634034342
4117008.0,Nova Fátima,41,Paraná,11,6452,2815,2.5548457,0.2322587,0.2024125,0.17305536103553684,2525.3971306368912,1101.8277933575403,0.0030988970743594437
4117057.0,Nova Laranjeiras,41,Paraná,5,3058,1319,4.1347977,0.82695954,0.8435002,0.3574246451273303,739.5766907773989,318.9998872254379,0.0014085895792542928
4117107.0,Nova Londrina,41,Paraná,23,11922,4879,7.0667229,0.30724882173913043,0.2573885,0.21699520774988212,1687.0620468222971,690.4190342598547,0.006479512064569746
4117206.0,Nova Olímpia,41,Paraná,11,5314,2353,2.5316285,0.23014804545454545,0.2252819,0.14493566986555356,2099.0441528052,929.4412667577411,0.0030988970743594437
4117214.0,Nova Santa Bárbara,41,Paraná,7,3695,1610,1.2875961999999999,0.18394231428571425,0.1903733,0.06222468303327409,2869.68849395486,1250.3920095446074,0.0019720254109560098
4117222.0,Nova Santa Rosa,41,Paraná,13,6437,2690,4.6166043,0.35512340769230766,0.314923,0.14389810234880596,1394.3148647156095,582.6793515744895,0.003662332906061161
4117255.0,Nova Prata do Iguaçu,41,Paraná,31,8373,3284,5.2849601,0.17048258387096774,0.1383998,0.10894033038753555,1584.3071360179238,621.3859589971171,0.008733255391376614
4117271.0,Nova Tebas,41,Paraná,6,3019,1301,1.8714496,0.31190826666666666,0.2644337,0.15950270287913831,1613.1879800556744,695.1830281723857,0.0016903074951051512
4117297.0,Novo Itacolomi,41,Paraná,6,2111,883,0.7143177,0.11905295,0.12477425,0.07928217871516272,2955.2676631140457,1236.144645442777,0.0016903074951051512
4117305.0,Ortigueira,41,Paraná,27,13060,5433,13.3732572,0.4953058222222222,0.2845766,0.5526375008504695,976.5758487019901,406.25854410397494,0.00760638372797318
4117404.0,Ourizona,41,Paraná,7,3021,1323,1.3566712,0.19381017142857143,0.2052048,0.09182472063097015,2226.7738859644105,975.181016594146,0.0019720254109560098
4117453.0,Ouro Verde do Oeste,41,Paraná,11,5051,2058,2.0887682,0.1898880181818182,0.1769062,0.05810282425556986,2418.171628618245,985.2696914861112,0.0030988970743594437
4117503.0,Paiçandu,41,Paraná,59,45402,18698,14.613953,0.2476941186440678,0.1666366,0.30612346926347156,3106.7569465975425,1279.462168791702,0.016621357035200655
4117602.0,Palmas,41,Paraná,69,43478,15587,19.2106031,0.2784145376811594,0.1704965,0.28445224317935275,2263.2293100678344,811.3748391376635,0.01943853619370924
4117701.0,Palmeira,41,Paraná,38,21843,8869,15.0612292,0.39634813684210524,0.2570383,0.46424011606634064,1450.2800342484663,588.862959472126,0.010705280802332625
4117800.0,Palmital,41,Paraná,17,7416,3266,3.8264654,0.22508620000000001,0.1401077,0.1706659308328335,1938.0810290353077,853.5292126253121,0.004789204569464595
4117909.0,Palotina,41,Paraná,49,32010,13775,17.4499892,0.3561222285714286,0.3039378,0.23520107172943097,1834.3850894761583,789.3987693700119,0.013804177876692069
4118006.0,Paraíso do Norte,41,Paraná,23,12239,5049,4.6355153,0.20154414347826086,0.171644,0.09342908177986138,2640.267415361567,1089.199295707211,0.006479512064569746
4118105.0,Paranacity,41,Paraná,21,9010,4337,4.8510327,0.23100155714285714,0.1854189,0.14287271425873652,1857.3364801272107,894.0364388803233,0.005916076232868029
4118204.0,Paranaguá,41,Paraná,251,139579,54850,51.8917673,0.20674010876494023,0.1097154,0.46536614791877795,2689.8101040393744,1057.0077461979215,0.07071119687856549
4118303.0,Paranapoema,41,Paraná,5,2202,994,1.0783213,0.21566426,0.1388416,0.11439343069166166,2042.0629732529626,921.8031768453428,0.0014085895792542928
4118402.0,Paranavaí,41,Paraná,171,88878,37894,45.5433436,0.2663353426900585,0.1574863,0.32743189380974025,1951.503622145125,832.0425556106952,0.04817376361049681
4118451.0,Pato Bragado,41,Paraná,9,4076,1667,1.7145757000000001,0.19050841111111114,0.1697857,0.16609438449984126,2377.2645325604462,972.2522021045789,0.002535461242657727
4118501.0,Pato Branco,41,Paraná,153,87304,36786,47.7067082,0.3118085503267974,0.1730145,0.6936633408572864,1830.0151759370394,771.0865282463567,0.043102841125181354
4118600.0,Paula Freitas,41,Paraná,6,2656,1128,9.7743656,1.6290609333333332,0.41423575,3.1014664712460656,271.7311904109664,115.40390918056104,0.0016903074951051512
4118709.0,Paulo Frontin,41,Paraná,6,2241,979,3.2469628999999998,0.5411604833333333,0.4812888,0.45630191885900023,690.183432647167,301.51253037107386,0.0016903074951051512
4118808.0,Peabiru,41,Paraná,20,11880,5072,4.9958883,0.249794415,0.2219778,0.12445028826335806,2377.9554879159327,1015.2348682415497,0.005634358317017171
4118857.0,Perobal,41,Paraná,11,5784,2433,2.6637792,0.24216174545454547,0.2254851,0.1776992452328786,2171.3511390133235,913.3639905289448,0.0030988970743594437
4118907.0,Pérola,41,Paraná,25,10525,5051,7.368688,0.29474752,0.1777209,0.29938075556772736,1428.3411103849153,685.4680236156016,0.007042947896271463
4119004.0,Pérola d'Oeste,41,Paraná,7,3576,1551,2.4790456,0.35414937142857145,0.4245799,0.21198364225996869,1442.4906100960789,625.643997835296,0.0019720254109560098
4119103.0,Piên,41,Paraná,9,6068,2360,8.1977211,0.9108579000000001,0.7024116,0.6291898143195264,740.2057140001994,287.8848854714025,0.002535461242657727
4119152.0,Pinhais,41,Paraná,198,127019,51243,58.1114939,0.2934923934343434,0.11336315,1.2338155603254648,2185.781012936582,881.8048988411912,0.05578014733846999
4119202.0,Pinhalão,41,Paraná,6,4323,1860,1.8017490999999999,0.30029151666666665,0.27360280000000003,0.07390675026175664,2399.335179354329,1032.3301951420428,0.0016903074951051512
4119251.0,Pinhal de São Bento,41,Paraná,2,1267,471,0.8696442,0.4348221,0.4348221,0.3783200884470451,1456.9176681682004,541.6008063987548,0.0005634358317017171
4119301.0,Pinhão,41,Paraná,32,18678,7942,13.5521072,0.42350335,0.20643945000000002,0.5779372330156306,1378.2358510269164,586.0343253483119,0.009014973307227473
4119400.0,Piraí do Sul,41,Paraná,34,17694,7114,13.4571974,0.3957999235294118,0.3050187,0.4217806113331224,1314.8354351999028,528.6390463440775,0.00957840913892919
4119509.0,Piraquara,41,Paraná,194,108665,41601,59.2552794,0.30543958453608244,0.09782825,0.748401273886536,1833.845036261866,702.0640257077246,0.05465327567506655
4119608.0,Pitanga,41,Paraná,47,22995,9241,14.6011199,0.3106621255319149,0.2423996,0.21967841888794437,1574.8791981360278,632.8966588377923,0.013240742044990352
4119657.0,Pitangueiras,41,Paraná,6,2632,1061,1.4873475,0.24789125,0.25879105,0.0679991148800262,1769.593185183691,713.3504443312676,0.0016903074951051512
4119707.0,Planaltina do Paraná,41,Paraná,5,2869,1193,1.6726108,0.33452216,0.4140159,0.15670728865593012,1715.2824793430725,713.2561860774784,0.0014085895792542928
4119806.0,Planalto,41,Paraná,28,7770,3037,5.3409608,0.19074860000000002,0.11941725,0.252298988883965,1454.7944257520107,568.6242819831218,0.007888101643824039
4119905.0,Ponta Grossa,41,Paraná,640,352053,152331,187.4675186,0.2929179978125,0.1412583,1.3618633934298592,1877.941323537634,812.5727653387737,0.18029946614454948
4119954.0,Pontal do Paraná,41,Paraná,79,29965,36570,44.2314043,0.5598911936708861,0.273892,0.9298059399252556,677.459838190125,826.7881289041505,0.022255715352217823
4120002.0,Porecatu,41,Paraná,19,11045,4878,7.9334237,0.41754861578947366,0.189656,0.6227309014998562,1392.2110324197106,614.8669457802941,0.0053526404011663125
4120101.0,Porto Amazonas,41,Paraná,7,3546,1558,2.9808056,0.4258293714285714,0.3095811,0.36863867046685755,1189.6112916588722,522.6774936278971,0.0019720254109560098
4120150.0,Porto Barreiro,41,Paraná,3,941,380,1.5253932,0.5084643999999999,0.3785748,0.24805050222960648,616.8901238054556,249.11609675459417,0.0008451537475525756
4120200.0,Porto Rico,41,Paraná,14,2537,2444,6.5956923,0.47112087857142854,0.3970097,0.280311614349339,384.6449901854882,370.544878207857,0.0039440508219120195
4120309.0,Porto Vitória,41,Paraná,3,1997,825,3.4812334,1.1604111333333333,1.3023044,0.3142248579987957,573.6472596178126,236.9849720504233,0.0008451537475525756
4120333.0,Prado Ferreira,41,Paraná,6,3496,1634,1.9799365,0.32998941666666665,0.25526945,0.17564462016232,1765.7131933271598,825.2789925333464,0.0016903074951051512
4120358.0,Pranchita,41,Paraná,7,4207,1716,2.7582128,0.3940304,0.3723116,0.09121424224348593,1525.2630253909344,622.1419899146288,0.0019720254109560098
4120408.0,Presidente Castelo Branco,41,Paraná,11,4044,1675,1.8716869,0.17015335454545455,0.1536676,0.09487044428510245,2160.6177828139953,894.9146355621765,0.0030988970743594437
4120507.0,Primeiro de Maio,41,Paraná,16,9162,4309,10.4537048,0.65335655,0.34689115,0.9406679001913899,876.4356919663543,412.19836244084485,0.004507486653613737
4120606.0,Prudentópolis,41,Paraná,45,27005,10831,16.8906841,0.3753485355555556,0.2674856,0.31611991341504064,1598.8103169841415,641.2410495558318,0.012677306213288634
4120655.0,Quarto Centenário,41,Paraná,7,2839,1153,0.943629,0.13480414285714287,0.1445697,0.07654213558299892,3008.5976586137135,1221.8785136955307,0.0019720254109560098
4120705.0,Quatiguá,41,Paraná,12,7553,3302,3.6827581,0.3068965083333333,0.26216505,0.13497353124883718,2050.9085296696517,896.6106136593658,0.0033806149902103023
4120804.0,Quatro Barras,41,Paraná,40,21748,8476,28.3056816,0.70764204,0.35396695,0.7989482546901343,768.3263136825506,299.4451827650036,0.011268716634034342
4120853.0,Quatro Pontes,41,Paraná,7,3066,1290,2.3558045,0.3365435,0.316146,0.1203990519753928,1301.4662294770214,547.5836386253613,0.0019720254109560098
4120903.0,Quedas do Iguaçu,41,Paraná,34,21692,9032,15.6217378,0.45946287647058826,0.2868516,0.48570567905829565,1388.5779084065794,578.1687105259185,0.00957840913892919
4121000.0,Querência do Norte,41,Paraná,17,7302,3556,4.6950131,0.2761772411764706,0.2198851,0.12860289668768185,1555.2672259849498,757.3993776502988,0.004789204569464595
4121109.0,Quinta do Sol,41,Paraná,8,3758,1659,2.0344552,0.2543069,0.27778325000000004,0.08904085075544982,1847.1775638018473,815.4517238816563,0.0022537433268068684
4121208.0,Quitandinha,41,Paraná,12,5358,2371,9.951140800000001,0.8292617333333334,0.55649545,0.7850653916613864,538.4307294697306,238.26413952458594,0.0033806149902103023
4121257.0,Ramilândia,41,Paraná,4,2494,974,0.9198804,0.2299701,0.22859734999999998,0.17726428682591425,2711.222024080522,1058.8333005029783,0.0011268716634034342
4121307.0,Rancho Alegre,41,Paraná,4,3149,1447,1.0943573,0.273589325,0.26257035,0.08805895833157748,2877.4880014050254,1322.237261998435,0.0011268716634034342
4121356.0,Rancho Alegre D'Oeste,41,Paraná,4,2282,936,1.7987839,0.449695975,0.3687381,0.2629615290039511,1268.6348815997296,520.3515552924395,0.0011268716634034342
4121406.0,Realeza,41,Paraná,37,15382,6507,9.8333613,0.2657665216216216,0.1627178,0.35721026295803876,1564.2667375600245,661.7269315630658,0.010423562886481766
4121505.0,Rebouças,41,Paraná,13,8677,3541,7.03943,0.5414946153846154,0.3282709,0.40552960468281646,1232.6282099544992,503.02368231518744,0.003662332906061161
4121604.0,Renascença,41,Paraná,9,4085,1710,3.2220342,0.3580038,0.2608054,0.2114139443247181,1267.8326009078364,530.7206236358385,0.002535461242657727
4121703.0,Reserva,41,Paraná,29,16010,6663,11.3050708,0.3898300275862069,0.2031946,0.7330689533374327,1416.1786585184411,589.3815366463693,0.008169819559674897
4121752.0,Reserva do Iguaçu,41,Paraná,7,4011,1654,5.4120108,0.7731444,0.6025916,0.38640993111403943,741.1293414270349,305.61653720277127,0.0019720254109560098
4121802.0,Ribeirão Claro,41,Paraná,16,8916,3998,3.7969362,0.2373085125,0.19834380000000001,0.11219623932993995,2348.2090639289645,1052.9542213535217,0.004507486653613737
4121901.0,Ribeirão do Pinhal,41,Paraná,17,11607,5081,5.1570086,0.30335344705882356,0.2550292,0.18528554352637416,2250.7234135696417,985.2611066035453,0.004789204569464595
4122008.0,Rio Azul,41,Paraná,7,5937,2496,5.8449494,0.8349927714285714,0.8343836,0.5414920434787683,1015.748741982266,427.03534781669794,0.0019720254109560098
4122107.0,Rio Bom,41,Paraná,10,2287,1063,1.0092802,0.10092802000000001,0.10455865,0.05009207956193829,2265.971332837006,1053.2258534349528,0.0028171791585085855
4122156.0,Rio Bonito do Iguaçu,41,Paraná,6,5098,1974,4.4123967,0.7353994500000001,0.6465246,0.42360734581896825,1155.3811560053066,447.3759125057817,0.0016903074951051512
4122172.0,Rio Branco do Ivaí,41,Paraná,5,2037,926,1.9438045000000002,0.3887609,0.3277038,0.1501122885758025,1047.9448936351366,476.38535665495164,0.0014085895792542928
4122206.0,Rio Branco do Sul,41,Paraná,42,27151,10057,9.8461522,0.23443219523809525,0.1521071,0.2827042801207866,2757.5238985235264,1021.4142332676921,0.011832152465736058
4122305.0,Rio Negro,41,Paraná,41,25735,10396,40.2971705,0.9828578170731708,0.3562904,1.2968000204365826,638.63044677045,257.98337379543807,0.0115504345498852
4122404.0,Rolândia,41,Paraná,102,69134,27926,28.2453614,0.2769153078431373,0.16348010000000002,0.4807679531251931,2447.6231343246327,988.6933151437744,0.028735227416787572
4122503.0,Roncador,41,Paraná,15,7845,3400,3.4920759,0.23280506,0.1812636,0.10292535449990514,2246.514744997381,973.632904141631,0.004225768737762878
4122602.0,Rondon,41,Paraná,19,7785,3236,3.6830342,0.1938439052631579,0.18952,0.07420289416684556,2113.746323615458,878.623391550369,0.0053526404011663125
4122651.0,Rosário do Ivaí,41,Paraná,7,2725,1284,1.6811261,0.24016087142857143,0.2512509,0.0882930560070971,1620.9372991115895,763.7737585538646,0.0019720254109560098
4122701.0,Sabáudia,41,Paraná,12,7962,3378,6.2475487,0.5206290583333334,0.3421726,0.4138032580398025,1274.4198376556872,540.6920637529404,0.0033806149902103023
4122800.0,Salgado Filho,41,Paraná,5,2561,1111,2.7643815,0.5528763,0.5511663,0.2416932415967604,926.4278465182899,401.8982184622492,0.0014085895792542928
4122909.0,Salto do Itararé,41,Paraná,8,4000,1858,2.3385234,0.292315425,0.2347392,0.202223132142731,1710.4810668133575,794.5184555348045,0.0022537433268068684
4123006.0,Salto do Lontra,41,Paraná,25,9641,3678,4.2097949,0.168391796,0.1134351,0.13019824109921596,2290.1353222695,873.6767674833754,0.007042947896271463
4123105.0,Santa Amélia,41,Paraná,5,2556,1131,0.8834249,0.17668498,0.1662713,0.054960288186626176,2893.284986646856,1280.244647847259,0.0014085895792542928
4123204.0,Santa Cecília do Pavão,41,Paraná,6,2990,1391,1.3501214,0.22502023333333332,0.20861975,0.059564707728307256,2214.6156634507092,1030.2777216922864,0.0016903074951051512
4123303.0,Santa Cruz de Monte Castelo,41,Paraná,14,6590,2765,3.3950470999999998,0.24250336428571426,0.24964799999999998,0.13574317796953417,1941.0629089652396,814.4216909391331,0.0039440508219120195
4123402.0,Santa Fé,41,Paraná,20,10384,4573,5.1813671,0.25906835500000003,0.22537625,0.12884996323201678,2004.104283597277,882.5856017806575,0.005634358317017171
4123501.0,Santa Helena,41,Paraná,33,18081,7797,10.3681685,0.3141869242424242,0.2596138,0.19437579853032924,1743.8952694489872,752.0132412971491,0.009296691223078331
4123600.0,Santa Inês,41,Paraná,3,1100,589,0.9738888000000001,0.3246296,0.2348034,0.24268821445960248,1129.4924020072926,604.7918407111777,0.0008451537475525756
4123709.0,Santa Isabel do Ivaí,41,Paraná,15,7736,3398,3.0793061,0.20528707333333335,0.1914487,0.07507261984467789,2512.2543030067714,1103.495362153181,0.004225768737762878
4123808.0,Santa Izabel do Oeste,41,Paraná,16,9109,3454,5.338372199999999,0.33364826249999996,0.21473845000000003,0.496873976561703,1706.3253851052202,647.0137095349029,0.004507486653613737
4123824.0,Santa Lúcia,41,Paraná,5,2501,1111,2.2955177,0.45910354,0.3434901,0.20840239003603822,1089.514578781074,483.9866841366547,0.0014085895792542928
4123857.0,Santa Maria do Oeste,41,Paraná,8,3040,1270,3.8061388000000003,0.47576735000000003,0.2984902,0.461627858367495,798.7097054894582,333.6714888064513,0.0022537433268068684
4123907.0,Santa Mariana,41,Paraná,17,9535,4259,3.5946772,0.2114516,0.2232679,0.09783527864555046,2652.5330285567784,1184.8073590585548,0.004789204569464595
4123956.0,Santa Mônica,41,Paraná,8,2531,1166,1.6286761,0.2035845125,0.16732055,0.0976994445379507,1554.022926965036,715.9188987914786,0.0022537433268068684
4124004.0,Santana do Itararé,41,Paraná,9,3960,1789,2.3575105,0.26194561111111114,0.2776668,0.09313352025497379,1679.7380117713155,758.8513391562836,0.002535461242657727
4124020.0,Santa Tereza do Oeste,41,Paraná,17,11886,4643,5.7551924,0.3385407294117647,0.2342193,0.26360159262893496,2065.2654462081928,806.7497448043613,0.004789204569464595
4124053.0,Santa Terezinha de Itaipu,41,Paraná,36,22005,8641,8.6598723,0.24055200833333334,0.17631550000000001,0.1889452588004811,2541.030541524267,997.820718441772,0.010141844970630908
4124103.0,Santo Antônio da Platina,41,Paraná,61,39748,16595,17.374593400000002,0.2848294,0.1994849,0.2750852861765535,2287.708211922818,955.1302650915559,0.01718479286690237
4124202.0,Santo Antônio do Caiuá,41,Paraná,5,2060,964,0.8846476999999999,0.17692954,0.171835,0.060685185846860515,2328.6105870167303,1089.6993232447223,0.0014085895792542928
4124301.0,Santo Antônio do Paraíso,41,Paraná,4,1774,813,0.5686369,0.142159225,0.12710454999999998,0.06674139077286174,3119.741261954685,1429.7348624403376,0.0011268716634034342
4124400.0,Santo Antônio do Sudoeste,41,Paraná,25,17690,6314,8.5183107,0.34073242800000003,0.2549002,0.24436159411623062,2076.702837336046,741.2267786851212,0.007042947896271463
4124509.0,Santo Inácio,41,Paraná,10,5461,2714,2.789329,0.2789329,0.20523665000000002,0.23109116524364243,1957.8185291157838,972.9938633986884,0.0028171791585085855
4124608.0,São Carlos do Ivaí,41,Paraná,15,6371,2623,3.9843343,0.26562228666666665,0.2161243,0.14514558565073238,1599.0124121863971,658.3282933864259,0.004225768737762878
4124707.0,São Jerônimo da Serra,41,Paraná,10,6151,2715,3.0529605,0.30529605000000004,0.33242755,0.05603432381934904,2014.7656676200036,889.3007295705266,0.0028171791585085855
4124806.0,São João,41,Paraná,29,8865,3769,7.539676,0.2599888275862069,0.2108021,0.16831208075035767,1175.7799672028348,499.8888546404381,0.008169819559674897
4124905.0,São João do Caiuá,41,Paraná,9,4947,2234,2.5006014000000003,0.27784460000000005,0.2370552,0.17935036178701314,1978.3240943558615,893.385087283403,0.002535461242657727
4125001.0,São João do Ivaí,41,Paraná,22,9094,4263,4.2228072,0.1919457818181818,0.1818564,0.10743074028525423,2153.543737445555,1009.5180286705962,0.006197794148718887
4125100.0,São João do Triunfo,41,Paraná,6,4193,1845,5.3957518,0.8992919666666667,0.9690273,0.4067390760364323,777.0928232836803,341.93566872367995,0.0016903074951051512
4125209.0,São Jorge d'Oeste,41,Paraná,17,6217,2926,10.3636931,0.609629005882353,0.4091343,0.6528200953029906,599.8826808177096,282.33178769062545,0.004789204569464595
4125308.0,São Jorge do Ivaí,41,Paraná,13,4624,2082,2.3343523999999998,0.17956556923076922,0.1167738,0.1558945075522407,1980.8491639908355,891.8961849976037,0.003662332906061161
4125357.0,São Jorge do Patrocínio,41,Paraná,11,4922,2133,2.3706913,0.2155173909090909,0.1738397,0.10606237843335829,2076.18765041235,899.7375575639056,0.0030988970743594437
4125407.0,São José da Boa Vista,41,Paraná,5,3808,1744,1.2568224,0.25136448,0.2474584,0.09853859485522411,3029.863248777234,1387.6264458685653,0.0014085895792542928
4125456.0,São José das Palmeiras,41,Paraná,7,2557,1061,1.0442361,0.14917658571428571,0.1443711,0.09095401005091217,2448.6799489119367,1016.0537449337368,0.0019720254109560098
4125506.0,São José dos Pinhais,41,Paraná,462,309323,126691,186.3919948,0.40344587619047617,0.1258595,1.0307564681883268,1659.5294252411747,679.7019374997321,0.13015367712309664
4125555.0,São Manoel do Paraná,41,Paraná,5,1634,703,0.6106574,0.12213148,0.1102834,0.06430643701517758,2675.804796601171,1151.2183427237596,0.0014085895792542928
4125605.0,São Mateus do Sul,41,Paraná,50,25967,10889,30.5088096,0.610176192,0.24240535000000002,1.1060698245684475,851.1312090000391,356.91330283827267,0.014085895792542926
4125704.0,São Miguel do Iguaçu,41,Paraná,36,21681,8834,9.1504116,0.2541781,0.1902742,0.16784716605462074,2369.4016124913987,965.4210527535176,0.010141844970630908
4125753.0,São Pedro do Iguaçu,41,Paraná,9,3968,1799,2.5131152,0.27923502222222224,0.2942234,0.07538012995897489,1578.9168757564316,715.844621846225,0.002535461242657727
4125803.0,São Pedro do Ivaí,41,Paraná,18,7820,3482,2.7198314999999997,0.15110174999999998,0.12631205,0.0961358723717589,2875.178113055901,1280.226366964277,0.005070922485315454
4125902.0,São Pedro do Paraná,41,Paraná,11,1809,1195,3.9319964,0.35745421818181816,0.3712538,0.2028855460537434,460.0716318051563,303.91686014768476,0.0030988970743594437
4126009.0,São Sebastião da Amoreira,41,Paraná,12,7293,3109,2.6541442,0.22117868333333335,0.1745639,0.13869951943972483,2747.77836110035,1171.3756923983256,0.0033806149902103023
4126108.0,São Tomé,41,Paraná,16,4744,2224,1.6866899,0.10541811875,0.09890475,0.04222984967131217,2812.609478482085,1318.558912340674,0.004507486653613737
4126207.0,Sapopema,41,Paraná,8,4126,1702,2.8790663,0.3598832875,0.29064775,0.21096765949363247,1433.1035030349944,591.1638783726517,0.0022537433268068684
4126256.0,Sarandi,41,Paraná,158,117880,49477,33.5420882,0.21229169746835444,0.09992219999999999,0.47329629760348885,3514.390615668347,1475.0721453293418,0.044511430704435646
4126272.0,Saudade do Iguaçu,41,Paraná,8,3946,1680,3.9252383,0.4906547875,0.46070865,0.15233406706651983,1005.2892839652562,427.99949241298293,0.0022537433268068684
4126306.0,Sengés,41,Paraná,27,14395,5785,10.4719047,0.3878483222222222,0.3321916,0.3172581883600186,1374.6305387977795,552.4305430319663,0.00760638372797318
4126355.0,Serranópolis do Iguaçu,41,Paraná,5,3106,1325,1.9334042,0.38668084,0.3686499,0.08940839999543108,1606.4928378659774,685.3197070741855,0.0014085895792542928
4126405.0,Sertaneja,41,Paraná,11,5087,2647,4.1597578,0.37815980000000005,0.2436478,0.2750757880203309,1222.9077375610666,636.3351250882923,0.0030988970743594437
4126504.0,Sertanópolis,41,Paraná,25,14986,6895,13.3592488,0.534369952,0.269715,0.6906208483814498,1121.7696611803503,516.1218346348935,0.007042947896271463
4126603.0,Siqueira Campos,41,Paraná,29,18726,8176,8.7825109,0.30284520344827587,0.2206749,0.1945431277223575,2132.1920591069234,930.9410592362601,0.008169819559674897
4126652.0,Sulina,41,Paraná,4,1644,729,1.3937492,0.3484373,0.36324205,0.08149608582932065,1179.552246559137,523.0496275800552,0.0011268716634034342
4126678.0,Tamarana,41,Paraná,11,6480,2905,4.96666,0.45151454545454545,0.2496583,0.42325633581766825,1304.699737851997,584.9001139598845,0.0030988970743594437
4126702.0,Tamboara,41,Paraná,9,4291,1886,2.6026178,0.28917975555555553,0.2448399,0.13255789715322613,1648.724603358972,724.6549992857192,0.002535461242657727
4126801.0,Tapejara,41,Paraná,30,14286,6159,4.690942,0.1563647333333333,0.1275696,0.09019936370065473,3045.443750956631,1312.9559052318277,0.008451537475525756
4126900.0,Tapira,41,Paraná,7,3674,1712,4.99291,0.7132728571428572,0.5640252,0.4679835025141123,735.8434259780369,342.886212649537,0.0019720254109560098
4127007.0,Teixeira Soares,41,Paraná,10,5082,2058,4.1278152,0.41278151999999996,0.4447055,0.17062607329770235,1231.1597670360825,498.56883127907474,0.0028171791585085855
4127106.0,Telêmaco Borba,41,Paraná,134,73723,29706,32.5024039,0.2425552529850746,0.11526225000000001,1.0196196299035083,2268.2322275860956,913.9631668905573,0.03775020072401505
4127205.0,Terra Boa,41,Paraná,50,16233,6849,7.6006545,0.15201309,0.11509325000000001,0.15073128761299673,2135.7371263224763,901.1066086479789,0.014085895792542926
4127304.0,Terra Rica,41,Paraná,27,12586,5697,5.7876895,0.21435887037037038,0.1789887,0.11264340294409618,2174.615621656967,984.330621053531,0.00760638372797318
4127403.0,Terra Roxa,41,Paraná,21,14178,6121,6.879781899999999,0.3276086619047619,0.2641777,0.1462584040965184,2060.821143181879,889.7084368328595,0.005916076232868029
4127502.0,Tibagi,41,Paraná,21,12555,5116,8.6170494,0.41033568571428575,0.3063559,0.2967944243570308,1456.9952447992232,593.7067042925389,0.005916076232868029
4127601.0,Tijucas do Sul,41,Paraná,25,9249,4171,13.6042975,0.5441718999999999,0.4345954,0.4681551461279645,679.8586990618222,306.59429492776087,0.007042947896271463
4127700.0,Toledo,41,Paraná,192,138024,58419,54.164982,0.28210928125,0.1823416,0.3444358538805897,2548.214638010957,1078.5381595806678,0.05408983984336484
4127809.0,Tomazina,41,Paraná,9,4284,2046,2.905579,0.3228421111111111,0.3592409,0.16022824155968451,1474.404929275714,704.1625782675329,0.002535461242657727
4127858.0,Três Barras do Paraná,41,Paraná,12,6762,2900,3.0812838,0.25677365,0.2269335,0.08140717842619061,2194.5398213562803,941.1661463965117,0.0033806149902103023
4127882.0,Tunas do Paraná,41,Paraná,6,4334,1721,1.9890213,0.33150355000000004,0.3243843,0.12725523054569896,2178.9610800045225,865.2496582113022,0.0016903074951051512
4127908.0,Tuneiras do Oeste,41,Paraná,21,6143,2744,3.0456218,0.14502960952380953,0.15373,0.06642641410917725,2016.9937055218084,900.9654448887908,0.005916076232868029
4127957.0,Tupãssi,41,Paraná,15,6770,2818,5.6507336,0.37671557333333333,0.305906,0.24244585768075685,1198.074529650451,498.69631086484065,0.004225768737762878
4127965.0,Turvo,41,Paraná,13,6832,2755,7.319882,0.5630678461538461,0.5723339,0.39743010989442035,933.3483791132153,376.3721874205076,0.003662332906061161
4128005.0,Ubiratã,41,Paraná,42,22295,9206,8.7167602,0.20754190952380952,0.18184935,0.1255818101362901,2557.716340527528,1056.1263346443786,0.011832152465736058
4128104.0,Umuarama,41,Paraná,196,111070,48881,57.8121496,0.2949599469387755,0.1633417,0.5480530003784196,1921.2224552881873,845.5143138285936,0.055216711506768275
4128203.0,União da Vitória,41,Paraná,96,51881,21809,66.8113665,0.695951734375,0.21463330000000003,2.151821461125698,776.5295445648458,326.42649211493074,0.02704491992168242
4128302.0,Uniflor,41,Paraná,5,1836,817,0.861614,0.1723228,0.1680175,0.13041631331491854,2130.8845956542023,948.2204328156228,0.0014085895792542928
4128401.0,Uraí,41,Paraná,16,9104,4071,3.6769229,0.22980768125,0.15910415,0.1551703553004169,2475.983382735602,1107.1757854917219,0.004507486653613737
4128500.0,Wenceslau Braz,41,Paraná,28,15777,6570,7.3377641,0.2620630035714286,0.1987198,0.18529497212213641,2150.11000421777,895.3681135647302,0.007888101643824039
4128534.0,Ventania,41,Paraná,17,7121,3031,3.4455737,0.20268080588235296,0.1858267,0.11377313418810958,2066.709529388386,879.6793404825443,0.004789204569464595
4128559.0,Vera Cruz do Oeste,41,Paraná,12,6310,2800,2.6960512,0.22467093333333332,0.23150365,0.08123073931772529,2340.4600031334717,1038.5559443381492,0.0033806149902103023
4128609.0,Verê,41,Paraná,17,4190,1801,3.7278228,0.21928369411764706,0.1733359,0.14941102467074038,1123.9804638782723,483.12382230185403,0.004789204569464595
4128625.0,Alto Paraíso,41,Paraná,4,1943,881,1.2256032,0.3064008,0.3158727,0.12212037934491796,1585.341813728946,718.8297158493059,0.0011268716634034342
4128633.0,Doutor Ulysses,41,Paraná,2,1644,798,2.7438721,1.37193605,1.37193605,0.17410644795884223,599.1532914380375,290.8298823403613,0.0005634358317017171
4128658.0,Virmond,41,Paraná,3,2285,947,1.7873424,0.5957808,0.5460602,0.10705681384960981,1278.434395110864,529.8369243632334,0.0008451537475525756
4128708.0,Vitorino,41,Paraná,11,7494,2938,4.1785232,0.37986574545454543,0.276237,0.26550363380240344,1793.456597297342,703.1192264290886,0.0030988970743594437
4128807.0,Xambrê,41,Paraná,14,4230,1908,2.0802651,0.1485903642857143,0.1425978,0.1072991887281153,2033.3946860907295,917.190794577095,0.0039440508219120195
4200051.0,Abdon Batista,42,Santa Catarina,2,1173,484,2.3588579000000003,1.1794289500000001,1.1794289500000001,1.1856147788502491,497.2745496877959,205.18404266742814,0.0005634358317017171
4200101.0,Abelardo Luz,42,Santa Catarina,25,11382,4523,12.8553246,0.5142129839999999,0.4109619,0.4322269325326278,885.3918787861646,351.8386459101935,0.007042947896271463
4200200.0,Agrolândia,42,Santa Catarina,17,8264,3219,13.6406819,0.8023930529411765,0.7368522,0.4596732658416832,605.8348153401333,235.98526991528186,0.004789204569464595
4200309.0,Agronômica,42,Santa Catarina,15,3591,1464,4.5871672,0.30581114666666664,0.2787992,0.2581625733033267,782.8360823647326,319.15121820717593,0.004225768737762878
4200408.0,Água Doce,42,Santa Catarina,10,3514,1585,2.7458185999999998,0.27458185999999996,0.2442414,0.13313128648632022,1279.7640747280248,577.2413370642912,0.0028171791585085855
4200507.0,Águas de Chapecó,42,Santa Catarina,8,3583,1570,3.8023271,0.4752908875,0.4165268,0.41882677614039043,942.3176664627302,412.9050338672862,0.0022537433268068684
4200556.0,Águas Frias,42,Santa Catarina,5,1305,541,1.6408186,0.32816372,0.2538211,0.18996684509920939,795.3347189018945,329.71347350645584,0.0014085895792542928
4200606.0,Águas Mornas,42,Santa Catarina,10,3666,1566,9.4808829,0.94808829,0.6025857,0.7287609279188623,386.6728487913294,165.17449023655806,0.0028171791585085855
4200705.0,Alfredo Wagner,42,Santa Catarina,11,4019,1778,5.6733399,0.5157581727272728,0.4809314,0.3380007601809945,708.4010601938375,313.39564195686563,0.0030988970743594437
4200754.0,Alto Bela Vista,42,Santa Catarina,1,662,325,0.8105883,0.8105883,0.8105883,0.0,816.6907911204738,400.9433642207764,0.00028171791585085854
4200804.0,Anchieta,42,Santa Catarina,9,3444,1446,2.7873612,0.3097068,0.2771781,0.15863656287927447,1235.5772190557866,518.7702261192414,0.002535461242657727
4200903.0,Angelina,42,Santa Catarina,4,1094,567,2.9183987,0.729599675,0.6327387,0.4304829189798079,374.8631055790972,194.28462601768567,0.0011268716634034342
4201000.0,Anita Garibaldi,42,Santa Catarina,11,4755,2176,4.5360352,0.41236683636363636,0.4238549,0.21415743982957616,1048.27228853956,479.71409040212035,0.0030988970743594437
4201109.0,Anitápolis,42,Santa Catarina,3,1436,640,1.3440955,0.44803183333333335,0.4673447,0.35640346495341957,1068.376465809163,476.1566421433596,0.0008451537475525756
4201208.0,Antônio Carlos,42,Santa Catarina,10,6385,2504,15.9095046,1.59095046,0.9901703499999999,1.1970944252158744,401.33242112391105,157.39019302964343,0.0028171791585085855
4201257.0,Apiúna,42,Santa Catarina,7,4683,1944,8.7072757,1.2438965285714285,0.5894094,1.0695053213811012,537.8260849142516,223.261565038075,0.0019720254109560098
4201273.0,Arabutã,42,Santa Catarina,4,1843,770,3.0239325,0.755983125,0.5851636,0.49673902896217303,609.4712762272306,254.63531345359064,0.0011268716634034342
4201307.0,Araquari,42,Santa Catarina,79,42366,17286,63.7211865,0.8065972974683544,0.3808749,1.15317424976408,664.8652093130752,271.27555134272336,0.022255715352217823
4201406.0,Araranguá,42,Santa Catarina,148,66387,29905,76.0821807,0.5140687885135135,0.2669565,0.7203138389924734,872.5696265433149,393.0618145386572,0.04169425154592706
4201505.0,Armazém,42,Santa Catarina,11,5702,2388,8.3523818,0.7593074363636364,0.4416584,0.6519863339050018,682.6795202297865,285.9064704154209,0.0030988970743594437
4201604.0,Arroio Trinta,42,Santa Catarina,4,2518,1093,1.9562512,0.4890628,0.41963035000000004,0.3101070880109751,1287.1557599555722,558.7217019981891,0.0011268716634034342
4201653.0,Arvoredo,42,Santa Catarina,1,904,345,0.8478544,0.8478544,0.8478544,0.0,1066.2208039493573,406.9094882328853,0.00028171791585085854
4201703.0,Ascurra,42,Santa Catarina,10,7759,3168,19.2297134,1.9229713400000001,1.66545005,1.3307361908563995,403.4901529005627,164.7450450301563,0.0028171791585085855
4201802.0,Atalanta,42,Santa Catarina,8,1585,631,1.2931057,0.1616382125,0.060741050000000005,0.18007025061578003,1225.7311989267391,487.9724836105819,0.0022537433268068684
4201901.0,Aurora,42,Santa Catarina,9,2935,1165,8.0788523,0.8976502555555554,0.6648159,0.6344333102826434,363.2941773177361,144.2036513032922,0.002535461242657727
4201950.0,Balneário Arroio do Silva,42,Santa Catarina,72,15689,15877,31.8090568,0.4417924555555556,0.24925360000000002,0.586693368929787,493.22430710991716,499.1345735218405,0.020283689941261816
4202008.0,Balneário Camboriú,42,Santa Catarina,287,139155,86336,45.213846000000004,0.15753953310104532,0.0300708,0.47318289592243806,3077.7076561900967,1909.5035622494931,0.0808530418491964
4202057.0,Balneário Barra do Sul,42,Santa Catarina,36,14091,11186,13.893332299999999,0.3859258972222222,0.28823655000000004,0.31830647647935745,1014.2275226512793,805.1344168885963,0.010141844970630908
4202073.0,Balneário Gaivota,42,Santa Catarina,43,14359,11819,44.5403574,1.035822265116279,0.3600794,1.3719957036067596,322.38178672540243,265.35485321453666,0.012113870381586917
4202081.0,Bandeirante,42,Santa Catarina,3,1478,592,3.7189685000000003,1.2396561666666668,0.3896798,1.6372691754429702,397.4220271024075,159.1839242521145,0.0008451537475525756
4202099.0,Barra Bonita,42,Santa Catarina,1,389,156,0.3323158,0.3323158,0.3323158,0.0,1170.5732920312546,469.4329911487808,0.00028171791585085854
4202107.0,Barra Velha,42,Santa Catarina,89,43191,28294,29.9639495,0.33667358988764046,0.2190609,0.33651888270490116,1441.4321449847591,944.2680445046138,0.02507289451072641
4202131.0,Bela Vista do Toldo,42,Santa Catarina,2,1277,514,2.5623238,1.2811619,1.2811619,0.6204884632328954,498.3757322162015,200.5991592475549,0.0005634358317017171
4202156.0,Belmonte,42,Santa Catarina,3,1533,604,2.2331715,0.7443905000000001,0.6595848,0.3597299470818213,686.4676537381924,270.4673599855631,0.0008451537475525756
4202206.0,Benedito Novo,42,Santa Catarina,11,5842,2311,15.5011735,1.409197590909091,1.379788,0.6533289850972241,376.8746927450364,149.08548697942126,0.0030988970743594437
4202305.0,Biguaçu,42,Santa Catarina,108,70811,29560,57.0575081,0.5283102601851852,0.17763985,1.2274233122726905,1241.0461367484781,518.0737993007444,0.03042553491189272
4202404.0,Blumenau,42,Santa Catarina,611,351597,151426,209.5593039,0.3429775841243863,0.1786783,0.5565248327500717,1677.792364531709,722.5925892188459,0.17212964658487456
4202438.0,Bocaina do Sul,42,Santa Catarina,1,1283,528,3.688406,3.688406,3.688406,0.0,347.8467392147177,143.15126913902645,0.00028171791585085854
4202453.0,Bombinhas,42,Santa Catarina,71,25053,24333,24.3557859,0.34303923802816905,0.1780547,0.41630397451236734,1028.6262205975459,999.0644563844684,0.020001972025410954
4202503.0,Bom Jardim da Serra,42,Santa Catarina,3,2253,994,2.5514148,0.8504716,0.9798461,0.2736546307421273,883.0394806834232,389.5877691075556,0.0008451537475525756
4202537.0,Bom Jesus,42,Santa Catarina,6,1800,682,1.4914265,0.24857108333333333,0.1534692,0.2591812050515424,1206.8982279716768,457.28032859815755,0.0016903074951051512
4202578.0,Bom Jesus do Oeste,42,Santa Catarina,2,816,327,0.7147382,0.3573691,0.3573691,0.3100356351159976,1141.6767705993607,457.5101764534203,0.0005634358317017171
4202602.0,Bom Retiro,42,Santa Catarina,9,6223,2587,4.774761799999999,0.5305290888888888,0.4143712,0.32421674251073324,1303.3110887332643,541.8071326615708,0.002535461242657727
4202701.0,Botuverá,42,Santa Catarina,10,1982,863,5.8324107,0.5832410699999999,0.3283356,0.5672424624382104,339.8251772633227,147.96626033211277,0.0028171791585085855
4202800.0,Braço do Norte,42,Santa Catarina,44,27778,10568,24.2598819,0.5513609522727273,0.33112779999999997,0.8265407854681118,1145.017940091456,435.61630034151153,0.012395588297437775
4202859.0,Braço do Trombudo,42,Santa Catarina,4,2473,1006,3.055495,0.76387375,0.70271325,0.5013387826244345,809.3614946187115,329.2428886317929,0.0011268716634034342
4202875.0,Brunópolis,42,Santa Catarina,3,979,497,1.1620339,0.3873446333333333,0.3520269,0.20165744010874814,842.4883301597312,427.69836577056833,0.0008451537475525756
4202909.0,Brusque,42,Santa Catarina,195,138926,55133,130.0264221,0.6668021646153846,0.4061621,0.785380833557315,1068.4443804287375,424.0138204956422,0.054934993590917414
4203006.0,Caçador,42,Santa Catarina,76,67465,26648,47.510275,0.625135197368421,0.2894932,1.043371310019399,1420.008619188165,560.8891971263058,0.02141056160466525
4203105.0,Caibi,42,Santa Catarina,7,4172,1682,4.3161797,0.6165971,0.5680354,0.5446790876470842,966.5955289118291,389.69647162744405,0.0019720254109560098
4203154.0,Calmon,42,Santa Catarina,2,2297,822,1.5939744999999998,0.7969872499999999,0.7969872499999999,0.13584970835495008,1441.0519114327112,515.692064082581,0.0005634358317017171
4203204.0,Camboriú,42,Santa Catarina,114,99618,39389,37.5743589,0.3295996394736842,0.12214545,0.6422577637867386,2651.2228795472543,1048.294665647642,0.03211584240699787
4203253.0,Capão Alto,42,Santa Catarina,1,1124,485,1.9423678,1.9423678,1.9423678,0.0,578.6751613159979,249.69524309453647,0.00028171791585085854
4203303.0,Campo Alegre,42,Santa Catarina,27,7280,3124,19.5643541,0.7246057074074074,0.5972707,0.6256359943312282,372.1053075807905,159.67815671461395,0.00760638372797318
4203402.0,Campo Belo do Sul,42,Santa Catarina,8,4727,1929,3.0007085,0.3750885625,0.3437597,0.18282449832697037,1575.294634583799,642.8481806879942,0.0022537433268068684
4203501.0,Campo Erê,42,Santa Catarina,12,7676,3092,6.1413623,0.5117801916666667,0.4569083,0.3038373747345967,1249.885550637519,503.4713552072966,0.0033806149902103023
4203600.0,Campos Novos,42,Santa Catarina,58,30970,12919,22.3596477,0.3855111672413793,0.19402295,0.4400615973162495,1385.0844349394647,577.7819120110734,0.016339639119349793
4203709.0,Canelinha,42,Santa Catarina,20,9481,3835,22.5400686,1.12700343,0.8705081,1.216912278635805,420.6287109525478,170.14145200960036,0.005634358317017171
4203808.0,Canoinhas,42,Santa Catarina,77,43782,17576,33.3908844,0.4336478493506493,0.2915612,0.3974967726466331,1311.1961778406805,526.3712032736695,0.021692279520516108
4203907.0,Capinzal,42,Santa Catarina,32,20340,8823,19.448773,0.60777415625,0.2862878,0.6867504561376739,1045.8243304089158,453.65329730569636,0.009014973307227473
4203956.0,Capivari de Baixo,42,Santa Catarina,31,23524,9282,14.1880686,0.4576796322580645,0.2374296,0.5604730629347371,1658.0128460895658,654.2116662728852,0.008733255391376614
4204004.0,Catanduvas,42,Santa Catarina,20,9401,3745,10.3187887,0.5159394350000001,0.25691185,0.608101588964636,911.0565467824725,362.9301954792426,0.005634358317017171
4204103.0,Caxambu do Sul,42,Santa Catarina,7,2620,1073,3.0552518,0.43646454285714287,0.3508991,0.4111745974627764,857.5397942650749,351.1985493306967,0.0019720254109560098
4204152.0,Celso Ramos,42,Santa Catarina,3,1235,542,4.132751900000001,1.377583966666667,1.3084905,1.0074059245692886,298.83235913580967,131.14748068956183,0.0008451537475525756
4204178.0,Cerro Negro,42,Santa Catarina,2,1012,450,1.1873229,0.59366145,0.59366145,0.42912479143648297,852.3376412600144,379.00389186463093,0.0005634358317017171
4204194.0,Chapadão do Lageado,42,Santa Catarina,1,608,272,1.4182603,1.4182603,1.4182603,0.0,428.6942248894649,191.7842585031817,0.00028171791585085854
4204202.0,Chapecó,42,Santa Catarina,445,242335,96272,203.5908466,0.4575075204494382,0.1169551,1.0088425416077003,1190.3040045612738,472.8699821615654,0.12536447255363206
4204251.0,Cocal do Sul,42,Santa Catarina,49,15406,6175,13.563272099999999,0.2768014714285714,0.1362461,0.3725826961832886,1135.8616037792237,455.2736208838574,0.013804177876692069
4204301.0,Concórdia,42,Santa Catarina,163,69164,28980,60.3098335,0.3699989785276074,0.1942504,0.47505003218624337,1146.8113238946348,480.51865372833436,0.04592002028368994
4204350.0,Cordilheira Alta,42,Santa Catarina,13,2283,856,8.0012039,0.6154772230769231,0.3155516,1.0317339176300167,285.33206109145647,106.98390026030957,0.003662332906061161
4204400.0,Coronel Freitas,42,Santa Catarina,18,6882,2712,8.7068561,0.4837142277777777,0.3277353,0.48525963790268206,790.4115929973851,311.4786748341919,0.005070922485315454
4204459.0,Coronel Martins,42,Santa Catarina,4,951,416,1.6493099,0.412327475,0.38089779999999995,0.34490017219949676,576.6047969517433,252.22670402936404,0.0011268716634034342
4204509.0,Corupá,42,Santa Catarina,42,12004,4760,26.4800384,0.6304771047619048,0.4790475,0.6162569287635439,453.3226054536235,179.75804748077707,0.011832152465736058
4204558.0,Correia Pinto,42,Santa Catarina,20,13558,5448,6.8970185,0.344850925,0.275835,0.24673427920649427,1965.7769513014937,789.9065371507993,0.005634358317017171
4204608.0,Criciúma,42,Santa Catarina,582,209482,89823,136.0463449,0.23375660635738832,0.1059746,0.3713708733977511,1539.7841092605495,660.2382450335128,0.16395982702519968
4204707.0,Cunha Porã,42,Santa Catarina,22,7277,3088,6.1143855,0.2779266136363636,0.22450265,0.21798371708310013,1190.1441281384696,505.03848669665985,0.006197794148718887
4204756.0,Cunhataí,42,Santa Catarina,2,932,369,2.3346768,1.1673384,1.1673384,1.403269105035246,399.1987242088498,158.05185540028495,0.0005634358317017171
4204806.0,Curitibanos,42,Santa Catarina,101,37206,15648,40.4408107,0.40040406633663367,0.1198513,0.8850286684439176,920.0112301408438,386.9358632812967,0.02845350950093671
4204905.0,Descanso,42,Santa Catarina,12,4555,1923,7.208007800000001,0.6006673166666667,0.3933095,0.35159904486810967,631.9360531213631,266.7866147425645,0.0033806149902103023
4205001.0,Dionísio Cerqueira,42,Santa Catarina,25,11509,5070,8.3172478,0.33268991200000003,0.2186869,0.2981996210170676,1383.7510047494316,609.5766438508662,0.007042947896271463
4205100.0,Dona Emma,42,Santa Catarina,3,2306,893,3.8618196,1.2872732,1.0829122,0.38739572203356876,597.1278409794181,231.2381448372161,0.0008451537475525756
4205159.0,Doutor Pedrinho,42,Santa Catarina,6,2382,984,8.3306081,1.3884346833333332,1.4664524499999998,0.2728259117950524,285.9335082633404,118.11862809870988,0.0016903074951051512
4205175.0,Entre Rios,42,Santa Catarina,1,1090,396,0.6785098,0.6785098,0.6785098,0.0,1606.4616900153835,583.6319534367816,0.00028171791585085854
4205191.0,Ermo,42,Santa Catarina,5,1247,511,2.2931529,0.45863058,0.4906114,0.2727698838451415,543.7927841619284,222.83729968463945,0.0014085895792542928
4205209.0,Erval Velho,42,Santa Catarina,11,3462,1605,14.9627168,1.360246981818182,0.5365193,2.6861653438913926,231.37509359262884,107.26661618029154,0.0030988970743594437
4205308.0,Faxinal dos Guedes,42,Santa Catarina,36,9290,3683,14.6822024,0.40783895555555555,0.17258394999999999,0.6043356751127064,632.7388593961898,250.84792455932907,0.010141844970630908
4205357.0,Flor do Sertão,42,Santa Catarina,2,481,196,0.6112783,0.30563915,0.30563915,0.08208597561828089,786.875634224215,320.6395515757716,0.0005634358317017171
4205407.0,Florianópolis,42,Santa Catarina,930,534827,283486,199.3303584,0.2143337187096774,0.09663445,0.48310458818524493,2683.11863929303,1422.1917939420111,0.26199766174129846
4205431.0,Formosa do Sul,42,Santa Catarina,5,1441,571,1.6368513,0.32737026,0.1946527,0.3119002186739583,880.3487525103837,348.84048416615485,0.0014085895792542928
4205456.0,Forquilhinha,42,Santa Catarina,70,28764,10729,25.7032483,0.3671892614285714,0.2309194,0.4280639826125906,1119.0803459654553,417.4180584015912,0.019720254109560097
4205506.0,Fraiburgo,42,Santa Catarina,52,29437,11776,36.622679500000004,0.7042822980769231,0.2395589,1.2270448527713604,803.7915412497329,321.5493830810495,0.014649331624244644
4205555.0,Frei Rogério,42,Santa Catarina,2,916,380,1.6116966000000001,0.8058483000000001,0.8058483000000001,0.19637868522062168,568.3451835785966,235.77638620072784,0.0005634358317017171
4205605.0,Galvão,42,Santa Catarina,4,2259,942,2.0001557,0.500038925,0.4080438,0.25617880531384557,1129.4120752699403,470.963335504331,0.0011268716634034342
4205704.0,Garopaba,42,Santa Catarina,54,29060,17844,58.1312127,1.0765039388888888,0.6845743,1.0415717366371082,499.90355697499496,306.9607388390162,0.01521276745594636
4205803.0,Garuva,42,Santa Catarina,29,14171,5466,16.4188686,0.5661678827586207,0.2632339,0.7635191653796288,863.0923570458442,332.9096622406735,0.008169819559674897
4205902.0,Gaspar,42,Santa Catarina,122,66940,26280,121.2429424,0.9937946098360656,0.41196315,1.8116920159002095,552.1146111676683,216.75488469504515,0.03436958573380474
4206009.0,Governador Celso Ramos,42,Santa Catarina,45,16414,12641,20.1417888,0.4475953066666667,0.271413,0.5487532042002867,814.9226547346182,627.600662757421,0.012677306213288634
4206108.0,Grão-Pará,42,Santa Catarina,9,3194,1317,2.2311577000000002,0.24790641111111114,0.2706137,0.13447347088903303,1431.5438124342352,590.2765187776731,0.002535461242657727
4206207.0,Gravatal,42,Santa Catarina,13,5545,2507,7.5512166,0.5808628153846154,0.5463094,0.46769668273344256,734.3187586487719,331.9994820437279,0.003662332906061161
4206306.0,Guabiruba,42,Santa Catarina,28,23012,8764,60.4413708,2.158620385714286,1.64325125,1.7500656840925832,380.73259582656584,145.00002041647937,0.007888101643824039
4206405.0,Guaraciaba,42,Santa Catarina,14,6203,2524,6.0566733,0.4326195214285714,0.4194441,0.24016107604369702,1024.1595827861477,416.7304186606862,0.0039440508219120195
4206504.0,Guaramirim,42,Santa Catarina,114,43891,16747,88.6045464,0.7772328631578947,0.4017345,0.9922916237539724,495.3583284751176,189.00835995928082,0.03211584240699787
4206603.0,Guarujá do Sul,42,Santa Catarina,10,3485,1541,3.9154244,0.39154244,0.37773429999999997,0.25549880760006255,890.0695413758979,393.57163938601394,0.0028171791585085855
4206652.0,Guatambú,42,Santa Catarina,11,4593,1750,8.0286676,0.7298788727272728,0.2585187,1.0167610697836942,572.0749978489581,217.96891927621962,0.0030988970743594437
4206702.0,Herval d'Oeste,42,Santa Catarina,38,19409,7935,11.5229855,0.3032364605263158,0.131442,0.519112315140963,1684.372509190435,688.6236210225205,0.010705280802332625
4206751.0,Ibiam,42,Santa Catarina,1,724,335,1.3307798,1.3307798,1.3307798,0.0,544.0419218867013,251.73210474039357,0.00028171791585085854
4206801.0,Ibicaré,42,Santa Catarina,4,1519,700,1.236538,0.3091345,0.30173015000000003,0.22254278085250637,1228.4296964589848,566.0966343128962,0.0011268716634034342
4206900.0,Ibirama,42,Santa Catarina,39,17710,7265,58.3785135,1.4968849615384614,1.070288,1.2561929708810955,303.36503857707856,124.4464712175311,0.010986998718183483
4207007.0,Içara,42,Santa Catarina,172,52560,21212,73.0533618,0.42472884767441865,0.23747775,0.4975412154736726,719.4740762772125,290.3630918187258,0.04845548152634767
4207106.0,Ilhota,42,Santa Catarina,22,11532,4464,12.043621400000001,0.5474373363636365,0.40032714999999996,0.5622093257115222,957.5193056135091,370.6526344310358,0.006197794148718887
4207205.0,Imaruí,42,Santa Catarina,7,3929,1889,3.6853873,0.5264839,0.2749145,0.5856886085351442,1066.102333396547,512.5648530888463,0.0019720254109560098
4207304.0,Imbituba,42,Santa Catarina,128,51388,30470,92.4152667,0.72199427109375,0.46636905,0.885977065988289,556.055312449799,329.70742917306325,0.036059893228909894
4207403.0,Imbuia,42,Santa Catarina,4,2574,1128,4.8782018,1.21955045,1.1218268,0.7145177106421251,527.6534480389885,231.23274645997628,0.0011268716634034342
4207502.0,Indaial,42,Santa Catarina,94,69190,28260,100.2304733,1.0662816308510639,0.45970964999999997,1.740327762879684,690.3090220167602,281.9501801155318,0.026481484089980703
4207577.0,Iomerê,42,Santa Catarina,1,1187,515,1.4619468,1.4619468,1.4619468,0.0,811.931049748185,352.27000052259086,0.00028171791585085854
4207601.0,Ipira,42,Santa Catarina,4,2785,1335,2.3353976,0.5838494,0.5615163,0.1547388478941213,1192.5164263250078,571.6371379331725,0.0011268716634034342
4207650.0,Iporã do Oeste,42,Santa Catarina,16,5346,2241,6.0959717,0.38099823125,0.303642,0.32109178884412415,876.9725751843632,367.61981687021284,0.004507486653613737
4207684.0,Ipuaçu,42,Santa Catarina,7,2137,880,2.9391458,0.4198779714285714,0.4979706,0.22211527317284083,727.0819977695561,299.4067187820352,0.0019720254109560098
4207700.0,Ipumirim,42,Santa Catarina,10,4186,1607,2.6874979,0.26874979,0.2544062,0.2212884725753666,1557.582612436646,597.9539556105328,0.0028171791585085855
4207759.0,Iraceminha,42,Santa Catarina,3,1585,686,2.3144578,0.7714859333333334,0.8070397,0.1563311350219249,684.8256209294462,296.39771353791804,0.0008451537475525756
4207809.0,Irani,42,Santa Catarina,15,7779,3111,6.1100026,0.4073335066666666,0.3233136,0.3675213729784111,1273.1582143680266,509.16508611633,0.004225768737762878
4207858.0,Irati,42,Santa Catarina,5,850,355,1.4079089999999999,0.2815818,0.2748789,0.1853559295873752,603.7322014419967,252.14697824930448,0.0014085895792542928
4207908.0,Irineópolis,42,Santa Catarina,14,4000,1639,3.1072957,0.22194969285714286,0.2159227,0.19278208759250773,1287.2929988607136,527.4683062831774,0.0039440508219120195
4208005.0,Itá,42,Santa Catarina,17,4860,2120,13.7111068,0.806535694117647,0.3098332,0.9162158829546829,354.45716169317564,154.61917341348402,0.004789204569464595
4208104.0,Itaiópolis,42,Santa Catarina,28,13057,5263,30.3036744,1.0822740857142856,0.5940643,1.0057971267897747,430.87184173282964,173.67530849658286,0.007888101643824039
4208203.0,Itajaí,42,Santa Catarina,375,255583,104055,112.6039547,0.30027721253333334,0.0783308,0.8612165017967782,2269.7515436373924,924.079445319872,0.10564421844407194
4208302.0,Itapema,42,Santa Catarina,155,74903,51301,23.6234879,0.15240959935483872,0.05271,0.2702480051616671,3170.700292737043,2171.6098916959677,0.04366627695688307
4208401.0,Itapiranga,42,Santa Catarina,20,9483,3814,5.5498628,0.27749313999999997,0.19474695,0.2029054238305838,1708.6908887189068,687.2241958846263,0.005634358317017171
4208450.0,Itapoá,42,Santa Catarina,78,29714,26252,30.308600000000002,0.3885717948717949,0.26778755,0.3462604753219865,980.3818058240895,866.1568003800901,0.021973997436366965
4208500.0,Ituporanga,42,Santa Catarina,50,18659,7413,26.6208476,0.532416952,0.27742880000000003,0.7515393042866081,700.9168258038485,278.4659643970164,0.014085895792542926
4208609.0,Jaborá,42,Santa Catarina,3,2228,927,2.9504572,0.9834857333333332,1.0780098,0.17009847110569024,755.1372038204792,314.1885942287182,0.0008451537475525756
4208708.0,Jacinto Machado,42,Santa Catarina,18,6263,2686,9.1858687,0.5103260388888889,0.470257,0.3101709242633091,681.8081342704147,292.40566001123005,0.005070922485315454
4208807.0,Jaguaruna,42,Santa Catarina,65,16869,22845,89.75608989999999,1.3808629215384614,0.80158,1.4829652126972706,187.9426790849988,254.5231195504652,0.018311664530305805
4208906.0,Jaraguá do Sul,42,Santa Catarina,322,171556,69837,127.2641354,0.39523023416149067,0.20051560000000002,0.5429412926963324,1348.0310022991757,548.7563309214922,0.09071316890397645
4208955.0,Jardinópolis,42,Santa Catarina,3,1068,447,0.9128201,0.30427336666666666,0.1878719,0.21147324843055998,1170.0005291294528,489.6912326974395,0.0008451537475525756
4209003.0,Joaçaba,42,Santa Catarina,68,28159,12491,43.9838397,0.6468211720588235,0.20660985,0.8366548706137842,640.2124096500834,283.990667599673,0.01915681827785838
4209102.0,Joinville,42,Santa Catarina,1008,597288,240640,216.5634211,0.21484466378968253,0.1079196,0.6033473492671162,2758.0280961861845,1111.175649044085,0.2839716591776654
4209151.0,José Boiteux,42,Santa Catarina,3,2317,892,7.366391,2.4554636666666667,3.2002942,1.7531790123035849,314.5366570957203,121.09050415597,0.0008451537475525756
4209177.0,Jupiá,42,Santa Catarina,3,1491,624,2.9254192999999997,0.9751397666666666,0.7022169,0.7756018459430866,509.67052825555646,213.30275629206386,0.0008451537475525756
4209201.0,Lacerdópolis,42,Santa Catarina,4,1236,533,1.4357588,0.3589397,0.34646615000000003,0.273750786774772,860.8688311713639,371.2322710471982,0.0011268716634034342
4209300.0,Lages,42,Santa Catarina,259,161249,68405,134.2838407,0.5184704274131274,0.1441122,2.3286520308827545,1200.8071794747227,509.4060435225546,0.07296494020537236
4209409.0,Laguna,42,Santa Catarina,121,40802,25941,55.3147677,0.45714684049586773,0.1106438,0.881356429025012,737.6330353819782,468.9706036675627,0.034087867817953886
4209458.0,Lajeado Grande,42,Santa Catarina,1,858,324,0.8573333,0.8573333,0.8573333,0.0,1000.7776438871557,377.9160333559889,0.00028171791585085854
4209508.0,Laurentino,42,Santa Catarina,26,6149,2470,8.4150594,0.3236561307692308,0.274213,0.28345914703804037,730.7137962686276,293.5213980783071,0.007324665812122322
4209607.0,Lauro Müller,42,Santa Catarina,34,11640,4905,14.3191887,0.4211526088235294,0.33945775,0.31390705967946547,812.895216612377,342.54733999000933,0.00957840913892919
4209706.0,Lebon Régis,42,Santa Catarina,9,7848,2913,5.7454741,0.6383860111111112,0.5290325,0.5327615630804236,1365.9447181216951,507.00776807957413,0.002535461242657727
4209805.0,Leoberto Leal,42,Santa Catarina,2,971,436,1.5856783,0.79283915,0.79283915,0.33301243357455146,612.3562389672609,274.9611948400883,0.0005634358317017171
4209854.0,Lindóia do Sul,42,Santa Catarina,6,2467,999,3.5834675,0.5972445833333333,0.5239688499999999,0.286649580293036,688.4393398293693,278.7802596228374,0.0016903074951051512
4209904.0,Lontras,42,Santa Catarina,29,9982,4048,30.8767828,1.064716648275862,0.8533248,1.0227903350144274,323.28497643867223,131.10174159724957,0.008169819559674897
4210001.0,Luiz Alves,42,Santa Catarina,10,5567,2165,17.663063,1.7663063,1.04118055,2.513410128547394,315.1774978099778,122.5721722217715,0.0028171791585085855
4210035.0,Luzerna,42,Santa Catarina,16,4165,1909,4.0898192,0.2556137,0.17367615,0.2028808494629627,1018.3824262940523,466.76879995086335,0.004507486653613737
4210050.0,Macieira,42,Santa Catarina,2,727,324,0.8177498999999999,0.40887494999999996,0.40887494999999996,0.04608603801722385,889.0248717853711,396.20915881493846,0.0005634358317017171
4210100.0,Mafra,42,Santa Catarina,80,44562,18663,48.6479148,0.608098935,0.33563635,0.8274538359216198,916.0104843794867,383.63412032616037,0.022537433268068684
4210209.0,Major Gercino,42,Santa Catarina,6,1103,556,3.3259625,0.5543270833333334,0.44361695,0.46365006288971605,331.6333241881109,167.16965389718013,0.0016903074951051512
4210308.0,Major Vieira,42,Santa Catarina,6,3135,1323,4.7971211,0.7995201833333333,0.7303845499999999,0.4057029300975649,653.5169604119437,275.7904110446576,0.0016903074951051512
4210407.0,Maracajá,42,Santa Catarina,15,6399,2472,11.2118894,0.7474592933333334,0.4750605,0.7192453633205436,570.7334216122396,220.48023413431102,0.004225768737762878
4210506.0,Maravilha,42,Santa Catarina,42,23682,9896,17.9897259,0.42832680714285715,0.2875373,0.43224053962144315,1316.4180561528178,550.091760986753,0.011832152465736058
4210555.0,Marema,42,Santa Catarina,4,881,352,1.1468205999999999,0.28670514999999996,0.1992154,0.24632009549523834,768.2108256513706,306.9355398743274,0.0011268716634034342
4210605.0,Massaranduba,42,Santa Catarina,27,9470,3782,24.8854524,0.9216834222222222,0.7564461,0.7256971986992351,380.54361430857494,151.97634100475506,0.00760638372797318
4210704.0,Matos Costa,42,Santa Catarina,2,1494,620,1.9075612,0.9537806,0.9537806,0.4776250334260339,783.198987272335,325.02233742225417,0.0005634358317017171
4210803.0,Meleiro,42,Santa Catarina,16,4323,1799,6.5301525,0.40813453125,0.44069804999999995,0.27940807834247433,662.0059791865505,275.4912691548934,0.004507486653613737
4210852.0,Mirim Doce,42,Santa Catarina,7,1164,491,1.7018252,0.24311788571428572,0.2543815,0.13589928484287458,683.9715383225022,288.5137674539077,0.0019720254109560098
4210902.0,Modelo,42,Santa Catarina,13,2771,1149,2.9695971,0.22843054615384617,0.2558459,0.1404776236844598,933.1232172876246,386.9211752665033,0.003662332906061161
4211009.0,Mondaí,42,Santa Catarina,19,6905,2914,11.3406017,0.5968737736842106,0.2439818,0.6792810180843025,608.8742187286235,256.95285639032716,0.0053526404011663125
4211058.0,Monte Carlo,42,Santa Catarina,17,8444,3143,4.3246517,0.25439127647058823,0.2152981,0.17282501929869531,1952.5271827093034,726.7637298976007,0.004789204569464595
4211108.0,Monte Castelo,42,Santa Catarina,7,4512,1774,7.9946506,1.142092942857143,0.7480449,0.9637326216114057,564.377385047947,221.89837789784085,0.0019720254109560098
4211207.0,Morro da Fumaça,42,Santa Catarina,59,16297,6315,23.952463899999998,0.40597396440677963,0.2441365,0.3710418273948378,680.3892938963996,263.64719831599456,0.016621357035200655
4211256.0,Morro Grande,42,Santa Catarina,9,1367,596,5.2239039,0.5804337666666667,0.5063218,0.266352379498424,261.68168981822197,114.09091962813481,0.002535461242657727
4211306.0,Navegantes,42,Santa Catarina,123,82872,39696,47.5682597,0.386733818699187,0.1401807,0.9238321572317232,1742.1701050795432,834.5060393285736,0.0346513036496556
4211405.0,Nova Erechim,42,Santa Catarina,12,3919,1487,8.4861162,0.70717635,0.4546437,0.5771828419546293,461.8131436852114,175.22739082927006,0.0033806149902103023
4211454.0,Nova Itaberaba,42,Santa Catarina,6,1912,788,3.8609015,0.6434835833333333,0.3312796,0.7857835534200202,495.2211290549629,204.09741092850982,0.0016903074951051512
4211504.0,Nova Trento,42,Santa Catarina,21,10453,4396,24.490302500000002,1.166204880952381,0.8236943,1.2466665175072498,426.82200434233096,179.49962030889571,0.005916076232868029
4211603.0,Nova Veneza,42,Santa Catarina,39,10906,4229,16.140242999999998,0.4138523846153846,0.3391801,0.27965589630335985,675.7023422757638,262.01588166919174,0.010986998718183483
4211652.0,Novo Horizonte,42,Santa Catarina,2,1306,503,4.6173374,2.3086687,2.3086687,0.19305019218022046,282.8469931610369,108.93724162327838,0.0005634358317017171
4211702.0,Orleans,42,Santa Catarina,58,18823,7822,35.5784557,0.61342165,0.31836264999999997,0.7776593004880512,529.0561276385023,219.852150581117,0.016339639119349793
4211751.0,Otacílio Costa,42,Santa Catarina,36,15983,6579,10.7004055,0.2972334861111111,0.1939209,0.32445568997302204,1493.6817114080395,614.8365125041289,0.010141844970630908
4211801.0,Ouro,42,Santa Catarina,10,4907,2187,8.535099200000001,0.8535099200000001,0.4594227,1.0744274511524317,574.920089973881,256.2360376549577,0.0028171791585085855
4211850.0,Ouro Verde,42,Santa Catarina,4,1058,456,3.9325216000000003,0.9831304000000001,1.02294415,0.6620137187609987,269.0385731129868,115.95613359123061,0.0011268716634034342
4211876.0,Paial,42,Santa Catarina,2,512,232,0.638699,0.3193495,0.3193495,0.15851410703757568,801.6295625952131,363.23839555095594,0.0005634358317017171
4211892.0,Painel,42,Santa Catarina,2,1041,558,2.9926333,1.49631665,1.49631665,1.1989724502109318,347.85417912712524,186.45785970502968,0.0005634358317017171
4211900.0,Palhoça,42,Santa Catarina,336,219912,104309,88.6982104,0.263982769047619,0.1530142,0.34503703373553185,2479.3284893603673,1175.9989241000517,0.09465721972588846
4212007.0,Palma Sola,42,Santa Catarina,16,5788,2310,3.2441655000000003,0.20276034375000002,0.18939195,0.15746097357013883,1784.1259948051354,712.0475203869839,0.004507486653613737
4212056.0,Palmeira,42,Santa Catarina,3,1201,549,3.3816151999999997,1.1272050666666666,1.5805284,0.8348756944695559,355.1557255834431,162.34845407602853,0.0008451537475525756
4212106.0,Palmitos,42,Santa Catarina,38,10693,4817,22.5809393,0.5942352447368421,0.22580435,0.6742714095265403,473.540974444761,213.32150695786157,0.010705280802332625
4212205.0,Papanduva,42,Santa Catarina,27,13016,5213,27.0240818,1.0008919185185186,0.4376577,1.2949008083754514,481.6444864372783,192.90202118911583,0.00760638372797318
4212239.0,Paraíso,42,Santa Catarina,5,1831,765,1.5850413,0.31700826000000004,0.2935204,0.20069938641681992,1155.1749471764551,482.63726629709896,0.0014085895792542928
4212254.0,Passo de Torres,42,Santa Catarina,31,12261,9335,27.735196600000002,0.8946837612903227,0.5441641,0.9506345344094659,442.07366462295056,336.5759448050929,0.008733255391376614
4212270.0,Passos Maia,42,Santa Catarina,3,1542,565,0.7202695,0.24008983333333334,0.0546943,0.34170093069689367,2140.8653288803703,784.4286062369711,0.0008451537475525756
4212304.0,Paulo Lopes,42,Santa Catarina,14,7380,3352,14.8175682,1.0583977285714286,0.9190735999999999,0.8833723842136386,498.05743428263753,226.21795660100284,0.0039440508219120195
4212403.0,Pedras Grandes,42,Santa Catarina,5,1262,603,4.9479465000000005,0.9895893000000001,0.9888913,0.505095656003202,255.0553042560181,121.86873887985651,0.0014085895792542928
4212502.0,Penha,42,Santa Catarina,78,33605,20703,54.145644,0.6941749230769231,0.22947535,1.0187107387047787,620.640877408347,382.35762788230943,0.021973997436366965
4212601.0,Peritiba,42,Santa Catarina,7,1716,777,1.186913,0.16955900000000002,0.1816482,0.08777635114818798,1445.767297181849,654.6393880596135,0.0019720254109560098
4212650.0,Pescaria Brava,42,Santa Catarina,18,8293,3475,14.6831849,0.8157324944444445,0.78829025,0.4378639729681051,564.7957208520884,236.66527552888064,0.005070922485315454
4212700.0,Petrolândia,42,Santa Catarina,6,2841,1154,4.8744426,0.8124071,0.42897235,0.7015251868824982,582.8358713260876,236.74501777905846,0.0016903074951051512
4212809.0,Balneário Piçarras,42,Santa Catarina,62,24888,18027,21.7054995,0.3500887016129032,0.17720965,0.6352991707671319,1146.6218503748325,830.5268441299866,0.017466510782753228
4212908.0,Pinhalzinho,42,Santa Catarina,55,19307,7402,17.6505905,0.3209198272727273,0.1942413,0.29116244341507325,1093.844424071818,419.3627403003883,0.01549448537179722
4213005.0,Pinheiro Preto,42,Santa Catarina,9,2213,829,2.2546186,0.2505131777777778,0.2585973,0.16565613382048958,981.5407359807996,367.68968374517976,0.002535461242657727
4213104.0,Piratuba,42,Santa Catarina,10,3792,2558,6.054582,0.6054582,0.42350185,0.785294228199963,626.3025259216904,422.48994232797577,0.0028171791585085855
4213153.0,Planalto Alegre,42,Santa Catarina,4,1711,693,2.7033072000000002,0.6758268000000001,0.5824602,0.24351398423857853,632.9284366941351,256.3526631379519,0.0011268716634034342
4213203.0,Pomerode,42,Santa Catarina,36,29923,11406,76.1626519,2.1156292194444446,1.46812385,1.950003327224955,392.8828533870943,149.75844085597024,0.010141844970630908
4213302.0,Ponte Alta,42,Santa Catarina,9,3396,1446,5.4417952,0.604643911111111,0.2944158,0.6878878774621366,624.0587664894115,265.72113555467877,0.002535461242657727
4213351.0,Ponte Alta do Norte,42,Santa Catarina,7,2849,1098,3.2471555,0.4638793571428571,0.3814349,0.32729473559768146,877.3832974737428,338.14210622189177,0.0019720254109560098
4213401.0,Ponte Serrada,42,Santa Catarina,17,9274,3662,7.5309636,0.4429978588235294,0.3752253,0.3144857409907881,1231.4493194469828,486.2591554684981,0.004789204569464595
4213500.0,Porto Belo,42,Santa Catarina,53,26010,14317,43.8575695,0.8275013113207547,0.1971409,1.1966627660406979,593.0561199931519,326.443078429141,0.014931049540095503
4213609.0,Porto União,42,Santa Catarina,56,28648,11417,20.6350877,0.3684837089285714,0.17405135,0.5035105247145439,1388.3149137282319,553.2809051254965,0.015776203287648078
4213708.0,Pouso Redondo,42,Santa Catarina,45,11135,4303,15.1323082,0.33627351555555557,0.1295596,0.5831459949448976,735.8427975977914,284.35846951623677,0.012677306213288634
4213807.0,Praia Grande,42,Santa Catarina,12,6028,2662,5.8917736,0.4909811333333333,0.4257955,0.29570469605116745,1023.1214587064243,451.8164105966326,0.0033806149902103023
4213906.0,Presidente Castello Branco,42,Santa Catarina,3,662,298,0.6569071,0.2189690333333333,0.1385648,0.14195221690288365,1007.7528466353918,453.64100951260843,0.0008451537475525756
4214003.0,Presidente Getúlio,42,Santa Catarina,33,15599,6011,11.1012623,0.3364018878787879,0.294293,0.26899318721885734,1405.1555200168543,541.4699551779801,0.009296691223078331
4214102.0,Presidente Nereu,42,Santa Catarina,7,1079,501,1.9421230999999999,0.27744615714285714,0.1308714,0.45967946174851326,555.5775532457237,257.96511045051676,0.0019720254109560098
4214151.0,Princesa,42,Santa Catarina,4,1247,512,0.9829501,0.245737525,0.2716791,0.1236939257102351,1268.630014890888,520.8809684235242,0.0011268716634034342
4214201.0,Quilombo,42,Santa Catarina,19,7466,2917,10.8595273,0.5715540684210526,0.3837387,0.5758607020950689,687.5069046513654,268.61206012162245,0.0053526404011663125
4214300.0,Rancho Queimado,42,Santa Catarina,6,1364,731,6.8345522,1.1390920333333334,1.0613857,0.9183603145928916,199.5741579089849,106.95653184125216,0.0016903074951051512
4214409.0,Rio das Antas,42,Santa Catarina,6,3133,1302,4.2443702,0.7073950333333333,0.7891250000000001,0.3896535773031048,738.1542731593017,306.7592925800865,0.0016903074951051512
4214508.0,Rio do Campo,42,Santa Catarina,12,3129,1278,3.7715237999999998,0.31429365,0.25535054999999995,0.2936187520821655,829.6381425459916,338.8550802728595,0.0033806149902103023
4214607.0,Rio do Oeste,42,Santa Catarina,13,4633,1809,8.5260708,0.6558516,0.4183816,0.8443031191633785,543.3921566778452,212.17276309739302,0.003662332906061161
4214706.0,Rio dos Cedros,42,Santa Catarina,16,6371,3271,38.7466387,2.42166491875,0.6740878,3.4358531532610472,164.42716616861014,84.42022610854242,0.004507486653613737
4214805.0,Rio do Sul,42,Santa Catarina,113,67639,27931,64.9826845,0.5750680044247788,0.2914937,0.6449009401174978,1040.8772817010968,429.82219363375174,0.03183412449114702
4214904.0,Rio Fortuna,42,Santa Catarina,6,2241,890,2.6316201,0.43860335,0.34259235,0.2757464383041112,851.5666832002081,338.1947113111045,0.0016903074951051512
4215000.0,Rio Negrinho,42,Santa Catarina,85,35092,13459,39.5921715,0.4657902529411765,0.2237712,0.6949813045609278,886.336835553463,339.9409400921594,0.023946022847322977
4215059.0,Rio Rufino,42,Santa Catarina,3,1033,444,3.1925108,1.0641702666666666,0.8833273,0.3140480425918992,323.5697746112558,139.0754887970935,0.0008451537475525756
4215075.0,Riqueza,42,Santa Catarina,6,2662,1156,3.3830519,0.5638419833333334,0.5307471500000001,0.3436129337724145,786.863482644177,341.7033005021295,0.0016903074951051512
4215109.0,Rodeio,42,Santa Catarina,18,10491,4232,37.623680300000004,2.0902044611111115,1.398803,2.02869245121464,278.84034513231813,112.48235064340581,0.005070922485315454
4215208.0,Romelândia,42,Santa Catarina,9,2082,958,1.9318685999999998,0.21465206666666664,0.2407871,0.10986667900854881,1077.713049427896,495.89294013060726,0.002535461242657727
4215307.0,Salete,42,Santa Catarina,26,5058,2104,5.3815961,0.2069844653846154,0.1475574,0.19648156138013548,939.8698650015745,390.96207907538803,0.007324665812122322
4215356.0,Saltinho,42,Santa Catarina,3,1702,740,1.3441458,0.44804859999999996,0.5152385,0.23653689088028107,1266.2316840926037,550.5355148228712,0.0008451537475525756
4215406.0,Salto Veloso,42,Santa Catarina,8,3621,1498,2.5955337,0.3244417125,0.28514315,0.17652341692744689,1395.0888019677805,577.1452707395015,0.0022537433268068684
4215455.0,Sangão,42,Santa Catarina,14,7298,2533,11.0046333,0.7860452357142858,0.67487685,0.6958607779473139,663.1752100272164,230.17577514372968,0.0039440508219120195
4215505.0,Santa Cecília,42,Santa Catarina,36,13736,5154,8.7789316,0.2438592111111111,0.1244458,0.2950572215157923,1564.6550885531447,587.0873854399322,0.010141844970630908
4215554.0,Santa Helena,42,Santa Catarina,4,1291,493,1.2624033,0.315600825,0.3147658,0.17017287316571886,1022.6525865387076,390.5249613970433,0.0011268716634034342
4215604.0,Santa Rosa de Lima,42,Santa Catarina,3,579,235,0.7566419,0.2522139666666667,0.3110021,0.16835991646429188,765.2232846211663,310.5828529982281,0.0008451537475525756
4215653.0,Santa Rosa do Sul,42,Santa Catarina,9,5258,2209,5.445092799999999,0.605010311111111,0.5103905,0.36585160160191127,965.6401080988005,405.68638242492403,0.002535461242657727
4215679.0,Santa Terezinha,42,Santa Catarina,6,1917,816,6.6042052,1.1007008666666667,1.10652395,0.31918205077963685,290.26959973926915,123.5576386996576,0.0016903074951051512
4215687.0,Santa Terezinha do Progresso,42,Santa Catarina,2,847,371,1.5020389,0.75101945,0.75101945,0.43600593036692165,563.9001759541646,246.9975977319895,0.0005634358317017171
4215695.0,Santiago do Sul,42,Santa Catarina,3,941,375,0.8722581,0.29075270000000003,0.3007919,0.24074054420626784,1078.809127711167,429.9186215639614,0.0008451537475525756
4215703.0,Santo Amaro da Imperatriz,42,Santa Catarina,46,24556,10588,40.011567,0.8698166739130435,0.48592825000000006,0.9344772055630851,613.722526788316,264.62347750589225,0.012959024129139492
4215752.0,São Bernardino,42,Santa Catarina,7,1185,493,1.1396213,0.16280304285714284,0.1860229,0.10945120775270681,1039.8191048201716,432.599846984257,0.0019720254109560098
4215802.0,São Bento do Sul,42,Santa Catarina,149,78582,31225,82.2162277,0.5517867630872484,0.3939804,0.5546268485979089,955.7967106778361,379.791202704378,0.04197596946177792
4215901.0,São Bonifácio,42,Santa Catarina,1,657,304,0.9843647,0.9843647,0.9843647,0.0,667.4355551352055,308.8286282512975,0.00028171791585085854
4216008.0,São Carlos,42,Santa Catarina,23,7336,3376,16.8358111,0.7319917869565218,0.337822,0.8575741847823266,435.73784217619306,200.52493936570718,0.006479512064569746
4216057.0,São Cristóvão do Sul,42,Santa Catarina,10,3758,1502,3.1726105000000002,0.31726105000000004,0.2590806,0.16544425370455182,1184.5135102465304,473.42716668182237,0.0028171791585085855
4216107.0,São Domingos,42,Santa Catarina,13,6649,2755,4.5295187,0.3484245153846154,0.3182765,0.17883352691609983,1467.9263825536254,608.2323934328829,0.003662332906061161
4216206.0,São Francisco do Sul,42,Santa Catarina,126,49089,37091,76.8096812,0.6096006444444444,0.40446925,0.6677052282086563,639.0991243952722,482.89485674886515,0.03549645739720818
4216255.0,São João do Oeste,42,Santa Catarina,7,2775,1158,2.8040802,0.40058288571428574,0.4592391,0.3018500831139824,989.6293265791755,412.9696433076343,0.0019720254109560098
4216305.0,São João Batista,42,Santa Catarina,47,30184,12070,28.2904075,0.6019235638297873,0.4756835,0.49354987814260803,1066.934083575855,426.64638181687553,0.013240742044990352
4216354.0,São João do Itaperiú,42,Santa Catarina,6,2465,949,9.6585332,1.6097555333333335,1.8068784,0.8817937019233142,255.21473591870034,98.255084943954,0.0016903074951051512
4216404.0,São João do Sul,42,Santa Catarina,21,3351,1586,8.6681261,0.41276790952380954,0.2724009,0.5899545174387132,386.5887460958834,182.96918869235185,0.005916076232868029
4216503.0,São Joaquim,42,Santa Catarina,32,18521,8112,15.0021487,0.468817146875,0.2887113,0.572121867841423,1234.5564872317257,540.7225432980811,0.009014973307227473
4216602.0,São José,42,Santa Catarina,414,269449,119863,70.0063972,0.16909757777777776,0.08767185,0.2717508113661014,3848.9196813002113,1712.1720984664528,0.11663121716225544
4216701.0,São José do Cedro,42,Santa Catarina,20,9739,4069,7.5322916,0.37661458,0.26904735,0.27427853163498367,1292.9664061332942,540.2074449693371,0.005634358317017171
4216800.0,São José do Cerrito,42,Santa Catarina,6,2940,1259,5.2063458,0.8677243,0.7273864999999999,0.740257557219021,564.6954914135746,241.82028016656133,0.0016903074951051512
4216909.0,São Lourenço do Oeste,42,Santa Catarina,30,20356,8014,17.6299934,0.5876664466666667,0.23604945,0.8817100346335603,1154.6232342889023,454.566250716804,0.008451537475525756
4217006.0,São Ludgero,42,Santa Catarina,26,11057,4240,8.0029995,0.3078076730769231,0.2470007,0.3091865051088453,1381.6069837315372,529.8013576034836,0.007324665812122322
4217105.0,São Martinho,42,Santa Catarina,6,1290,516,2.7444885,0.45741475000000004,0.3223887,0.36882852601037114,470.03294056433464,188.01317622573387,0.0016903074951051512
4217154.0,São Miguel da Boa Vista,42,Santa Catarina,1,559,231,1.0868718,1.0868718,1.0868718,0.0,514.3200881649519,212.53656595009642,0.00028171791585085854
4217204.0,São Miguel do Oeste,42,Santa Catarina,84,39628,16743,25.6428159,0.30527161785714285,0.21229769999999998,0.28487448084803746,1545.384101127521,652.9314122635027,0.023664304931472115
4217253.0,São Pedro de Alcântara,42,Santa Catarina,9,4225,1316,15.7615175,1.7512797222222223,1.408274,1.9189582717143725,268.0579455626655,83.49449854685629,0.002535461242657727
4217303.0,Saudades,42,Santa Catarina,25,6523,2405,15.4773794,0.619095176,0.2560694,0.7544992049590518,421.45377659993267,155.38806265872114,0.007042947896271463
4217402.0,Schroeder,42,Santa Catarina,39,18235,6598,43.9278193,1.1263543410256411,0.6806546,1.428633338550105,415.1127984630004,150.20094566815885,0.010986998718183483
4217501.0,Seara,42,Santa Catarina,22,14005,5591,8.7145477,0.3961158045454546,0.3474709,0.28655648941813744,1607.0828323080955,641.5708757896866,0.006197794148718887
4217550.0,Serra Alta,42,Santa Catarina,6,2139,886,3.7374909,0.62291515,0.51175795,0.3854663155510051,572.3090857559012,237.057433370607,0.0016903074951051512
4217600.0,Siderópolis,42,Santa Catarina,34,10884,4482,15.230808600000001,0.44796495882352944,0.14114695,0.8039153171307162,714.6042134624421,294.2719666242802,0.00957840913892919
4217709.0,Sombrio,42,Santa Catarina,54,25894,10618,21.2481783,0.3934847833333333,0.2499154,0.3895248131355408,1218.6456473776861,499.71342719766244,0.01521276745594636
4217758.0,Sul Brasil,42,Santa Catarina,2,1206,449,1.0567945,0.52839725,0.52839725,0.6571880829939364,1141.1868627249669,424.8697357906386,0.0005634358317017171
4217808.0,Taió,42,Santa Catarina,55,12079,5136,15.327050700000001,0.2786736490909091,0.2032354,0.30075772863058103,788.083776613331,335.0938220619313,0.01549448537179722
4217907.0,Tangará,42,Santa Catarina,15,5080,2157,5.5984585000000004,0.3732305666666667,0.2234863,0.3280855436862807,907.3926331685766,385.2846279024842,0.004225768737762878
4217956.0,Tigrinhos,42,Santa Catarina,2,976,409,4.2575284,2.1287642,2.1287642,0.4502591524659771,229.2409840413513,96.0651254845417,0.0005634358317017171
4218004.0,Tijucas,42,Santa Catarina,58,47463,18908,38.3484357,0.661179925862069,0.27902574999999996,1.3294981568861282,1237.677603626476,493.0579215255969,0.016339639119349793
4218103.0,Timbé do Sul,42,Santa Catarina,15,2678,1103,2.3352008,0.15568005333333332,0.1203928,0.1311690686760731,1146.7964553626396,472.33625476661365,0.004225768737762878
4218202.0,Timbó,42,Santa Catarina,56,42977,17084,40.7997297,0.7285666017857143,0.56113395,0.6043880863470585,1053.3648216791985,418.72826427082924,0.015776203287648078
4218251.0,Timbó Grande,42,Santa Catarina,9,4432,1720,5.3002617,0.5889179666666666,0.2801401,0.5128093023956664,836.1851264815848,324.51227832769086,0.002535461242657727
4218301.0,Três Barras,42,Santa Catarina,29,16961,6219,16.6810146,0.5752074,0.3666762,0.5800818064396016,1016.7846744765752,372.8190490283487,0.008169819559674897
4218350.0,Treviso,42,Santa Catarina,13,2047,850,4.0885906,0.3145069692307692,0.2422469,0.2947557678779879,500.6615238023587,207.8956009926746,0.003662332906061161
4218400.0,Treze de Maio,42,Santa Catarina,26,3981,1562,6.7424542,0.2593251615384615,0.18195139999999999,0.2582129279621515,590.4378260366974,231.66638640274337,0.007324665812122322
4218509.0,Treze Tílias,42,Santa Catarina,29,6976,2925,15.2366578,0.5254019931034483,0.3758494,0.5097653288455616,457.84318920649383,191.9712340064499,0.008169819559674897
4218608.0,Trombudo Central,42,Santa Catarina,16,5049,2113,6.6037699,0.41273561875,0.3727022,0.21655393376421872,764.5632837691695,319.96874997113395,0.004507486653613737
4218707.0,Tubarão,42,Santa Catarina,212,103793,45841,62.1866047,0.29333304103773583,0.18513800000000002,0.3023260345726564,1669.0571948849301,737.1523211653972,0.05972419816038201
4218756.0,Tunápolis,42,Santa Catarina,2,1726,745,1.300972,0.650486,0.650486,0.1973573210057838,1326.7003440504484,572.6487580055527,0.0005634358317017171
4218806.0,Turvo,42,Santa Catarina,33,9333,3863,10.4432679,0.31646266363636366,0.2876925,0.24044054177774754,893.685778184432,369.9033709553692,0.009296691223078331
4218855.0,União do Oeste,42,Santa Catarina,4,1469,611,2.9446158000000002,0.7361539500000001,0.72345975,0.2693196645072481,498.87662764018313,207.49735839901422,0.0011268716634034342
4218905.0,Urubici,42,Santa Catarina,16,7914,3579,17.997923800000002,1.1248702375000001,0.4912406,1.8467959041107536,439.717385624224,198.8562702993553,0.004507486653613737
4218954.0,Urupema,42,Santa Catarina,3,1291,583,1.8867379,0.6289126333333334,0.4285946,0.37298682544953693,684.2497837139965,308.99893408618124,0.0008451537475525756
4219002.0,Urussanga,42,Santa Catarina,58,15060,6478,23.6115067,0.4070949431034483,0.1845117,0.9291383863096413,637.8246077790537,274.35775625449605,0.016339639119349793
4219101.0,Vargeão,42,Santa Catarina,10,2247,855,2.6915,0.26915,0.222879,0.2528138280800892,834.850455136541,317.66672859000556,0.0028171791585085855
4219150.0,Vargem,42,Santa Catarina,3,1042,432,1.3064749,0.43549163333333335,0.4158231,0.1886060400111919,797.5660305452482,330.66077274044835,0.0008451537475525756
4219176.0,Vargem Bonita,42,Santa Catarina,3,2656,1125,3.2242101,1.0747367,0.6089324,0.8530790181440931,823.7676570766898,348.9226710132817,0.0008451537475525756
4219200.0,Vidal Ramos,42,Santa Catarina,7,2628,1218,9.0124212,1.2874887428571429,1.2147737,0.8249463910998397,291.5975564923663,135.14681271221545,0.0019720254109560098
4219309.0,Videira,42,Santa Catarina,94,51209,21322,55.2682354,0.5879599510638298,0.2859435,0.8576642733471119,926.5539170805514,385.79122068369855,0.026481484089980703
4219358.0,Vitor Meireles,42,Santa Catarina,7,1714,727,7.0793438,1.0113348285714285,0.6485411,1.0251789762842871,242.11283537324462,102.69313379016852,0.0019720254109560098
4219408.0,Witmarsum,42,Santa Catarina,8,1713,681,3.7791723,0.4723965375,0.33109710000000003,0.4420489863599571,453.27385575936825,180.19818784129,0.0022537433268068684
4219507.0,Xanxerê,42,Santa Catarina,117,48543,19253,63.5996588,0.5435868273504274,0.1534041,1.4196364859782118,763.2588116966439,302.72174982171447,0.03296099615455045
4219606.0,Xavantina,42,Santa Catarina,3,1212,514,1.6706534,0.5568844666666667,0.3916285,0.583058692096519,725.4646595158517,307.6640552732242,0.0008451537475525756
4219705.0,Xaxim,42,Santa Catarina,59,27883,10530,30.4592168,0.5162579118644067,0.2546171,0.7491713419249393,915.4207799591222,345.7081667313258,0.016621357035200655
4219853.0,Zortéa,42,Santa Catarina,13,3500,1475,5.4090389,0.41607991538461536,0.2057676,0.542216090183789,647.0650451413836,272.6916975952974,0.003662332906061161
4220000.0,Balneário Rincão,42,Santa Catarina,81,15748,15589,25.9374898,0.3202159234567901,0.1548063,0.41722699362141596,607.1520459932865,601.0219231006695,0.022819151183919542
4300034.0,Aceguá,43,Rio Grande do Sul,10,1531,699,1.8976643,0.18976642999999999,0.0893077,0.25952651551549305,806.7812626290118,368.34755230416675,0.0028171791585085855
4300059.0,Água Santa,43,Rio Grande do Sul,2,1703,710,4.0057502,2.0028751,2.0028751,0.8784219251266555,425.13884165817433,177.24520116107092,0.0005634358317017171
4300109.0,Agudo,43,Rio Grande do Sul,14,8192,3585,6.7686224,0.48347302857142854,0.525548,0.3307420582956928,1210.2905902979608,529.6498738059313,0.0039440508219120195
4300208.0,Ajuricaba,43,Rio Grande do Sul,9,4312,1846,3.4648006000000002,0.3849778444444445,0.3971692,0.21079225481457514,1244.5160624827874,532.7867929831228,0.002535461242657727
4300307.0,Alecrim,43,Rio Grande do Sul,5,2522,1215,3.2516394,0.6503278800000001,0.5075273,0.215427854769786,775.6087590770366,373.65766942053904,0.0014085895792542928
4300406.0,Alegrete,43,Rio Grande do Sul,131,65603,29443,36.2324311,0.27658344351145037,0.1124744,0.4955863966856037,1810.615462675923,812.614530853272,0.03690504697646247
4300455.0,Alegria,43,Rio Grande do Sul,4,1701,814,4.1255728000000005,1.0313932000000001,1.0029324,0.34503756057481627,412.30638324937564,197.30593531157658,0.0011268716634034342
4300471.0,Almirante Tamandaré do Sul,43,Rio Grande do Sul,6,1017,498,3.6813734,0.6135622333333334,0.4930213,0.5413926952250193,276.2555952623551,135.27560121991428,0.0016903074951051512
4300505.0,Alpestre,43,Rio Grande do Sul,11,2575,1201,2.7041074,0.24582794545454545,0.1783046,0.1838200912139876,952.2550768508678,444.13916399918145,0.0030988970743594437
4300554.0,Alto Alegre,43,Rio Grande do Sul,5,877,380,3.1815141999999996,0.6363028399999999,0.3972808,0.5797923155927888,275.65490671077316,119.43998238323124,0.0014085895792542928
4300570.0,Alto Feliz,43,Rio Grande do Sul,3,1110,553,3.0243823,1.0081274333333334,1.3078018,0.7918336292792845,367.01709304409036,182.84725446250627,0.0008451537475525756
4300604.0,Alvorada,43,Rio Grande do Sul,336,187315,79779,71.700508,0.21339436904761905,0.07891795,1.0810656731912454,2612.4640567400165,1112.6699409158998,0.09465721972588846
4300638.0,Amaral Ferrador,43,Rio Grande do Sul,5,1713,893,3.5601601,0.71203202,0.4065741,0.6298634668621582,481.15813668042625,250.83141626130802,0.0014085895792542928
4300646.0,Ametista do Sul,43,Rio Grande do Sul,13,4813,2051,5.954678299999999,0.45805217692307687,0.407402,0.37940139739338985,808.2720438482798,344.4350637716231,0.003662332906061161
4300661.0,André da Rocha,43,Rio Grande do Sul,1,571,251,0.8121644,0.8121644,0.8121644,0.0,703.0596268440232,309.05072913809073,0.00028171791585085854
4300703.0,Anta Gorda,43,Rio Grande do Sul,6,2916,1328,2.8075089,0.46791815000000003,0.51669915,0.1829800205951978,1038.643190053645,473.0172004085187,0.0016903074951051512
4300802.0,Antônio Prado,43,Rio Grande do Sul,39,9580,4369,10.2535233,0.2629108538461538,0.1627816,0.30567020788474475,934.3129887850355,426.0974371609416,0.010986998718183483
4300851.0,Arambaré,43,Rio Grande do Sul,11,3271,4236,4.6913594,0.4264872181818182,0.4100604,0.27301377595764215,697.2392692830143,902.9365774022771,0.0030988970743594437
4300877.0,Araricá,43,Rio Grande do Sul,19,6852,2760,10.1154747,0.5323934052631579,0.3940626,0.5866360915000121,677.3779978906971,272.84928111183945,0.0053526404011663125
4300901.0,Aratiba,43,Rio Grande do Sul,12,3865,1787,4.3380771,0.36150642499999996,0.24413505000000002,0.2147894131717353,890.9477427222306,411.93366526381016,0.0033806149902103023
4301008.0,Arroio do Meio,43,Rio Grande do Sul,37,18105,7914,32.8176337,0.886963072972973,0.6959621,0.780456090197418,551.6851143353458,241.15084202429864,0.010423562886481766
4301057.0,Arroio do Sal,43,Rio Grande do Sul,37,10629,18554,32.8913032,0.8889541405405407,0.61461,0.7274932294151951,323.15533183251915,564.1004823427002,0.010423562886481766
4301073.0,Arroio do Padre,43,Rio Grande do Sul,6,691,258,6.0567392,1.0094565333333334,0.45398879999999997,1.2177633975888762,114.08779166188963,42.59717836290524,0.0016903074951051512
4301107.0,Arroio dos Ratos,43,Rio Grande do Sul,30,13378,6463,15.205169,0.5068389666666666,0.31127505,0.7355660611182732,879.8323780551206,425.052822497402,0.008451537475525756
4301206.0,Arroio do Tigre,43,Rio Grande do Sul,28,6203,2663,6.9370244,0.24775087142857144,0.13709749999999998,0.2461578590166223,894.1874271049126,383.8821728809257,0.007888101643824039
4301305.0,Arroio Grande,43,Rio Grande do Sul,27,15446,7643,10.118671800000001,0.37476562222222226,0.1747264,0.5577213417580251,1526.4849285851922,755.3362883061391,0.00760638372797318
4301404.0,Arvorezinha,43,Rio Grande do Sul,15,6897,2978,6.966706800000001,0.46444712000000005,0.218248,0.5577683165963588,989.9942968749596,427.46165232617506,0.004225768737762878
4301503.0,Augusto Pestana,43,Rio Grande do Sul,10,4084,1852,2.0064332,0.20064332000000001,0.19073764999999998,0.09679640776721693,2035.4527626436802,923.0309785543819,0.0028171791585085855
4301552.0,Áurea,43,Rio Grande do Sul,2,1771,848,1.8992612,0.9496306,0.9496306,0.4154020408446738,932.4678459181918,446.48940335326176,0.0005634358317017171
4301602.0,Bagé,43,Rio Grande do Sul,173,114883,51373,52.4792819,0.3033484502890173,0.1647758,0.44640453717033035,2189.111509164915,978.9196448589363,0.04873719944219853
4301636.0,Balneário Pinhal,43,Rio Grande do Sul,51,14825,19209,36.0609342,0.7070771411764706,0.2100455,2.0433398780840144,411.1097044180292,532.6817073973641,0.014367613708393786
4301651.0,Barão,43,Rio Grande do Sul,18,4168,1779,9.887364,0.549298,0.2626136,0.6798446832680067,421.5481497394048,179.92662149385822,0.005070922485315454
4301701.0,Barão de Cotegipe,43,Rio Grande do Sul,9,5263,2341,6.7077501,0.7453055666666667,0.5720909,0.5906892173446012,784.6147995286825,348.9992866609625,0.002535461242657727
4301750.0,Barão do Triunfo,43,Rio Grande do Sul,3,831,481,1.3414259,0.44714196666666667,0.429066,0.33488912554680444,619.4900515936065,358.57366403913926,0.0008451537475525756
4301800.0,Barracão,43,Rio Grande do Sul,9,3094,1520,3.4338835999999997,0.3815426222222222,0.3111476,0.28586560654177945,901.020640303591,442.6475026701546,0.002535461242657727
4301859.0,Barra do Guarita,43,Rio Grande do Sul,7,2010,816,1.8018099,0.2574014142857143,0.2661963,0.24369165072945104,1115.5449861830596,452.87796453998834,0.0019720254109560098
4301875.0,Barra do Quaraí,43,Rio Grande do Sul,4,3187,1130,3.7807059,0.945176475,0.7498105,0.706139890793632,842.9642728888274,298.88598317049735,0.0011268716634034342
4301909.0,Barra do Ribeiro,43,Rio Grande do Sul,19,9378,4627,8.1408788,0.42846730526315785,0.3389013,0.34419917544225026,1151.9640852533023,568.3661572261708,0.0053526404011663125
4301925.0,Barra do Rio Azul,43,Rio Grande do Sul,1,464,215,0.5646866,0.5646866,0.5646866,0.0,821.6947241177672,380.7421674252585,0.00028171791585085854
4301958.0,Barra Funda,43,Rio Grande do Sul,5,1801,727,2.5510744,0.51021488,0.3745261,0.4662612949326397,705.97705813676,284.97796849829234,0.0014085895792542928
4302006.0,Barros Cassal,43,Rio Grande do Sul,6,4117,1893,7.3287517,1.2214586166666666,1.1866392000000001,0.7233812132423882,561.7600607208456,258.29773984565475,0.0016903074951051512
4302055.0,Benjamin Constant do Sul,43,Rio Grande do Sul,2,471,224,0.8138699,0.40693495,0.40693495,0.2050601887266395,578.7165737423143,275.2282643700178,0.0005634358317017171
4302105.0,Bento Gonçalves,43,Rio Grande do Sul,261,117146,52302,69.3685009,0.2657796969348659,0.0969496,0.5081233761962808,1688.7491942326233,753.9733354681736,0.07352837603707407
4302154.0,Boa Vista das Missões,43,Rio Grande do Sul,3,1209,556,2.0191965,0.6730655,0.3969808,0.49889173250825675,598.7530188369483,275.35705415495715,0.0008451537475525756
4302204.0,Boa Vista do Buricá,43,Rio Grande do Sul,7,4929,2098,4.8503153,0.6929021857142857,0.3559858,0.6994042181173473,1016.2225948486276,432.5491994303958,0.0019720254109560098
4302220.0,Boa Vista do Cadeado,43,Rio Grande do Sul,5,633,267,1.1227536,0.22455072,0.0508568,0.41126862007311227,563.7924474256863,237.80818872457857,0.0014085895792542928
4302238.0,Boa Vista do Incra,43,Rio Grande do Sul,1,941,406,0.8698158,0.8698158,0.8698158,0.0,1081.8382466724563,466.7654921881161,0.00028171791585085854
4302253.0,Boa Vista do Sul,43,Rio Grande do Sul,1,463,209,1.2724467,1.2724467,1.2724467,0.0,363.8659285296587,164.25049473585025,0.00028171791585085854
4302303.0,Bom Jesus,43,Rio Grande do Sul,40,8833,4191,10.3005107,0.2575127675,0.1339014,0.4522186825355425,857.5302970172148,406.8730300916051,0.011268716634034342
4302352.0,Bom Princípio,43,Rio Grande do Sul,21,11014,4783,25.8161713,1.2293414904761906,0.9779065,0.7733540941988235,426.6318143000546,185.27146974733623,0.005916076232868029
4302378.0,Bom Progresso,43,Rio Grande do Sul,5,1254,562,1.1552822,0.23105644,0.1490753,0.1873315482025465,1085.4490790215584,486.4612299921179,0.0014085895792542928
4302402.0,Bom Retiro do Sul,43,Rio Grande do Sul,21,9879,4464,9.9412641,0.4733935285714286,0.3224134,0.42814939741539654,993.7368025460665,449.0374619461121,0.005916076232868029
4302451.0,Boqueirão do Leão,43,Rio Grande do Sul,2,1671,838,1.9273495,0.96367475,0.96367475,0.47695363553729725,866.9937652719447,434.7940007767143,0.0005634358317017171
4302501.0,Bossoroca,43,Rio Grande do Sul,14,3432,1667,3.231396,0.23081400000000002,0.19624165,0.19939539678292476,1062.0796708295734,515.8761105107513,0.0039440508219120195
4302584.0,Bozano,43,Rio Grande do Sul,6,797,335,1.3793612,0.22989353333333332,0.1863844,0.14779478088032294,577.8036963777146,242.86604552890137,0.0016903074951051512
4302600.0,Braga,43,Rio Grande do Sul,8,2301,993,1.8450723,0.2306340375,0.16470849999999998,0.17352940303573866,1247.1056012276592,538.1902920552219,0.0022537433268068684
4302659.0,Brochier,43,Rio Grande do Sul,12,2467,1186,3.683922,0.3069935,0.22930585,0.2616009684239685,669.6667301859269,321.9394981761286,0.0033806149902103023
4302709.0,Butiá,43,Rio Grande do Sul,38,18398,8315,12.8536357,0.3382535710526316,0.2333326,0.2860678986955766,1431.3459965261036,646.8986825260654,0.010705280802332625
4302808.0,Caçapava do Sul,43,Rio Grande do Sul,44,25209,12638,30.2170469,0.6867510659090909,0.1975538,1.0722678538686081,834.2641848300536,418.2407381444015,0.012395588297437775
4302907.0,Cacequi,43,Rio Grande do Sul,14,8962,3979,8.5275209,0.6091086357142858,0.32583305,0.6681227749787144,1050.9502239976919,466.60688923084314,0.0039440508219120195
4303004.0,Cachoeira do Sul,43,Rio Grande do Sul,123,69191,32487,67.7553627,0.5508566073170732,0.1790388,1.4755219353194604,1021.188541287227,479.4749626511851,0.0346513036496556
4303103.0,Cachoeirinha,43,Rio Grande do Sul,232,136258,60602,43.7775321,0.18869625905172416,0.07456415,0.5772137026090864,3112.509852970903,1384.3174133609966,0.06535855647739917
4303202.0,Cacique Doble,43,Rio Grande do Sul,4,1712,770,1.8493598,0.46233995,0.48068365,0.18667036687588273,925.725756556404,416.3602993857658,0.0011268716634034342
4303301.0,Caibaté,43,Rio Grande do Sul,8,3098,1417,3.2589987000000002,0.40737483750000003,0.30180105,0.3254691400473386,950.5987222394411,434.7961231159742,0.0022537433268068684
4303400.0,Caiçara,43,Rio Grande do Sul,8,2127,977,6.5738853,0.8217356625,0.57350235,1.0329071743709803,323.55295277208444,148.61835207255595,0.0022537433268068684
4303509.0,Camaquã,43,Rio Grande do Sul,128,50570,22270,41.9162556,0.327470746875,0.1141971,0.6711009711928247,1206.453183284816,531.2974568272267,0.036059893228909894
4303558.0,Camargo,43,Rio Grande do Sul,3,1838,778,3.0573447,1.0191149,0.3309352,1.4160952520775676,601.1752616576077,254.46918039696342,0.0008451537475525756
4303608.0,Cambará do Sul,43,Rio Grande do Sul,10,4637,2260,3.2083764,0.32083764000000004,0.27282685,0.15949538397911361,1445.279300770321,704.4061289068203,0.0028171791585085855
4303673.0,Campestre da Serra,43,Rio Grande do Sul,6,1359,691,3.9547077,0.6591179500000001,0.4966134,0.42396566616095105,343.6410736500197,174.72846349680913,0.0016903074951051512
4303707.0,Campina das Missões,43,Rio Grande do Sul,5,2650,1238,3.5476448,0.70952896,0.6149792,0.23787383980457583,746.9744434392079,348.9639098029205,0.0014085895792542928
4303806.0,Campinas do Sul,43,Rio Grande do Sul,10,4313,1982,6.1012607,0.61012607,0.40405325000000003,0.5356388826874772,706.9030831611572,324.8508951600773,0.0028171791585085855
4303905.0,Campo Bom,43,Rio Grande do Sul,98,60504,26192,29.7229734,0.30329564693877553,0.1525902,0.5094220962252419,2035.5971519323164,881.2038973193711,0.027608355753384137
4304002.0,Campo Novo,43,Rio Grande do Sul,9,4004,1762,3.3871489,0.3763498777777778,0.3769158,0.2030468269758529,1182.1151411442231,520.2015181558744,0.002535461242657727
4304101.0,Campos Borges,43,Rio Grande do Sul,11,2212,1017,3.8644532000000003,0.3513139272727273,0.2861769,0.26341911826678444,572.3966329829017,263.1678913849959,0.0030988970743594437
4304200.0,Candelária,43,Rio Grande do Sul,54,16341,7488,16.8404758,0.31186066296296294,0.16765354999999998,0.3448085329372237,970.3407548615698,444.64301893418,0.01521276745594636
4304309.0,Cândido Godói,43,Rio Grande do Sul,5,2244,1018,2.1254408,0.42508815999999994,0.2185206,0.31474563272675127,1055.780993759036,478.9594704307926,0.0014085895792542928
4304358.0,Candiota,43,Rio Grande do Sul,24,8346,3713,7.4474442,0.31031017499999997,0.1351255,0.38215538324310966,1120.6529080137318,498.56029804157515,0.006761229980420605
4304408.0,Canela,43,Rio Grande do Sul,100,47451,23595,47.1597181,0.471597181,0.1835036,0.8738909284928531,1006.1764979040449,500.321056838548,0.028171791585085853
4304507.0,Canguçu,43,Rio Grande do Sul,43,20832,10242,18.0734725,0.4203133139534884,0.1552253,0.6884840943353424,1152.6285278050468,566.6868942866403,0.012113870381586917
4304606.0,Canoas,43,Rio Grande do Sul,659,347657,155478,130.788562,0.19846519271623675,0.0732992,0.8522563799408353,2658.160581351143,1188.7736788481548,0.18565210654571576
4304614.0,Canudos do Vale,43,Rio Grande do Sul,1,434,206,1.7380606,1.7380606,1.7380606,0.0,249.70360642200853,118.52290996067686,0.00028171791585085854
4304622.0,Capão Bonito do Sul,43,Rio Grande do Sul,1,411,215,1.0417166,1.0417166,1.0417166,0.0,394.5410872784402,206.3901064838556,0.00028171791585085854
4304630.0,Capão da Canoa,43,Rio Grande do Sul,115,62865,58888,50.5764225,0.43979497826086955,0.1697188,1.0329071294507333,1242.9704770043788,1164.3369991224665,0.03239756032284873
4304655.0,Capão do Cipó,43,Rio Grande do Sul,4,978,430,2.3045464,0.5761366,0.5890154000000001,0.2603655218766238,424.3785241208422,186.58769465435802,0.0011268716634034342
4304663.0,Capão do Leão,43,Rio Grande do Sul,41,24929,11117,29.257914200000002,0.7136076634146342,0.1863253,1.0467815881911329,852.0429662070716,379.9655684272941,0.0115504345498852
4304671.0,Capivari do Sul,43,Rio Grande do Sul,9,3483,1625,4.7922105,0.5324678333333334,0.4764393,0.3465733152087917,726.8044673747115,339.0919493206736,0.002535461242657727
4304689.0,Capela de Santana,43,Rio Grande do Sul,23,7780,3425,8.4449768,0.36717290434782607,0.3639513,0.27704138687856317,921.2577114480647,405.56653749480995,0.006479512064569746
4304697.0,Capitão,43,Rio Grande do Sul,2,1312,499,1.4699849999999999,0.7349924999999999,0.7349924999999999,0.17054892303201452,892.5261142120498,339.4592461827842,0.0005634358317017171
4304705.0,Carazinho,43,Rio Grande do Sul,98,60407,26295,54.5154392,0.5562799918367347,0.19929360000000002,1.6288284912206468,1108.0714176838183,482.340422931051,0.027608355753384137
4304713.0,Caraá,43,Rio Grande do Sul,4,2057,1187,6.3707863,1.592696575,1.4512394,1.1515859821460355,322.88008153718795,186.3192303279738,0.0011268716634034342
4304804.0,Carlos Barbosa,43,Rio Grande do Sul,70,24456,10572,17.4313611,0.2490194442857143,0.1373838,0.27125836472397136,1402.9885480371352,606.4930867618823,0.019720254109560097
4304853.0,Carlos Gomes,43,Rio Grande do Sul,1,432,204,0.3327077,0.3327077,0.3327077,0.0,1298.4370364737576,613.1508227792744,0.00028171791585085854
4304903.0,Casca,43,Rio Grande do Sul,12,6526,2962,11.6501823,0.9708485250000001,0.74368715,0.8334210079522388,560.1629083520864,254.24494859621208,0.0033806149902103023
4304952.0,Caseiros,43,Rio Grande do Sul,5,1584,672,1.4565036,0.29130072,0.2574904,0.24243682947008485,1087.535931940024,461.3788802169799,0.0014085895792542928
4305009.0,Catuípe,43,Rio Grande do Sul,15,6113,2671,5.0623673,0.33749115333333335,0.2230242,0.22272248440367243,1207.5378252384019,527.6187683971489,0.004225768737762878
4305108.0,Caxias do Sul,43,Rio Grande do Sul,874,447132,210355,261.3470722,0.29902411006864993,0.09052835000000001,0.8562581435525323,1710.8743412967149,804.8875322353812,0.24622145845365037
4305116.0,Centenário,43,Rio Grande do Sul,3,1190,550,1.4006975000000002,0.4668991666666667,0.4133196,0.2479922417952694,849.5767287369328,392.6615132817756,0.0008451537475525756
4305124.0,Cerrito,43,Rio Grande do Sul,9,3601,1865,8.9566249,0.9951805444444444,0.9058661,0.8071534528708809,402.0487672761645,208.2257570036231,0.002535461242657727
4305132.0,Cerro Branco,43,Rio Grande do Sul,4,1184,618,3.2172764999999997,0.8043191249999999,0.8437104,0.17401642628296857,368.01313160370273,192.0879352458516,0.0011268716634034342
4305157.0,Cerro Grande,43,Rio Grande do Sul,1,1159,500,1.4275354,1.4275354,1.4275354,0.0,811.8887979940813,350.2540112140126,0.00028171791585085854
4305173.0,Cerro Grande do Sul,43,Rio Grande do Sul,8,2810,1338,6.2811257000000005,0.7851407125000001,0.6616758,0.5750776972252095,447.37203714932815,213.0191408205698,0.0022537433268068684
4305207.0,Cerro Largo,43,Rio Grande do Sul,20,11207,5056,12.4125337,0.620626685,0.40336455000000004,0.46698952017667406,902.877709810367,407.33021333106234,0.005634358317017171
4305306.0,Chapada,43,Rio Grande do Sul,19,6411,2874,11.2745994,0.5933999684210526,0.4804814,0.6010755988974311,568.6233073611467,254.90927863920382,0.0053526404011663125
4305355.0,Charqueadas,43,Rio Grande do Sul,63,34024,13444,28.9452666,0.4594486761904762,0.1431317,0.9843773759704234,1175.4598936739453,464.462814794043,0.01774822869860409
4305371.0,Charrua,43,Rio Grande do Sul,2,640,276,1.2503848,0.6251924,0.6251924,0.2973351487977498,511.8424344249866,220.7320498457755,0.0005634358317017171
4305405.0,Chiapetta,43,Rio Grande do Sul,4,2828,1247,2.1311868,0.5327967,0.4417744,0.2215697965014185,1326.960170736793,585.1199904203611,0.0011268716634034342
4305439.0,Chuí,43,Rio Grande do Sul,15,6084,2814,8.684793,0.5789862,0.2906033,1.015564607818698,700.5348314001266,324.01463109138,0.004225768737762878
4305447.0,Chuvisca,43,Rio Grande do Sul,1,337,161,0.9005187,0.9005187,0.9005187,0.0,374.2287639334974,178.7858486447866,0.00028171791585085854
4305454.0,Cidreira,43,Rio Grande do Sul,58,16717,23443,26.2268827,0.45218763275862073,0.2378996,0.8092919208355717,637.3994268102629,893.8538471444034,0.016339639119349793
4305504.0,Ciríaco,43,Rio Grande do Sul,8,2551,1231,2.4697851,0.3087231375,0.21039875,0.279232053730712,1032.883387303616,498.4239317015881,0.0022537433268068684
4305587.0,Colinas,43,Rio Grande do Sul,2,1093,509,1.9865892,0.9932946,0.9932946,0.46253622324365046,550.1892389226721,256.21804447542553,0.0005634358317017171
4305603.0,Colorado,43,Rio Grande do Sul,4,1953,861,3.1581583,0.789539575,0.7985745,0.3582477033956847,618.3983874399203,272.6272460756638,0.0011268716634034342
4305702.0,Condor,43,Rio Grande do Sul,11,4604,1911,4.7356235,0.4305112272727273,0.3158694,0.2510244264420899,972.2056662654875,403.5371477483377,0.0030988970743594437
4305801.0,Constantina,43,Rio Grande do Sul,14,8072,3332,6.7938431,0.48527450714285714,0.30158494999999996,0.5826797768185191,1188.134592039666,490.4440610352041,0.0039440508219120195
4305835.0,Coqueiro Baixo,43,Rio Grande do Sul,2,258,148,0.8315570999999999,0.41577854999999997,0.41577854999999997,0.3343033277142855,310.2613157893788,177.97935944507,0.0005634358317017171
4305850.0,Coqueiros do Sul,43,Rio Grande do Sul,4,971,494,4.2270691,1.056767275,1.13096855,0.6459468567701132,229.70998983669324,116.8658444689253,0.0011268716634034342
4305871.0,Coronel Barros,43,Rio Grande do Sul,3,1576,707,1.4248148,0.47493826666666666,0.5590265,0.2952830354572428,1106.1086675966587,496.20484009570924,0.0008451537475525756
4305900.0,Coronel Bicaco,43,Rio Grande do Sul,9,4518,2134,5.168919,0.5743243333333333,0.3910828,0.4110963983557567,874.0705745243831,412.8522811055851,0.002535461242657727
4305934.0,Coronel Pilar,43,Rio Grande do Sul,1,197,95,0.4569378,0.4569378,0.4569378,0.0,431.1308891494641,207.90575872689894,0.00028171791585085854
4305959.0,Cotiporã,43,Rio Grande do Sul,4,2113,961,2.6967502,0.67418755,0.6452103499999999,0.32970083736098804,783.5356793521329,356.3548451762421,0.0011268716634034342
4305975.0,Coxilha,43,Rio Grande do Sul,4,1772,815,1.8641535,0.466038375,0.33063715000000005,0.37159194967236464,950.5654979592614,437.1957566799086,0.0011268716634034342
4306007.0,Crissiumal,43,Rio Grande do Sul,20,6804,3191,5.4108547,0.270542735,0.21699020000000002,0.1834570344127339,1257.4723176358812,589.7404711311135,0.005634358317017171
4306056.0,Cristal,43,Rio Grande do Sul,13,5093,2401,4.3980248,0.3383096,0.3243702,0.20491227356538455,1158.0198456361593,545.9268897255878,0.003662332906061161
4306072.0,Cristal do Sul,43,Rio Grande do Sul,4,1269,589,2.7309745999999997,0.6827436499999999,0.6465799,0.23154006930126952,464.6692796044314,215.67392095115056,0.0011268716634034342
4306106.0,Cruz Alta,43,Rio Grande do Sul,120,57216,26160,54.4196179,0.45349681583333334,0.2151292,0.5818320551656387,1051.385551900393,480.70899814237765,0.033806149902103025
4306130.0,Cruzaltense,43,Rio Grande do Sul,1,483,254,0.728139,0.728139,0.728139,0.0,663.3348852348247,348.83449451272355,0.00028171791585085854
4306205.0,Cruzeiro do Sul,43,Rio Grande do Sul,22,7408,3363,16.3449775,0.7429535227272727,0.5151271,0.6151559732246262,453.2279105309261,205.75127741839964,0.006197794148718887
4306304.0,David Canabarro,43,Rio Grande do Sul,2,2416,1074,2.4367942,1.2183971,1.2183971,0.15658823100833594,991.4665752241202,440.7430057080733,0.0005634358317017171
4306320.0,Derrubadas,43,Rio Grande do Sul,2,1186,526,2.0389319,1.01946595,1.01946595,0.26727992861680616,581.6771026045549,257.9782090809408,0.0005634358317017171
4306353.0,Dezesseis de Novembro,43,Rio Grande do Sul,1,685,366,1.908692,1.908692,1.908692,0.0,358.8845135831239,191.7543532429538,0.00028171791585085854
4306379.0,Dilermando de Aguiar,43,Rio Grande do Sul,1,1068,529,2.5997668,2.5997668,2.5997668,0.0,410.80607691428327,203.47978903338563,0.00028171791585085854
4306403.0,Dois Irmãos,43,Rio Grande do Sul,58,30265,13283,53.9434217,0.9300589948275862,0.2462725,1.8514231314378264,561.0508018626487,246.23947798253963,0.016339639119349793
4306429.0,Dois Irmãos das Missões,43,Rio Grande do Sul,1,1130,504,0.5631044,0.5631044,0.5631044,0.0,2006.7326769245633,895.0382913008672,0.00028171791585085854
4306452.0,Dois Lajeados,43,Rio Grande do Sul,4,1657,798,2.4158147000000003,0.6039536750000001,0.591546,0.462983866870869,685.896977115008,330.32334806142205,0.0011268716634034342
4306502.0,Dom Feliciano,43,Rio Grande do Sul,4,3567,1691,2.3585302,0.58963255,0.6279181,0.11374195673674396,1512.3825847131404,716.9719514297506,0.0011268716634034342
4306551.0,Dom Pedro de Alcântara,43,Rio Grande do Sul,5,1093,591,9.0381262,1.8076252400000001,0.3583441,3.1578651061456333,120.9321463114777,65.3896600824184,0.0014085895792542928
4306601.0,Dom Pedrito,43,Rio Grande do Sul,71,33652,14372,25.1759554,0.35459092112676055,0.1333478,0.5772179947647923,1336.6722122489937,570.8621488898888,0.020001972025410954
4306700.0,Dona Francisca,43,Rio Grande do Sul,3,2047,938,3.7132826999999997,1.2377608999999998,1.2393604,1.223281434284282,551.26424928541,252.6066760281947,0.0008451537475525756
4306734.0,Doutor Maurício Cardoso,43,Rio Grande do Sul,5,2668,1219,4.894569,0.9789138,0.846429,0.368446024999592,545.0939602649386,249.0515508107047,0.0014085895792542928
4306759.0,Doutor Ricardo,43,Rio Grande do Sul,2,990,430,3.2090088,1.6045044,1.6045044,1.8784744190560594,308.50647714023097,133.99776279828214,0.0005634358317017171
4306767.0,Eldorado do Sul,43,Rio Grande do Sul,68,37163,17448,49.85316,0.733134705882353,0.2014321,1.1505040353425853,745.4492353142709,349.9878443011436,0.01915681827785838
4306809.0,Encantado,43,Rio Grande do Sul,38,20522,8986,20.884433,0.5495903421052631,0.4316548,0.5387456675514762,982.6457821478801,430.27263416727664,0.010705280802332625
4306908.0,Encruzilhada do Sul,43,Rio Grande do Sul,29,17623,8431,21.5922189,0.744559272413793,0.3653234,1.0866482105456066,816.1736448494416,390.4647335712218,0.008169819559674897
4306924.0,Engenho Velho,43,Rio Grande do Sul,1,582,268,1.3515992,1.3515992,1.3515992,0.0,430.6010243273302,198.28363319540293,0.00028171791585085854
4306932.0,Entre-Ijuís,43,Rio Grande do Sul,8,5596,2505,6.5718329,0.8214791125,0.6730509,0.6990198377765959,851.5128252880562,381.17219931139755,0.0022537433268068684
4306957.0,Entre Rios do Sul,43,Rio Grande do Sul,3,1981,980,3.6693533,1.2231177666666666,1.2475108,0.4646507140223324,539.8771494693628,267.0770350731831,0.0008451537475525756
4306973.0,Erebango,43,Rio Grande do Sul,3,1989,874,2.8599453,0.9533151000000001,1.1456821,0.5721797956890475,695.4678468850435,305.6002504663288,0.0008451537475525756
4307005.0,Erechim,43,Rio Grande do Sul,158,101874,46969,66.4396002,0.4205037987341772,0.18093415000000002,1.330089047513315,1533.3325259835021,706.9428452099565,0.044511430704435646
4307054.0,Ernestina,43,Rio Grande do Sul,5,1784,1049,4.8760756,0.97521512,0.6886791,0.7578350917957329,365.8679943354447,215.1320213328932,0.0014085895792542928
4307104.0,Herval,43,Rio Grande do Sul,13,4332,2484,3.0258402,0.23275693846153847,0.1479768,0.27841685311930964,1431.6684668278251,820.9290100647086,0.003662332906061161
4307203.0,Erval Grande,43,Rio Grande do Sul,10,3195,1494,6.8947377,0.68947377,0.32326865,1.2460089678631112,463.39688890557795,216.6869959389463,0.0028171791585085855
4307302.0,Erval Seco,43,Rio Grande do Sul,10,3495,1625,4.2275535,0.42275535,0.35340735,0.2918459732490154,826.7192833869518,384.3830716749061,0.0028171791585085855
4307401.0,Esmeralda,43,Rio Grande do Sul,7,2086,1122,3.5423808,0.5060544,0.385157,0.30506968706630516,588.8694970343109,316.7361340711874,0.0019720254109560098
4307450.0,Esperança do Sul,43,Rio Grande do Sul,8,946,443,2.274952,0.284369,0.23710815,0.24296679187328107,415.8329494424498,194.72938330127405,0.0022537433268068684
4307500.0,Espumoso,43,Rio Grande do Sul,39,11757,4915,11.6694795,0.29921742307692306,0.1825037,0.3959119370844105,1007.4999489051761,421.1841667831029,0.010986998718183483
4307559.0,Estação,43,Rio Grande do Sul,9,4854,2123,8.8968662,0.9885406888888889,0.5701728,0.8610261949982757,545.5853657774464,238.62334807283042,0.002535461242657727
4307609.0,Estância Velha,43,Rio Grande do Sul,97,46535,19542,31.3588774,0.3232873958762887,0.1551365,0.48418095822836194,1483.9498049123404,623.1728180422683,0.027326637837533276
4307708.0,Esteio,43,Rio Grande do Sul,157,76096,33158,17.8590019,0.11375160445859872,0.0874879,0.1533232625534382,4260.932409666187,1856.6547103620612,0.04422971278858479
4307807.0,Estrela,43,Rio Grande do Sul,55,27575,12243,32.5679506,0.5921445563636364,0.2662072,0.9447429820668136,846.6912867400381,375.9217198026577,0.01549448537179722
4307815.0,Estrela Velha,43,Rio Grande do Sul,5,1334,585,2.9333001,0.58666002,0.3875531,0.6805627803814552,454.7778796993871,199.43407767926644,0.0014085895792542928
4307831.0,Eugênio de Castro,43,Rio Grande do Sul,4,1679,858,3.4537254,0.86343135,0.65010855,0.6679887197356679,486.14171815744237,248.42739379338033,0.0011268716634034342
4307864.0,Fagundes Varela,43,Rio Grande do Sul,2,1419,607,2.7200297,1.36001485,1.36001485,0.34640729875192455,521.685480125456,223.15932800292586,0.0005634358317017171
4307906.0,Farroupilha,43,Rio Grande do Sul,164,60749,27061,50.871966799999996,0.3101949195121951,0.1491984,0.512424063246977,1194.1547343516509,531.943262708687,0.0462017381995408
4308003.0,Faxinal do Soturno,43,Rio Grande do Sul,9,4942,2127,4.3725216,0.4858357333333333,0.3391714,0.3920812110222256,1130.240271425989,486.44699662547123,0.002535461242657727
4308052.0,Faxinalzinho,43,Rio Grande do Sul,2,1462,700,1.8743462000000002,0.9371731000000001,0.9371731000000001,0.39080957410178685,780.0053159869825,373.4635575861065,0.0005634358317017171
4308078.0,Fazenda Vilanova,43,Rio Grande do Sul,3,2459,1105,4.2441568,1.4147189333333332,1.1484257,0.48076118879288016,579.3848144347542,260.35795849955406,0.0008451537475525756
4308102.0,Feliz,43,Rio Grande do Sul,22,10924,4894,20.516365,0.9325620454545455,0.6403559999999999,0.8940860729567007,532.4529954502174,238.54128155742987,0.006197794148718887
4308201.0,Flores da Cunha,43,Rio Grande do Sul,52,24421,10847,28.9302663,0.556351275,0.2430925,0.7854155618587126,844.1332598448981,374.93605788205275,0.014649331624244644
4308250.0,Floriano Peixoto,43,Rio Grande do Sul,1,440,219,0.5102118,0.5102118,0.5102118,0.0,862.3869538101628,429.23350655551286,0.00028171791585085854
4308300.0,Fontoura Xavier,43,Rio Grande do Sul,11,4935,2271,7.0993311,0.6453937363636363,0.3927006,0.5975232573150727,695.135912170655,319.88929210528016,0.0030988970743594437
4308409.0,Formigueiro,43,Rio Grande do Sul,4,2738,1300,1.8607874,0.46519685,0.5587092,0.2534834390327503,1471.420109572969,698.6289782486705,0.0011268716634034342
4308433.0,Forquetinha,43,Rio Grande do Sul,2,734,349,5.6189311,2.80946555,2.80946555,0.5859982693203495,130.6298274417353,62.111457462078505,0.0005634358317017171
4308458.0,Fortaleza dos Valos,43,Rio Grande do Sul,6,3254,1422,4.3151034,0.7191839,0.79018365,0.40858941941055205,754.0954870281903,329.54019131963327,0.0016903074951051512
4308508.0,Frederico Westphalen,43,Rio Grande do Sul,57,27279,12804,27.3765079,0.48028961228070177,0.2057854,0.6371164649511293,996.4382637713994,467.7002650144433,0.016057921203498936
4308607.0,Garibaldi,43,Rio Grande do Sul,73,30892,13768,47.3928515,0.6492171438356165,0.2539592,0.9568397559057267,651.8282614836966,290.50794717426953,0.020565407857112673
4308656.0,Garruchos,43,Rio Grande do Sul,2,919,487,2.0298819999999997,1.0149409999999999,1.0149409999999999,0.1841907098973778,452.7356762609847,239.91542365516815,0.0005634358317017171
4308706.0,Gaurama,43,Rio Grande do Sul,8,3764,1743,5.2463414,0.655792675,0.6714264,0.40927989274912996,717.4523564173692,332.2315242389677,0.0022537433268068684
4308805.0,General Câmara,43,Rio Grande do Sul,12,4471,2424,5.8888963,0.4907413583333333,0.20746900000000001,0.5650783677871648,759.2254596162612,411.6221234868748,0.0033806149902103023
4308854.0,Gentil,43,Rio Grande do Sul,2,959,398,2.3449393,1.17246965,1.17246965,0.9692188906037299,408.9658099039067,169.7272078641865,0.0005634358317017171
4308904.0,Getúlio Vargas,43,Rio Grande do Sul,26,14796,6827,13.7836758,0.530141376923077,0.269468,0.5421526207987882,1073.4437036019087,495.29603707016963,0.007324665812122322
4309001.0,Giruá,43,Rio Grande do Sul,39,12951,5542,9.0580956,0.23225886153846154,0.1586898,0.21284057991936814,1429.7707345901715,611.8283847655572,0.010986998718183483
4309050.0,Glorinha,43,Rio Grande do Sul,7,4183,1999,8.5883103,1.2269014714285713,0.868868,1.0949157831617702,487.05739008987604,232.75824116415544,0.0019720254109560098
4309100.0,Gramado,43,Rio Grande do Sul,66,34688,21329,41.8098147,0.6334820409090909,0.3230788,1.02653913156067,829.6616535829804,510.14337549790673,0.018593382446156662
4309126.0,Gramado dos Loureiros,43,Rio Grande do Sul,1,620,266,0.894869,0.894869,0.894869,0.0,692.8388400983831,297.2502120422095,0.00028171791585085854
4309159.0,Gramado Xavier,43,Rio Grande do Sul,1,509,237,0.5263863,0.5263863,0.5263863,0.0,966.9704549681479,450.2396813898842,0.00028171791585085854
4309209.0,Gravataí,43,Rio Grande do Sul,437,254651,113274,182.7388865,0.4181667883295195,0.1158317,1.0485918941147943,1393.5238682763888,619.8680651367546,0.12311072922682519
4309258.0,Guabiju,43,Rio Grande do Sul,1,744,326,2.2897634,2.2897634,2.2897634,0.0,324.9244004860939,142.37278838503576,0.00028171791585085854
4309308.0,Guaíba,43,Rio Grande do Sul,171,90594,39598,44.4655985,0.2600327397660819,0.1186684,0.5194707225882351,2037.39526861423,890.5311372341025,0.04817376361049681
4309407.0,Guaporé,43,Rio Grande do Sul,45,23132,9975,15.9595759,0.3546572422222222,0.2298802,0.35507400672766704,1449.4119483463217,625.016608367394,0.012677306213288634
4309506.0,Guarani das Missões,43,Rio Grande do Sul,9,4904,2130,3.7877259999999997,0.4208584444444444,0.39968,0.19472256113259648,1294.7082233508972,562.3426826544476,0.002535461242657727
4309555.0,Harmonia,43,Rio Grande do Sul,9,3687,1586,7.5035772,0.8337308,0.8673322,0.2990726313291137,491.3656382451826,211.36585360912926,0.002535461242657727
4309571.0,Herveiras,43,Rio Grande do Sul,1,564,252,2.7484316,2.7484316,2.7484316,0.0,205.20794477839652,91.68865617758142,0.00028171791585085854
4309605.0,Horizontina,43,Rio Grande do Sul,24,16009,7113,14.5432941,0.6059705875,0.34853125,0.7236540376276951,1100.782249875563,489.09139505058897,0.006761229980420605
4309654.0,Hulha Negra,43,Rio Grande do Sul,5,2556,1194,2.0609927,0.41219854,0.3798887,0.13473217878065732,1240.1790651660242,579.3324741033775,0.0014085895792542928
4309704.0,Humaitá,43,Rio Grande do Sul,5,2959,1331,3.9328444,0.78656888,0.4502494,0.5115706107575101,752.3816604592848,338.4318993143995,0.0014085895792542928
4309753.0,Ibarama,43,Rio Grande do Sul,3,1213,546,1.6476446,0.5492148666666666,0.3699059,0.5932445815491477,736.2024553110543,331.38214394050755,0.0008451537475525756
4309803.0,Ibiaçá,43,Rio Grande do Sul,6,3150,1405,4.359709,0.7266181666666666,0.7338382999999999,0.40804873673714354,722.5252878116407,322.26921567471595,0.0016903074951051512
4309902.0,Ibiraiaras,43,Rio Grande do Sul,7,3830,1680,2.5042957,0.3577565285714286,0.1755697,0.3929044956354818,1529.372110489987,670.8472965073573,0.0019720254109560098
4309951.0,Ibirapuitã,43,Rio Grande do Sul,8,2555,1156,3.4073389,0.4259173625,0.36881030000000004,0.21363483296353372,749.8520326228776,339.2676906896464,0.0022537433268068684
4310009.0,Ibirubá,43,Rio Grande do Sul,37,17974,7612,14.0071868,0.3785726162162162,0.253643,0.41591488787957875,1283.1984221128544,543.4353170759456,0.010423562886481766
4310108.0,Igrejinha,43,Rio Grande do Sul,73,30729,13626,35.4713784,0.48590929315068493,0.2538524,0.6017174453607015,866.3040847603487,384.1406963762085,0.020565407857112673
4310207.0,Ijuí,43,Rio Grande do Sul,114,77517,33943,42.8821319,0.37615905175438596,0.2140821,0.571375013802706,1807.6759845048657,791.5418029857793,0.03211584240699787
4310306.0,Ilópolis,43,Rio Grande do Sul,7,2331,1047,5.906228,0.8437468571428571,0.6856301,0.7229410633505493,394.6681367532713,177.27050157901118,0.0019720254109560098
4310330.0,Imbé,43,Rio Grande do Sul,94,26822,32446,25.0459024,0.26644577021276594,0.19688725,0.25643135630654906,1070.9136996397463,1295.4614084897178,0.026481484089980703
4310363.0,Imigrante,43,Rio Grande do Sul,6,1761,798,2.6025496,0.43375826666666667,0.33305345,0.33880645207548615,676.644164629946,306.62239828205384,0.0016903074951051512
4310405.0,Independência,43,Rio Grande do Sul,10,4488,1945,5.1719669,0.51719669,0.36288200000000004,0.5220069301046096,867.7549734512029,376.06582516991745,0.0028171791585085855
4310413.0,Inhacorá,43,Rio Grande do Sul,2,1303,607,1.5428438,0.7714219,0.7714219,0.06823877423298284,844.5443407816138,393.4293283610434,0.0005634358317017171
4310439.0,Ipê,43,Rio Grande do Sul,8,3204,1532,4.4418332,0.55522915,0.1875577,0.6348944134773997,721.323799371845,344.90264064846025,0.0022537433268068684
4310462.0,Ipiranga do Sul,43,Rio Grande do Sul,1,738,345,1.1205443,1.1205443,1.1205443,0.0,658.6084994587006,307.8860871453275,0.00028171791585085854
4310504.0,Iraí,43,Rio Grande do Sul,9,4311,2072,4.872647799999999,0.541405311111111,0.4031725,0.5059037400265993,884.7345790106152,425.2308159846891,0.002535461242657727
4310538.0,Itaara,43,Rio Grande do Sul,8,4487,2633,15.6397899,1.9549737375,1.5374865999999998,1.5435337530450277,286.8964371445936,168.35264519761867,0.0022537433268068684
4310553.0,Itacurubi,43,Rio Grande do Sul,2,1372,625,2.5790185,1.28950925,1.28950925,0.3422387628554734,531.9853269761345,242.34025463562978,0.0005634358317017171
4310579.0,Itapuca,43,Rio Grande do Sul,1,545,266,1.0248545,1.0248545,1.0248545,0.0,531.7828042907554,259.5490384244788,0.00028171791585085854
4310603.0,Itaqui,43,Rio Grande do Sul,38,31908,12688,12.648579,0.33285734210526313,0.27867555,0.21644892733909962,2522.654916413931,1003.1166346828368,0.010705280802332625
4310652.0,Itati,43,Rio Grande do Sul,5,856,436,6.2236367,1.24472734,0.8469576,1.236941785886425,137.54016200849256,70.055503079092,0.0014085895792542928
4310702.0,Itatiba do Sul,43,Rio Grande do Sul,5,1739,839,4.7514227,0.95028454,1.2700047,0.8135044356157088,365.9956416843317,176.57869084137684,0.0014085895792542928
4310751.0,Ivorá,43,Rio Grande do Sul,1,730,355,1.1250968,1.1250968,1.1250968,0.0,648.8330604086689,315.5284060891472,0.00028171791585085854
4310801.0,Ivoti,43,Rio Grande do Sul,33,21145,8917,13.39844,0.40601333333333334,0.3647693,0.26599538258841976,1578.1688017410982,665.5252402518502,0.009296691223078331
4310850.0,Jaboticaba,43,Rio Grande do Sul,4,1957,872,3.0475271,0.761881775,0.6883748000000001,0.41904714854823816,642.15999916785,286.13363274111657,0.0011268716634034342
4310876.0,Jacuizinho,43,Rio Grande do Sul,1,601,276,1.4813739,1.4813739,1.4813739,0.0,405.7044612437144,186.31352962273738,0.00028171791585085854
4310900.0,Jacutinga,43,Rio Grande do Sul,6,2428,1084,5.4929161,0.9154860166666667,0.806173,0.8131430963176713,442.02386415477923,197.34508597355054,0.0016903074951051512
4311007.0,Jaguarão,43,Rio Grande do Sul,44,24718,11924,12.3658532,0.2810421181818182,0.1528235,0.33975176291241466,1998.8915928583076,964.2682803318415,0.012395588297437775
4311106.0,Jaguari,43,Rio Grande do Sul,19,6405,2973,9.1058184,0.4792536,0.2717074,0.5147878924728385,703.3964130011641,326.4945411166996,0.0053526404011663125
4311122.0,Jaquirana,43,Rio Grande do Sul,6,2413,1153,3.1690578,0.5281763,0.54512415,0.31319503249602154,761.4250519507723,363.8305366345795,0.0016903074951051512
4311130.0,Jari,43,Rio Grande do Sul,3,913,439,1.9640168,0.6546722666666667,0.2521369,0.7235134462672572,464.86364067761536,223.521509591975,0.0008451537475525756
4311155.0,Jóia,43,Rio Grande do Sul,7,2210,1063,1.3916028,0.19880040000000002,0.1707432,0.20753845861980214,1588.09683337803,763.8673908963103,0.0019720254109560098
4311205.0,Júlio de Castilhos,43,Rio Grande do Sul,27,15458,6910,15.8816545,0.588209425925926,0.351508,0.5897318290550821,973.3242843181106,435.0932077007468,0.00760638372797318
4311239.0,Lagoa Bonita do Sul,43,Rio Grande do Sul,1,463,212,0.9762644,0.9762644,0.9762644,0.0,474.2567689654565,217.1542873016777,0.00028171791585085854
4311254.0,Lagoão,43,Rio Grande do Sul,4,1889,902,2.6598751000000003,0.6649687750000001,0.72282085,0.41863243131851263,710.1837225364453,339.11366740490934,0.0011268716634034342
4311270.0,Lagoa dos Três Cantos,43,Rio Grande do Sul,2,1126,475,3.4855058,1.7427529,1.7427529,1.4847495851167967,323.05210910852594,136.2786428299732,0.0005634358317017171
4311304.0,Lagoa Vermelha,43,Rio Grande do Sul,68,24591,11067,27.1533373,0.39931378382352944,0.15203485,0.8300207522298636,905.6345350226986,407.57421004010433,0.01915681827785838
4311403.0,Lajeado,43,Rio Grande do Sul,143,93323,44438,81.17753210000001,0.5676750496503497,0.252641,0.9412881857010127,1149.6161263567162,547.4174793249226,0.04028566196667277
4311429.0,Lajeado do Bugre,43,Rio Grande do Sul,1,845,372,0.9203652,0.9203652,0.9203652,0.0,918.1138096051437,404.18738126995675,0.00028171791585085854
4311502.0,Lavras do Sul,43,Rio Grande do Sul,15,5853,3018,9.4249923,0.62833282,0.315473,0.7468189853170801,621.0084649087725,320.21246319745006,0.004225768737762878
4311601.0,Liberato Salzano,43,Rio Grande do Sul,5,1628,769,1.5283163,0.30566326,0.3000195,0.08792863437173357,1065.2245219134286,503.16809419620796,0.0014085895792542928
4311627.0,Lindolfo Collor,43,Rio Grande do Sul,12,5248,2133,6.5163264000000005,0.5430272,0.47194585,0.4871174796848871,805.3617449242566,327.3316695738261,0.0033806149902103023
4311643.0,Linha Nova,43,Rio Grande do Sul,1,439,247,1.65876,1.65876,1.65876,0.0,264.65552581446383,148.90641201861632,0.00028171791585085854
4311700.0,Machadinho,43,Rio Grande do Sul,9,3885,2078,5.2033959,0.5781551,0.4713746,0.5940456427512725,746.627793591489,399.35458303297656,0.002535461242657727
4311718.0,Maçambará,43,Rio Grande do Sul,4,1191,571,0.9151751,0.228793775,0.2639187,0.13197022453077245,1301.3903022492636,623.9243178709735,0.0011268716634034342
4311734.0,Mampituba,43,Rio Grande do Sul,7,824,374,1.7720237,0.2531462428571429,0.2550177,0.10056830103620884,465.0050673701486,211.05812523839268,0.0019720254109560098
4311759.0,Manoel Viana,43,Rio Grande do Sul,16,5170,2550,3.8361448,0.23975905,0.1553366,0.27423527047300583,1347.7072085495834,664.7298610834503,0.004507486653613737
4311775.0,Maquiné,43,Rio Grande do Sul,6,2576,1362,6.2765023,1.0460837166666666,0.90192065,0.5997205459849027,410.4196695665992,216.9998408189861,0.0016903074951051512
4311791.0,Maratá,43,Rio Grande do Sul,3,879,443,2.4887139,0.8295713,1.1104142,0.5531614542852837,353.19447526692403,178.0035865110891,0.0008451537475525756
4311809.0,Marau,43,Rio Grande do Sul,52,40884,17431,23.2918861,0.4479208865384615,0.3121902,0.4271279921113769,1755.2893666262605,748.3721981621746,0.014649331624244644
4311908.0,Marcelino Ramos,43,Rio Grande do Sul,9,2337,1467,7.3619988,0.8179998666666667,0.5891054,0.46580277944339543,317.4409645380545,199.26653614776464,0.002535461242657727
4311981.0,Mariana Pimentel,43,Rio Grande do Sul,2,653,341,0.7712308,0.3856154,0.3856154,0.004195123111423521,846.698549902312,442.1503912966132,0.0005634358317017171
4312005.0,Mariano Moro,43,Rio Grande do Sul,3,1132,521,0.9938982000000001,0.3312994,0.2489691,0.26792406593770185,1138.9496429312378,524.1985547413205,0.0008451537475525756
4312054.0,Marques de Souza,43,Rio Grande do Sul,6,1709,962,3.6100364000000003,0.6016727333333334,0.5012702,0.23438197114772857,473.40242885085587,266.47930752166377,0.0016903074951051512
4312104.0,Mata,43,Rio Grande do Sul,6,2788,1368,2.9757645999999998,0.4959607666666666,0.54706025,0.17939190647296957,936.9020654389128,459.713782467874,0.0016903074951051512
4312138.0,Mato Castelhano,43,Rio Grande do Sul,4,735,320,1.3799414,0.34498535,0.070543,0.5830209996215374,532.6313131847483,231.89390506002644,0.0011268716634034342
4312153.0,Mato Leitão,43,Rio Grande do Sul,7,2073,924,6.404921900000001,0.914988842857143,0.3762651,0.9400628035494045,323.6573423323085,144.26405417995807,0.0019720254109560098
4312179.0,Mato Queimado,43,Rio Grande do Sul,1,696,300,1.7671721,1.7671721,1.7671721,0.0,393.84958601372216,169.76275259212161,0.00028171791585085854
4312203.0,Maximiliano de Almeida,43,Rio Grande do Sul,5,2927,1372,3.0245471,0.60490942,0.4844635,0.3872955081319199,967.7481960852916,453.62163478955244,0.0014085895792542928
4312252.0,Minas do Leão,43,Rio Grande do Sul,13,7250,3162,6.9233807999999994,0.5325677538461538,0.3713887,0.4151106645404424,1047.176258165664,456.713286664804,0.003662332906061161
4312302.0,Miraguaí,43,Rio Grande do Sul,6,2332,1134,3.8627602999999997,0.6437933833333332,0.49564985,0.5598202334769026,603.713360106761,293.5724486968555,0.0016903074951051512
4312351.0,Montauri,43,Rio Grande do Sul,1,794,344,1.0304398,1.0304398,1.0304398,0.0,770.5447712714514,333.8380369236515,0.00028171791585085854
4312377.0,Monte Alegre dos Campos,43,Rio Grande do Sul,4,722,374,0.8422263,0.210556575,0.24727895,0.10443800960331684,857.2517861292149,444.06117453230803,0.0011268716634034342
4312385.0,Monte Belo do Sul,43,Rio Grande do Sul,1,802,375,3.6789678,3.6789678,3.6789678,0.0,217.9959280970059,101.93076438451024,0.00028171791585085854
4312401.0,Montenegro,43,Rio Grande do Sul,109,52684,23498,40.3729745,0.3703942614678899,0.1409818,0.5989585225582601,1304.9323378439703,582.0230065040167,0.03070725282774358
4312427.0,Mormaço,43,Rio Grande do Sul,1,716,312,1.0089548,1.0089548,1.0089548,0.0,709.6452685491957,309.2308991443423,0.00028171791585085854
4312443.0,Morrinhos do Sul,43,Rio Grande do Sul,19,1469,721,4.2594948,0.22418393684210525,0.1572476,0.222954284853463,344.8765801991354,169.26890015219647,0.0053526404011663125
4312450.0,Morro Redondo,43,Rio Grande do Sul,14,2916,1472,3.7921682,0.27086915714285714,0.26951525,0.16376457820092613,768.9532336672197,388.1684361996391,0.0039440508219120195
4312476.0,Morro Reuter,43,Rio Grande do Sul,10,4387,2085,22.3834454,2.23834454,1.8031285,2.24961398037321,195.9930619081547,93.14919855903864,0.0028171791585085855
4312500.0,Mostardas,43,Rio Grande do Sul,23,8329,6601,18.1417939,0.7887736478260869,0.5487708,0.8699496745090091,459.10564555581243,363.8559690615822,0.006479512064569746
4312609.0,Muçum,43,Rio Grande do Sul,8,3941,1783,5.8607551,0.7325943875,0.45589625,0.5450486851518008,672.438949035765,304.2270099291472,0.0022537433268068684
4312617.0,Muitos Capões,43,Rio Grande do Sul,3,805,415,2.1072775,0.7024258333333333,0.8620916,0.3059266004912997,382.0094885462404,196.93656862942825,0.0008451537475525756
4312625.0,Muliterno,43,Rio Grande do Sul,4,678,285,0.9541700000000001,0.23854250000000002,0.16145785,0.2597355665345943,710.5652032656654,298.68891287716025,0.0011268716634034342
4312658.0,Não-Me-Toque,43,Rio Grande do Sul,38,16024,6866,11.5030427,0.30271165,0.20270359999999998,0.2888365686468601,1393.0227347586913,596.8855527242371,0.010705280802332625
4312674.0,Nicolau Vergueiro,43,Rio Grande do Sul,2,946,440,2.1334603,1.06673015,1.06673015,1.1975848238635312,443.4111101106499,206.2377256328604,0.0005634358317017171
4312708.0,Nonoai,43,Rio Grande do Sul,18,10307,4428,12.5491937,0.6971774277777778,0.32330175,0.8097199518063927,821.3276682469249,352.85135490418,0.005070922485315454
4312757.0,Nova Alvorada,43,Rio Grande do Sul,8,1778,777,2.5917964,0.32397455,0.18462889999999998,0.4807145448290671,686.0106758385806,299.7920670003246,0.0022537433268068684
4312807.0,Nova Araçá,43,Rio Grande do Sul,7,4029,1635,5.7375606,0.8196515142857143,0.6547263,0.507362097188157,702.214805365193,284.9643104423158,0.0019720254109560098
4312906.0,Nova Bassano,43,Rio Grande do Sul,16,6728,2799,9.6898342,0.6056146375,0.5511384500000001,0.43472013554605127,694.335925789112,288.8594316711838,0.004507486653613737
4312955.0,Nova Boa Vista,43,Rio Grande do Sul,1,966,416,2.4078057,2.4078057,2.4078057,0.0,401.1951628821213,172.77141589954704,0.00028171791585085854
4313003.0,Nova Bréscia,43,Rio Grande do Sul,7,1531,739,1.5970561,0.22815087142857143,0.2284417,0.09412500707636476,958.6388355424708,462.72638763284516,0.0019720254109560098
4313011.0,Nova Candelária,43,Rio Grande do Sul,1,1314,539,2.1395514,2.1395514,2.1395514,0.0,614.1474329618816,251.92196831541412,0.00028171791585085854
4313037.0,Nova Esperança do Sul,43,Rio Grande do Sul,6,3966,1698,2.1741392,0.36235653333333334,0.35211265,0.2487274345752126,1824.1702279228489,780.9987511379217,0.0016903074951051512
4313060.0,Nova Hartz,43,Rio Grande do Sul,42,18162,7639,16.8446455,0.40106298809523805,0.30611,0.4552201193669193,1078.2061278760661,453.4972255723637,0.011832152465736058
4313086.0,Nova Pádua,43,Rio Grande do Sul,5,808,383,1.0076025,0.2015205,0.107611,0.22984965904216612,801.9035284251479,380.11021211241535,0.0014085895792542928
4313102.0,Nova Palma,43,Rio Grande do Sul,6,3469,1466,5.0869577,0.8478262833333333,0.60486935,0.6214516738691317,681.9400129865439,288.1879674368041,0.0016903074951051512
4313201.0,Nova Petrópolis,43,Rio Grande do Sul,39,17875,8762,30.8500261,0.7910263102564102,0.6832663,0.6576051617155599,579.4160414016635,284.01920865797905,0.010986998718183483
4313300.0,Nova Prata,43,Rio Grande do Sul,64,21664,9664,18.1872445,0.2841756953125,0.14148335,0.3063283633449209,1191.1644999329064,531.361416513645,0.018029946614454947
4313334.0,Nova Ramada,43,Rio Grande do Sul,6,710,327,1.3542316,0.22570526666666668,0.21291480000000002,0.11761687425412506,524.282552556003,241.46534462790558,0.0016903074951051512
4313359.0,Nova Roma do Sul,43,Rio Grande do Sul,4,1693,751,3.1023158,0.77557895,0.68598245,0.2510898306356047,545.7213607976338,242.07722502009628,0.0011268716634034342
4313375.0,Nova Santa Rita,43,Rio Grande do Sul,47,25995,10813,60.514200699999996,1.287536185106383,0.6876775,1.643969927116853,429.56859215361004,178.68533129282497,0.013240742044990352
4313391.0,Novo Cabrais,43,Rio Grande do Sul,1,574,287,2.4266195,2.4266195,2.4266195,0.0,236.5430591817135,118.27152959085674,0.00028171791585085854
4313409.0,Novo Hamburgo,43,Rio Grande do Sul,583,222122,103288,101.239281,0.17365228301886793,0.0736501,0.6343749817053816,2194.0298054862715,1020.2364040890412,0.16424154494105053
4313425.0,Novo Machado,43,Rio Grande do Sul,2,1607,795,2.4658781000000003,1.2329390500000001,1.2329390500000001,0.3856836863342875,651.6948262770977,322.4003652086451,0.0005634358317017171
4313441.0,Novo Tiradentes,43,Rio Grande do Sul,1,878,381,1.0375812,1.0375812,1.0375812,0.0,846.1988324383673,367.20017671869925,0.00028171791585085854
4313466.0,Novo Xingu,43,Rio Grande do Sul,1,786,343,1.3226958,1.3226958,1.3226958,0.0,594.2409433824466,259.31888496206005,0.00028171791585085854
4313490.0,Novo Barreiro,43,Rio Grande do Sul,1,2025,856,2.7712262,2.7712262,2.7712262,0.0,730.7234609718976,308.8885346133058,0.00028171791585085854
4313508.0,Osório,43,Rio Grande do Sul,106,43801,24327,124.6902715,1.1763233160377358,0.26091865,4.61845915299623,351.2784074738341,195.09942281262897,0.029862099080191006
4313607.0,Paim Filho,43,Rio Grande do Sul,3,2128,986,3.4686714,1.1562238,1.0669948,0.19957512693617416,613.4913788605055,284.25869340059137,0.0008451537475525756
4313656.0,Palmares do Sul,43,Rio Grande do Sul,39,11933,15823,33.986381800000004,0.8714456871794872,0.4552885,0.8646927389946193,351.1112206713337,465.568829689308,0.010986998718183483
4313706.0,Palmeira das Missões,43,Rio Grande do Sul,51,29751,13361,40.2752906,0.7897115803921568,0.2239905,1.46731367305698,738.6911318772707,331.74186457639115,0.014367613708393786
4313805.0,Palmitinho,43,Rio Grande do Sul,11,4393,1907,10.2076492,0.9279681090909091,0.7104321,0.7480510949263551,430.3635356120976,186.82068345373781,0.0030988970743594437
4313904.0,Panambi,43,Rio Grande do Sul,61,40304,16343,38.0758316,0.6241939606557377,0.3000815,0.9847281305586292,1058.5192313961174,429.2224046920094,0.01718479286690237
4313953.0,Pantano Grande,43,Rio Grande do Sul,12,8795,3903,18.453139,1.5377615833333333,1.4048961,1.075411896888756,476.6126782007115,211.50873030328336,0.0033806149902103023
4314001.0,Paraí,43,Rio Grande do Sul,11,4666,1920,6.158826299999999,0.5598932999999999,0.3701123,0.4336281675450316,757.6118845891141,311.7477107610585,0.0030988970743594437
4314027.0,Paraíso do Sul,43,Rio Grande do Sul,8,2982,1464,7.7332598,0.966657475,0.58521835,0.9313124060163466,385.60711486765257,189.31214492496426,0.0022537433268068684
4314035.0,Pareci Novo,43,Rio Grande do Sul,5,1294,608,2.097609,0.41952179999999994,0.3408393,0.24670804989934964,616.8928527671268,289.85382881175667,0.0014085895792542928
4314050.0,Parobé,43,Rio Grande do Sul,95,49947,21535,47.0645992,0.4954168336842106,0.2236695,0.6892358313345517,1061.243500401465,457.56259197039964,0.02676320200583156
4314068.0,Passa Sete,43,Rio Grande do Sul,5,552,280,2.4342556,0.48685112,0.4882064,0.3210187165635627,226.763368645429,115.02489713898572,0.0014085895792542928
4314076.0,Passo do Sobrado,43,Rio Grande do Sul,2,1655,816,3.2829402,1.6414701,1.6414701,0.47257459395208706,504.12127519106195,248.55768009420336,0.0005634358317017171
4314100.0,Passo Fundo,43,Rio Grande do Sul,308,202681,93887,89.2373784,0.28973174805194807,0.14333025,0.5226360241335893,2271.2567719268636,1052.103969024711,0.08676911808206443
4314134.0,Paulo Bento,43,Rio Grande do Sul,2,806,352,1.5489739,0.77448695,0.77448695,0.7724576606144864,520.344468037841,227.24721184779162,0.0005634358317017171
4314159.0,Paverama,43,Rio Grande do Sul,9,4614,2154,10.1280272,1.1253363555555556,0.7255994,0.9389634513290122,455.56749689613787,212.67715394761183,0.002535461242657727
4314175.0,Pedras Altas,43,Rio Grande do Sul,1,727,420,0.5999631,0.5999631,0.5999631,0.0,1211.741188749775,700.0430526477379,0.00028171791585085854
4314209.0,Pedro Osório,43,Rio Grande do Sul,15,7046,3540,6.6506947,0.4433796466666667,0.2752475,0.3017613425458481,1059.4381967345457,532.2752223162491,0.004225768737762878
4314308.0,Pejuçara,43,Rio Grande do Sul,8,2631,1094,1.7194865,0.2149358125,0.19564700000000002,0.1260164024138064,1530.10797118791,636.2364578029545,0.0022537433268068684
4314407.0,Pelotas,43,Rio Grande do Sul,624,305656,156029,206.0349072,0.3301841461538461,0.08091480000000001,1.1952722759836338,1483.5156049712339,757.2940047898835,0.17579197949093572
4314423.0,Picada Café,43,Rio Grande do Sul,11,3717,1662,11.9864738,1.0896794363636364,0.908597,0.6985786404987062,310.0995390320713,138.65629106034504,0.0030988970743594437
4314456.0,Pinhal,43,Rio Grande do Sul,2,1518,601,1.1264744,0.5632372,0.5632372,0.14119197079749257,1347.5672416523626,533.5229988360144,0.0005634358317017171
4314464.0,Pinhal da Serra,43,Rio Grande do Sul,1,702,352,1.1901464,1.1901464,1.1901464,0.0,589.8434007782572,295.76193315377003,0.00028171791585085854
4314472.0,Pinhal Grande,43,Rio Grande do Sul,4,2145,948,4.1538303,1.038457575,0.9026588500000001,0.6763390899555309,516.3908597806703,228.22309327369487,0.0011268716634034342
4314498.0,Pinheirinho do Vale,43,Rio Grande do Sul,2,978,414,1.0373137,0.51865685,0.51865685,0.021005667595318113,942.8199010578961,399.1078108772689,0.0005634358317017171
4314506.0,Pinheiro Machado,43,Rio Grande do Sul,17,8943,4722,4.3577621,0.25633894705882354,0.168709,0.20718447539025192,2052.200141903111,1083.5837045808444,0.004789204569464595
4314548.0,Pinto Bandeira,43,Rio Grande do Sul,1,827,395,1.5286307,1.5286307,1.5286307,0.0,541.0070594552367,258.4011952658023,0.00028171791585085854
4314555.0,Pirapó,43,Rio Grande do Sul,3,818,408,1.7698583,0.5899527666666667,0.4838746,0.21698869263287276,462.1838934789299,230.52692975477188,0.0008451537475525756
4314605.0,Piratini,43,Rio Grande do Sul,36,11306,6210,16.2498302,0.45138417222222227,0.2111516,0.5678503712334306,695.7611163223108,382.1578394093004,0.010141844970630908
4314704.0,Planalto,43,Rio Grande do Sul,17,6401,2922,8.9749543,0.5279384882352941,0.3411633,0.49993375327702905,713.2069742126708,325.57268843140514,0.004789204569464595
4314753.0,Poço das Antas,43,Rio Grande do Sul,4,1197,528,3.3403539,0.835088475,0.8353023,0.6325739556529464,358.345263955415,158.0670838500076,0.0011268716634034342
4314779.0,Pontão,43,Rio Grande do Sul,3,1689,809,1.8727939,0.6242646333333334,0.7679118,0.45725840996305717,901.861117766349,431.97492260093327,0.0008451537475525756
4314787.0,Ponte Preta,43,Rio Grande do Sul,2,563,270,0.8771722,0.4385861,0.4385861,0.29871867392581936,641.8352063597091,307.8072925703756,0.0005634358317017171
4314803.0,Portão,43,Rio Grande do Sul,63,29886,12888,27.3995103,0.4349128619047619,0.2045226,0.6284167153170858,1090.7494211675746,470.3733701401226,0.01774822869860409
4314902.0,Porto Alegre,43,Rio Grande do Sul,2717,1330428,686297,425.4909453,0.15660321873389768,0.0500414,0.561957379075188,3126.806844413476,1612.953242791369,0.7654275773667827
4315008.0,Porto Lucena,43,Rio Grande do Sul,5,2145,1077,6.864637800000001,1.3729275600000002,1.2345733,0.6366929626819767,312.4709653290083,156.89101615820138,0.0014085895792542928
4315057.0,Porto Mauá,43,Rio Grande do Sul,1,863,463,2.7897134,2.7897134,2.7897134,0.0,309.35077416913145,165.96686957161978,0.00028171791585085854
4315073.0,Porto Vera Cruz,43,Rio Grande do Sul,1,397,204,0.8593065,0.8593065,0.8593065,0.0,462.000462000462,237.40074117907872,0.00028171791585085854
4315107.0,Porto Xavier,43,Rio Grande do Sul,17,6203,2783,13.5313175,0.7959598529411764,0.2227958,1.8633546115544015,458.4180365289633,205.67102944705866,0.004789204569464595
4315131.0,Pouso Novo,43,Rio Grande do Sul,4,750,346,2.4155767,0.603894175,0.22831579999999999,0.891231315892185,310.4848626831017,143.2370166511376,0.0011268716634034342
4315149.0,Presidente Lucena,43,Rio Grande do Sul,6,2048,864,6.1096116,1.0182686,0.95204095,0.5656901020782139,335.2095246120064,141.4165181956902,0.0016903074951051512
4315156.0,Progresso,43,Rio Grande do Sul,9,2017,1015,2.6399215,0.2933246111111111,0.3043405,0.09835700895511264,764.0378700654546,384.4811294578267,0.002535461242657727
4315172.0,Protásio Alves,43,Rio Grande do Sul,2,538,241,0.9720558,0.4860279,0.4860279,0.13941204160788986,553.4661693289623,247.92815391873594,0.0005634358317017171
4315206.0,Putinga,43,Rio Grande do Sul,3,1705,757,2.0590685,0.6863561666666667,0.7025667,0.032606103263397336,828.04433169659,367.6419701432954,0.0008451537475525756
4315305.0,Quaraí,43,Rio Grande do Sul,31,21753,8837,15.574870200000001,0.5024151677419355,0.212042,0.7043318730317204,1396.6729559004607,567.3883561482264,0.008733255391376614
4315313.0,Quatro Irmãos,43,Rio Grande do Sul,2,914,432,0.8426508,0.4213254,0.4213254,0.04179199066711229,1084.6723221529012,512.6678809300365,0.0005634358317017171
4315321.0,Quevedos,43,Rio Grande do Sul,1,978,471,1.5713041,1.5713041,1.5713041,0.0,622.4129371265561,299.751015732728,0.00028171791585085854
4315354.0,Quinze de Novembro,43,Rio Grande do Sul,18,2393,1301,4.7632168,0.2646231555555556,0.25651440000000003,0.21567520909101265,502.39157705355757,273.13474373032943,0.005070922485315454
4315404.0,Redentora,43,Rio Grande do Sul,5,3301,1370,3.180078,0.6360156,0.5200841,0.37399231453195,1038.0248534784366,430.80704309768504,0.0014085895792542928
4315453.0,Relvado,43,Rio Grande do Sul,4,843,432,1.2729065,0.318226625,0.30653055,0.26043100059468566,662.2638819112009,339.38077934239476,0.0011268716634034342
4315503.0,Restinga Sêca,43,Rio Grande do Sul,18,9157,4659,8.443154,0.4690641111111111,0.37274704999999997,0.4320419435742061,1084.5473149015168,551.8080091870881,0.005070922485315454
4315552.0,Rio dos Índios,43,Rio Grande do Sul,3,916,419,2.8066559,0.9355519666666666,0.4162886,1.0836859303925763,326.3670477025702,149.28798361067348,0.0008451537475525756
4315602.0,Rio Grande,43,Rio Grande do Sul,428,183517,97631,115.2366907,0.26924460443925236,0.07826515,0.7582052460339896,1592.5223024475486,847.2214830792603,0.12057526798416746
4315701.0,Rio Pardo,43,Rio Grande do Sul,39,24293,11774,28.8542728,0.7398531487179487,0.3310467,1.2753193212591192,841.9203688959369,408.0504846408744,0.010986998718183483
4315750.0,Riozinho,43,Rio Grande do Sul,6,2886,1195,6.098455,1.0164091666666668,0.76854395,0.6629079123056586,473.2346143408453,195.95126962484758,0.0016903074951051512
4315800.0,Roca Sales,43,Rio Grande do Sul,11,7430,3247,7.4913293,0.6810299363636364,0.4629853,0.5880289533511565,991.8132954053962,433.4344239813353,0.0030988970743594437
4315909.0,Rodeio Bonito,43,Rio Grande do Sul,9,4522,1972,3.3996402000000003,0.3777378,0.2520327,0.33337943179028384,1330.1407601898577,580.0613841429454,0.002535461242657727
4315958.0,Rolador,43,Rio Grande do Sul,5,740,365,2.1716919,0.43433837999999997,0.3731039,0.14604844345900095,340.74815124557955,168.07172324950884,0.0014085895792542928
4316006.0,Rolante,43,Rio Grande do Sul,40,16578,7327,42.5783665,1.0644591625,0.57224075,1.237574728914498,389.3526540056439,172.08269368436197,0.011268716634034342
4316105.0,Ronda Alta,43,Rio Grande do Sul,26,7362,3225,12.762450099999999,0.49086346538461534,0.3017766,0.5254464267747013,576.8484846024982,252.69442581405278,0.007324665812122322
4316204.0,Rondinha,43,Rio Grande do Sul,3,2575,1082,2.6726115999999998,0.8908705333333332,0.6795124,0.5174294048206222,963.4770723886704,404.847453329919,0.0008451537475525756
4316303.0,Roque Gonzales,43,Rio Grande do Sul,7,3241,1459,3.5990045999999998,0.5141435142857143,0.6029996,0.1727331768710963,900.5267734306314,405.3898680763009,0.0019720254109560098
4316402.0,Rosário do Sul,43,Rio Grande do Sul,79,32656,13659,15.6098806,0.1975934253164557,0.1332273,0.23620715530744565,2092.0083142724357,875.022708373567,0.022255715352217823
4316428.0,Sagrada Família,43,Rio Grande do Sul,2,1099,501,1.0647841,0.53239205,0.53239205,0.5728029496766275,1032.134119959154,470.51792001777636,0.0005634358317017171
4316436.0,Saldanha Marinho,43,Rio Grande do Sul,5,1891,913,2.0108944,0.40217888,0.4415475,0.11134107300440389,940.3775752719783,454.0268250784327,0.0014085895792542928
4316451.0,Salto do Jacuí,43,Rio Grande do Sul,30,8788,4291,16.5188938,0.5506297933333334,0.189681,0.873023558244755,531.9968822609659,259.76315677990493,0.008451537475525756
4316477.0,Salvador das Missões,43,Rio Grande do Sul,4,1658,731,2.5655103,0.641377575,0.7243087,0.4370229053326944,646.2651894244977,284.9335666280505,0.0011268716634034342
4316501.0,Salvador do Sul,43,Rio Grande do Sul,13,4354,1954,3.487536,0.268272,0.2229583,0.16580203846712802,1248.4458941785833,560.2809548059146,0.003662332906061161
4316600.0,Sananduva,43,Rio Grande do Sul,17,12378,5745,10.6618061,0.6271650647058823,0.380445,0.5204107278518957,1160.966527050234,538.8392872761024,0.004789204569464595
4316709.0,Santa Bárbara do Sul,43,Rio Grande do Sul,18,6657,2984,6.8558603,0.3808811277777778,0.25265845,0.3135034372998631,970.9941143345643,435.24807528531466,0.005070922485315454
4316733.0,Santa Cecília do Sul,43,Rio Grande do Sul,1,678,262,1.9059574,1.9059574,1.9059574,0.0,355.7267334516501,137.46372295624238,0.00028171791585085854
4316758.0,Santa Clara do Sul,43,Rio Grande do Sul,11,4839,2028,10.4957598,0.9541599818181818,0.8595002,0.5745636739077016,461.04332532457533,193.2208852569206,0.0030988970743594437
4316808.0,Santa Cruz do Sul,43,Rio Grande do Sul,175,119959,54773,131.68925,0.7525099999999999,0.2164124,1.682011917052503,910.9247717638304,415.92612912595376,0.049300635273900245
4316907.0,Santa Maria,43,Rio Grande do Sul,423,261435,126891,145.9472973,0.34502907163120566,0.121713,0.7649906400742583,1791.29730276958,869.4302830368342,0.11916667840491316
4316956.0,Santa Maria do Herval,43,Rio Grande do Sul,7,2995,1361,9.8412744,1.4058963428571427,1.4994702,0.753285754464873,304.3305041875471,138.29509722846464,0.0019720254109560098
4316972.0,Santa Margarida do Sul,43,Rio Grande do Sul,3,588,281,2.4784001,0.8261333666666667,1.0770008,0.44479248394250476,237.24982903285067,113.37959516705959,0.0008451537475525756
4317004.0,Santana da Boa Vista,43,Rio Grande do Sul,8,3972,2354,3.983755,0.497969375,0.29735645,0.45440808126217425,997.0492663328945,590.8997917793639,0.0022537433268068684
4317103.0,Sant'Ana do Livramento,43,Rio Grande do Sul,154,76922,32879,39.0870171,0.25381179935064935,0.1363663,0.37553599909999896,1967.9680289545554,841.1744471542189,0.043384559041032215
4317202.0,Santa Rosa,43,Rio Grande do Sul,108,70764,30699,70.9404103,0.6568556509259259,0.2787611,0.9589031663591894,997.5132607881181,432.7434796356119,0.03042553491189272
4317251.0,Santa Tereza,43,Rio Grande do Sul,2,565,304,1.932572,0.966286,0.966286,0.34204706620709374,292.3565072866625,157.30332427459365,0.0005634358317017171
4317301.0,Santa Vitória do Palmar,43,Rio Grande do Sul,91,26988,18124,46.2226056,0.5079407208791209,0.1640375,1.0293999487759793,583.8701572461765,392.10251704200766,0.025636330342428126
4317400.0,Santiago,43,Rio Grande do Sul,75,45086,20204,32.0405177,0.4272069026666667,0.2410262,0.46511518383096156,1407.1557901200827,630.5765777311394,0.02112884368881439
4317509.0,Santo Ângelo,43,Rio Grande do Sul,133,72837,32457,69.08486189999999,0.5194350518796992,0.1734168,1.051700749810772,1054.3120156399996,469.813488908487,0.037468482808164186
4317558.0,Santo Antônio do Palma,43,Rio Grande do Sul,3,871,371,2.1018746999999998,0.7006248999999999,0.5225487,0.5353364058145494,414.3919711293923,176.50909447646904,0.0008451537475525756
4317608.0,Santo Antônio da Patrulha,43,Rio Grande do Sul,97,33018,16010,100.4205604,1.0352635092783504,0.3222485,1.4563933304880183,328.7972091420434,159.42950264595416,0.027326637837533276
4317707.0,Santo Antônio das Missões,43,Rio Grande do Sul,10,7045,3182,7.8891764,0.78891764,0.649199,0.4965125923219407,892.9956237256907,403.3374130156349,0.0028171791585085855
4317756.0,Santo Antônio do Planalto,43,Rio Grande do Sul,3,1573,702,6.1487185,2.0495728333333334,1.9656869,1.8386074873771436,255.82566513656462,114.1701315485495,0.0008451537475525756
4317806.0,Santo Augusto,43,Rio Grande do Sul,27,12032,5289,8.539367,0.3162728518518519,0.2899884,0.22439612213238405,1409.0037352885759,619.3667516573535,0.00760638372797318
4317905.0,Santo Cristo,43,Rio Grande do Sul,15,9418,3953,8.8258176,0.58838784,0.4265408,0.49890587145874066,1067.0966053048728,447.8905161149036,0.004225768737762878
4317954.0,Santo Expedito do Sul,43,Rio Grande do Sul,2,1127,519,1.9403352,0.9701676,0.9701676,0.324543344945602,580.827477644069,267.4795571404363,0.0005634358317017171
4318002.0,São Borja,43,Rio Grande do Sul,73,53657,21967,30.2062718,0.41378454520547947,0.2110842,0.5760419766724697,1776.3529493235906,727.233077469693,0.020565407857112673
4318051.0,São Domingos do Sul,43,Rio Grande do Sul,7,2019,874,4.9200659,0.7028665571428572,0.7669685,0.35941859902832823,410.3603571651347,177.6398970591024,0.0019720254109560098
4318101.0,São Francisco de Assis,43,Rio Grande do Sul,27,13157,6356,9.1628976,0.3393665777777778,0.2699456,0.23957674765989886,1435.8994910081717,693.6670338867477,0.00760638372797318
4318200.0,São Francisco de Paula,43,Rio Grande do Sul,28,15701,7816,24.5289321,0.8760332892857142,0.4509364,1.3195966210121524,640.1012459894249,318.64412067087096,0.007888101643824039
4318309.0,São Gabriel,43,Rio Grande do Sul,117,52743,23130,38.5596757,0.3295698777777778,0.1310935,0.6117621576316798,1367.8278938429974,599.8494432358517,0.03296099615455045
4318408.0,São Jerônimo,43,Rio Grande do Sul,35,16464,7708,26.1535801,0.7472451457142857,0.3762035,1.075117969661107,629.5122861592475,294.7206451479276,0.009860127054780048
4318424.0,São João da Urtiga,43,Rio Grande do Sul,4,2672,1236,2.6304414,0.65761035,0.61176275,0.12350999474192365,1015.799097444254,469.8831154345427,0.0011268716634034342
4318432.0,São João do Polêsine,43,Rio Grande do Sul,5,1634,709,2.2397297000000003,0.44794594000000004,0.5047004,0.19507152251740387,729.5523205322498,316.55605584906067,0.0014085895792542928
4318440.0,São Jorge,43,Rio Grande do Sul,4,1579,707,2.8023598,0.70058995,0.6010567,0.3425463185863823,563.4537006989609,252.28737580377793,0.0011268716634034342
4318457.0,São José das Missões,43,Rio Grande do Sul,1,970,441,2.2038962,2.2038962,2.2038962,0.0,440.12962134968063,200.10016805691666,0.00028171791585085854
4318465.0,São José do Herval,43,Rio Grande do Sul,5,828,395,2.6595723000000002,0.5319144600000001,0.2852018,0.5583921173802447,311.3282537947925,148.5201210736027,0.0014085895792542928
4318481.0,São José do Hortêncio,43,Rio Grande do Sul,4,2658,1138,4.4791675,1.119791875,1.0928646,0.22507223325796802,593.4138430857967,254.06506901114994,0.0011268716634034342
4318499.0,São José do Inhacorá,43,Rio Grande do Sul,2,1414,607,2.9601811000000002,1.4800905500000001,1.4800905500000001,1.5064386007054538,477.67347747744213,205.05502180255118,0.0005634358317017171
4318507.0,São José do Norte,43,Rio Grande do Sul,38,19313,10227,18.8329362,0.4956035842105263,0.11892865,0.849078583714991,1025.4906507886965,543.0379995658882,0.010705280802332625
4318606.0,São José do Ouro,43,Rio Grande do Sul,9,4436,2081,3.6714295,0.4079366111111111,0.424643,0.14254790101901224,1208.248721649156,566.8091951649895,0.002535461242657727
4318614.0,São José do Sul,43,Rio Grande do Sul,2,930,427,3.8043161999999997,1.9021580999999999,1.9021580999999999,0.7524130925561566,244.45917508118808,112.24093307491108,0.0005634358317017171
4318622.0,São José dos Ausentes,43,Rio Grande do Sul,8,2478,1071,3.2696917,0.4087114625,0.4176097,0.20921765471991083,757.869618104973,327.5538179945222,0.0022537433268068684
4318705.0,São Leopoldo,43,Rio Grande do Sul,431,216240,97687,70.4149734,0.1633758083526682,0.0848538,0.276142735123601,3070.9377502938887,1387.3043655797221,0.12142042173172003
4318804.0,São Lourenço do Sul,43,Rio Grande do Sul,43,25166,12559,19.1169352,0.44457988837209306,0.154544,0.6467912199558795,1316.4244025893856,656.9567699324523,0.012113870381586917
4318903.0,São Luiz Gonzaga,43,Rio Grande do Sul,54,31882,14014,28.7971329,0.5332802388888889,0.3194665,0.6753462622888645,1107.12410540009,486.6456688123976,0.01521276745594636
4319000.0,São Marcos,43,Rio Grande do Sul,49,18208,7977,19.3445822,0.3947873918367347,0.2436111,0.3899110209046876,941.2454511423875,412.3635195388195,0.013804177876692069
4319109.0,São Martinho,43,Rio Grande do Sul,12,3791,1778,2.9258096,0.24381746666666668,0.1958907,0.19513385101662592,1295.7097413310833,607.6950461848235,0.0033806149902103023
4319125.0,São Martinho da Serra,43,Rio Grande do Sul,1,1110,593,1.6979256,1.6979256,1.6979256,0.0,653.738891739426,349.24969621754923,0.00028171791585085854
4319158.0,São Miguel das Missões,43,Rio Grande do Sul,9,4166,2000,8.0111714,0.8901301555555556,0.6323048,0.6298986311630689,520.0238257291561,249.6513805708863,0.002535461242657727
4319208.0,São Nicolau,43,Rio Grande do Sul,8,3694,1848,6.4784679,0.8098084875,0.7145597499999999,0.49414436643615006,570.1965429202791,285.25262894333395,0.0022537433268068684
4319307.0,São Paulo das Missões,43,Rio Grande do Sul,6,2350,1069,2.6533592,0.44222653333333334,0.3328157,0.2732874852930493,885.669757792311,402.8855196085023,0.0016903074951051512
4319356.0,São Pedro da Serra,43,Rio Grande do Sul,10,2318,979,3.484836,0.3484836,0.31454194999999996,0.18372492486867426,665.1676004265337,280.931441250033,0.0028171791585085855
4319364.0,São Pedro das Missões,43,Rio Grande do Sul,1,559,247,0.8023963,0.8023963,0.8023963,0.0,696.6632323703387,307.82793988456825,0.00028171791585085854
4319372.0,São Pedro do Butiá,43,Rio Grande do Sul,3,1578,671,1.7454505999999999,0.5818168666666667,0.6781417,0.3525223248086897,904.0645435625621,384.4279523006839,0.0008451537475525756
4319406.0,São Pedro do Sul,43,Rio Grande do Sul,37,11766,5636,19.5775874,0.5291239837837838,0.2733255,0.6903966213379215,600.9933583542577,287.8802114299334,0.010423562886481766
4319505.0,São Sebastião do Caí,43,Rio Grande do Sul,51,20850,9616,30.2846272,0.5938162196078431,0.3457538,0.5715399653656531,688.468108334515,317.52083116281517,0.014367613708393786
4319604.0,São Sepé,43,Rio Grande do Sul,63,17634,8470,22.0199877,0.3495236142857143,0.1104695,0.6526619431752368,800.8178860154403,384.6505327521141,0.01774822869860409
4319703.0,São Valentim,43,Rio Grande do Sul,3,1882,885,3.6850718,1.2283572666666667,1.086218,0.36530989980411605,510.7091807546328,240.1581429159671,0.0008451537475525756
4319711.0,São Valentim do Sul,43,Rio Grande do Sul,4,967,513,3.0707573,0.767689325,0.69389665,0.6946816171843251,314.9060331143722,167.05976730886547,0.0011268716634034342
4319737.0,São Valério do Sul,43,Rio Grande do Sul,1,518,239,1.5000887,1.5000887,1.5000887,0.0,345.3129138296955,159.32391197933828,0.00028171791585085854
4319752.0,São Vendelino,43,Rio Grande do Sul,2,1510,657,4.641042499999999,2.3205212499999996,2.3205212499999996,0.599927424381587,325.3579341279465,141.56302167023898,0.0005634358317017171
4319802.0,São Vicente do Sul,43,Rio Grande do Sul,13,5907,2911,8.0348393,0.6180645615384616,0.5269678,0.4636725880131466,735.1733842393089,362.2972272762195,0.003662332906061161
4319901.0,Sapiranga,43,Rio Grande do Sul,175,73016,30912,36.6535317,0.2094487525714286,0.1274851,0.28886327679851265,1992.0590626196056,843.3566580434048,0.049300635273900245
4320008.0,Sapucaia do Sul,43,Rio Grande do Sul,273,131667,57150,47.5540164,0.17419053626373626,0.0767629,0.33400514681199894,2768.7882111257377,1201.791232927278,0.07690899102728438
4320107.0,Sarandi,43,Rio Grande do Sul,37,20826,8647,14.2133495,0.38414458108108107,0.2516311,0.43234641138317864,1465.2422358290705,608.3717282826261,0.010423562886481766
4320206.0,Seberi,43,Rio Grande do Sul,12,7067,3180,3.9409094,0.32840911666666667,0.2737627,0.13266415173246404,1793.2409204839878,806.9203519370428,0.0033806149902103023
4320230.0,Sede Nova,43,Rio Grande do Sul,5,1565,701,1.3578769,0.27157538,0.2880979,0.11183438768932838,1152.5345191452923,516.2470913232268,0.0014085895792542928
4320263.0,Segredo,43,Rio Grande do Sul,7,1901,862,3.4211501,0.4887357285714286,0.488712,0.36333334819350904,555.6610918649842,251.96205217654727,0.0019720254109560098
4320305.0,Selbach,43,Rio Grande do Sul,15,3895,1644,5.2522478,0.3501498533333333,0.2633304,0.48670483038198364,741.5872495581797,313.00884166204037,0.004225768737762878
4320321.0,Senador Salgado Filho,43,Rio Grande do Sul,3,1050,494,2.3320902,0.7773634,0.6532586,0.5964979575014234,450.2398749413723,211.82714116289327,0.0008451537475525756
4320354.0,Sentinela do Sul,43,Rio Grande do Sul,2,1380,708,1.4888826,0.7444413,0.7444413,0.2246786542386259,926.869586628254,475.52439661797376,0.0005634358317017171
4320404.0,Serafina Corrêa,43,Rio Grande do Sul,51,15054,6095,18.5748666,0.3642130705882353,0.1918061,0.3926945798545691,810.4499657617998,328.13156246301116,0.014367613708393786
4320453.0,Sério,43,Rio Grande do Sul,1,629,287,1.0848479,1.0848479,1.0848479,0.0,579.8047818500639,264.55321524796244,0.00028171791585085854
4320503.0,Sertão,43,Rio Grande do Sul,8,3292,1726,6.7897387,0.8487173375,0.28269405000000003,1.516021581929642,484.84929177024145,254.20713171185807,0.0022537433268068684
4320552.0,Sertão Santana,43,Rio Grande do Sul,2,1532,773,3.4240589999999997,1.7120294999999999,1.7120294999999999,0.4984100129949439,447.42219687219176,225.7554557325093,0.0005634358317017171
4320578.0,Sete de Setembro,43,Rio Grande do Sul,1,569,258,0.7848709,0.7848709,0.7848709,0.0,724.9599902353367,328.71648063394883,0.00028171791585085854
4320602.0,Severiano de Almeida,43,Rio Grande do Sul,6,1580,807,2.1996237,0.36660395,0.3684441,0.22171900513444262,718.3046809324704,366.8809351344959,0.0016903074951051512
4320651.0,Silveira Martins,43,Rio Grande do Sul,1,978,461,1.2850872,1.2850872,1.2850872,0.0,761.0378501941346,358.7305203880328,0.00028171791585085854
4320677.0,Sinimbu,43,Rio Grande do Sul,2,1340,628,3.1946584,1.5973292,1.5973292,0.07325484831736392,419.45016719158457,196.5781380569516,0.0005634358317017171
4320701.0,Sobradinho,43,Rio Grande do Sul,27,11744,5330,12.7511224,0.4722637925925926,0.2205004,0.8826228752571154,921.0169608284837,418.0024183596575,0.00760638372797318
4320800.0,Soledade,43,Rio Grande do Sul,49,26152,11522,28.6835226,0.5853780122448979,0.3022467,0.7462015186837722,911.7429670231647,401.6940373983215,0.013804177876692069
4320859.0,Tabaí,43,Rio Grande do Sul,3,1557,726,3.872815,1.2909383333333333,1.2612019,0.26006484156602816,402.0331464322463,187.46054226705897,0.0008451537475525756
4320909.0,Tapejara,43,Rio Grande do Sul,32,22681,9319,20.7485398,0.64839186875,0.18652635,0.8632407441015103,1093.1371662115712,449.1400402065884,0.009014973307227473
4321006.0,Tapera,43,Rio Grande do Sul,37,9206,3906,12.420440000000001,0.33568756756756757,0.1161708,0.6401307449913303,741.1975743210385,314.4816125676707,0.010423562886481766
4321105.0,Tapes,43,Rio Grande do Sul,34,13475,7846,11.4151722,0.33574035882352943,0.17651830000000002,0.45198637105457207,1180.4464938338817,687.3308490256502,0.00957840913892919
4321204.0,Taquara,43,Rio Grande do Sul,113,43870,20351,60.3175858,0.5337839451327434,0.1541612,0.9456925144159103,727.3169079655041,337.39745598372406,0.03183412449114702
4321303.0,Taquari,43,Rio Grande do Sul,41,22009,10208,24.4935237,0.5974030170731708,0.3707407,0.6457452737509508,898.5640559345081,416.7632279058321,0.0115504345498852
4321329.0,Taquaruçu do Sul,43,Rio Grande do Sul,4,1528,649,2.137556,0.534389,0.53823875,0.4366914871808625,714.8350733267339,303.6177765635146,0.0011268716634034342
4321352.0,Tavares,43,Rio Grande do Sul,6,3552,1807,3.2870729,0.5478454833333334,0.5641384,0.26733289220237316,1080.5966609380644,549.7292134896065,0.0016903074951051512
4321402.0,Tenente Portela,43,Rio Grande do Sul,19,9818,4300,13.2821362,0.6990598,0.3092951,0.8838045264611833,739.1883242395903,323.74310391426343,0.0053526404011663125
4321436.0,Terra de Areia,43,Rio Grande do Sul,24,8636,5158,23.473596699999998,0.9780665291666666,0.73400925,0.8002206878225914,367.902716842707,219.73624519160288,0.006761229980420605
4321451.0,Teutônia,43,Rio Grande do Sul,49,29487,12713,34.6374898,0.7068875469387754,0.5234661,0.5795770465123379,851.3030294706865,367.0300611680007,0.013804177876692069
4321469.0,Tio Hugo,43,Rio Grande do Sul,2,1800,781,8.0294505,4.01472525,4.01472525,0.7229911572084439,224.17474271745,97.26693003462691,0.0005634358317017171
4321477.0,Tiradentes do Sul,43,Rio Grande do Sul,9,2031,975,3.7383774,0.4153752666666667,0.2915435,0.38494929624751234,543.2838321780995,260.8083389333565,0.002535461242657727
4321493.0,Toropi,43,Rio Grande do Sul,2,834,410,2.0277135,1.01385675,1.01385675,1.2554675950219683,411.30070890192326,202.1981902275642,0.0005634358317017171
4321501.0,Torres,43,Rio Grande do Sul,84,40437,31343,76.1222275,0.906216994047619,0.2177963,1.5170565762298283,531.2114651400605,411.7457020027429,0.023664304931472115
4321600.0,Tramandaí,43,Rio Grande do Sul,142,54094,49052,54.3134697,0.3824892232394366,0.1407803,1.1736196983276235,995.9592030998529,903.127718979073,0.04000394405082191
4321626.0,Travesseiro,43,Rio Grande do Sul,2,890,427,3.1533222,1.5766611,1.5766611,0.1353242573058504,282.2420112984331,135.4127402521696,0.0005634358317017171
4321634.0,Três Arroios,43,Rio Grande do Sul,3,1209,602,1.5637159,0.5212386333333333,0.6313604,0.2268163025387358,773.1583467303748,384.9804174786481,0.0008451537475525756
4321667.0,Três Cachoeiras,43,Rio Grande do Sul,22,8182,3447,12.5125687,0.5687531227272727,0.31200495,0.6522709228853801,653.9025036481918,275.4830029424734,0.006197794148718887
4321709.0,Três Coroas,43,Rio Grande do Sul,49,21471,9088,15.5448899,0.31724265102040816,0.2823726,0.2258069863770422,1381.2256077799561,584.6294221742928,0.013804177876692069
4321808.0,Três de Maio,43,Rio Grande do Sul,40,20954,9198,17.135251,0.428381275,0.2065833,0.5866191876034247,1222.8592391205707,536.7881684371008,0.011268716634034342
4321832.0,Três Forquilhas,43,Rio Grande do Sul,1,492,242,2.221364,2.221364,2.221364,0.0,221.4855377146654,108.94207342875819,0.00028171791585085854
4321857.0,Três Palmeiras,43,Rio Grande do Sul,6,2645,1171,3.3221116,0.5536852666666666,0.6018896499999999,0.20016603138711292,796.1803570957701,352.4866533682974,0.0016903074951051512
4321907.0,Três Passos,43,Rio Grande do Sul,55,20921,9122,14.1177823,0.2566869509090909,0.1671582,0.26594715327268736,1481.8899707782007,646.1354769580205,0.01549448537179722
4321956.0,Trindade do Sul,43,Rio Grande do Sul,4,4769,2056,3.2818869,0.820471725,0.8554523,0.18095035048698435,1453.1274676162668,626.4688767915799,0.0011268716634034342
4322004.0,Triunfo,43,Rio Grande do Sul,30,17755,8067,71.1298838,2.370996126666667,0.9659082,5.113890560624101,249.6137917211106,113.41224769440717,0.008451537475525756
4322103.0,Tucunduva,43,Rio Grande do Sul,6,4115,1885,4.453398,0.742233,0.7570743,0.2818525682892955,924.0135285460675,423.27229679449266,0.0016903074951051512
4322152.0,Tunas,43,Rio Grande do Sul,7,1303,597,2.5391507,0.3627358142857143,0.3598215,0.14755105197715387,513.1637125752324,235.11798649839886,0.0019720254109560098
4322186.0,Tupanci do Sul,43,Rio Grande do Sul,2,553,274,1.8266698,0.9133349,0.9133349,1.2061010058041077,302.73670698448075,149.9997427011713,0.0005634358317017171
4322202.0,Tupanciretã,43,Rio Grande do Sul,63,16758,7803,16.3960327,0.2602544873015873,0.1251737,0.3403552122190724,1022.0765173272679,475.9078090884754,0.01774822869860409
4322251.0,Tupandi,43,Rio Grande do Sul,11,3671,1541,7.9681804000000005,0.7243800363636365,0.7225761,0.24022556989247534,460.7074408104515,193.39421582372808,0.0030988970743594437
4322301.0,Tuparendi,43,Rio Grande do Sul,10,5766,2576,4.6566996,0.46566995999999994,0.4556814,0.18521239369640946,1238.2160103262836,553.1814850156966,0.0028171791585085855
4322327.0,Turuçu,43,Rio Grande do Sul,2,1598,729,4.5254784,2.2627392,2.2627392,0.0508404118818877,353.11183896049533,161.08794155331734,0.0005634358317017171
4322343.0,Ubiretama,43,Rio Grande do Sul,1,535,241,1.4760269,1.4760269,1.4760269,0.0,362.45951886107224,163.27615709442694,0.00028171791585085854
4322350.0,União da Serra,43,Rio Grande do Sul,3,313,149,1.7419441,0.5806480333333334,0.5850611,0.2580430037496528,179.68429641341532,85.53661394760027,0.0008451537475525756
4322376.0,Unistalda,43,Rio Grande do Sul,4,875,405,1.2997731,0.324943275,0.32990845,0.09279168105375879,673.1944213955497,311.5928464745116,0.0011268716634034342
4322400.0,Uruguaiana,43,Rio Grande do Sul,152,111272,43593,64.3727228,0.42350475526315795,0.1256804,0.99988443001442,1728.5582333640234,677.1967706793971,0.0428211232093305
4322509.0,Vacaria,43,Rio Grande do Sul,149,59662,25018,23.9491841,0.16073277919463086,0.1153402,0.20744266554934057,2491.191338747945,1044.628489034831,0.04197596946177792
4322525.0,Vale Verde,43,Rio Grande do Sul,3,969,734,4.2141838,1.4047279333333333,1.1352867,0.8697642789529031,229.93776398646875,174.17370357695364,0.0008451537475525756
4322533.0,Vale do Sol,43,Rio Grande do Sul,5,1392,618,6.577269899999999,1.3154539799999998,0.3474034,1.4769188740785517,211.63796243179866,93.9599574589451,0.0014085895792542928
4322541.0,Vale Real,43,Rio Grande do Sul,13,5470,2345,14.691198,1.130092153846154,0.9635257,0.9021535537136565,372.3317866929572,159.61938570292224,0.003662332906061161
4322558.0,Vanini,43,Rio Grande do Sul,2,1313,596,1.3178882,0.6589441,0.6589441,0.19139853216072478,996.2908841584589,452.23866485791433,0.0005634358317017171
4322608.0,Venâncio Aires,43,Rio Grande do Sul,95,46383,21196,43.1913486,0.4546457747368421,0.2256566,0.6999048242301906,1073.8956180682908,490.7464269360647,0.02676320200583156
4322707.0,Vera Cruz,43,Rio Grande do Sul,41,15862,6661,13.3011638,0.3244186292682927,0.1986552,0.3536513108737045,1192.5272283317045,500.7832472523946,0.0115504345498852
4322806.0,Veranópolis,43,Rio Grande do Sul,54,20814,9490,16.854053,0.3121120925925926,0.11946395,0.388959168599369,1234.9551766569145,563.0693103908003,0.01521276745594636
4322855.0,Vespasiano Corrêa,43,Rio Grande do Sul,1,522,251,1.520798,1.520798,1.520798,0.0,343.24085118470697,165.04493035892997,0.00028171791585085854
4322905.0,Viadutos,43,Rio Grande do Sul,4,2890,1366,6.0914067,1.522851675,0.7847833,1.7117555179848465,474.4388517023498,224.25033613335978,0.0011268716634034342
4323002.0,Viamão,43,Rio Grande do Sul,371,213922,99790,223.8561125,0.6033857479784367,0.1402299,1.266156111498706,955.6227775553817,445.7774187425863,0.10451734678066851
4323101.0,Vicente Dutra,43,Rio Grande do Sul,13,2400,1331,3.0830267,0.2371559,0.2330617,0.17603569278743353,778.4557947551995,431.7186095079877,0.003662332906061161
4323200.0,Victor Graeff,43,Rio Grande do Sul,6,1581,710,1.674032,0.2790053333333333,0.26628235,0.21527452143348194,944.4263908933641,424.12570369025207,0.0016903074951051512
4323309.0,Vila Flores,43,Rio Grande do Sul,10,2334,1054,7.4304582,0.7430458200000001,0.26679015,1.151744248148578,314.1125267348923,141.8485874801099,0.0028171791585085855
4323358.0,Vila Lângaro,43,Rio Grande do Sul,2,631,275,1.5738717,0.78693585,0.78693585,1.1032564964105334,400.9221336148302,174.7283466625647,0.0005634358317017171
4323408.0,Vila Maria,43,Rio Grande do Sul,11,2795,1215,3.9637203,0.3603382090909091,0.2850083,0.2879352635262359,705.1456178681427,306.5302059784592,0.0030988970743594437
4323457.0,Vila Nova do Sul,43,Rio Grande do Sul,3,2329,1147,3.3152396,1.1050798666666666,0.867408,0.8980161499105145,702.5133266385935,345.97801015649065,0.0008451537475525756
4323507.0,Vista Alegre,43,Rio Grande do Sul,5,1318,605,2.4783741,0.49567481999999996,0.4262825,0.48671122975211084,531.8002637293539,244.11165368456685,0.0014085895792542928
4323606.0,Vista Alegre do Prata,43,Rio Grande do Sul,2,543,244,1.2061318,0.6030659,0.6030659,0.4682701521322921,450.1995553056473,202.2996160121141,0.0005634358317017171
4323705.0,Vista Gaúcha,43,Rio Grande do Sul,3,1154,562,1.6788834,0.5596278,0.1200921,0.8044875566197962,687.3616118903791,334.74629625857284,0.0008451537475525756
4323754.0,Vitória das Missões,43,Rio Grande do Sul,3,1043,481,2.4026835,0.8008945000000001,0.2734838,1.0358162839515848,434.09795755454263,200.19282606302494,0.0008451537475525756
4323770.0,Westfália,43,Rio Grande do Sul,5,1703,717,5.2603499000000005,1.0520699800000002,0.6612305,0.7326701918695459,323.7427228937755,136.3027200909202,0.0014085895792542928
4323804.0,Xangri-lá,43,Rio Grande do Sul,49,16431,23029,26.0621909,0.5318814469387755,0.3761801,0.4714397633734382,630.4535203139809,883.6171942858418,0.013804177876692069
5000203.0,Água Clara,50,Mato Grosso do Sul,27,13750,5575,7.5120307,0.2782233592592593,0.1793943,0.25155005054171664,1830.3972053788332,742.142866908145,0.00760638372797318
5000252.0,Alcinópolis,50,Mato Grosso do Sul,6,2953,1518,3.0797698,0.5132949666666666,0.3358782,0.35763677813963524,958.8378975597462,492.8939818813731,0.0016903074951051512
5000609.0,Amambai,50,Mato Grosso do Sul,55,25429,10246,16.3417344,0.29712244363636364,0.2118247,0.3242971843636378,1556.0771811344578,626.9836327776811,0.01549448537179722
5000708.0,Anastácio,50,Mato Grosso do Sul,37,20861,8524,9.8347274,0.26580344324324323,0.2211064,0.16098602931470402,2121.156911781815,866.7245825237617,0.010423562886481766
5000807.0,Anaurilândia,50,Mato Grosso do Sul,12,4537,2182,2.3886607,0.19905505833333334,0.16828225,0.11171545528249607,1899.3907338953582,913.4826055454423,0.0033806149902103023
5000856.0,Angélica,50,Mato Grosso do Sul,23,8497,3824,5.1016429,0.22181056086956522,0.2506768,0.14414188200154715,1665.5418982775138,749.5624595755222,0.006479512064569746
5000906.0,Antônio João,50,Mato Grosso do Sul,18,7184,2961,4.4366825,0.2464823611111111,0.16908194999999998,0.28278303144903727,1619.227880291186,667.3905558939591,0.005070922485315454
5001003.0,Aparecida do Taboado,50,Mato Grosso do Sul,48,24984,11271,12.7607675,0.2658493229166667,0.16204915,0.3055624460975288,1957.8759663162894,883.254083267327,0.01352245996084121
5001102.0,Aquidauana,50,Mato Grosso do Sul,79,36899,16026,34.0904903,0.43152519367088604,0.2329357,0.8069453876765333,1082.3839632485426,470.1017749809248,0.022255715352217823
5001243.0,Aral Moreira,50,Mato Grosso do Sul,9,5919,2010,1.8126887,0.20140985555555557,0.1978694,0.1160540704190089,3265.3152193203387,1108.8500744777632,0.002535461242657727
5001508.0,Bandeirantes,50,Mato Grosso do Sul,12,5641,2545,4.6500591,0.387504925,0.34064795000000003,0.20707833365664102,1213.1028614238473,547.3048718886175,0.0033806149902103023
5001904.0,Bataguassu,50,Mato Grosso do Sul,40,20556,8731,9.279709,0.231992725,0.17160725,0.2940053193930234,2215.155669213334,940.8700208163855,0.011268716634034342
5002001.0,Batayporã,50,Mato Grosso do Sul,19,8495,3597,4.5744464,0.24076033684210527,0.1269108,0.22415544057625184,1857.0553149338464,786.3246577771683,0.0053526404011663125
5002100.0,Bela Vista,50,Mato Grosso do Sul,36,17600,6949,31.8272652,0.8840907,0.30012914999999996,1.773437725259343,552.984992251235,218.33481313374045,0.010141844970630908
5002159.0,Bodoquena,50,Mato Grosso do Sul,12,6216,2610,4.1977794,0.34981495,0.27869095,0.16110497231739365,1480.7829110791292,621.7573033971247,0.0033806149902103023
5002209.0,Bonito,50,Mato Grosso do Sul,37,19503,8655,11.8903935,0.3213619864864865,0.2295702,0.23354138079242112,1640.2316710544526,727.8985342242879,0.010423562886481766
5002308.0,Brasilândia,50,Mato Grosso do Sul,22,8108,4158,6.262777,0.2846716818181818,0.16432575,0.26404541595387143,1294.6333551394214,663.9227294856579,0.006197794148718887
5002407.0,Caarapó,50,Mato Grosso do Sul,42,23455,8962,11.020137,0.2623842142857143,0.22878505,0.16824209851105693,2128.376443958909,813.2385287043164,0.011832152465736058
5002605.0,Camapuã,50,Mato Grosso do Sul,23,10626,5082,11.387866299999999,0.4951246217391304,0.3442656,0.38162024089629876,933.0984154599709,446.26445956781214,0.006479512064569746
5002704.0,Campo Grande,50,Mato Grosso do Sul,1621,886582,386059,367.8820287,0.22694758093769277,0.1182462,0.6454014347856155,2409.962789247824,1049.409783250986,0.4566647415942417
5002803.0,Caracol,50,Mato Grosso do Sul,8,3328,1387,2.8454664,0.3556833,0.26018135,0.2974727261969454,1169.5797919103877,487.4420587078449,0.0022537433268068684
5002902.0,Cassilândia,50,Mato Grosso do Sul,43,18925,8976,11.2402375,0.26140087209302326,0.1623997,0.3512629575796908,1683.6832851619017,798.5596389756,0.012113870381586917
5002951.0,Chapadão do Sul,50,Mato Grosso do Sul,62,28717,11665,15.0665758,0.24300928709677422,0.1273486,0.34935556081896835,1906.0070702992778,774.2303330793982,0.017466510782753228
5003108.0,Corguinho,50,Mato Grosso do Sul,6,1871,1214,2.8646498,0.47744163333333334,0.40406945,0.25734079804235216,653.1339363017427,423.7865305560212,0.0016903074951051512
5003157.0,Coronel Sapucaia,50,Mato Grosso do Sul,19,9793,3513,6.826345,0.3592813157894737,0.2079055,0.6526146690509401,1434.5890809796458,514.6238580089345,0.0053526404011663125
5003207.0,Corumbá,50,Mato Grosso do Sul,138,88969,33418,36.297696099999996,0.2630267833333333,0.1652749,0.42018975524013813,2451.0922058218457,920.6644936343496,0.03887707238741848
5003256.0,Costa Rica,50,Mato Grosso do Sul,45,23435,9750,15.4369929,0.34304428666666664,0.2107191,0.41696662346456986,1518.1065478108758,631.5996945234068,0.012677306213288634
5003306.0,Coxim,50,Mato Grosso do Sul,65,29230,13890,27.773664,0.4272871384615385,0.2099732,0.6817877129382499,1052.4358615413507,500.1140648925543,0.018311664530305805
5003454.0,Deodápolis,50,Mato Grosso do Sul,23,12060,5274,7.3391597,0.3190939,0.2210603,0.2418102237841222,1643.2398929812089,718.6108785723794,0.006479512064569746
5003488.0,Dois Irmãos do Buriti,50,Mato Grosso do Sul,11,5615,2773,6.2381591,0.5671053727272727,0.3943202,0.4432846502311558,900.1052890747849,444.5221668039855,0.0030988970743594437
5003504.0,Douradina,50,Mato Grosso do Sul,8,3635,1525,3.2773965,0.4096745625,0.41004255,0.23728753072990785,1109.1120650186817,465.3083629032984,0.0022537433268068684
5003702.0,Dourados,50,Mato Grosso do Sul,450,228516,96858,151.0874698,0.3357499328888889,0.1360977,0.9137631439056612,1512.4748617638177,641.0723544991154,0.12677306213288633
5003751.0,Eldorado,50,Mato Grosso do Sul,18,9583,4248,7.3071752,0.40595417777777776,0.25062125,0.6244198643605284,1311.4506957490223,581.346400453078,0.005070922485315454
5003801.0,Fátima do Sul,50,Mato Grosso do Sul,38,19230,8552,13.835353,0.36408823684210523,0.22273945,0.3662898686116108,1389.917553964832,618.126620983216,0.010705280802332625
5003900.0,Figueirão,50,Mato Grosso do Sul,4,1886,998,1.8029077999999998,0.45072694999999996,0.39980355,0.12648963214647274,1046.0878809221415,553.5502148251841,0.0011268716634034342
5004007.0,Glória de Dourados,50,Mato Grosso do Sul,17,8450,3631,4.5485741,0.2675631823529412,0.2278432,0.11278886170091905,1857.7250395898795,798.2721442308701,0.004789204569464595
5004106.0,Guia Lopes da Laguna,50,Mato Grosso do Sul,18,8620,3953,9.5578331,0.5309907277777778,0.39997155,0.5407597833867845,901.8780627169563,413.58746890024685,0.005070922485315454
5004304.0,Iguatemi,50,Mato Grosso do Sul,21,10419,4523,5.630333,0.26811109523809523,0.2204705,0.13728070992982033,1850.5122165953594,803.3272632364728,0.005916076232868029
5004403.0,Inocência,50,Mato Grosso do Sul,13,5739,2524,3.6668767000000004,0.2820674384615385,0.2462796,0.2593898498590926,1565.0921668568783,688.3242079015091,0.003662332906061161
5004502.0,Itaporã,50,Mato Grosso do Sul,31,15375,6111,13.1788524,0.42512427096774197,0.2213805,0.41713374288133626,1166.6417934842339,463.6974308931482,0.008733255391376614
5004601.0,Itaquiraí,50,Mato Grosso do Sul,21,10246,4136,6.0488299,0.28803951904761904,0.1483383,0.3353801821865308,1693.8813240557483,683.7686078757149,0.005916076232868029
5004700.0,Ivinhema,50,Mato Grosso do Sul,49,23589,9819,14.1271583,0.28830935306122446,0.1898936,0.3305898353418692,1669.7625593959685,695.0442397180472,0.013804177876692069
5004809.0,Japorã,50,Mato Grosso do Sul,3,1920,818,1.4049812,0.4683270666666666,0.5339296,0.12505161944354554,1366.5663284320103,582.2141961757211,0.0008451537475525756
5004908.0,Jaraguari,50,Mato Grosso do Sul,8,2532,1259,4.5947515,0.5743439375,0.35578545,0.41175420545239627,551.0635341214862,274.0082896757311,0.0022537433268068684
5005004.0,Jardim,50,Mato Grosso do Sul,41,22517,9406,17.2418559,0.4205330707317073,0.2908747,0.39425782141764687,1305.9499006716555,545.5329202699113,0.0115504345498852
5005103.0,Jateí,50,Mato Grosso do Sul,5,1969,831,1.2516333,0.25032666,0.2640426,0.09658564037370151,1573.1444665142737,663.9324792652928,0.0014085895792542928
5005152.0,Juti,50,Mato Grosso do Sul,10,4919,2174,3.8563633,0.38563632999999997,0.37139055,0.17782047809475995,1275.5540952274907,563.7435663802734,0.0028171791585085855
5005202.0,Ladário,50,Mato Grosso do Sul,26,20929,6899,7.2598413,0.2792246653846154,0.23896485,0.15770065416475595,2882.845386716649,950.2962550985791,0.007324665812122322
5005251.0,Laguna Carapã,50,Mato Grosso do Sul,7,3388,1286,1.6380355,0.23400507142857144,0.2498715,0.09988634175706432,2068.331241905319,785.0867700974735,0.0019720254109560098
5005400.0,Maracaju,50,Mato Grosso do Sul,68,41041,15203,21.8176857,0.32084831911764705,0.19291545,0.4090468009427201,1881.0886069368944,696.8200114827029,0.01915681827785838
5005608.0,Miranda,50,Mato Grosso do Sul,28,14461,5920,10.1863424,0.36379794285714284,0.28605235,0.2644654847653063,1419.6459761651054,581.1703325425228,0.007888101643824039
5005681.0,Mundo Novo,50,Mato Grosso do Sul,34,16893,7157,10.334271,0.30394914705882353,0.21397845,0.3206269696269249,1634.658119571279,692.5500598929524,0.00957840913892919
5005707.0,Naviraí,50,Mato Grosso do Sul,121,47442,20989,20.0432772,0.16564691900826445,0.1199663,0.1343348023523337,2366.9781905725476,1047.1840403424646,0.034087867817953886
5005806.0,Nioaque,50,Mato Grosso do Sul,19,7244,3214,13.9766187,0.7356115105263158,0.6427272,0.6299748789416235,518.2941708211587,229.95547556863664,0.0053526404011663125
5006002.0,Nova Alvorada do Sul,50,Mato Grosso do Sul,39,18355,7464,11.406559,0.2924758717948718,0.1577573,0.491941314875133,1609.1618865952476,654.3603553008405,0.010986998718183483
5006200.0,Nova Andradina,50,Mato Grosso do Sul,98,42501,17773,25.6186617,0.26141491530612243,0.12777985,0.41087237665984366,1658.9859571001712,693.7520861989445,0.027608355753384137
5006259.0,Novo Horizonte do Sul,50,Mato Grosso do Sul,7,3175,1474,1.2215775,0.17451107142857142,0.152915,0.09509475187996644,2599.098297078982,1206.6365007541478,0.0019720254109560098
5006275.0,Paraíso das Águas,50,Mato Grosso do Sul,7,2993,1364,2.638191,0.37688442857142856,0.3150998,0.1984103368075843,1134.4895043611323,517.0209435177362,0.0019720254109560098
5006309.0,Paranaíba,50,Mato Grosso do Sul,82,37101,16997,28.1230957,0.3429645817073171,0.16715950000000002,0.6072877032846487,1319.2359900834103,604.378699319364,0.0231008690997704
5006358.0,Paranhos,50,Mato Grosso do Sul,11,6148,2182,4.8667425,0.44243113636363635,0.2022621,0.6242471896466996,1263.2679867488366,448.3491781206834,0.0030988970743594437
5006408.0,Pedro Gomes,50,Mato Grosso do Sul,12,5363,2742,5.9754294,0.49795245000000005,0.3141061,0.5205135521870728,897.5087212979204,458.87915603186605,0.0033806149902103023
5006606.0,Ponta Porã,50,Mato Grosso do Sul,150,79687,31925,50.6610673,0.33774044866666664,0.20398875,0.44739928326058065,1572.943568837919,630.1683265168793,0.04225768737762878
5006903.0,Porto Murtinho,50,Mato Grosso do Sul,14,8455,3333,7.2676234,0.5191159571428571,0.3199018,0.3747881410961926,1163.378938980245,458.6093440119641,0.0039440508219120195
5007109.0,Ribas do Rio Pardo,50,Mato Grosso do Sul,35,18146,7186,27.9775639,0.7993589685714285,0.2162372,2.528676907214057,648.5911377008775,256.8486672279569,0.009860127054780048
5007208.0,Rio Brilhante,50,Mato Grosso do Sul,59,33552,12602,19.3352101,0.32771542542372883,0.1686652,0.5083691691156437,1735.2798250689812,651.764316747714,0.016621357035200655
5007307.0,Rio Negro,50,Mato Grosso do Sul,8,3527,1722,2.3019344,0.2877418,0.2744805,0.12495908957533718,1532.1896227798672,748.066495726377,0.0022537433268068684
5007406.0,Rio Verde de Mato Grosso,50,Mato Grosso do Sul,33,16878,7625,13.0105688,0.3942596606060606,0.2751441,0.4787588326997875,1297.253045539408,586.0620021470545,0.009296691223078331
5007505.0,Rochedo,50,Mato Grosso do Sul,8,3590,1644,2.4697137000000002,0.30871421250000003,0.16126754999999998,0.24881304484470973,1453.6097848102797,665.6642022919498,0.0022537433268068684
5007554.0,Santa Rita do Pardo,50,Mato Grosso do Sul,7,3638,1749,2.6853026,0.38361465714285714,0.3386455,0.13606339810395812,1354.7821388919074,651.3232437938279,0.0019720254109560098
5007695.0,São Gabriel do Oeste,50,Mato Grosso do Sul,58,27078,10910,18.6006746,0.3207012862068966,0.17457630000000002,0.5328272087406094,1455.7536531497626,586.5378667502737,0.016339639119349793
5007703.0,Sete Quedas,50,Mato Grosso do Sul,14,8852,3140,7.1558413000000005,0.5111315214285714,0.24591445,0.9615676746358308,1237.031346684561,438.8023529811931,0.0039440508219120195
5007802.0,Selvíria,50,Mato Grosso do Sul,15,6238,2861,7.0961083,0.47307388666666667,0.293317,0.3879284842499763,879.0733929469482,403.1787395353027,0.004225768737762878
5007901.0,Sidrolândia,50,Mato Grosso do Sul,59,32436,12617,18.2586814,0.3094691762711865,0.1659638,0.5462930041270471,1776.470013875153,691.0137552430265,0.016621357035200655
5007935.0,Sonora,50,Mato Grosso do Sul,28,13277,5897,6.2639312,0.22371182857142857,0.1178136,0.3295181631972692,2119.595438723848,941.4215788321558,0.007888101643824039
5007950.0,Tacuru,50,Mato Grosso do Sul,7,3828,1565,2.0957334,0.29939048571428567,0.2988871,0.15899839106558517,1826.5682075783113,746.7552886259293,0.0019720254109560098
5007976.0,Taquarussu,50,Mato Grosso do Sul,7,2739,1240,1.1818004,0.16882862857142858,0.1739109,0.07066057572179633,2317.650256337703,1049.2465563558787,0.0019720254109560098
5008008.0,Terenos,50,Mato Grosso do Sul,19,9779,3925,7.6361725,0.40190381578947365,0.2751925,0.40218717328037595,1280.6153868315573,514.0009605597569,0.0053526404011663125
5008305.0,Três Lagoas,50,Mato Grosso do Sul,265,127333,55938,91.2518352,0.3443465479245283,0.1443396,1.1093987583091625,1395.4020729656513,613.0068494227938,0.07465524770047752
5008404.0,Vicentina,50,Mato Grosso do Sul,8,4921,2160,2.9330625,0.3666328125,0.32791395,0.15330014903748637,1677.768543970679,736.4316307613628,0.0022537433268068684
5100102.0,Acorizal,51,Mato Grosso,8,2989,1604,3.8610576,0.4826322,0.4410048,0.19086604432389598,774.1402252066895,415.4302178760555,0.0022537433268068684
5100201.0,Água Boa,51,Mato Grosso,38,24523,9641,15.437886,0.40626015789473685,0.30542375,0.4849806700209712,1588.494694156959,624.5026035300428,0.010705280802332625
5100250.0,Alta Floresta,51,Mato Grosso,89,51412,20724,45.6237098,0.5126259528089888,0.248344,0.7558571052795194,1126.870222201878,454.237502624129,0.02507289451072641
5100300.0,Alto Araguaia,51,Mato Grosso,25,15083,6103,7.4751294,0.299005176,0.2248893,0.205205282943632,2017.7577126624724,816.4407160630557,0.007042947896271463
5100359.0,Alto Boa Vista,51,Mato Grosso,6,3840,1508,2.4580558,0.40967596666666667,0.38905605,0.12309230732760945,1562.2102639004372,613.4929890525675,0.0016903074951051512
5100409.0,Alto Garças,51,Mato Grosso,18,12091,4488,6.0973426,0.33874125555555556,0.25132185,0.2565523988002616,1982.9950181903835,736.0583608997139,0.005070922485315454
5100508.0,Alto Paraguai,51,Mato Grosso,11,5359,2310,5.4457762,0.49507056363636365,0.4192103,0.2752575788241889,984.0654120160134,424.18195591658724,0.0030988970743594437
5100607.0,Alto Taquari,51,Mato Grosso,16,10290,3830,4.1436397,0.25897748125,0.15636299999999997,0.19442316064366824,2483.324020667145,924.3081631832035,0.004507486653613737
5100805.0,Apiacás,51,Mato Grosso,15,6251,2407,10.686126999999999,0.7124084666666666,0.2257436,1.079391768585162,584.9640379531331,225.24531104674315,0.004225768737762878
5101001.0,Araguaiana,51,Mato Grosso,6,2539,1213,1.4467003,0.24111671666666668,0.1858576,0.13696636503947116,1755.0283220373976,838.4597694491388,0.0016903074951051512
5101209.0,Araguainha,51,Mato Grosso,5,862,471,0.9399751999999999,0.18799503999999997,0.1667728,0.0559795372305631,917.0454709868942,501.07704969237494,0.0014085895792542928
5101258.0,Araputanga,51,Mato Grosso,42,12541,5446,6.8949956,0.1641665619047619,0.11295705,0.1945683612676105,1818.8554028953986,789.8482197726131,0.011832152465736058
5101308.0,Arenápolis,51,Mato Grosso,31,9878,4192,9.2118157,0.29715534516129033,0.192813,0.31577222792628107,1072.3184572613627,455.0677235107949,0.008733255391376614
5101407.0,Aripuanã,51,Mato Grosso,28,18194,7129,25.1425128,0.8979468857142857,0.26785455,1.718949945332658,723.6349105090244,283.543655986525,0.007888101643824039
5101605.0,Barão de Melgaço,51,Mato Grosso,7,3316,1713,14.0472194,2.0067456285714287,0.9298002,2.4899629508769743,236.06095310222037,121.94584217855956,0.0019720254109560098
5101704.0,Barra do Bugres,51,Mato Grosso,53,25283,11094,11.3683065,0.21449634905660375,0.1654518,0.29155934953541524,2223.9900023807418,975.8709443662519,0.014931049540095503
5101803.0,Barra do Garças,51,Mato Grosso,109,62270,29270,43.5589891,0.3996237532110092,0.243654,0.48004848868666455,1429.5556735039106,671.9623344059654,0.03070725282774358
5101852.0,Bom Jesus do Araguaia,51,Mato Grosso,9,3850,1739,3.8540919000000002,0.4282324333333334,0.2991953,0.3692852036754722,998.9382972419521,451.2087529620142,0.002535461242657727
5101902.0,Brasnorte,51,Mato Grosso,19,10321,4125,8.9996522,0.4736659052631579,0.267519,0.7354575122344575,1146.8220960805575,458.3510460548687,0.0053526404011663125
5102504.0,Cáceres,51,Mato Grosso,153,79388,33063,78.6437814,0.5140116431372549,0.1976613,1.276223265781374,1009.4631589014615,420.4146775678821,0.043102841125181354
5102603.0,Campinápolis,51,Mato Grosso,23,5707,2570,5.326642100000001,0.23159313478260873,0.1011559,0.46020866985787356,1071.4066935339995,482.4803228285226,0.006479512064569746
5102637.0,Campo Novo do Parecis,51,Mato Grosso,45,42905,15611,17.9435455,0.3987454555555555,0.2439779,0.47360545339597404,2391.110497086543,870.006432117889,0.012677306213288634
5102678.0,Campo Verde,51,Mato Grosso,54,38891,14465,18.3896728,0.3405494962962963,0.18535405,0.4511098345107926,2114.8282747042676,786.5827824843083,0.01521276745594636
5102686.0,Campos de Júlio,51,Mato Grosso,10,7041,2763,5.1305107,0.51305107,0.2956744,0.7695518466725265,1372.377997379481,538.5428783922036,0.0028171791585085855
5102694.0,Canabrava do Norte,51,Mato Grosso,6,2782,1203,4.3062237,0.7177039500000001,0.33056209999999997,0.9802133858645754,646.0416814853347,279.363099506419,0.0016903074951051512
5102702.0,Canarana,51,Mato Grosso,31,20234,7749,16.3619221,0.5278039387096775,0.2334427,0.8820987225247171,1236.6517745491526,473.599614558732,0.008733255391376614
5102793.0,Carlinda,51,Mato Grosso,18,6119,2686,13.6375425,0.75764125,0.28376524999999997,0.8244324136784119,448.6878775996482,196.9563064606398,0.005070922485315454
5102850.0,Castanheira,51,Mato Grosso,14,3691,1675,2.4487062,0.17490758571428572,0.123113,0.17655838319188386,1507.3266037387416,684.0346955465707,0.0039440508219120195
5103007.0,Chapada dos Guimarães,51,Mato Grosso,35,12999,7876,33.8054378,0.9658696514285714,0.3271469,1.1927641889095688,384.52393596866835,232.98026922757379,0.009860127054780048
5103056.0,Cláudia,51,Mato Grosso,19,7122,2950,7.040430000000001,0.3705489473684211,0.1962698,0.5351897212963439,1011.5859400633199,419.00849806048774,0.0053526404011663125
5103106.0,Cocalinho,51,Mato Grosso,8,3978,1931,3.1372340000000003,0.39215425000000004,0.33569530000000003,0.1484281989305748,1267.9959480230036,615.5103508377124,0.0022537433268068684
5103205.0,Colíder,51,Mato Grosso,50,26189,11092,46.5646993,0.931293986,0.18372444999999998,2.121410619429399,562.4217571184873,238.20619840231632,0.014085895792542926
5103254.0,Colniza,51,Mato Grosso,25,15428,6705,20.2428149,0.809712596,0.2586022,1.2247400619235216,762.146968008881,331.22863757451046,0.007042947896271463
5103304.0,Comodoro,51,Mato Grosso,30,12807,5601,14.0969739,0.46989913,0.22202455,0.8742851474164294,908.492850369823,397.3193140408666,0.008451537475525756
5103353.0,Confresa,51,Mato Grosso,40,27010,10558,16.6876617,0.4171915425,0.27562425,0.42512862210997093,1618.561095351064,632.68300794952,0.011268716634034342
5103361.0,Conquista D'Oeste,51,Mato Grosso,4,2456,1009,3.4506042,0.86265105,0.41663459999999997,1.0012076514641988,711.7594072365646,292.41255777756254,0.0011268716634034342
5103379.0,Cotriguaçu,51,Mato Grosso,13,5109,2212,5.6132364,0.4317874153846154,0.3642966,0.3357397545259022,910.1701114886235,394.06856265665203,0.003662332906061161
5103403.0,Cuiabá,51,Mato Grosso,1106,639724,271071,295.7023217,0.2673619545207957,0.1063752,0.8398522911156524,2163.4054014936737,916.7023053508882,0.31158001493104953
5103437.0,Curvelândia,51,Mato Grosso,10,3083,1424,1.6666439,0.16666439,0.1651857,0.06988367765372605,1849.8252686131693,854.4116712634295,0.0028171791585085855
5103452.0,Denise,51,Mato Grosso,13,6222,2516,2.7481703,0.21139771538461538,0.2106418,0.10046257537784777,2264.051831140159,915.5182267998457,0.003662332906061161
5103502.0,Diamantino,51,Mato Grosso,32,17536,7255,14.810707299999999,0.46283460312499997,0.2599566,0.787999277182307,1184.0082748782702,489.84831399645583,0.009014973307227473
5103601.0,Dom Aquino,51,Mato Grosso,15,6249,2822,6.7455271,0.4497018066666667,0.2117753,0.5738339977901106,926.3916529221267,418.3512953346522,0.004225768737762878
5103700.0,Feliz Natal,51,Mato Grosso,13,7442,2804,6.7683811,0.5206447,0.2624591,0.6580688672417931,1099.5243751862613,414.2792727791288,0.003662332906061161
5103809.0,Figueirópolis D'Oeste,51,Mato Grosso,7,1952,897,1.123088,0.16044114285714287,0.1802435,0.042917508419441794,1738.0650492214322,798.690752639152,0.0019720254109560098
5103858.0,Gaúcha do Norte,51,Mato Grosso,8,3965,1658,2.805571,0.350696375,0.25078365,0.23200720549442147,1413.2595468088314,590.9670437853828,0.0022537433268068684
5103908.0,General Carneiro,51,Mato Grosso,7,2671,1407,3.7296943999999996,0.5328134857142857,0.2614146,0.4965120159069245,716.144464811916,377.2427038526267,0.0019720254109560098
5103957.0,Glória D'Oeste,51,Mato Grosso,12,2027,899,1.23425,0.10285416666666668,0.0591497,0.10818649175457361,1642.292890419283,728.3775572209844,0.0033806149902103023
5104104.0,Guarantã do Norte,51,Mato Grosso,50,26274,10566,35.7892382,0.715784764,0.2096991,1.4062665919817723,734.1313009562746,295.22841310436166,0.014085895792542926
5104203.0,Guiratinga,51,Mato Grosso,24,9084,4328,6.2086892,0.25869538333333336,0.19436545,0.18874336089421775,1463.1107641851358,697.0875591582197,0.006761229980420605
5104500.0,Indiavaí,51,Mato Grosso,3,1621,724,0.9797509,0.32658363333333335,0.3279993,0.11368951067048065,1654.502180094961,738.9633426210683,0.0008451537475525756
5104526.0,Ipiranga do Norte,51,Mato Grosso,8,5861,2105,4.3042454,0.538030675,0.48172265000000003,0.3524839386837069,1361.678867101769,489.05204150302393,0.0022537433268068684
5104542.0,Itanhangá,51,Mato Grosso,8,4650,1681,7.0070111,0.8758763875,0.78775135,0.5081952974529166,663.621040931418,239.90257415176637,0.0022537433268068684
5104559.0,Itaúba,51,Mato Grosso,10,4096,1602,2.9667114,0.29667114,0.22240100000000002,0.18168567235462948,1380.653338912575,539.9918576508655,0.0028171791585085855
5104609.0,Itiquira,51,Mato Grosso,13,8509,3510,3.3613266,0.2585635846153846,0.2380266,0.0928366953526446,2531.4410090349447,1044.2305725364504,0.003662332906061161
5104807.0,Jaciara,51,Mato Grosso,49,25994,10414,8.8617273,0.1808515775510204,0.1449715,0.10936599985396753,2933.2881863787434,1175.1659295586765,0.013804177876692069
5104906.0,Jangada,51,Mato Grosso,7,3696,1449,2.3628323,0.33754747142857144,0.420533,0.18117686118876325,1564.2244267610529,613.24707640064,0.0019720254109560098
5105002.0,Jauru,51,Mato Grosso,14,5560,2628,3.4264319,0.24474513571428572,0.21663895,0.08269159707364566,1622.6792658567065,766.9786170272347,0.0039440508219120195
5105101.0,Juara,51,Mato Grosso,62,28060,11856,40.4217142,0.6519631322580645,0.22305255000000002,0.9837823516949737,694.181346717849,293.30769945427005,0.017466510782753228
5105150.0,Juína,51,Mato Grosso,68,36835,15735,24.9369569,0.3667199544117647,0.22198075,0.43332016809290175,1477.1249013146428,630.9911856165578,0.01915681827785838
5105176.0,Juruena,51,Mato Grosso,13,7473,2995,5.868038,0.4513875384615385,0.2690297,0.3720536942276781,1273.5091354214132,510.39205949245724,0.003662332906061161
5105200.0,Juscimeira,51,Mato Grosso,16,7854,3572,5.0725574,0.3170348375,0.21165685,0.3073162038560195,1548.3314195715163,704.1812873325001,0.004507486653613737
5105234.0,Lambari D'Oeste,51,Mato Grosso,6,2963,1267,1.0033889,0.16723148333333335,0.17327345,0.03700282071428698,2952.9926033664515,1262.7207655974667,0.0016903074951051512
5105259.0,Lucas do Rio Verde,51,Mato Grosso,109,80626,28253,40.6353337,0.3728012266055046,0.20131,0.7742736881634671,1984.135299472144,695.2816041473778,0.03070725282774358
5105309.0,Luciara,51,Mato Grosso,7,1859,764,1.6617141,0.23738772857142856,0.2364224,0.09531134836115993,1118.7243341077747,459.7662136946422,0.0019720254109560098
5105507.0,Vila Bela da Santíssima Trindade,51,Mato Grosso,9,6394,2404,6.6040652,0.7337850222222222,0.6188304,0.5637896906070068,968.1915314827601,364.01821108610494,0.002535461242657727
5105580.0,Marcelândia,51,Mato Grosso,21,8110,3216,14.609874300000001,0.6957083000000001,0.1612421,1.1641414145126696,555.1040230373508,220.12509717486068,0.005916076232868029
5105606.0,Matupá,51,Mato Grosso,23,16131,6081,36.62597,1.5924334782608696,0.2211417,3.929008382452081,440.4251955647864,166.0297324548674,0.006479512064569746
5105622.0,Mirassol d'Oeste,51,Mato Grosso,40,22670,9545,8.5309208,0.21327302,0.17243599999999998,0.13436048083049054,2657.3919195217472,1118.8710133142954,0.011268716634034342
5105903.0,Nobres,51,Mato Grosso,32,13442,5594,13.9226675,0.435083359375,0.1936988,0.7457332700481344,965.4759046712852,401.7908206168107,0.009014973307227473
5106000.0,Nortelândia,51,Mato Grosso,22,5015,2143,4.2998560999999995,0.19544800454545452,0.10148694999999999,0.3409958970855228,1166.3181007383016,498.3887716614517,0.006197794148718887
5106109.0,Nossa Senhora do Livramento,51,Mato Grosso,13,5328,2606,14.1178129,1.0859856076923078,0.3255494,1.8073925442258982,377.3955667028283,184.58949827844793,0.003662332906061161
5106158.0,Nova Bandeirantes,51,Mato Grosso,15,6544,2775,7.8621423,0.52414282,0.5761107,0.39841510695597415,832.3431134030733,352.957234060747,0.004225768737762878
5106174.0,Nova Nazaré,51,Mato Grosso,4,1492,631,1.7422187,0.435554675,0.32033225,0.28449316543487624,856.3792823484216,362.181854666122,0.0011268716634034342
5106182.0,Nova Lacerda,51,Mato Grosso,6,3421,1330,3.6516602999999996,0.6086100499999999,0.5879639999999999,0.2182649788706906,936.8341299435767,364.21788740863985,0.0016903074951051512
5106190.0,Nova Santa Helena,51,Mato Grosso,5,2671,1161,2.7453369,0.54906738,0.4398028,0.2718622691781116,972.9224853969654,422.89891634065026,0.0014085895792542928
5106208.0,Nova Brasilândia,51,Mato Grosso,10,2801,1355,1.6933774000000001,0.16933774000000001,0.1462813,0.058402538472554624,1654.0908128335714,800.1760269152051,0.0028171791585085855
5106216.0,Nova Canaã do Norte,51,Mato Grosso,16,7409,3226,5.1007257,0.31879535625,0.24606315,0.2540729336066896,1452.538410367764,632.4590244090169,0.004507486653613737
5106224.0,Nova Mutum,51,Mato Grosso,76,49471,17645,24.134104,0.317554,0.17866549999999998,0.5664806108574855,2049.837856006587,731.1230613740622,0.02141056160466525
5106232.0,Nova Olímpia,51,Mato Grosso,41,14716,5653,4.7675121,0.11628078292682928,0.0974425,0.06676405988835947,3086.725254457141,1185.7337498944155,0.0115504345498852
5106240.0,Nova Ubiratã,51,Mato Grosso,12,7932,3162,11.472894,0.9560745,0.5749495,0.793897568168389,691.3687165592221,275.6061373878291,0.0033806149902103023
5106257.0,Nova Xavantina,51,Mato Grosso,43,20028,8572,19.0775344,0.44366359069767447,0.1833814,0.9402233410951838,1049.8211970200928,449.32431100740143,0.012113870381586917
5106265.0,Novo Mundo,51,Mato Grosso,4,2650,1133,2.7373036,0.6843259,0.6278839,0.1764732846144519,968.1059857591243,413.9109742887124,0.0011268716634034342
5106273.0,Novo Horizonte do Norte,51,Mato Grosso,5,1968,872,3.9294174999999996,0.7858835,0.2300282,1.1842864691702744,500.83759234034056,221.9158437605574,0.0014085895792542928
5106281.0,Novo São Joaquim,51,Mato Grosso,11,4183,2090,2.3907162,0.21733783636363635,0.167301,0.12130290316023169,1749.684885223934,874.2150155673015,0.0030988970743594437
5106299.0,Paranaíta,51,Mato Grosso,14,7289,3008,9.0373469,0.6455247785714285,0.39918445,0.5381101368676521,806.5420173259035,332.8410465243954,0.0039440508219120195
5106307.0,Paranatinga,51,Mato Grosso,41,19043,7365,15.5883866,0.3802045512195122,0.2114906,0.5729450589061932,1221.6145575963583,472.4671121512986,0.0115504345498852
5106315.0,Novo Santo Antônio,51,Mato Grosso,3,1359,600,0.9547235,0.31824116666666663,0.3210788,0.0535807350185058,1423.4487786254347,628.4542068986466,0.0008451537475525756
5106372.0,Pedra Preta,51,Mato Grosso,29,13921,6342,11.4987352,0.3965081103448276,0.1570255,1.05303930107059,1210.6548901134795,551.5389205588455,0.008169819559674897
5106422.0,Peixoto de Azevedo,51,Mato Grosso,41,26397,9782,13.5288619,0.32997224146341464,0.1434674,0.3962175777178115,1951.161908157256,723.0467774972261,0.0115504345498852
5106455.0,Planalto da Serra,51,Mato Grosso,6,2462,1081,2.4401683,0.4066947166666666,0.40052065000000003,0.1754586358332062,1008.9468009235266,443.0022306248303,0.0016903074951051512
5106505.0,Poconé,51,Mato Grosso,37,23408,9318,12.6226053,0.3411514945945946,0.2346631,0.29051095020870266,1854.4507606523987,738.1994270231994,0.010423562886481766
5106653.0,Pontal do Araguaia,51,Mato Grosso,10,5899,2515,4.3337738,0.43337738000000003,0.24262065,0.6392819002268767,1361.1693346800887,580.3256275165999,0.0028171791585085855
5106703.0,Ponte Branca,51,Mato Grosso,4,1740,866,2.2669559,0.566738975,0.5507726,0.06471900654410442,767.5491172986647,382.0100779199101,0.0011268716634034342
5106752.0,Pontes e Lacerda,51,Mato Grosso,91,44796,16991,16.8832469,0.1855301857142857,0.1082192,0.3531617089424014,2653.2811055437446,1006.3822498502939,0.025636330342428126
5106778.0,Porto Alegre do Norte,51,Mato Grosso,18,8439,3000,4.2120658,0.23400365555555558,0.2010208,0.11747441988225865,2003.529954351615,712.2395856209083,0.005070922485315454
5106802.0,Porto dos Gaúchos,51,Mato Grosso,7,3391,1471,1.9152226,0.2736032285714286,0.2470051,0.08006248949159889,1770.551370895477,768.0569350006625,0.0019720254109560098
5106828.0,Porto Esperidião,51,Mato Grosso,15,5333,2375,4.1263131,0.27508754,0.1294229,0.34429975933351364,1292.4370668818128,575.5743547429787,0.004225768737762878
5106851.0,Porto Estrela,51,Mato Grosso,5,1627,830,2.8145528,0.56291056,0.3807711,0.4872847242380352,578.066966801973,294.8958712019899,0.0014085895792542928
5107008.0,Poxoréu,51,Mato Grosso,39,16262,7483,24.1430643,0.6190529307692307,0.224704,1.3273955612547375,673.5681849631657,309.9440860951524,0.010986998718183483
5107040.0,Primavera do Leste,51,Mato Grosso,99,81543,30174,48.611311300000004,0.4910233464646465,0.1757864,0.9832413383180432,1677.4490919770765,620.7197294840305,0.027890073669234995
5107065.0,Querência,51,Mato Grosso,24,20984,7428,26.612722899999998,1.1088634541666667,0.36298379999999997,3.248304320027219,788.495039716511,279.11461851955033,0.006761229980420605
5107107.0,São José dos Quatro Marcos,51,Mato Grosso,26,14264,6229,10.780051400000001,0.41461736153846157,0.1859881,1.056179736976841,1323.1847855567737,577.826558415111,0.007324665812122322
5107156.0,Reserva do Cabaçal,51,Mato Grosso,5,1530,713,1.2462475,0.24924949999999998,0.2610103,0.08317135134609152,1227.685511906744,572.117496725169,0.0014085895792542928
5107180.0,Ribeirão Cascalheira,51,Mato Grosso,11,6074,2655,3.7284990000000002,0.3389544545454546,0.3437631,0.21039428616762082,1629.073790820381,712.0827979302127,0.0030988970743594437
5107198.0,Ribeirãozinho,51,Mato Grosso,11,2143,953,2.6002823,0.2363893,0.1205107,0.30045898500207974,824.1412865056998,366.4986682407522,0.0030988970743594437
5107206.0,Rio Branco,51,Mato Grosso,9,3778,1720,2.4795322,0.2755035777777778,0.2245209,0.11296681392796049,1523.6745060217406,693.6792351395961,0.002535461242657727
5107248.0,Santa Carmem,51,Mato Grosso,10,4305,1505,2.9216016000000002,0.29216016,0.29046859999999997,0.12231421091159897,1473.5068600729132,515.1284144970348,0.0028171791585085855
5107263.0,Santo Afonso,51,Mato Grosso,8,1440,674,1.3846923,0.1730865375,0.14328174999999999,0.08587549160463051,1039.9422312090564,486.75073877423887,0.0022537433268068684
5107297.0,São José do Povo,51,Mato Grosso,4,1365,728,2.3041382,0.57603455,0.3043625,0.6330388387952223,592.4123822086713,315.95327051129135,0.0011268716634034342
5107305.0,São José do Rio Claro,51,Mato Grosso,26,12439,5064,8.2371361,0.31681292692307694,0.18065115,0.5040486283386741,1510.1122342752112,614.7767790312461,0.007324665812122322
5107354.0,São José do Xingu,51,Mato Grosso,8,4647,1910,3.3463744,0.4182968,0.34662000000000004,0.2509779171962289,1388.6670899705662,570.7669769407751,0.0022537433268068684
5107404.0,São Pedro da Cipa,51,Mato Grosso,5,3620,1491,0.9287535,0.1857507,0.1669321,0.050629716286633486,3897.6972899698358,1605.3775302058082,0.0014085895792542928
5107578.0,Rondolândia,51,Mato Grosso,5,1049,477,0.9018024,0.18036048,0.1823964,0.05609753997678508,1163.2260016163186,528.9407080752945,0.0014085895792542928
5107602.0,Rondonópolis,51,Mato Grosso,529,236494,99828,122.9935732,0.23250202873345935,0.0961241,0.5404724356002832,1922.8159150676663,811.6521652531353,0.14902877748510415
5107701.0,Rosário Oeste,51,Mato Grosso,23,9846,3980,10.9693354,0.47692762608695655,0.4027004,0.34472676427288196,897.5931212751503,362.82963870354445,0.006479512064569746
5107743.0,Santa Cruz do Xingu,51,Mato Grosso,5,1751,659,1.8814225,0.3762845,0.3965982,0.21861070107209987,930.6787816133804,350.26688582708033,0.0014085895792542928
5107750.0,Salto do Céu,51,Mato Grosso,6,2067,1013,2.3792507,0.39654178333333334,0.42366139999999997,0.21791655362648718,868.7609086339661,425.7642962971493,0.0016903074951051512
5107768.0,Santa Rita do Trivelato,51,Mato Grosso,3,1817,693,1.5220922,0.5073640666666667,0.4981925,0.15858009088609867,1193.7516005929208,455.2943639025284,0.0008451537475525756
5107776.0,Santa Terezinha,51,Mato Grosso,6,2989,1244,3.0770065,0.5128344166666666,0.49896215,0.10577495693993764,971.3986629537507,404.2890387134379,0.0016903074951051512
5107792.0,Santo Antônio do Leste,51,Mato Grosso,4,2549,964,1.5140288,0.3785072,0.37621665,0.0827468491091957,1683.5875248872412,636.7117983488821,0.0011268716634034342
5107800.0,Santo Antônio de Leverger,51,Mato Grosso,20,9014,3637,29.7418556,1.48709278,0.40897125,3.2593804832771007,303.0745667395413,122.28557790456087,0.005634358317017171
5107859.0,São Félix do Araguaia,51,Mato Grosso,13,8022,3122,7.7758026,0.5981386615384615,0.5760235,0.3546692296511627,1031.6619920366807,401.50196199682335,0.003662332906061161
5107875.0,Sapezal,51,Mato Grosso,33,25470,9617,11.8771831,0.3599146393939394,0.1954113,0.7504613076326183,2144.4478699667434,809.7037756368343,0.009296691223078331
5107883.0,Serra Nova Dourada,51,Mato Grosso,4,859,367,0.8808009000000001,0.22020022500000003,0.2277205,0.06441538770414904,975.2487764260911,416.66624091778283,0.0011268716634034342
5107909.0,Sinop,51,Mato Grosso,329,190451,73826,157.9782835,0.48017715349544077,0.161218,1.5891565506727972,1205.5517744627223,467.3173955583585,0.09268519431493245
5107925.0,Sorriso,51,Mato Grosso,144,104672,37930,52.3707862,0.3636860152777778,0.1758283,0.503049367458534,1998.6715418070237,724.2587471409777,0.04056737988252363
5107941.0,Tabaporã,51,Mato Grosso,13,5014,2077,7.5794179,0.5830321461538461,0.340498,0.4928287811013672,661.5283740984911,274.0315981257611,0.003662332906061161
5107958.0,Tangará da Serra,51,Mato Grosso,176,97939,38195,71.0401394,0.4036371556818182,0.12398175,1.3293823308851112,1378.6431280566997,537.6537873178779,0.0495823531897511
5108006.0,Tapurah,51,Mato Grosso,16,11135,3947,7.727188399999999,0.48294927499999996,0.30592545,0.5411951622955026,1441.0157257198493,510.7938095569147,0.004507486653613737
5108055.0,Terra Nova do Norte,51,Mato Grosso,16,6242,2670,14.6926431,0.91829019375,0.3369793,1.0429595743306503,424.8384689886056,181.7236001601373,0.004507486653613737
5108105.0,Tesouro,51,Mato Grosso,7,2220,1109,2.5027111,0.35753015714285713,0.2618169,0.19565762700067735,887.0380604457303,443.11946352897064,0.0019720254109560098
5108204.0,Torixoréu,51,Mato Grosso,8,3052,1556,2.6269653,0.3283706625,0.26405080000000003,0.19112148823924194,1161.7968459651902,592.3184444042713,0.0022537433268068684
5108303.0,União do Sul,51,Mato Grosso,9,3044,1239,9.3734742,1.0414971333333334,0.2465745,1.7159824291340946,324.7461864246663,132.18151280557214,0.002535461242657727
5108352.0,Vale de São Domingos,51,Mato Grosso,2,764,343,0.6917449,0.34587245,0.34587245,0.01766161820573074,1104.4533902599064,495.8475299203507,0.0005634358317017171
5108402.0,Várzea Grande,51,Mato Grosso,483,296557,124087,160.5664227,0.33243565776397516,0.1459394,0.70678078480848,1846.9428104161157,772.8079003904968,0.13606975335596466
5108501.0,Vera,51,Mato Grosso,15,10568,3883,8.4257949,0.56171966,0.3462954,0.6093240437647112,1254.2436797268826,460.84672675808906,0.004225768737762878
5108600.0,Vila Rica,51,Mato Grosso,27,14297,5593,6.708512600000001,0.24846342962962964,0.1788145,0.21092304408516613,2131.1728623719064,833.7168510349074,0.00760638372797318
5108808.0,Nova Guarita,51,Mato Grosso,6,2928,1192,7.269700800000001,1.2116168,0.44029125,1.8996616724422895,402.76760771227333,163.96823374078886,0.0016903074951051512
5108857.0,Nova Marilândia,51,Mato Grosso,6,2484,1021,1.2713525,0.21189208333333334,0.23414545,0.05297778595273368,1953.8247653581518,803.0817574197557,0.0016903074951051512
5108907.0,Nova Maringá,51,Mato Grosso,12,3696,1357,7.1897075,0.5991422916666667,0.18806535,1.4527246898228092,514.0682009664511,188.74203157777976,0.0033806149902103023
5108956.0,Nova Monte Verde,51,Mato Grosso,12,5031,2102,5.0817618,0.42348015,0.31814965,0.4468080399137144,990.0109839859082,413.63607400882114,0.0033806149902103023
5200050.0,Abadia de Goiás,52,Goiás,34,18450,7411,28.4304493,0.8361896852941176,0.3224114,1.0749695728645667,648.9521078374235,260.67122337036017,0.00957840913892919
5200100.0,Abadiânia,52,Goiás,30,13063,7359,35.1677645,1.1722588166666665,0.5071603499999999,1.4678588090561233,371.44811976888667,209.25413100966372,0.008451537475525756
5200134.0,Acreúna,52,Goiás,35,20350,8518,9.6785312,0.27652946285714286,0.2069095,0.21790656647487985,2102.591765163706,880.0922189515699,0.009860127054780048
5200159.0,Adelândia,52,Goiás,4,1981,1026,2.1639336,0.5409834,0.27478925,0.5986649508695773,915.4624707523374,474.13654467031705,0.0011268716634034342
5200175.0,Água Fria de Goiás,52,Goiás,5,3062,1363,2.3335964,0.46671927999999996,0.4313477,0.10805667582226004,1312.1377801234182,584.077006632338,0.0014085895792542928
5200209.0,Água Limpa,52,Goiás,2,1457,739,0.6431206,0.3215603,0.3215603,0.04940922775676625,2265.5159856487257,1149.0846351368623,0.0005634358317017171
5200258.0,Águas Lindas de Goiás,52,Goiás,288,225174,89984,108.7444742,0.3775849798611111,0.1655645,0.908538411747138,2070.670732067414,827.4811263927193,0.08113475976504726
5200308.0,Alexânia,52,Goiás,51,24909,14990,147.9396856,2.9007781490196076,0.3846596,8.599466722019804,168.37267092312925,101.32507676493265,0.014367613708393786
5200506.0,Aloândia,52,Goiás,4,1739,894,1.0631898,0.26579745,0.2918232,0.17226764358390115,1635.643983792922,840.8658548078622,0.0011268716634034342
5200555.0,Alto Horizonte,52,Goiás,7,5378,2254,2.0367414,0.29096305714285714,0.2505855,0.10772804458202233,2640.4923079581927,1106.6697028891347,0.0019720254109560098
5200605.0,Alto Paraíso de Goiás,52,Goiás,13,7725,3711,8.5288758,0.6560673692307692,0.3501282,0.6385475272732397,905.746569788248,435.11009973905357,0.003662332906061161
5200803.0,Alvorada do Norte,52,Goiás,13,7311,3080,4.4824467,0.3448035923076923,0.3097123,0.15557708165582776,1631.0288753684456,687.1247348016431,0.003662332906061161
5200829.0,Amaralina,52,Goiás,4,1524,775,1.4393759,0.359843975,0.28684345,0.18634272054883844,1058.7922168211933,538.4278005488351,0.0011268716634034342
5200852.0,Americano do Brasil,52,Goiás,9,4820,2479,2.4025488,0.26694986666666665,0.2139133,0.1428095574812747,2006.2027460170632,1031.8208728996474,0.002535461242657727
5200902.0,Amorinópolis,52,Goiás,4,2016,1115,1.9548784,0.4887196,0.38322904999999996,0.31846114884740134,1031.2661902653383,570.3679574136172,0.0011268716634034342
5201108.0,Anápolis,52,Goiás,567,391652,167478,172.4404841,0.3041278379188712,0.1415266,1.0402198322160123,2271.2299959264615,971.2220472709749,0.15973405828743678
5201207.0,Anhanguera,52,Goiás,2,874,491,1.9216519,0.96082595,0.96082595,0.3327778155445537,454.81702487323537,255.50933548370543,0.0005634358317017171
5201306.0,Anicuns,52,Goiás,31,15857,7458,27.6444762,0.8917572967741936,0.2285186,2.0247255208880324,573.6046465586496,269.7826482962987,0.008733255391376614
5201405.0,Aparecida de Goiânia,52,Goiás,792,527178,216538,189.8676946,0.23973193762626263,0.14612419999999998,0.5755439835405275,2776.5544902760935,1140.467842389866,0.22312058935387996
5201454.0,Aparecida do Rio Doce,52,Goiás,5,2344,1080,1.3992758,0.27985516,0.2747014,0.11084220742904302,1675.1522466121403,771.8278269373343,0.0014085895792542928
5201504.0,Aporé,52,Goiás,7,3291,1483,2.382316,0.3403308571428571,0.244187,0.3467047959812346,1381.4288280815813,622.503479807045,0.0019720254109560098
5201603.0,Araçu,52,Goiás,6,3396,1680,2.6189961999999998,0.4364993666666666,0.43719905,0.22198516143117014,1296.680002819401,641.4671392039439,0.0016903074951051512
5201702.0,Aragarças,52,Goiás,36,17610,7512,8.8062498,0.24461805,0.15940495,0.22298135571051614,1999.7161561326593,853.03053747124,0.010141844970630908
5201801.0,Aragoiânia,52,Goiás,21,11054,5511,41.5865018,1.9803096095238095,0.5360468,3.2300795013065517,265.80740195848836,132.5189607556748,0.005916076232868029
5202155.0,Araguapaz,52,Goiás,8,5040,2417,3.155494,0.39443675,0.29823075,0.21677433875889723,1597.2142555175196,765.9656459495724,0.0022537433268068684
5202353.0,Arenópolis,52,Goiás,5,1694,1008,2.1114889999999997,0.42229779999999995,0.3157872,0.26852495592131653,802.2774449689296,477.38823171704905,0.0014085895792542928
5202502.0,Aruanã,52,Goiás,18,7056,4685,19.9756164,1.1097564666666666,0.7829777,1.2049577113991614,353.23065174599566,234.53594152919356,0.005070922485315454
5202601.0,Aurilândia,52,Goiás,6,2607,1416,1.6231367,0.27052278333333335,0.3001573,0.11812101249961272,1606.1493773136913,872.3849322118093,0.0016903074951051512
5202809.0,Avelinópolis,52,Goiás,5,2064,1037,4.119066,0.8238132,0.5278753,0.5733319511984178,501.0844691490741,251.75610199011135,0.0014085895792542928
5203104.0,Baliza,52,Goiás,2,1219,628,1.5353183000000001,0.7676591500000001,0.7676591500000001,0.03097827737310446,793.9721685073381,409.03570288975254,0.0005634358317017171
5203203.0,Barro Alto,52,Goiás,12,9377,3640,5.130339,0.42752825,0.3345486,0.28392981503999926,1827.7544622294938,709.5047715170479,0.0033806149902103023
5203302.0,Bela Vista de Goiás,52,Goiás,45,26918,11515,22.533997799999998,0.5007555066666666,0.2473772,0.6315098263432002,1194.550573711337,511.00564144015317,0.012677306213288634
5203401.0,Bom Jardim de Goiás,52,Goiás,10,6256,3004,4.9047616000000005,0.49047616000000005,0.43429775000000004,0.26626439729456136,1275.49522488514,612.466057473619,0.0028171791585085855
5203500.0,Bom Jesus de Goiás,52,Goiás,32,22774,8902,6.9825864,0.218205825,0.1551926,0.21788182292371544,3261.5421701047626,1274.8857643924034,0.009014973307227473
5203559.0,Bonfinópolis,52,Goiás,17,9553,4099,12.5812748,0.740074988235294,0.2227125,1.2377365027174998,759.3030238875317,325.8016429304922,0.004789204569464595
5203575.0,Bonópolis,52,Goiás,4,2054,955,2.8451036,0.7112759,0.39804815,0.7886451448565234,721.9420762041847,335.66440251947245,0.0011268716634034342
5203609.0,Brazabrantes,52,Goiás,8,2996,1499,4.0546004,0.50682505,0.39938565000000004,0.2899193854496453,738.9137533750552,369.703510116558,0.0022537433268068684
5203807.0,Britânia,52,Goiás,8,4731,2363,3.9217817999999998,0.49022272499999997,0.45792544999999996,0.3142058439199634,1206.3394245952186,602.5322469495881,0.0022537433268068684
5203906.0,Buriti Alegre,52,Goiás,16,9886,5373,16.9359097,1.05849435625,0.29851295,2.059673559690976,583.730084484331,317.2548800257243,0.004507486653613737
5203939.0,Buriti de Goiás,52,Goiás,5,2318,1196,1.4428944000000001,0.28857888000000004,0.2930068,0.05423707442678856,1606.4931709486154,828.889487685308,0.0014085895792542928
5203962.0,Buritinópolis,52,Goiás,2,1880,805,1.1978399,0.59891995,0.59891995,0.19040384505162966,1569.4918828467812,672.0430668572653,0.0005634358317017171
5204003.0,Cabeceiras,52,Goiás,11,5853,2505,3.8117804,0.3465254909090909,0.2732336,0.24115895818318858,1535.50293715766,657.1732201571738,0.0030988970743594437
5204102.0,Cachoeira Alta,52,Goiás,19,9736,4404,17.3800794,0.9147410210526316,0.220798,2.70397540397685,560.181560505414,253.3935489385624,0.0053526404011663125
5204201.0,Cachoeira de Goiás,52,Goiás,2,1139,654,1.6153187,0.80765935,0.80765935,0.24858713659207107,705.1240105126004,404.8736636305888,0.0005634358317017171
5204250.0,Cachoeira Dourada,52,Goiás,16,7238,3662,7.6039737,0.47524835625,0.30516475,0.5207444087456367,951.8707304313796,481.59030323842387,0.004507486653613737
5204300.0,Caçu,52,Goiás,19,11674,5349,7.1620085,0.3769478157894737,0.2280884,0.3315661045401576,1629.9896879485693,746.8575330509591,0.0053526404011663125
5204409.0,Caiapônia,52,Goiás,22,12389,5652,5.867847,0.2667203181818182,0.2598285,0.14859634950300646,2111.336577112525,963.215298558398,0.006197794148718887
5204508.0,Caldas Novas,52,Goiás,201,96119,67072,116.921323,0.5816981243781094,0.1785078,1.4253814130629816,822.0827265185837,573.6507104012157,0.05662530108602257
5204557.0,Caldazinha,52,Goiás,8,2929,1452,4.0110714000000005,0.5013839250000001,0.40856675000000003,0.43035727344846786,730.2288361159564,361.99804371470424,0.0022537433268068684
5204607.0,Campestre de Goiás,52,Goiás,4,2814,1233,1.105085,0.27627125,0.3144817,0.10011752287711677,2546.4104571141584,1115.7512770510864,0.0011268716634034342
5204656.0,Campinaçu,52,Goiás,6,2362,1209,5.7900288,0.9650048,0.39478979999999997,1.402613785204178,407.942703152012,208.80725152869707,0.0016903074951051512
5204706.0,Campinorte,52,Goiás,16,10855,4572,9.2242891,0.57651806875,0.2812273,0.5940277083734077,1176.784452690235,495.64795188390184,0.004507486653613737
5204805.0,Campo Alegre de Goiás,52,Goiás,8,5740,2323,4.5469272,0.5683659,0.47039359999999997,0.30175582122834727,1262.3910055124702,510.894478363322,0.0022537433268068684
5204854.0,Campo Limpo de Goiás,52,Goiás,15,7043,2570,6.4456258,0.42970838666666666,0.1447728,0.6328656658954442,1092.679007211371,398.72001257038534,0.004225768737762878
5204904.0,Campos Belos,52,Goiás,24,16111,7267,11.0359223,0.4598300958333333,0.34443555000000003,0.38786074149806765,1459.8689227813793,658.4859699492448,0.006761229980420605
5204953.0,Campos Verdes,52,Goiás,10,3601,1989,4.7884875,0.47884874999999993,0.33963129999999997,0.327801355124198,752.0119870836043,415.371241963146,0.0028171791585085855
5205000.0,Carmo do Rio Verde,52,Goiás,13,8069,3419,4.9326764,0.37943664615384615,0.2955923,0.27452069910465954,1635.8259382269634,693.1328396081284,0.003662332906061161
5205059.0,Castelândia,52,Goiás,6,2769,1411,2.2595934,0.3765989,0.36628545,0.19468904588839098,1225.441709999684,624.4486286780622,0.0016903074951051512
5205109.0,Catalão,52,Goiás,160,109999,45969,53.6142767,0.33508922937499996,0.1549565,0.7037125720595184,2051.6736729565914,857.4022224942187,0.04507486653613737
5205208.0,Caturaí,52,Goiás,8,4329,1985,8.3714663,1.0464332875,0.26712484999999997,1.7297141241563543,517.1137104141482,237.11497231972373,0.0022537433268068684
5205307.0,Cavalcante,52,Goiás,9,5279,2703,4.6690786,0.5187865111111111,0.3918653,0.28222698454776807,1130.6299277120759,578.9150775915402,0.002535461242657727
5205406.0,Ceres,52,Goiás,45,21025,9262,10.7994977,0.23998883777777777,0.181197,0.19995998826247519,1946.8498058016162,857.6324804439747,0.012677306213288634
5205455.0,Cezarina,52,Goiás,11,6012,2847,6.4524274,0.5865843090909091,0.3612542,0.8340853115333365,931.742370320974,441.2292961250521,0.0030988970743594437
5205471.0,Chapadão do Céu,52,Goiás,16,11865,4413,7.8006218,0.4875388625,0.20816735,0.5372817925780162,1521.0325925556344,565.7241324018554,0.004507486653613737
5205497.0,Cidade Ocidental,52,Goiás,125,90865,38259,55.5678276,0.4445426208,0.1360713,0.9809292479643265,1635.2087876114847,688.5099103640323,0.03521473948135732
5205513.0,Cocalzinho de Goiás,52,Goiás,34,18883,7593,17.7238752,0.5212904470588234,0.19919720000000002,0.7983912806492881,1065.399061261727,428.405183083212,0.00957840913892919
5205521.0,Colinas do Sul,52,Goiás,6,2812,1303,2.5829714,0.43049523333333334,0.3284228,0.3010641803198824,1088.6686550226611,504.45777293546496,0.0016903074951051512
5205703.0,Córrego do Ouro,52,Goiás,3,1549,884,1.5838486999999999,0.5279495666666666,0.5278756,0.22773385900898296,977.9974564489652,558.134119755252,0.0008451537475525756
5205802.0,Corumbá de Goiás,52,Goiás,15,7034,2946,8.7314929,0.5820995266666666,0.3669598,0.648007128621958,805.5896145778233,337.3993466798788,0.004225768737762878
5205901.0,Corumbaíba,52,Goiás,14,7632,3695,13.117121899999999,0.9369372785714285,0.31726945,2.1007753064352115,581.8349526811976,281.69289179206305,0.0039440508219120195
5206206.0,Cristalina,52,Goiás,75,54213,20806,60.5415569,0.8072207586666668,0.2931404,1.446296446764926,895.4675561044252,343.6647662425741,0.02112884368881439
5206305.0,Cristianópolis,52,Goiás,6,2965,1385,2.3181745,0.38636241666666665,0.3531004,0.15684556252273657,1279.0236455452339,597.452866468853,0.0016903074951051512
5206404.0,Crixás,52,Goiás,21,13448,5555,6.1482582,0.2927742,0.238285,0.1752676569786879,2187.2861487827563,903.5079235937098,0.005916076232868029
5206503.0,Cromínia,52,Goiás,6,2943,1376,2.6048103,0.43413505,0.26646455,0.47912508190107833,1129.8327559592344,528.2534394155306,0.0016903074951051512
5206602.0,Cumari,52,Goiás,5,2348,1202,3.1642583,0.63285166,0.4311772,0.4832478254705168,742.0380314717038,379.86785086413454,0.0014085895792542928
5206701.0,Damianópolis,52,Goiás,5,2691,1295,2.6794541,0.53589082,0.5755359,0.318641494268303,1004.3090493694219,483.3074020562621,0.0014085895792542928
5206800.0,Damolândia,52,Goiás,4,2271,1096,1.8291135,0.457278375,0.43280569999999996,0.3101078763993951,1241.5850629280249,599.1973707481793,0.0011268716634034342
5206909.0,Davinópolis,52,Goiás,5,1523,829,2.7364085,0.5472817,0.3114297,0.5293505587312768,556.5689479476474,302.95184363007206,0.0014085895792542928
5207105.0,Diorama,52,Goiás,4,1421,697,1.8114774,0.45286935,0.4343806,0.14736262183232446,784.4425770920465,384.7688080458525,0.0011268716634034342
5207253.0,Doverlândia,52,Goiás,11,4914,2490,6.8495305,0.6226845909090909,0.2123142,1.348295734297443,717.4214349436068,363.5285659360156,0.0030988970743594437
5207352.0,Edealina,52,Goiás,7,3113,1583,3.4861432000000003,0.4980204571428572,0.2593258,0.49547186635780127,892.9638920168281,454.0834696635525,0.0019720254109560098
5207402.0,Edéia,52,Goiás,16,10402,4548,6.300498,0.393781125,0.29588545,0.260238060305571,1650.98060502519,721.8477015626383,0.004507486653613737
5207501.0,Estrela do Norte,52,Goiás,5,2931,1337,1.7284795,0.3456959,0.2682427,0.21267104071272844,1695.7100156524855,773.5122111659409,0.0014085895792542928
5207535.0,Faina,52,Goiás,11,3935,1923,8.8735103,0.8066827545454545,0.3437809,0.8788120475007729,443.45471712587073,216.7124322828588,0.0030988970743594437
5207600.0,Fazenda Nova,52,Goiás,13,4045,2293,4.2318964999999995,0.32553049999999994,0.2857422,0.2017241755369941,955.8362308719036,541.8374480566811,0.003662332906061161
5207808.0,Firminópolis,52,Goiás,14,8807,3833,6.2947526,0.4496251857142857,0.38723105,0.32957107379054146,1399.1018487366764,608.9198803460521,0.0039440508219120195
5207907.0,Flores de Goiás,52,Goiás,8,4807,1722,3.7674249,0.4709281125,0.24375865000000002,0.46501880174743293,1275.9378428485727,457.0761317631043,0.0022537433268068684
5208004.0,Formosa,52,Goiás,161,107513,44620,50.276118600000004,0.3122740285714286,0.1554968,0.49883836577487517,2138.450679842258,887.4989009195311,0.04535658445198822
5208103.0,Formoso,52,Goiás,11,3763,1757,4.560048,0.4145498181818182,0.2874203,0.31998075137390003,825.2106118181212,385.30296172320993,0.0030988970743594437
5208152.0,Gameleira de Goiás,52,Goiás,2,1350,629,0.7147044,0.3573522,0.3573522,0.025487805349225342,1888.8928065924877,880.0841298864258,0.0005634358317017171
5208301.0,Divinópolis de Goiás,52,Goiás,7,3275,1556,2.8477295,0.40681849999999997,0.3591147,0.25280887913974326,1150.039004758001,546.4002111155572,0.0019720254109560098
5208400.0,Goianápolis,52,Goiás,20,13231,5133,9.0549213,0.45274606500000003,0.1968358,0.841128876959037,1461.1943673105143,566.8740599656012,0.005634358317017171
5208509.0,Goiandira,52,Goiás,9,4412,2014,4.975964100000001,0.5528849,0.2998239,0.5920414018731545,886.6623454940118,404.74568536376694,0.002535461242657727
5208608.0,Goianésia,52,Goiás,91,69955,27579,37.2739715,0.40960408241758245,0.2119523,0.44092332220396224,1876.7788133335885,739.8996911289692,0.025636330342428126
5208707.0,Goiânia,52,Goiás,2291,1435186,654034,440.3805579,0.19222198075076385,0.1058639,0.38808077402266733,3258.9676684271262,1485.1563909152312,0.6454157452143169
5208806.0,Goianira,52,Goiás,94,71265,28880,47.9151093,0.509735205319149,0.24031395,0.7069791820615352,1487.317905377292,602.7326332322485,0.026481484089980703
5208905.0,Goiás,52,Goiás,39,18370,9697,14.6351126,0.3752592974358974,0.2672517,0.3309081377848458,1255.200455376066,662.5845844192548,0.010986998718183483
5209101.0,Goiatuba,52,Goiás,49,33539,14785,15.2384457,0.310988687755102,0.2272845,0.32233488972486923,2200.946255299515,970.2433103134659,0.013804177876692069
5209150.0,Gouvelândia,52,Goiás,10,3852,1893,3.9047766,0.39047766,0.2016435,0.46716907533203106,986.4840923293793,484.79085845781805,0.0028171791585085855
5209200.0,Guapó,52,Goiás,28,17961,7701,9.236613,0.32987903571428573,0.25831305,0.2515526515946221,1944.5439578338942,833.747175506866,0.007888101643824039
5209291.0,Guaraíta,52,Goiás,3,1464,788,1.1413642,0.3804547333333333,0.4127961,0.17318776045553375,1282.6755911916634,690.4018892479719,0.0008451537475525756
5209408.0,Guarani de Goiás,52,Goiás,3,1719,730,0.9624705,0.3208235,0.3128546,0.08168091839426146,1786.0287665959631,758.4648048953188,0.0008451537475525756
5209457.0,Guarinos,52,Goiás,2,1203,669,0.7197363999999999,0.35986819999999997,0.35986819999999997,0.0057781937731439725,1671.4452680175689,929.5069694960545,0.0005634358317017171
5209606.0,Heitoraí,52,Goiás,10,2518,2157,7.9606549,0.7960654899999999,0.17192325,1.3664171026985918,316.3056346030023,270.9576067667498,0.0028171791585085855
5209705.0,Hidrolândia,52,Goiás,34,22896,9492,32.0310382,0.9420893588235293,0.62760385,1.1400979481969702,714.8066777304771,296.33756922683824,0.00957840913892919
5209804.0,Hidrolina,52,Goiás,7,2687,1248,3.4127777999999998,0.4875396857142857,0.3442311,0.3248052994246473,787.3351731249542,365.68451658352916,0.0019720254109560098
5209903.0,Iaciara,52,Goiás,14,8268,3413,4.817542899999999,0.3441102071428571,0.29092565,0.17561512098229715,1716.2275814918019,708.4524353690759,0.0039440508219120195
5209937.0,Inaciolândia,52,Goiás,9,5347,2434,8.5867535,0.9540837222222223,0.288465,1.9752448614253586,622.7033301934194,283.45986640934785,0.002535461242657727
5209952.0,Indiara,52,Goiás,24,15091,6040,10.8059964,0.45024985,0.18814730000000002,0.6867098119973803,1396.5394250917943,558.9489183986773,0.006761229980420605
5210000.0,Inhumas,52,Goiás,80,49143,21508,23.281181500000002,0.29101476875000004,0.15796434999999998,0.6577884289735059,2110.846479161721,923.8362752337117,0.022537433268068684
5210109.0,Ipameri,52,Goiás,38,22309,9900,15.8270049,0.41650012894736843,0.2934055,0.4266268734150608,1409.5528586081375,625.5131695827048,0.010705280802332625
5210158.0,Ipiranga de Goiás,52,Goiás,3,1553,705,0.9243817000000001,0.30812723333333336,0.3060679,0.05634343254873042,1680.0419134216957,762.6719568334163,0.0008451537475525756
5210208.0,Iporá,52,Goiás,58,33015,15463,22.0633662,0.3804028655172414,0.21604109999999999,0.42283545971556746,1496.3718455618073,700.8450052376867,0.016339639119349793
5210307.0,Israelândia,52,Goiás,7,2021,1068,6.1609008,0.8801286857142857,0.4131476,1.24224421558888,328.03644557951657,173.35127356700823,0.0019720254109560098
5210406.0,Itaberaí,52,Goiás,51,38843,15735,16.7635869,0.32869778235294117,0.2382536,0.2859179302479547,2317.1055354507694,938.6415982369501,0.014367613708393786
5210562.0,Itaguari,52,Goiás,9,4559,2087,2.0761823,0.23068692222222223,0.228999,0.10164219431356715,2195.857271300309,1005.2103806106043,0.002535461242657727
5210604.0,Itaguaru,52,Goiás,8,4223,2051,2.5392531,0.3174066375,0.21593590000000001,0.27220462866890593,1663.0874645776746,807.7178285220958,0.0022537433268068684
5210802.0,Itajá,52,Goiás,6,3368,1647,1.5681067,0.26135111666666666,0.26568505,0.051286166883104715,2147.8130282843636,1050.3111809929771,0.0016903074951051512
5210901.0,Itapaci,52,Goiás,33,19498,8209,7.5414313,0.2285282212121212,0.182148,0.13448829877787405,2585.450854667336,1088.5201592965516,0.009296691223078331
5211008.0,Itapirapuã,52,Goiás,10,5933,3122,6.1242378,0.6124237800000001,0.4281943,0.49209950619854154,968.7736162041258,509.7777228702647,0.0028171791585085855
5211206.0,Itapuranga,52,Goiás,46,21601,10357,13.6319779,0.2963473456521739,0.16690175000000002,0.27995416502558307,1584.5829679638784,759.7576871071658,0.012959024129139492
5211305.0,Itarumã,52,Goiás,9,4023,1947,3.2145221999999998,0.35716913333333333,0.2704076,0.3066725226102634,1251.5079223904568,605.6887707915037,0.002535461242657727
5211404.0,Itauçu,52,Goiás,12,6099,2613,3.0952139,0.25793449166666665,0.15974729999999998,0.2293924219611944,1970.4615567925694,844.2065990980461,0.0033806149902103023
5211503.0,Itumbiara,52,Goiás,160,104492,44359,54.3020924,0.3393880775,0.14733805,0.6880642998071128,1924.2720746429286,816.8930153417072,0.04507486653613737
5211602.0,Ivolândia,52,Goiás,5,1554,847,2.1736839,0.43473678,0.5153416,0.1323406140844412,714.9153563680534,389.6610726150201,0.0014085895792542928
5211701.0,Jandaia,52,Goiás,8,4210,2117,4.6849503,0.5856187875,0.53767475,0.21789774268296086,898.6221262582018,451.87245636309103,0.0022537433268068684
5211800.0,Jaraguá,52,Goiás,57,39287,15900,18.9764454,0.3329200947368421,0.2333969,0.34424992238276564,2070.3034299563815,837.8808393694217,0.016057921203498936
5211909.0,Jataí,52,Goiás,150,99668,41349,39.6429094,0.26428606266666665,0.1732607,0.4079009435557309,2514.1444336070854,1043.0364629090518,0.04225768737762878
5212006.0,Jaupaci,52,Goiás,5,2216,1173,3.3745722000000002,0.67491444,0.4947117,0.43977359464007504,656.6758299022317,347.5996157379593,0.0014085895792542928
5212055.0,Jesúpolis,52,Goiás,5,1837,913,1.9400433,0.38800866,0.3063449,0.2133421387784373,946.886082387955,470.6080529233549,0.0014085895792542928
5212105.0,Joviânia,52,Goiás,10,6598,2870,3.2640281,0.32640281,0.2579241,0.31470916636020013,2021.428675813177,879.2816458902422,0.0028171791585085855
5212204.0,Jussara,52,Goiás,29,16102,7702,20.9074359,0.7209460655172414,0.2922719,1.1888967130981354,770.1566120788633,368.38568042674234,0.008169819559674897
5212253.0,Lagoa Santa,52,Goiás,2,1068,651,1.487834,0.743917,0.743917,0.29839001069392385,717.822015090393,437.5488125691441,0.0005634358317017171
5212303.0,Leopoldo de Bulhões,52,Goiás,11,5216,2335,3.6516402,0.33196729090909094,0.2079855,0.2869940430329572,1428.3992163302398,639.438682923909,0.0030988970743594437
5212501.0,Luziânia,52,Goiás,315,201126,86874,190.60259729999999,0.6050876104761904,0.191142,1.7989322764333706,1055.2112240287925,455.7860240658956,0.08874114349302044
5212600.0,Mairipotaba,52,Goiás,4,1712,907,1.5931239,0.398280975,0.30530820000000003,0.28791819510862654,1074.6182390459398,569.3216955693151,0.0011268716634034342
5212709.0,Mambaí,52,Goiás,11,6135,2399,4.5403937,0.41276306363636367,0.3522331,0.3124138364160181,1351.2044120755431,528.3682778433949,0.0030988970743594437
5212808.0,Mara Rosa,52,Goiás,16,8290,3726,7.6635154,0.4789697125,0.28950465000000003,0.6388459278790652,1081.7489842846796,486.19984504761356,0.004507486653613737
5212907.0,Marzagão,52,Goiás,3,2453,1070,2.7434595,0.9144865000000001,1.2134633,0.6084789453897069,894.1265580920731,390.0185149443613,0.0008451537475525756
5212956.0,Matrinchã,52,Goiás,8,2985,1682,3.8553903000000003,0.48192378750000003,0.35702195000000003,0.39335890469440765,774.2406780449699,436.2723016655408,0.0022537433268068684
5213004.0,Maurilândia,52,Goiás,20,9962,4258,3.720561,0.18602805,0.17651440000000002,0.08832471445141322,2677.553196950675,1144.4510653097745,0.005634358317017171
5213053.0,Mimoso de Goiás,52,Goiás,3,1246,613,0.6921199,0.23070663333333333,0.2792823,0.10954389972323118,1800.2661099615832,885.6846913374402,0.0008451537475525756
5213087.0,Minaçu,52,Goiás,47,23566,10634,35.2514516,0.750030885106383,0.1953406,2.1186910506967664,668.5114776947228,301.661336408626,0.013240742044990352
5213103.0,Mineiros,52,Goiás,96,65641,28424,34.631775,0.36074765625,0.2045982,0.5744988226428462,1895.3980845625154,820.7491530538068,0.02704491992168242
5213400.0,Moiporá,52,Goiás,3,1072,618,0.9876699,0.3292233,0.2961307,0.07231099007453842,1085.3828794418055,625.7151301259662,0.0008451537475525756
5213509.0,Monte Alegre de Goiás,52,Goiás,5,3013,1613,1.8606596,0.37213192,0.3524176,0.035471700818849906,1619.3182245693947,866.8968789347606,0.0014085895792542928
5213707.0,Montes Claros de Goiás,52,Goiás,19,6692,3957,11.7693886,0.6194415052631579,0.4172651,0.6879160250311891,568.5936820881249,336.21117752879707,0.0053526404011663125
5213756.0,Montividiu,52,Goiás,16,10571,4210,5.3697595,0.33560996875,0.21597105,0.37725044592504803,1968.6170302412986,784.0202154305049,0.004507486653613737
5213772.0,Montividiu do Norte,52,Goiás,3,1872,874,2.3109992,0.7703330666666667,0.6722172,0.3205574882845561,810.0392245916831,378.19139011385204,0.0008451537475525756
5213806.0,Morrinhos,52,Goiás,87,46231,20022,22.2956737,0.25627211149425283,0.1630883,0.30324507874820567,2073.54128976152,898.0217538795431,0.024509458679024692
5213855.0,Morro Agudo de Goiás,52,Goiás,5,1897,1095,1.5366259,0.30732518,0.2041777,0.16750086835009842,1234.5229896229134,712.6002496769057,0.0014085895792542928
5213905.0,Mossâmedes,52,Goiás,9,3170,1575,4.3174424,0.4797158222222222,0.3217768,0.37109965736346945,734.2309882350718,364.7993080347754,0.002535461242657727
5214002.0,Mozarlândia,52,Goiás,22,13630,5569,8.8905867,0.4041175772727273,0.28186415,0.45955729098751835,1533.0821755554107,626.3928566154133,0.006197794148718887
5214051.0,Mundo Novo,52,Goiás,7,3667,1741,2.9308831,0.4186975857142857,0.3616855,0.2490434270866257,1251.1587377879384,594.0189153228254,0.0019720254109560098
5214101.0,Mutunópolis,52,Goiás,5,2523,1292,1.9683789999999999,0.39367579999999996,0.3744352,0.10315577917954959,1281.7653510833027,656.37765897726,0.0014085895792542928
5214408.0,Nazário,52,Goiás,12,6606,3016,5.7128864,0.4760738666666667,0.2561101,0.517887876868707,1156.3331628649223,527.9292793219203,0.0033806149902103023
5214507.0,Nerópolis,52,Goiás,38,30954,11972,14.6524176,0.38558993684210524,0.2113895,0.46653467786069713,2112.5524022738746,817.0665296899537,0.010705280802332625
5214606.0,Niquelândia,52,Goiás,70,27298,15098,120.5186386,1.721694837142857,0.23114725,5.291310581625436,226.50438402811497,125.27522859024397,0.019720254109560097
5214705.0,Nova América,52,Goiás,3,1676,716,1.1078125,0.3692708333333334,0.3491981,0.19370837908010935,1512.891396332863,646.3187588152326,0.0008451537475525756
5214804.0,Nova Aurora,52,Goiás,3,1878,853,1.2603279,0.4201093,0.3174273,0.20537616157726288,1490.0884127059314,676.8079957604683,0.0008451537475525756
5214838.0,Nova Crixás,52,Goiás,26,9441,5754,35.5484915,1.367249673076923,0.35142949999999995,2.931830872398403,265.580889698231,161.8634084655885,0.007324665812122322
5214861.0,Nova Glória,52,Goiás,16,5770,2776,7.5408891,0.47130556875,0.2694104,0.441864280467762,765.1617632196712,368.1263526339354,0.004507486653613737
5214879.0,Nova Iguaçu de Goiás,52,Goiás,5,2278,977,1.0277756,0.20555512,0.2320075,0.09733162874133977,2216.4371288829975,950.5966088317333,0.0014085895792542928
5214903.0,Nova Roma,52,Goiás,3,1398,684,0.9892913999999999,0.3297638,0.2730744,0.10175983836086806,1413.1326725371312,691.4039685374805,0.0008451537475525756
5215009.0,Nova Veneza,52,Goiás,14,8245,3439,7.1050567,0.50750405,0.3420752,0.4366257887447446,1160.4411263881962,484.02147163723555,0.0039440508219120195
5215207.0,Novo Brasil,52,Goiás,5,2402,1252,1.5653657,0.31307314,0.2437515,0.11943717143784426,1534.4657162220942,799.8131043755462,0.0014085895792542928
5215231.0,Novo Gama,52,Goiás,161,103275,39285,83.486785,0.5185514596273292,0.1134011,1.4195631511855575,1237.022122722776,470.55351334944805,0.04535658445198822
5215256.0,Novo Planalto,52,Goiás,4,2721,1250,1.6997145,0.424928625,0.39889955,0.15469287046694336,1600.8570851163533,735.4176245481226,0.0011268716634034342
5215306.0,Orizona,52,Goiás,20,11087,4717,7.1917142,0.35958571,0.32210154999999996,0.25025606743994483,1541.635233502466,655.8936949969452,0.005634358317017171
5215405.0,Ouro Verde de Goiás,52,Goiás,6,2847,1204,1.591318,0.2652196666666667,0.23937049999999999,0.12339157678387398,1789.0830116921948,756.6055307612935,0.0016903074951051512
5215504.0,Ouvidor,52,Goiás,11,6604,3107,19.802389,1.800217181818182,0.237444,5.081026859324957,333.49511516009505,156.90026087256442,0.0030988970743594437
5215603.0,Padre Bernardo,52,Goiás,55,30125,13347,50.6248558,0.9204519236363636,0.3597856,1.2187683929799698,595.0634233707783,263.6451954101171,0.01549448537179722
5215652.0,Palestina de Goiás,52,Goiás,4,2070,1067,1.0140063,0.253501575,0.23738185,0.09781377284811427,2041.4074350425635,1052.2617068552731,0.0011268716634034342
5215702.0,Palmeiras de Goiás,52,Goiás,40,28251,12369,10.2367329,0.2559183225,0.19706184999999998,0.1833693355627652,2759.76723003098,1208.295666286262,0.011268716634034342
5215801.0,Palmelo,52,Goiás,5,2098,1093,1.2322414,0.24644828,0.2239485,0.050106958637219236,1702.588470083865,887.0015242143302,0.0014085895792542928
5215900.0,Palminópolis,52,Goiás,5,2881,1352,1.5016497,0.30032994,0.2821634,0.057673623709829425,1918.5566380761106,900.3431359524129,0.0014085895792542928
5216007.0,Panamá,52,Goiás,4,1942,978,1.2352632000000001,0.30881580000000003,0.33823215,0.13784197628417355,1572.1345863780284,791.7341016878022,0.0011268716634034342
5216304.0,Paranaiguara,52,Goiás,14,6973,3425,3.7762887999999997,0.2697349142857143,0.2524237,0.13869398029633917,1846.5219079642427,906.975123300951,0.0039440508219120195
5216403.0,Paraúna,52,Goiás,19,8522,3890,8.5175106,0.44829003157894737,0.3923315,0.31553963158297393,1000.5270788861714,456.7062117891582,0.0053526404011663125
5216452.0,Perolândia,52,Goiás,3,2260,955,0.8678958999999999,0.28929863333333333,0.3138294,0.04447214930676652,2603.9989358170724,1100.3623821704884,0.0008451537475525756
5216809.0,Petrolina de Goiás,52,Goiás,13,6786,2966,4.5560591,0.3504660846153846,0.2335583,0.2936684002384885,1489.4451215525278,651.0012128683757,0.003662332906061161
5216908.0,Pilar de Goiás,52,Goiás,3,1066,486,0.5877672,0.19592240000000002,0.1131192,0.14440418457984522,1813.643224732513,826.8579805065679,0.0008451537475525756
5217104.0,Piracanjuba,52,Goiás,40,19852,9477,11.7372712,0.29343178000000003,0.1820302,0.3837602952930699,1691.3641733012014,807.4278798295127,0.011268716634034342
5217203.0,Piranhas,52,Goiás,17,9782,4356,6.7341844,0.39612849411764706,0.3416666,0.22265249693453495,1452.5886757719315,646.8489339258366,0.004789204569464595
5217302.0,Pirenópolis,52,Goiás,35,18103,8913,64.3398857,1.8382824485714284,0.2956035,3.801751969279336,281.3651252725182,138.52993214130004,0.009860127054780048
5217401.0,Pires do Rio,52,Goiás,48,30348,13049,12.2814403,0.25586333958333335,0.1991159,0.19681376376174223,2471.045680204137,1062.4975313359623,0.01352245996084121
5217609.0,Planaltina,52,Goiás,145,99160,43219,64.9216109,0.4477352475862069,0.1536215,2.2165316941182245,1527.3804612263555,665.710529989329,0.040849097798374485
5217708.0,Pontalina,52,Goiás,30,15524,7127,12.5090486,0.4169682866666667,0.28289925000000005,0.4764978652349703,1241.0216393275505,569.7475665735283,0.008451537475525756
5218003.0,Porangatu,52,Goiás,63,39083,16439,31.113364,0.49386292063492065,0.2493982,0.6097084482870979,1256.1483226307512,528.3581678920993,0.01774822869860409
5218052.0,Porteirão,52,Goiás,5,3794,1553,1.7665849,0.35331698,0.3139685,0.21394132299725782,2147.646569378013,879.0972910500933,0.0014085895792542928
5218102.0,Portelândia,52,Goiás,6,2848,1472,2.5595634,0.4265939,0.43618619999999997,0.20746408744025072,1112.6897657623952,575.0980811805638,0.0016903074951051512
5218300.0,Posse,52,Goiás,37,28772,11303,17.125746499999998,0.46285801351351347,0.2545117,0.7280627593778247,1680.0435531379612,660.0004268427074,0.010423562886481766
5218391.0,Professor Jamil,52,Goiás,6,2569,1290,1.6381563000000001,0.27302605,0.3229314,0.13897270728560696,1568.2264262573722,787.4706461160024,0.0016903074951051512
5218508.0,Quirinópolis,52,Goiás,69,44921,18526,25.5292566,0.3699892260869565,0.1658394,0.5446338771327118,1759.5890355851568,725.6772216391134,0.01943853619370924
5218607.0,Rialma,52,Goiás,22,11503,4716,6.938218,0.31537354545454543,0.22507290000000002,0.291112345202767,1657.9185029931316,679.7134365048778,0.006197794148718887
5218706.0,Rianápolis,52,Goiás,9,3560,1639,2.8356310000000002,0.31507011111111116,0.2521127,0.13388669681095508,1255.4524901159564,578.0018627247339,0.002535461242657727
5218789.0,Rio Quente,52,Goiás,12,3366,3776,16.0585501,1.3382125083333334,0.6020814999999999,1.7801068291573345,209.60796454469445,235.13953479523656,0.0033806149902103023
5218805.0,Rio Verde,52,Goiás,324,212580,83334,81.0963575,0.250297399691358,0.1105786,0.6413166829552194,2621.3261181305215,1027.5923921737176,0.09127660473567817
5218904.0,Rubiataba,52,Goiás,38,17532,7794,9.9724592,0.26243313684210523,0.19043245,0.2297925948260305,1758.0417877267425,781.5524579935109,0.010705280802332625
5219001.0,Sanclerlândia,52,Goiás,12,6783,3180,3.9547728,0.32956440000000004,0.27520625,0.15343892585020746,1715.1427763435613,804.0917040796882,0.0033806149902103023
5219100.0,Santa Bárbara de Goiás,52,Goiás,10,5627,2491,4.1980218,0.41980218,0.40246415,0.20520267545245657,1340.393229973222,593.3747175872217,0.0028171791585085855
5219209.0,Santa Cruz de Goiás,52,Goiás,4,968,519,1.6390627,0.409765675,0.4248953,0.11659237667241584,590.5814341330566,316.64438462299216,0.0011268716634034342
5219258.0,Santa Fé de Goiás,52,Goiás,8,4010,1784,1.9786191999999998,0.24732739999999998,0.1634676,0.1610749507399583,2026.665868803861,901.6388802858074,0.0022537433268068684
5219308.0,Santa Helena de Goiás,52,Goiás,67,36917,15253,18.4896441,0.27596483731343285,0.1400436,0.40327039215343896,1996.6311844801817,824.9482746939407,0.018875100362007523
5219357.0,Santa Isabel,52,Goiás,7,2587,1346,3.3009615,0.4715659285714286,0.3874572,0.2970694311055005,783.7110490382878,407.75998144782966,0.0019720254109560098
5219407.0,Santa Rita do Araguaia,52,Goiás,10,5427,3159,3.861665,0.38616649999999997,0.36273805000000003,0.20761638542545507,1405.352354489579,818.0409227625908,0.0028171791585085855
5219456.0,Santa Rita do Novo Destino,52,Goiás,5,1545,872,8.788257399999999,1.7576514799999998,0.2237898,3.4624148255657707,175.80277063801068,99.22331132449536,0.0014085895792542928
5219506.0,Santa Rosa de Goiás,52,Goiás,6,2161,1056,3.0395192,0.5065865333333334,0.42506645,0.39806358323119523,710.9677083138675,347.42336880122355,0.0016903074951051512
5219605.0,Santa Tereza de Goiás,52,Goiás,10,2881,1517,2.316897,0.2316897,0.221186,0.11500050864685579,1243.4734906212923,654.7550452178064,0.0028171791585085855
5219704.0,Santa Terezinha de Goiás,52,Goiás,13,7896,3487,6.9872298,0.5374792153846154,0.2925596,0.5360731291401697,1130.0615874978093,499.0532871839996,0.003662332906061161
5219712.0,Santo Antônio da Barra,52,Goiás,7,3542,1631,1.2895908999999999,0.1842272714285714,0.1634177,0.10151949115258137,2746.6074706327413,1264.7421752123098,0.0019720254109560098
5219738.0,Santo Antônio de Goiás,52,Goiás,12,6855,2985,9.4585208,0.7882100666666667,0.2011827,1.6673119465526438,724.7433446464482,315.5884586097226,0.0033806149902103023
5219753.0,Santo Antônio do Descoberto,52,Goiás,108,68889,27639,135.8217957,1.2576092194444444,0.17484785,7.281517921243517,507.20136370572226,203.49458536867218,0.03042553491189272
5219803.0,São Domingos,52,Goiás,12,5897,2776,4.0124507000000005,0.3343708916666667,0.32941814999999997,0.1315233290233227,1469.6753781921855,691.8465066748358,0.0033806149902103023
5219902.0,São Francisco de Goiás,52,Goiás,8,5031,2198,3.4749108,0.43436385,0.4691345,0.16080777567592927,1447.8069480229535,632.5342221734152,0.0022537433268068684
5220009.0,São João d'Aliança,52,Goiás,10,9114,3335,4.9481772,0.49481772,0.4416565,0.313573807977788,1841.8903833920904,673.9855638152975,0.0028171791585085855
5220058.0,São João da Paraúna,52,Goiás,3,1385,647,0.8697425999999999,0.28991419999999996,0.1846723,0.21329418517420953,1592.4251611913687,743.8982521955347,0.0008451537475525756
5220108.0,São Luís de Montes Belos,52,Goiás,53,31069,14067,16.2462399,0.3065328283018868,0.1852938,0.26334405354691004,1912.3809688419042,865.8618909105239,0.014931049540095503
5220157.0,São Luiz do Norte,52,Goiás,7,4235,1970,3.5571542,0.5081648857142856,0.4423955,0.29497529340628637,1190.5584525967415,553.8134950686142,0.0019720254109560098
5220207.0,São Miguel do Araguaia,52,Goiás,39,18872,8609,14.5377457,0.3727627102564103,0.2101034,0.3755310685138027,1298.137991229273,592.1825967832137,0.010986998718183483
5220264.0,São Miguel do Passa Quatro,52,Goiás,7,2933,1256,1.9399792,0.2771398857142857,0.3193956,0.15397296823783094,1511.8718798634543,647.4296219258433,0.0019720254109560098
5220280.0,São Patrício,52,Goiás,2,1426,662,1.0624249,0.53121245,0.53121245,0.0548818806897595,1342.2125177977287,623.1028659060985,0.0005634358317017171
5220405.0,São Simão,52,Goiás,32,16788,8046,13.0307054,0.40720954375,0.27638425,0.5695590644173987,1288.3416119590886,617.4646539089127,0.009014973307227473
5220454.0,Senador Canedo,52,Goiás,197,154556,59295,91.9087206,0.46654172893401014,0.1803207,0.8534842158043892,1681.624975203931,645.1509673174583,0.05549842942261913
5220504.0,Serranópolis,52,Goiás,12,6531,2755,3.7584771999999997,0.3132064333333333,0.25380415,0.22030006088467086,1737.671842202475,733.009634859565,0.0033806149902103023
5220603.0,Silvânia,52,Goiás,26,16017,7220,21.211554600000003,0.8158290230769232,0.2979866,1.9273928577792943,755.1073130679445,340.3805207186464,0.007324665812122322
5220686.0,Simolândia,52,Goiás,9,4903,2058,2.9164758,0.32405286666666666,0.2326793,0.37555689455942287,1681.1385851375828,705.6461774858547,0.002535461242657727
5220702.0,Sítio d'Abadia,52,Goiás,3,982,489,5.4651961,1.8217320333333333,0.7395698,2.239605120742753,179.68248202475297,89.47528891049308,0.0008451537475525756
5221007.0,Taquaral de Goiás,52,Goiás,6,3359,1572,2.3448941,0.39081568333333333,0.27619395,0.3014984036967852,1432.4740720700352,670.3927482268816,0.0016903074951051512
5221080.0,Teresina de Goiás,52,Goiás,5,1876,862,4.239053999999999,0.8478107999999999,0.9102584,0.21054046853226344,442.55156928880837,203.34725625104093,0.0014085895792542928
5221197.0,Terezópolis de Goiás,52,Goiás,10,7413,3138,6.2028115999999995,0.62028116,0.4448518,0.5736138460074864,1195.1032012644073,505.8996149423594,0.0028171791585085855
5221304.0,Três Ranchos,52,Goiás,9,2592,2389,25.0989377,2.7887708555555557,1.3330323,2.92923896026406,103.27130299223779,95.18331128412657,0.002535461242657727
5221403.0,Trindade,52,Goiás,201,139492,59951,84.2521645,0.41916499751243785,0.1923735,0.7443176306971869,1655.6488587305075,711.5662886025913,0.05662530108602257
5221452.0,Trombas,52,Goiás,6,2117,1051,4.4182877,0.7363812833333333,0.35647445,0.8929837618748987,479.1448958835343,237.8749577579568,0.0016903074951051512
5221502.0,Turvânia,52,Goiás,7,3730,1763,1.5182919,0.21689884285714284,0.1968794,0.0960013827464455,2456.708094141845,1161.1732895367486,0.0019720254109560098
5221551.0,Turvelândia,52,Goiás,6,3935,1544,1.0126751,0.16877918333333333,0.14514505,0.07894375896285702,3885.747758585157,1524.6745970153704,0.0016903074951051512
5221577.0,Uirapuru,52,Goiás,6,1847,876,2.9906217,0.49843695000000005,0.49578235000000004,0.222162743457095,617.5973377040633,292.91568371887354,0.0016903074951051512
5221601.0,Uruaçu,52,Goiás,68,39456,17334,71.9473786,1.0580496852941175,0.2577248,3.511557359380834,548.400800248197,240.9260814959004,0.01915681827785838
5221700.0,Uruana,52,Goiás,23,11711,5039,7.4118958,0.3222563391304348,0.2162167,0.43325750478008584,1580.0276091307167,679.8530545990676,0.006479512064569746
5221809.0,Urutaí,52,Goiás,5,2385,1453,1.1924124,0.23848248,0.2336184,0.12782786882955924,2000.146929032271,1218.5381500561382,0.0014085895792542928
5221858.0,Valparaíso de Goiás,52,Goiás,292,198861,87494,61.487767,0.21057454452054794,0.07531205,0.7055258983828882,3234.155502833596,1422.949706402576,0.0822616314284507
5221908.0,Varjão,52,Goiás,4,2203,1181,0.9760573,0.244014325,0.2292999,0.05551962226026489,2257.039622571339,1209.9699474610763,0.0011268716634034342
5222005.0,Vianópolis,52,Goiás,25,11831,4928,8.8061696,0.35224678400000003,0.2164367,0.3164489690097687,1343.4899096197285,559.6076641540039,0.007042947896271463
5222054.0,Vicentinópolis,52,Goiás,12,7968,3255,5.8559204,0.48799336666666665,0.2251474,0.6754216882316952,1360.674233208498,555.8477195147667,0.0033806149902103023
5222203.0,Vila Boa,52,Goiás,6,3323,1404,3.4748266,0.5791377666666667,0.30331655,0.750152464011336,956.3067118226849,404.0489387297772,0.0016903074951051512
5222302.0,Vila Propício,52,Goiás,8,3532,1663,2.3635516,0.29544395,0.24631015,0.1161866020955207,1494.3612824022966,703.6021553326781,0.0022537433268068684
5300108.0,Brasília,53,Distrito Federal,5021,2718082,1130930,946.4180464,0.1884919431189006,0.058654,0.5938339206462225,2871.967636647551,1194.95819453343,1.4145056554871607
